UserId,AnswerId,QuestionId,IsAcceptedAnswer,CreationDate,Score,ViewCount,IsCommunityOwned,Tag,CommentCount,FavouriteCount
380,38785,38784,false,2008-09-02T03:54:14.587,4,null,false,visual-studio,1,null
380,38785,38784,false,2008-09-02T03:54:14.587,4,null,false,delphi,1,null
380,38785,38784,false,2008-09-02T03:54:14.587,4,null,false,brief-bookmarks,1,null
493,38792,38789,false,2008-09-02T04:02:40.307,2,null,false,c#,0,null
493,38792,38789,false,2008-09-02T04:02:40.307,2,null,false,asp.net,0,null
493,38792,38789,false,2008-09-02T04:02:40.307,2,null,false,web-services,0,null
380,38793,38791,false,2008-09-02T04:05:56.213,6,null,false,database-design,0,null
493,38795,38791,false,2008-09-02T04:06:47.520,7,null,false,database-design,0,null
3149,38796,38791,false,2008-09-02T04:06:59.267,1,null,false,database-design,0,null
658,38798,38791,false,2008-09-02T04:08:55.237,0,null,false,database-design,0,null
716,38799,38791,false,2008-09-02T04:09:57.857,1,null,false,database-design,0,null
3166,38804,38801,false,2008-09-02T04:13:52.463,11,null,false,sql,2,null
3166,38804,38801,false,2008-09-02T04:13:52.463,11,null,false,sql-server,2,null
3166,38804,38801,false,2008-09-02T04:13:52.463,11,null,false,oracle,2,null
3166,38804,38801,false,2008-09-02T04:13:52.463,11,null,false,database-design,2,null
3166,38804,38801,false,2008-09-02T04:13:52.463,11,null,false,hierarchy,2,null
615,38806,38801,false,2008-09-02T04:15:42.693,4,null,false,sql,0,null
615,38806,38801,false,2008-09-02T04:15:42.693,4,null,false,sql-server,0,null
615,38806,38801,false,2008-09-02T04:15:42.693,4,null,false,oracle,0,null
615,38806,38801,false,2008-09-02T04:15:42.693,4,null,false,database-design,0,null
615,38806,38801,false,2008-09-02T04:15:42.693,4,null,false,hierarchy,0,null
116,38807,38801,false,2008-09-02T04:18:28.710,3,null,false,sql,0,null
116,38807,38801,false,2008-09-02T04:18:28.710,3,null,false,sql-server,0,null
116,38807,38801,false,2008-09-02T04:18:28.710,3,null,false,oracle,0,null
116,38807,38801,false,2008-09-02T04:18:28.710,3,null,false,database-design,0,null
116,38807,38801,false,2008-09-02T04:18:28.710,3,null,false,hierarchy,0,null
3742,38808,38801,false,2008-09-02T04:18:41.533,0,null,false,sql,1,null
3742,38808,38801,false,2008-09-02T04:18:41.533,0,null,false,sql-server,1,null
3742,38808,38801,false,2008-09-02T04:18:41.533,0,null,false,oracle,1,null
3742,38808,38801,false,2008-09-02T04:18:41.533,0,null,false,database-design,1,null
3742,38808,38801,false,2008-09-02T04:18:41.533,0,null,false,hierarchy,1,null
1196,38826,38822,false,2008-09-02T04:38:25.260,3,null,false,c++,1,null
1196,38826,38822,false,2008-09-02T04:38:25.260,3,null,false,sql-server,1,null
1196,38826,38822,false,2008-09-02T04:38:25.260,3,null,false,full-text-search,1,null
1196,38826,38822,false,2008-09-02T04:38:25.260,3,null,false,lucene,1,null
1196,38826,38822,false,2008-09-02T04:38:25.260,3,null,false,lucene.net,1,null
1554,38827,38820,false,2008-09-02T04:39:28.673,21,null,false,oop,4,null
1554,38827,38820,false,2008-09-02T04:39:28.673,21,null,false,class-design,4,null
3146,38829,38820,false,2008-09-02T04:41:11.573,63,null,false,oop,3,null
3146,38829,38820,false,2008-09-02T04:41:11.573,63,null,false,class-design,3,null
3434,38834,38820,false,2008-09-02T04:47:39.840,4,null,false,oop,2,null
3434,38834,38820,false,2008-09-02T04:47:39.840,4,null,false,class-design,2,null
2859,38835,38824,false,2008-09-02T04:47:53.803,0,null,false,asp.net,0,null
2859,38835,38824,false,2008-09-02T04:47:53.803,0,null,false,iis,0,null
2859,38835,38824,false,2008-09-02T04:47:53.803,0,null,false,wiki,0,null
2859,38836,38822,false,2008-09-02T04:48:42.553,0,null,false,c++,0,null
2859,38836,38822,false,2008-09-02T04:48:42.553,0,null,false,sql-server,0,null
2859,38836,38822,false,2008-09-02T04:48:42.553,0,null,false,full-text-search,0,null
2859,38836,38822,false,2008-09-02T04:48:42.553,0,null,false,lucene,0,null
2859,38836,38822,false,2008-09-02T04:48:42.553,0,null,false,lucene.net,0,null
255,38844,38822,false,2008-09-02T04:55:21.460,1,null,false,c++,0,null
255,38844,38822,false,2008-09-02T04:55:21.460,1,null,false,sql-server,0,null
255,38844,38822,false,2008-09-02T04:55:21.460,1,null,false,full-text-search,0,null
255,38844,38822,false,2008-09-02T04:55:21.460,1,null,false,lucene,0,null
255,38844,38822,false,2008-09-02T04:55:21.460,1,null,false,lucene.net,0,null
658,38845,38838,false,2008-09-02T04:55:48.137,10,null,false,javascript,1,null
658,38845,38838,false,2008-09-02T04:55:48.137,10,null,false,security,1,null
658,38845,38838,false,2008-09-02T04:55:48.137,10,null,false,encryption,1,null
658,38845,38838,false,2008-09-02T04:55:48.137,10,null,false,passwords,1,null
1554,38848,38846,false,2008-09-02T05:01:35.843,6,null,false,security,0,null
1554,38848,38846,false,2008-09-02T05:01:35.843,6,null,false,encryption,0,null
1554,38848,38846,false,2008-09-02T05:01:35.843,6,null,false,cryptography,0,null
2600,38850,38838,false,2008-09-02T05:03:04.967,34,null,false,javascript,1,null
2600,38850,38838,false,2008-09-02T05:03:04.967,34,null,false,security,1,null
2600,38850,38838,false,2008-09-02T05:03:04.967,34,null,false,encryption,1,null
2600,38850,38838,false,2008-09-02T05:03:04.967,34,null,false,passwords,1,null
1915,38851,38824,false,2008-09-02T05:03:06.653,6,null,false,asp.net,1,null
1915,38851,38824,false,2008-09-02T05:03:06.653,6,null,false,iis,1,null
1915,38851,38824,false,2008-09-02T05:03:06.653,6,null,false,wiki,1,null
456,38852,38820,false,2008-09-02T05:03:48.960,18,null,false,oop,1,null
456,38852,38820,false,2008-09-02T05:03:48.960,18,null,false,class-design,1,null
3474,38853,38846,false,2008-09-02T05:04:02.670,21,null,false,security,7,null
3474,38853,38846,false,2008-09-02T05:04:02.670,21,null,false,encryption,7,null
3474,38853,38846,false,2008-09-02T05:04:02.670,21,null,false,cryptography,7,null
2859,38854,38838,false,2008-09-02T05:06:18.970,2,null,false,javascript,1,null
2859,38854,38838,false,2008-09-02T05:06:18.970,2,null,false,security,1,null
2859,38854,38838,false,2008-09-02T05:06:18.970,2,null,false,encryption,1,null
2859,38854,38838,false,2008-09-02T05:06:18.970,2,null,false,passwords,1,null
1596,38855,38784,false,2008-09-02T05:07:17.563,1,null,false,visual-studio,0,null
1596,38855,38784,false,2008-09-02T05:07:17.563,1,null,false,delphi,0,null
1596,38855,38784,false,2008-09-02T05:07:17.563,1,null,false,brief-bookmarks,0,null
255,38858,38838,false,2008-09-02T05:12:10.857,2,null,false,javascript,0,null
255,38858,38838,false,2008-09-02T05:12:10.857,2,null,false,security,0,null
255,38858,38838,false,2008-09-02T05:12:10.857,2,null,false,encryption,0,null
255,38858,38838,false,2008-09-02T05:12:10.857,2,null,false,passwords,0,null
3153,38863,38846,false,2008-09-02T05:16:02.067,0,null,false,security,1,null
3153,38863,38846,false,2008-09-02T05:16:02.067,0,null,false,encryption,1,null
3153,38863,38846,false,2008-09-02T05:16:02.067,0,null,false,cryptography,1,null
1554,38865,38861,false,2008-09-02T05:18:27.613,0,null,false,hardware,0,null
1554,38865,38861,false,2008-09-02T05:18:27.613,0,null,false,windows-server-2008,0,null
2600,38866,38864,false,2008-09-02T05:19:39.827,-1,null,false,windows,0,null
2600,38866,38864,false,2008-09-02T05:19:39.827,-1,null,false,networking,0,null
2600,38866,38864,false,2008-09-02T05:19:39.827,-1,null,false,iphelper,0,null
3742,38869,38801,false,2008-09-02T05:20:43.007,10,null,false,sql,1,null
3742,38869,38801,false,2008-09-02T05:20:43.007,10,null,false,sql-server,1,null
3742,38869,38801,false,2008-09-02T05:20:43.007,10,null,false,oracle,1,null
3742,38869,38801,false,2008-09-02T05:20:43.007,10,null,false,database-design,1,null
3742,38869,38801,false,2008-09-02T05:20:43.007,10,null,false,hierarchy,1,null
2859,38872,38864,false,2008-09-02T05:22:59.630,0,null,false,windows,0,null
2859,38872,38864,false,2008-09-02T05:22:59.630,0,null,false,networking,0,null
2859,38872,38864,false,2008-09-02T05:22:59.630,0,null,false,iphelper,0,null
1463,38873,38824,false,2008-09-02T05:23:18.193,1,null,false,asp.net,0,null
1463,38873,38824,false,2008-09-02T05:23:18.193,1,null,false,iis,0,null
1463,38873,38824,false,2008-09-02T05:23:18.193,1,null,false,wiki,0,null
3660,38876,38864,false,2008-09-02T05:24:39.533,0,null,false,windows,0,null
3660,38876,38864,false,2008-09-02T05:24:39.533,0,null,false,networking,0,null
3660,38876,38864,false,2008-09-02T05:24:39.533,0,null,false,iphelper,0,null
658,38878,38870,false,2008-09-02T05:25:18.080,0,null,false,database,0,null
658,38878,38870,false,2008-09-02T05:25:18.080,0,null,false,data-structures,0,null
658,38878,38870,false,2008-09-02T05:25:18.080,0,null,false,indexing,0,null
658,38878,38870,false,2008-09-02T05:25:18.080,0,null,false,schema,0,null
3474,38879,38838,false,2008-09-02T05:25:53.837,6,null,false,javascript,0,null
3474,38879,38838,false,2008-09-02T05:25:53.837,6,null,false,security,0,null
3474,38879,38838,false,2008-09-02T05:25:53.837,6,null,false,encryption,0,null
3474,38879,38838,false,2008-09-02T05:25:53.837,6,null,false,passwords,0,null
3434,38882,38870,false,2008-09-02T05:28:28.573,24,null,false,database,2,null
3434,38882,38870,false,2008-09-02T05:28:28.573,24,null,false,data-structures,2,null
3434,38882,38870,false,2008-09-02T05:28:28.573,24,null,false,indexing,2,null
3434,38882,38870,false,2008-09-02T05:28:28.573,24,null,false,schema,2,null
716,38883,38870,false,2008-09-02T05:29:15.293,0,null,false,database,0,null
716,38883,38870,false,2008-09-02T05:29:15.293,0,null,false,data-structures,0,null
716,38883,38870,false,2008-09-02T05:29:15.293,0,null,false,indexing,0,null
716,38883,38870,false,2008-09-02T05:29:15.293,0,null,false,schema,0,null
2859,38884,38875,false,2008-09-02T05:29:48.023,4,null,false,php,1,null
2859,38884,38875,false,2008-09-02T05:29:48.023,4,null,false,security,1,null
2859,38884,38875,false,2008-09-02T05:29:48.023,4,null,false,code-injection,1,null
658,38885,38875,false,2008-09-02T05:29:52.390,5,null,false,php,1,null
658,38885,38875,false,2008-09-02T05:29:52.390,5,null,false,security,1,null
658,38885,38875,false,2008-09-02T05:29:52.390,5,null,false,code-injection,1,null
813,38886,38875,false,2008-09-02T05:30:06.120,40,null,false,php,1,null
813,38886,38875,false,2008-09-02T05:30:06.120,40,null,false,security,1,null
813,38886,38875,false,2008-09-02T05:30:06.120,40,null,false,code-injection,1,null
2785,38888,38870,false,2008-09-02T05:33:35.923,2,null,false,database,0,null
2785,38888,38870,false,2008-09-02T05:33:35.923,2,null,false,data-structures,0,null
2785,38888,38870,false,2008-09-02T05:33:35.923,2,null,false,indexing,0,null
2785,38888,38870,false,2008-09-02T05:33:35.923,2,null,false,schema,0,null
372,38892,38890,false,2008-09-02T05:37:42.387,1,null,false,sql-server,0,null
372,38892,38890,false,2008-09-02T05:37:42.387,1,null,false,database,0,null
2257,38897,38890,false,2008-09-02T05:42:55.557,7,null,false,sql-server,0,null
2257,38897,38890,false,2008-09-02T05:42:55.557,7,null,false,database,0,null
372,38898,38820,false,2008-09-02T05:43:14.420,5,null,false,oop,0,null
372,38898,38820,false,2008-09-02T05:43:14.420,5,null,false,class-design,0,null
2785,38905,38820,false,2008-09-02T05:46:09.577,12,null,false,oop,0,null
2785,38905,38820,false,2008-09-02T05:46:09.577,12,null,false,class-design,0,null
3869,38914,38861,false,2008-09-02T06:08:54.090,-2,null,false,hardware,0,null
3869,38914,38861,false,2008-09-02T06:08:54.090,-2,null,false,windows-server-2008,0,null
2257,38915,38901,false,2008-09-02T06:09:25.010,2,null,false,ruby-on-rails,0,null
2257,38915,38901,false,2008-09-02T06:09:25.010,2,null,false,ruby,0,null
2257,38915,38901,false,2008-09-02T06:09:25.010,2,null,false,authentication,0,null
2257,38915,38901,false,2008-09-02T06:09:25.010,2,null,false,rest,0,null
2257,38915,38901,false,2008-09-02T06:09:25.010,2,null,false,plugins,0,null
2661,38919,38870,false,2008-09-02T06:12:21.523,2,null,false,database,0,null
2661,38919,38870,false,2008-09-02T06:12:21.523,2,null,false,data-structures,0,null
2661,38919,38870,false,2008-09-02T06:12:21.523,2,null,false,indexing,0,null
2661,38919,38870,false,2008-09-02T06:12:21.523,2,null,false,schema,0,null
2072,38921,38861,false,2008-09-02T06:16:07.240,2,null,false,hardware,0,null
2072,38921,38861,false,2008-09-02T06:16:07.240,2,null,false,windows-server-2008,0,null
2257,38923,38920,false,2008-09-02T06:17:59.577,1,null,false,php,0,null
2257,38923,38920,false,2008-09-02T06:17:59.577,1,null,false,iis,0,null
2257,38923,38920,false,2008-09-02T06:17:59.577,1,null,false,smtp,0,null
2703,38926,38784,false,2008-09-02T06:20:08.247,0,null,false,visual-studio,0,null
2703,38926,38784,false,2008-09-02T06:20:08.247,0,null,false,delphi,0,null
2703,38926,38784,false,2008-09-02T06:20:08.247,0,null,false,brief-bookmarks,0,null
716,38927,38922,false,2008-09-02T06:27:10.537,1,null,false,ruby-on-rails,0,null
4154,38928,38890,false,2008-09-02T06:30:44.850,1,null,false,sql-server,0,null
4154,38928,38890,false,2008-09-02T06:30:44.850,1,null,false,database,0,null
257,38942,38940,false,2008-09-02T06:53:23.487,12,null,false,sql,0,null
257,38942,38940,false,2008-09-02T06:53:23.487,12,null,false,mysql,0,null
908,38944,38940,false,2008-09-02T06:54:00.130,5,null,false,sql,0,null
908,38944,38940,false,2008-09-02T06:54:00.130,5,null,false,mysql,0,null
518,38945,38801,false,2008-09-02T06:54:53.293,2,null,false,sql,0,null
518,38945,38801,false,2008-09-02T06:54:53.293,2,null,false,sql-server,0,null
518,38945,38801,false,2008-09-02T06:54:53.293,2,null,false,oracle,0,null
518,38945,38801,false,2008-09-02T06:54:53.293,2,null,false,database-design,0,null
518,38945,38801,false,2008-09-02T06:54:53.293,2,null,false,hierarchy,0,null
479,38947,38920,false,2008-09-02T06:57:24.473,0,null,false,php,0,null
479,38947,38920,false,2008-09-02T06:57:24.473,0,null,false,iis,0,null
479,38947,38920,false,2008-09-02T06:57:24.473,0,null,false,smtp,0,null
116,38954,38864,false,2008-09-02T07:08:53.200,0,null,false,windows,0,null
116,38954,38864,false,2008-09-02T07:08:53.200,0,null,false,networking,0,null
116,38954,38864,false,2008-09-02T07:08:53.200,0,null,false,iphelper,0,null
4097,38956,38949,false,2008-09-02T07:12:49.150,4,null,false,java,0,null
4097,38956,38949,false,2008-09-02T07:12:49.150,4,null,false,c,0,null
4097,38956,38949,false,2008-09-02T07:12:49.150,4,null,false,perl,0,null
4097,38956,38949,false,2008-09-02T07:12:49.150,4,null,false,unicode,0,null
4097,38956,38949,false,2008-09-02T07:12:49.150,4,null,false,cross-platform,0,null
479,38961,38920,false,2008-09-02T07:19:46.073,0,null,false,php,0,null
479,38961,38920,false,2008-09-02T07:19:46.073,0,null,false,iis,0,null
479,38961,38920,false,2008-09-02T07:19:46.073,0,null,false,smtp,0,null
3641,38962,38960,false,2008-09-02T07:19:51.190,370,null,false,c#,7,null
3641,38962,38960,false,2008-09-02T07:19:51.190,370,null,false,.net,7,null
3641,38962,38960,false,2008-09-02T07:19:51.190,370,null,false,io,7,null
3911,38967,38960,false,2008-09-02T07:21:07.960,30,null,false,c#,0,null
3911,38967,38960,false,2008-09-02T07:21:07.960,30,null,false,.net,0,null
3911,38967,38960,false,2008-09-02T07:21:07.960,30,null,false,io,0,null
720,38971,38960,false,2008-09-02T07:22:11.997,78,null,false,c#,0,null
720,38971,38960,false,2008-09-02T07:22:11.997,78,null,false,.net,0,null
720,38971,38960,false,2008-09-02T07:22:11.997,78,null,false,io,0,null
3431280,38972,38948,false,2008-09-02T07:22:45.100,0,null,false,php,0,null
3431280,38972,38948,false,2008-09-02T07:22:45.100,0,null,false,struts,0,null
1633,38976,38842,false,2008-09-02T07:25:45.577,2,null,false,c#,0,null
1633,38976,38842,false,2008-09-02T07:25:45.577,2,null,false,c++,0,null
1633,38976,38842,false,2008-09-02T07:25:45.577,2,null,false,com,0,null
1633,38976,38842,false,2008-09-02T07:25:45.577,2,null,false,openoffice.org,0,null
1633,38976,38842,false,2008-09-02T07:25:45.577,2,null,false,ole,0,null
51,38978,38920,false,2008-09-02T07:30:53.520,4,null,false,php,0,null
51,38978,38920,false,2008-09-02T07:30:53.520,4,null,false,iis,0,null
51,38978,38920,false,2008-09-02T07:30:53.520,4,null,false,smtp,0,null
2554,38981,38955,false,2008-09-02T07:33:22.093,6,null,false,java,1,null
2554,38981,38955,false,2008-09-02T07:33:22.093,6,null,false,macos,1,null
2554,38981,38955,false,2008-09-02T07:33:22.093,6,null,false,osx-leopard,1,null
2554,38981,38955,false,2008-09-02T07:33:22.093,6,null,false,resolutions,1,null
1695,38986,38820,false,2008-09-02T07:43:01.197,3,null,false,oop,0,null
1695,38986,38820,false,2008-09-02T07:43:01.197,3,null,false,class-design,0,null
455552,38988,38934,false,2008-09-02T07:44:30.507,4,null,false,c++,0,null
455552,38988,38934,false,2008-09-02T07:44:30.507,4,null,false,cocoa,0,null
455552,38988,38934,false,2008-09-02T07:44:30.507,4,null,false,macos,0,null
893,38989,38987,false,2008-09-02T07:49:27.360,100,null,false,python,2,null
893,38989,38987,false,2008-09-02T07:49:27.360,100,null,false,dictionary,2,null
893,38989,38987,false,2008-09-02T07:49:27.360,100,null,false,merge,2,null
2900,38990,38987,false,2008-09-02T07:50:12.600,1819,null,false,python,2,null
2900,38990,38987,false,2008-09-02T07:50:12.600,1819,null,false,dictionary,2,null
2900,38990,38987,false,2008-09-02T07:50:12.600,1819,null,false,merge,2,null
1772,38991,38820,false,2008-09-02T07:54:57.707,2,null,false,oop,0,null
1772,38991,38820,false,2008-09-02T07:54:57.707,2,null,false,class-design,0,null
720,38994,38993,false,2008-09-02T08:08:36.473,2,null,false,regex,0,null
720,38994,38993,false,2008-09-02T08:08:36.473,2,null,false,grep,0,null
1196,39000,38993,false,2008-09-02T08:10:16.873,2,null,false,regex,0,null
1196,39000,38993,false,2008-09-02T08:10:16.873,2,null,false,grep,0,null
3171,39004,38993,false,2008-09-02T08:14:22.183,4,null,false,regex,0,null
3171,39004,38993,false,2008-09-02T08:14:22.183,4,null,false,grep,0,null
2981,39005,38934,false,2008-09-02T08:14:40.093,-2,null,false,c++,0,null
2981,39005,38934,false,2008-09-02T08:14:40.093,-2,null,false,cocoa,0,null
2981,39005,38934,false,2008-09-02T08:14:40.093,-2,null,false,macos,0,null
342,39008,39003,false,2008-09-02T08:16:43.207,0,null,false,c#,0,null
342,39008,39003,false,2008-09-02T08:16:43.207,0,null,false,.net,0,null
342,39008,39003,false,2008-09-02T08:16:43.207,0,null,false,unit-testing,0,null
342,39008,39003,false,2008-09-02T08:16:43.207,0,null,false,nunit,0,null
3320,39010,38870,false,2008-09-02T08:17:49.663,3,null,false,database,0,null
3320,39010,38870,false,2008-09-02T08:17:49.663,3,null,false,data-structures,0,null
3320,39010,38870,false,2008-09-02T08:17:49.663,3,null,false,indexing,0,null
3320,39010,38870,false,2008-09-02T08:17:49.663,3,null,false,schema,0,null
31505,39012,38998,false,2008-09-02T08:18:35.963,4,null,false,c#,1,null
31505,39012,38998,false,2008-09-02T08:18:35.963,4,null,false,.net,1,null
31505,39012,38998,false,2008-09-02T08:18:35.963,4,null,false,javascript,1,null
31505,39012,38998,false,2008-09-02T08:18:35.963,4,null,false,html,1,null
31505,39012,38998,false,2008-09-02T08:18:35.963,4,null,false,css,1,null
718,39014,39007,false,2008-09-02T08:19:38.160,0,null,false,visual-studio-2008,0,null
718,39014,39007,false,2008-09-02T08:19:38.160,0,null,false,xaml,0,null
2975,39015,38998,false,2008-09-02T08:20:29.283,25,null,false,c#,4,null
2975,39015,38998,false,2008-09-02T08:20:29.283,25,null,false,.net,4,null
2975,39015,38998,false,2008-09-02T08:20:29.283,25,null,false,javascript,4,null
2975,39015,38998,false,2008-09-02T08:20:29.283,25,null,false,html,4,null
2975,39015,38998,false,2008-09-02T08:20:29.283,25,null,false,css,4,null
5,39019,38998,false,2008-09-02T08:23:49.290,12,null,false,c#,0,null
5,39019,38998,false,2008-09-02T08:23:49.290,12,null,false,.net,0,null
5,39019,38998,false,2008-09-02T08:23:49.290,12,null,false,javascript,0,null
5,39019,38998,false,2008-09-02T08:23:49.290,12,null,false,html,0,null
5,39019,38998,false,2008-09-02T08:23:49.290,12,null,false,css,0,null
1651,39022,38907,false,2008-09-02T08:27:01.217,11,null,false,eclipse,0,null
1651,39022,38907,false,2008-09-02T08:27:01.217,11,null,false,eclipse-pde,0,null
1651,39022,38907,false,2008-09-02T08:27:01.217,11,null,false,eclipse-3.4,0,null
1651,39022,38907,false,2008-09-02T08:27:01.217,11,null,false,eclipse-3.3,0,null
5,39026,39007,false,2008-09-02T08:28:22.383,3,null,false,visual-studio-2008,0,null
5,39026,39007,false,2008-09-02T08:28:22.383,3,null,false,xaml,0,null
3713,39034,39003,false,2008-09-02T08:39:09.847,15,null,true,c#,2,null
3713,39034,39003,false,2008-09-02T08:39:09.847,15,null,true,.net,2,null
3713,39034,39003,false,2008-09-02T08:39:09.847,15,null,true,unit-testing,2,null
3713,39034,39003,false,2008-09-02T08:39:09.847,15,null,true,nunit,2,null
999,39035,38875,false,2008-09-02T08:40:08.597,15,null,false,php,2,null
999,39035,38875,false,2008-09-02T08:40:08.597,15,null,false,security,2,null
999,39035,38875,false,2008-09-02T08:40:08.597,15,null,false,code-injection,2,null
372,39036,39003,false,2008-09-02T08:41:32.663,3,null,false,c#,0,null
372,39036,39003,false,2008-09-02T08:41:32.663,3,null,false,.net,0,null
372,39036,39003,false,2008-09-02T08:41:32.663,3,null,false,unit-testing,0,null
372,39036,39003,false,2008-09-02T08:41:32.663,3,null,false,nunit,0,null
3201,39045,39037,false,2008-09-02T08:45:23.200,0,null,false,automation,1,null
3201,39045,39037,false,2008-09-02T08:45:23.200,0,null,false,ms-office,1,null
1666,39049,38948,false,2008-09-02T08:48:58.653,0,null,false,php,0,null
1666,39049,38948,false,2008-09-02T08:48:58.653,0,null,false,struts,0,null
905,39058,38998,false,2008-09-02T09:00:03.900,7,null,false,c#,0,null
905,39058,38998,false,2008-09-02T09:00:03.900,7,null,false,.net,0,null
905,39058,38998,false,2008-09-02T09:00:03.900,7,null,false,javascript,0,null
905,39058,38998,false,2008-09-02T09:00:03.900,7,null,false,html,0,null
905,39058,38998,false,2008-09-02T09:00:03.900,7,null,false,css,0,null
267,39068,39061,false,2008-09-02T09:05:53.183,0,null,false,rpn,0,null
770,39069,39059,false,2008-09-02T09:05:58.987,1,null,false,windows,0,null
770,39069,39059,false,2008-09-02T09:05:58.987,1,null,false,windows-server-2003,0,null
1968,39071,39061,false,2008-09-02T09:06:25.897,1,null,false,rpn,0,null
893,39072,39061,false,2008-09-02T09:08:08.793,2,null,false,rpn,0,null
3201,39074,39070,false,2008-09-02T09:09:49.663,1,null,false,asp.net,0,null
3201,39074,39070,false,2008-09-02T09:09:49.663,1,null,false,ftp,0,null
720,39075,39070,false,2008-09-02T09:10:08.930,4,null,false,asp.net,0,null
720,39075,39070,false,2008-09-02T09:10:08.930,4,null,false,ftp,0,null
770,39078,39065,false,2008-09-02T09:13:17.410,4,null,false,c#,0,null
770,39078,39065,false,2008-09-02T09:13:17.410,4,null,false,localization,0,null
770,39078,39065,false,2008-09-02T09:13:17.410,4,null,false,resx,0,null
893,39079,39064,false,2008-09-02T09:13:31.043,2,null,false,.net,0,null
893,39079,39064,false,2008-09-02T09:13:31.043,2,null,false,c++,0,null
893,39079,39064,false,2008-09-02T09:13:31.043,2,null,false,dll,0,null
372,39083,39065,false,2008-09-02T09:16:56.497,15,null,false,c#,0,null
372,39083,39065,false,2008-09-02T09:16:56.497,15,null,false,localization,0,null
372,39083,39065,false,2008-09-02T09:16:56.497,15,null,false,resx,0,null
267,39089,39086,false,2008-09-02T09:24:20.953,5,null,false,python,0,null
267,39089,39086,false,2008-09-02T09:24:20.953,5,null,false,file,0,null
2974,39094,39070,false,2008-09-02T09:31:30.220,0,null,false,asp.net,0,null
2974,39094,39070,false,2008-09-02T09:31:30.220,0,null,false,ftp,0,null
3827,39096,39092,false,2008-09-02T09:32:30.920,14,null,false,windows,3,null
3827,39096,39092,false,2008-09-02T09:32:30.920,14,null,false,opengl,3,null
3827,39096,39092,false,2008-09-02T09:32:30.920,14,null,false,directx,3,null
4192,39097,39066,false,2008-09-02T09:33:30.700,5,null,false,macos,2,null
4192,39097,39066,false,2008-09-02T09:33:30.700,5,null,false,multiple-monitors,2,null
2948,39098,39092,false,2008-09-02T09:34:31.350,0,null,false,windows,0,null
2948,39098,39092,false,2008-09-02T09:34:31.350,0,null,false,opengl,0,null
2948,39098,39092,false,2008-09-02T09:34:31.350,0,null,false,directx,0,null
986,39105,39092,false,2008-09-02T09:40:36.767,2,null,false,windows,2,null
986,39105,39092,false,2008-09-02T09:40:36.767,2,null,false,opengl,2,null
986,39105,39092,false,2008-09-02T09:40:36.767,2,null,false,directx,2,null
4059,39110,39086,false,2008-09-02T09:42:21.037,235,null,false,python,12,null
4059,39110,39086,false,2008-09-02T09:42:21.037,235,null,false,file,12,null
986,39111,39107,false,2008-09-02T09:42:36.277,3,null,false,networking,0,null
986,39111,39107,false,2008-09-02T09:42:36.277,3,null,false,bandwidth,0,null
986,39111,39107,false,2008-09-02T09:42:36.277,3,null,false,throttling,0,null
3590,39113,39086,false,2008-09-02T09:42:57.213,20,null,false,python,0,null
3590,39113,39086,false,2008-09-02T09:42:57.213,20,null,false,file,0,null
2150,39118,39064,false,2008-09-02T09:46:13.930,0,null,false,.net,0,null
2150,39118,39064,false,2008-09-02T09:46:13.930,0,null,false,c++,0,null
2150,39118,39064,false,2008-09-02T09:46:13.930,0,null,false,dll,0,null
2617,39120,39107,false,2008-09-02T09:46:32.523,3,null,false,networking,0,null
2617,39120,39107,false,2008-09-02T09:46:32.523,3,null,false,bandwidth,0,null
2617,39120,39107,false,2008-09-02T09:46:32.523,3,null,false,throttling,0,null
905,39123,39121,false,2008-09-02T09:48:27.107,2,null,false,testing,0,null
905,39123,39121,false,2008-09-02T09:48:27.107,2,null,false,beta,0,null
2169,39128,38875,false,2008-09-02T09:51:27.643,3,null,false,php,0,null
2169,39128,38875,false,2008-09-02T09:51:27.643,3,null,false,security,0,null
2169,39128,38875,false,2008-09-02T09:51:27.643,3,null,false,code-injection,0,null
2975,39129,39125,false,2008-09-02T09:52:09.453,1,null,false,c#,0,null
2975,39129,39125,false,2008-09-02T09:52:09.453,1,null,false,.net,0,null
2975,39129,39125,false,2008-09-02T09:52:09.453,1,null,false,class-library,0,null
372,39132,39125,false,2008-09-02T09:54:48.573,1,null,false,c#,0,null
372,39132,39125,false,2008-09-02T09:54:48.573,1,null,false,.net,0,null
372,39132,39125,false,2008-09-02T09:54:48.573,1,null,false,class-library,0,null
1196,39133,39125,false,2008-09-02T09:54:58.713,8,null,false,c#,0,null
1196,39133,39125,false,2008-09-02T09:54:58.713,8,null,false,.net,0,null
1196,39133,39125,false,2008-09-02T09:54:58.713,8,null,false,class-library,0,null
2548,39139,39037,false,2008-09-02T09:58:17.707,2,null,false,automation,0,null
2548,39139,39037,false,2008-09-02T09:58:17.707,2,null,false,ms-office,0,null
4189,39140,39116,false,2008-09-02T09:58:31.217,3,null,false,c#,3,null
4189,39140,39116,false,2008-09-02T09:58:31.217,3,null,false,visual-studio-2008,3,null
4189,39140,39116,false,2008-09-02T09:58:31.217,3,null,false,linker,3,null
123,39142,39037,false,2008-09-02T09:58:51.900,0,null,false,automation,0,null
123,39142,39037,false,2008-09-02T09:58:51.900,0,null,false,ms-office,0,null
4189,39144,39112,false,2008-09-02T10:00:37.327,2,null,false,c#,0,null
4189,39144,39112,false,2008-09-02T10:00:37.327,2,null,false,.net,0,null
4189,39144,39112,false,2008-09-02T10:00:37.327,2,null,false,asp.net,0,null
4189,39144,39112,false,2008-09-02T10:00:37.327,2,null,false,caching,0,null
993,39145,38870,false,2008-09-02T10:01:00.010,6,null,false,database,2,null
993,39145,38870,false,2008-09-02T10:01:00.010,6,null,false,data-structures,2,null
993,39145,38870,false,2008-09-02T10:01:00.010,6,null,false,indexing,2,null
993,39145,38870,false,2008-09-02T10:01:00.010,6,null,false,schema,2,null
2429,39147,39116,false,2008-09-02T10:01:43.110,24,null,false,c#,2,null
2429,39147,39116,false,2008-09-02T10:01:43.110,24,null,false,visual-studio-2008,2,null
2429,39147,39116,false,2008-09-02T10:01:43.110,24,null,false,linker,2,null
1820,39148,38875,false,2008-09-02T10:01:58.133,5,null,false,php,0,null
1820,39148,38875,false,2008-09-02T10:01:58.133,5,null,false,security,0,null
1820,39148,38875,false,2008-09-02T10:01:58.133,5,null,false,code-injection,0,null
2975,39149,39125,false,2008-09-02T10:02:15.653,2,null,false,c#,0,null
2975,39149,39125,false,2008-09-02T10:02:15.653,2,null,false,.net,0,null
2975,39149,39125,false,2008-09-02T10:02:15.653,2,null,false,class-library,0,null
2362,39153,39053,false,2008-09-02T10:04:02.420,0,null,false,jboss,0,null
2362,39153,39053,false,2008-09-02T10:04:02.420,0,null,false,datasource,0,null
2362,39153,39053,false,2008-09-02T10:04:02.420,0,null,false,jndi,0,null
2362,39153,39053,false,2008-09-02T10:04:02.420,0,null,false,ibatis,0,null
61,39155,39092,false,2008-09-02T10:08:01.660,2,null,false,windows,1,null
61,39155,39092,false,2008-09-02T10:08:01.660,2,null,false,opengl,1,null
61,39155,39092,false,2008-09-02T10:08:01.660,2,null,false,directx,1,null
51,39156,39119,false,2008-09-02T10:08:44.827,4,null,false,.net,0,null
51,39156,39119,false,2008-09-02T10:08:44.827,4,null,false,winforms,0,null
51,39156,39119,false,2008-09-02T10:08:44.827,4,null,false,treeview,0,null
51,39156,39119,false,2008-09-02T10:08:44.827,4,null,false,treenode,0,null
372,39157,39154,false,2008-09-02T10:10:44.027,1,null,false,version-control,0,null
372,39157,39154,false,2008-09-02T10:10:44.027,1,null,false,versioning,0,null
372,39157,39154,false,2008-09-02T10:10:44.027,1,null,false,revision-history,0,null
372,39157,39154,false,2008-09-02T10:10:44.027,1,null,false,revisions,0,null
1898,39158,39119,false,2008-09-02T10:10:49.940,1,null,false,.net,0,null
1898,39158,39119,false,2008-09-02T10:10:49.940,1,null,false,winforms,0,null
1898,39158,39119,false,2008-09-02T10:10:49.940,1,null,false,treeview,0,null
1898,39158,39119,false,2008-09-02T10:10:49.940,1,null,false,treenode,0,null
1820,39164,38875,false,2008-09-02T10:13:11.460,1,null,false,php,0,null
1820,39164,38875,false,2008-09-02T10:13:11.460,1,null,false,security,0,null
1820,39164,38875,false,2008-09-02T10:13:11.460,1,null,false,code-injection,0,null
893,39166,39154,false,2008-09-02T10:13:51.617,1,null,false,version-control,0,null
893,39166,39154,false,2008-09-02T10:13:51.617,1,null,false,versioning,0,null
893,39166,39154,false,2008-09-02T10:13:51.617,1,null,false,revision-history,0,null
893,39166,39154,false,2008-09-02T10:13:51.617,1,null,false,revisions,0,null
4026,39169,39065,false,2008-09-02T10:16:03.593,5,null,false,c#,2,null
4026,39169,39065,false,2008-09-02T10:16:03.593,5,null,false,localization,2,null
4026,39169,39065,false,2008-09-02T10:16:03.593,5,null,false,resx,2,null
4174,39174,39154,false,2008-09-02T10:21:06.327,4,null,false,version-control,0,null
4174,39174,39154,false,2008-09-02T10:21:06.327,4,null,false,versioning,0,null
4174,39174,39154,false,2008-09-02T10:21:06.327,4,null,false,revision-history,0,null
4174,39174,39154,false,2008-09-02T10:21:06.327,4,null,false,revisions,0,null
4203,39175,39070,false,2008-09-02T10:21:26.997,1,null,false,asp.net,0,null
4203,39175,39070,false,2008-09-02T10:21:26.997,1,null,false,ftp,0,null
4180,39179,39154,false,2008-09-02T10:25:26.237,2,null,false,version-control,0,null
4180,39179,39154,false,2008-09-02T10:25:26.237,2,null,false,versioning,0,null
4180,39179,39154,false,2008-09-02T10:25:26.237,2,null,false,revision-history,0,null
4180,39179,39154,false,2008-09-02T10:25:26.237,2,null,false,revisions,0,null
341,39183,39107,false,2008-09-02T10:29:40.207,6,null,false,networking,2,null
341,39183,39107,false,2008-09-02T10:29:40.207,6,null,false,bandwidth,2,null
341,39183,39107,false,2008-09-02T10:29:40.207,6,null,false,throttling,2,null
3979,39189,39135,false,2008-09-02T10:33:03.707,6,null,false,macos,0,null
3979,39189,39135,false,2008-09-02T10:33:03.707,6,null,false,ftp,0,null
3979,39189,39135,false,2008-09-02T10:33:03.707,6,null,false,ssh,0,null
3979,39189,39135,false,2008-09-02T10:33:03.707,6,null,false,sftp,0,null
4026,39190,39037,false,2008-09-02T10:34:33.687,0,null,false,automation,0,null
4026,39190,39037,false,2008-09-02T10:34:33.687,0,null,false,ms-office,0,null
4204,39198,39092,false,2008-09-02T10:37:30.950,7,null,false,windows,0,null
4204,39198,39092,false,2008-09-02T10:37:30.950,7,null,false,opengl,0,null
4204,39198,39092,false,2008-09-02T10:37:30.950,7,null,false,directx,0,null
353971,39201,39121,false,2008-09-02T10:38:53.803,1,null,false,testing,0,null
353971,39201,39121,false,2008-09-02T10:38:53.803,1,null,false,beta,0,null
342,39202,39092,false,2008-09-02T10:39:14.300,4,null,false,windows,0,null
342,39202,39092,false,2008-09-02T10:39:14.300,4,null,false,opengl,0,null
342,39202,39092,false,2008-09-02T10:39:14.300,4,null,false,directx,0,null
3979,39206,39154,false,2008-09-02T10:44:50.917,0,null,false,version-control,0,null
3979,39206,39154,false,2008-09-02T10:44:50.917,0,null,false,versioning,0,null
3979,39206,39154,false,2008-09-02T10:44:50.917,0,null,false,revision-history,0,null
3979,39206,39154,false,2008-09-02T10:44:50.917,0,null,false,revisions,0,null
2199,39209,38864,false,2008-09-02T10:46:50.633,5,null,false,windows,0,null
2199,39209,38864,false,2008-09-02T10:46:50.633,5,null,false,networking,0,null
2199,39209,38864,false,2008-09-02T10:46:50.633,5,null,false,iphelper,0,null
3410,39214,39187,false,2008-09-02T10:49:51.810,14,null,false,intellij-idea,1,null
3410,39214,39187,false,2008-09-02T10:49:51.810,14,null,false,color-scheme,1,null
1968,39231,39222,false,2008-09-02T11:07:37.913,0,null,false,exception,2,null
1968,39231,39222,false,2008-09-02T11:07:37.913,0,null,false,visual-c++,2,null
1968,39231,39222,false,2008-09-02T11:07:37.913,0,null,false,gcc,2,null
1968,39231,39222,false,2008-09-02T11:07:37.913,0,null,false,cross-platform,2,null
1968,39231,39222,false,2008-09-02T11:07:37.913,0,null,false,portability,2,null
986,39232,39229,false,2008-09-02T11:08:14.030,5,null,false,.net,0,null
986,39232,39229,false,2008-09-02T11:08:14.030,5,null,false,visual-studio,0,null
3583,39234,39229,false,2008-09-02T11:10:00.500,2,null,false,.net,0,null
3583,39234,39229,false,2008-09-02T11:10:00.500,2,null,false,visual-studio,0,null
9,7,4,false,2008-07-31T22:17:57.883,529,null,false,c#,0,null
9,7,4,false,2008-07-31T22:17:57.883,529,null,false,floating-point,0,null
9,7,4,false,2008-07-31T22:17:57.883,529,null,false,type-conversion,0,null
9,7,4,false,2008-07-31T22:17:57.883,529,null,false,double,0,null
9,7,4,false,2008-07-31T22:17:57.883,529,null,false,decimal,0,null
1,12,11,false,2008-07-31T23:56:41.303,348,null,true,c#,10,null
1,12,11,false,2008-07-31T23:56:41.303,348,null,true,datetime,10,null
1,12,11,false,2008-07-31T23:56:41.303,348,null,true,time,10,null
1,12,11,false,2008-07-31T23:56:41.303,348,null,true,datediff,10,null
1,12,11,false,2008-07-31T23:56:41.303,348,null,true,relative-time-span,10,null
268,1248,11,false,2008-08-04T13:57:26.097,1070,null,true,c#,16,null
268,1248,11,false,2008-08-04T13:57:26.097,1070,null,true,datetime,16,null
268,1248,11,false,2008-08-04T13:57:26.097,1070,null,true,time,16,null
268,1248,11,false,2008-08-04T13:57:26.097,1070,null,true,datediff,16,null
268,1248,11,false,2008-08-04T13:57:26.097,1070,null,true,relative-time-span,16,null
91,1264,1261,false,2008-08-04T14:09:54.993,19,null,false,svn,2,null
91,1264,1261,false,2008-08-04T14:09:54.993,19,null,false,version-control,2,null
91,1264,1261,false,2008-08-04T14:09:54.993,19,null,false,cvs,2,null
1190,25479,25475,false,2008-08-25T00:04:48.570,3,null,false,unicode,1,null
1190,25479,25475,false,2008-08-25T00:04:48.570,3,null,false,internationalization,1,null
1190,25479,25475,false,2008-08-25T00:04:48.570,3,null,false,antlr,1,null
1190,25479,25475,false,2008-08-25T00:04:48.570,3,null,false,parsing,1,null
116,10501,10499,false,2008-08-13T23:52:15.570,22,null,false,oracle,2,null
116,10501,10499,false,2008-08-13T23:52:15.570,22,null,false,connection,2,null
116,10501,10499,false,2008-08-13T23:52:15.570,22,null,false,tnsnames,2,null
116,10501,10499,false,2008-08-13T23:52:15.570,22,null,false,tns,2,null
3394,34452,34439,false,2008-08-29T15:09:05.667,758,null,false,python,6,null
3394,34452,34439,false,2008-08-29T15:09:05.667,758,null,false,introspection,6,null
3043,33229,33222,false,2008-08-28T19:49:57.463,0,null,false,compact-framework,0,null
3043,33229,33222,false,2008-08-28T19:49:57.463,0,null,false,gdi+,0,null
3043,33229,33222,false,2008-08-28T19:49:57.463,0,null,false,windows-ce,0,null
242853,13399,13396,false,2008-08-16T22:37:06.690,-1,null,false,.net,0,null
242853,13399,13396,false,2008-08-16T22:37:06.690,-1,null,false,python,0,null
242853,13399,13396,false,2008-08-16T22:37:06.690,-1,null,false,arrays,0,null
242853,13399,13396,false,2008-08-16T22:37:06.690,-1,null,false,loops,0,null
242853,13399,13396,false,2008-08-16T22:37:06.690,-1,null,false,iteration,0,null
3043,30167,28481,false,2008-08-27T13:53:26.643,1,null,false,visual-studio-2008,0,null
3043,30167,28481,false,2008-08-27T13:53:26.643,1,null,false,web-applications,0,null
96,30172,30171,false,2008-08-27T13:54:06.453,7,null,false,java,1,null
96,30172,30171,false,2008-08-27T13:54:06.453,7,null,false,.net,1,null
96,30172,30171,false,2008-08-27T13:54:06.453,7,null,false,service,1,null
96,30172,30171,false,2008-08-27T13:54:06.453,7,null,false,primitive,1,null
572,22532,22528,false,2008-08-22T14:43:22.913,1,null,false,php,0,null
572,22532,22528,false,2008-08-22T14:43:22.913,1,null,false,coding-style,0,null
122,43183,43180,false,2008-09-04T04:30:31.923,37,null,false,operating-system,1,null
122,43183,43180,false,2008-09-04T04:30:31.923,37,null,false,kernel,1,null
122,43183,43180,false,2008-09-04T04:30:31.923,37,null,false,osdev,1,null
48,1269,1261,false,2008-08-04T14:14:14.877,7,null,false,svn,0,null
48,1269,1261,false,2008-08-04T14:14:14.877,7,null,false,version-control,0,null
48,1269,1261,false,2008-08-04T14:14:14.877,7,null,false,cvs,0,null
268,1272,1261,false,2008-08-04T14:17:59.080,67,null,false,svn,4,null
268,1272,1261,false,2008-08-04T14:17:59.080,67,null,false,version-control,4,null
268,1272,1261,false,2008-08-04T14:17:59.080,67,null,false,cvs,4,null
1190,25484,25481,false,2008-08-25T00:11:09.850,4,null,false,ant,0,null
1190,25484,25481,false,2008-08-25T00:11:09.850,4,null,false,antlr,0,null
1190,25484,25481,false,2008-08-25T00:11:09.850,4,null,false,parsing,0,null
361,25487,25481,false,2008-08-25T00:12:09.630,2,null,false,ant,0,null
361,25487,25481,false,2008-08-25T00:12:09.630,2,null,false,antlr,0,null
361,25487,25481,false,2008-08-25T00:12:09.630,2,null,false,parsing,0,null
275,1278,1261,false,2008-08-04T14:35:12.277,15,null,false,svn,0,null
275,1278,1261,false,2008-08-04T14:35:12.277,15,null,false,version-control,0,null
275,1278,1261,false,2008-08-04T14:35:12.277,15,null,false,cvs,0,null
25,1297,1292,false,2008-08-04T14:52:40.493,3,null,false,.net,0,null
25,1297,1292,false,2008-08-04T14:52:40.493,3,null,false,collections,0,null
25,1297,1292,false,2008-08-04T14:52:40.493,3,null,false,queue,0,null
1157,27231,27219,false,2008-08-26T01:53:42.777,6,null,false,javascript,0,null
1157,27231,27219,false,2008-08-26T01:53:42.777,6,null,false,jquery,0,null
1157,27231,27219,false,2008-08-26T01:53:42.777,6,null,false,html,0,null
1902010,27236,27222,false,2008-08-26T01:55:30.730,11,null,false,php,0,null
1902010,27236,27222,false,2008-08-26T01:55:30.730,11,null,false,html,0,null
1902010,27236,27222,false,2008-08-26T01:55:30.730,11,null,false,dom,0,null
,18,17,false,2008-08-01T05:12:44.193,59,null,false,mysql,2,null
,18,17,false,2008-08-01T05:12:44.193,59,null,false,database,2,null
,18,17,false,2008-08-01T05:12:44.193,59,null,false,binary-data,2,null
,18,17,false,2008-08-01T05:12:44.193,59,null,false,data-storage,2,null
988,39235,39059,false,2008-09-02T11:10:10.670,3,null,false,windows,2,null
988,39235,39059,false,2008-09-02T11:10:10.670,3,null,false,windows-server-2003,2,null
2976,39236,39229,false,2008-09-02T11:10:35.380,1,null,false,.net,0,null
2976,39236,39229,false,2008-09-02T11:10:35.380,1,null,false,visual-studio,0,null
2131,39238,39222,false,2008-09-02T11:11:01.103,12,null,false,exception,0,null
2131,39238,39222,false,2008-09-02T11:11:01.103,12,null,false,visual-c++,0,null
2131,39238,39222,false,2008-09-02T11:11:01.103,12,null,false,gcc,0,null
2131,39238,39222,false,2008-09-02T11:11:01.103,12,null,false,cross-platform,0,null
2131,39238,39222,false,2008-09-02T11:11:01.103,12,null,false,portability,0,null
4204,39249,39229,false,2008-09-02T11:20:02.423,1,null,false,.net,0,null
4204,39249,39229,false,2008-09-02T11:20:02.423,1,null,false,visual-studio,0,null
267,1303,1292,false,2008-08-04T14:56:49.470,5,null,false,.net,0,null
267,1303,1292,false,2008-08-04T14:56:49.470,5,null,false,collections,0,null
267,1303,1292,false,2008-08-04T14:56:49.470,5,null,false,queue,0,null
192,1305,1292,false,2008-08-04T14:57:28.767,48,null,false,.net,4,null
192,1305,1292,false,2008-08-04T14:57:28.767,48,null,false,collections,4,null
192,1305,1292,false,2008-08-04T14:57:28.767,48,null,false,queue,4,null
267,1309,1304,false,2008-08-04T14:59:24.410,133,null,false,c#,11,null
267,1309,1304,false,2008-08-04T14:59:24.410,133,null,false,.net,11,null
267,1309,1304,false,2008-08-04T14:59:24.410,133,null,false,io,11,null
267,1309,1304,false,2008-08-04T14:59:24.410,133,null,false,filelock,11,null
4435,46082,46079,false,2008-09-05T15:46:53.830,1,null,false,asp.net,0,null
4435,46082,46079,false,2008-09-05T15:46:53.830,1,null,false,javascript,0,null
4435,46082,46079,false,2008-09-05T15:46:53.830,1,null,false,jquery,0,null
4435,46082,46079,false,2008-09-05T15:46:53.830,1,null,false,webforms,0,null
4435,46082,46079,false,2008-09-05T15:46:53.830,1,null,false,.net-1.1,0,null
4659,46083,46080,false,2008-09-05T15:46:55.907,97,null,false,svn,1,null
4659,46083,46080,false,2008-09-05T15:46:55.907,97,null,false,tortoisesvn,1,null
2847,46085,46080,false,2008-09-05T15:47:15.873,4,null,false,svn,0,null
2847,46085,46080,false,2008-09-05T15:47:15.873,4,null,false,tortoisesvn,0,null
1196,46087,46080,false,2008-09-05T15:48:13.267,1,null,false,svn,0,null
1196,46087,46080,false,2008-09-05T15:48:13.267,1,null,false,tortoisesvn,0,null
1220,46088,46080,false,2008-09-05T15:48:20.847,1,null,false,svn,1,null
1220,46088,46080,false,2008-09-05T15:48:20.847,1,null,false,tortoisesvn,1,null
,46093,46080,false,2008-09-05T15:49:42.640,22,null,false,svn,0,null
,46093,46080,false,2008-09-05T15:49:42.640,22,null,false,tortoisesvn,0,null
1385358,46095,46080,false,2008-09-05T15:50:10.923,2,null,false,svn,2,null
1385358,46095,46080,false,2008-09-05T15:50:10.923,2,null,false,tortoisesvn,2,null
1196,39257,39240,false,2008-09-02T11:26:10.397,0,null,false,sql,0,null
1196,39257,39240,false,2008-09-02T11:26:10.397,0,null,false,sql-server,0,null
1196,39257,39240,false,2008-09-02T11:26:10.397,0,null,false,database,0,null
17,22,9,false,2008-08-01T12:07:19.500,56,null,true,c#,1,null
17,22,9,false,2008-08-01T12:07:19.500,56,null,true,.net,1,null
17,22,9,false,2008-08-01T12:07:19.500,56,null,true,datetime,1,null
615,7590,7586,false,2008-08-11T07:37:24.713,7,null,false,c#,0,null
615,7590,7586,false,2008-08-11T07:37:24.713,7,null,false,.net,0,null
615,7590,7586,false,2008-08-11T07:37:24.713,7,null,false,wpf,0,null
615,7590,7586,false,2008-08-11T07:37:24.713,7,null,false,xaml,0,null
1157,27248,27242,false,2008-08-26T02:03:04.690,0,null,false,javascript,1,null
1157,27248,27242,false,2008-08-26T02:03:04.690,0,null,false,jquery,1,null
1157,27248,27242,false,2008-08-26T02:03:04.690,0,null,false,review,1,null
726,27250,27242,false,2008-08-26T02:03:49.150,5,null,false,javascript,2,null
726,27250,27242,false,2008-08-26T02:03:49.150,5,null,false,jquery,2,null
726,27250,27242,false,2008-08-26T02:03:49.150,5,null,false,review,2,null
891,7591,7586,false,2008-08-11T07:39:44.490,0,null,false,c#,0,null
891,7591,7586,false,2008-08-11T07:39:44.490,0,null,false,.net,0,null
891,7591,7586,false,2008-08-11T07:39:44.490,0,null,false,wpf,0,null
891,7591,7586,false,2008-08-11T07:39:44.490,0,null,false,xaml,0,null
900,7593,7586,false,2008-08-11T07:39:52.757,0,null,false,c#,0,null
900,7593,7586,false,2008-08-11T07:39:52.757,0,null,false,.net,0,null
900,7593,7586,false,2008-08-11T07:39:52.757,0,null,false,wpf,0,null
900,7593,7586,false,2008-08-11T07:39:52.757,0,null,false,xaml,0,null
968,7595,7579,false,2008-08-11T07:44:54.637,35,null,false,sql-server,3,null
968,7595,7579,false,2008-08-11T07:44:54.637,35,null,false,rebuild,3,null
968,7595,7579,false,2008-08-11T07:44:54.637,35,null,false,maintenance-plan,3,null
968,7595,7579,false,2008-08-11T07:44:54.637,35,null,false,reorganize,3,null
122,7597,7592,false,2008-08-11T07:50:53.953,-1,null,false,javascript,0,null
122,7597,7592,false,2008-08-11T07:50:53.953,-1,null,false,email,0,null
3464,39268,39229,false,2008-09-02T11:31:26.140,3,null,false,.net,0,null
3464,39268,39229,false,2008-09-02T11:31:26.140,3,null,false,visual-studio,0,null
202,39269,39243,false,2008-09-02T11:32:10.133,2,null,false,sql-server,0,null
3221,39270,39240,false,2008-09-02T11:32:13.613,0,null,false,sql,0,null
3221,39270,39240,false,2008-09-02T11:32:13.613,0,null,false,sql-server,0,null
3221,39270,39240,false,2008-09-02T11:32:13.613,0,null,false,database,0,null
1154,39278,39276,false,2008-09-02T11:35:10.873,10,null,false,c#,1,null
1154,39278,39276,false,2008-09-02T11:35:10.873,10,null,false,.net,1,null
1154,39278,39276,false,2008-09-02T11:35:10.873,10,null,false,twain,1,null
1154,39278,39276,false,2008-09-02T11:35:10.873,10,null,false,scanning,1,null
41,39280,39276,false,2008-09-02T11:35:55.757,7,null,false,c#,0,null
41,39280,39276,false,2008-09-02T11:35:55.757,7,null,false,.net,0,null
41,39280,39276,false,2008-09-02T11:35:55.757,7,null,false,twain,0,null
41,39280,39276,false,2008-09-02T11:35:55.757,7,null,false,scanning,0,null
,37235,10499,false,2008-08-31T23:05:25.133,2,null,false,oracle,0,null
,37235,10499,false,2008-08-31T23:05:25.133,2,null,false,connection,0,null
,37235,10499,false,2008-08-31T23:05:25.133,2,null,false,tnsnames,0,null
,37235,10499,false,2008-08-31T23:05:25.133,2,null,false,tns,0,null
2954,31538,31535,false,2008-08-28T02:28:16.827,2,null,false,html,0,null
2954,31538,31535,false,2008-08-28T02:28:16.827,2,null,false,regex,0,null
2954,31538,31535,false,2008-08-28T02:28:16.827,2,null,false,language-agnostic,0,null
1353,31543,31535,false,2008-08-28T02:30:42.080,3,null,false,html,0,null
1353,31543,31535,false,2008-08-28T02:30:42.080,3,null,false,regex,0,null
1353,31543,31535,false,2008-08-28T02:30:42.080,3,null,false,language-agnostic,0,null
1554,31546,31535,false,2008-08-28T02:31:40.643,14,null,false,html,0,null
1554,31546,31535,false,2008-08-28T02:31:40.643,14,null,false,regex,0,null
1554,31546,31535,false,2008-08-28T02:31:40.643,14,null,false,language-agnostic,0,null
383,4539,4529,false,2008-08-07T08:57:34.140,2,null,false,sql-server-2005,0,null
383,4539,4529,false,2008-08-07T08:57:34.140,2,null,false,sql-server-2008,0,null
383,4539,4529,false,2008-08-07T08:57:34.140,2,null,false,installation,0,null
48,26,17,false,2008-08-01T12:16:22.167,143,null,false,mysql,0,null
48,26,17,false,2008-08-01T12:16:22.167,143,null,false,database,0,null
48,26,17,false,2008-08-01T12:16:22.167,143,null,false,binary-data,0,null
48,26,17,false,2008-08-01T12:16:22.167,143,null,false,data-storage,0,null
17,27,11,false,2008-08-01T12:17:19.357,34,null,true,c#,0,null
17,27,11,false,2008-08-01T12:17:19.357,34,null,true,datetime,0,null
17,27,11,false,2008-08-01T12:17:19.357,34,null,true,time,0,null
17,27,11,false,2008-08-01T12:17:19.357,34,null,true,datediff,0,null
17,27,11,false,2008-08-01T12:17:19.357,34,null,true,relative-time-span,0,null
19,29,13,false,2008-08-01T12:19:17.417,217,null,false,html,5,null
19,29,13,false,2008-08-01T12:19:17.417,217,null,false,browser,5,null
19,29,13,false,2008-08-01T12:19:17.417,217,null,false,timezone,5,null
19,29,13,false,2008-08-01T12:19:17.417,217,null,false,user-agent,5,null
19,29,13,false,2008-08-01T12:19:17.417,217,null,false,timezone-offset,5,null
13,30,25,false,2008-08-01T12:22:40.797,46,null,false,c++,0,null
13,30,25,false,2008-08-01T12:22:40.797,46,null,false,c,0,null
13,30,25,false,2008-08-01T12:22:40.797,46,null,false,sockets,0,null
13,30,25,false,2008-08-01T12:22:40.797,46,null,false,mainframe,0,null
13,30,25,false,2008-08-01T12:22:40.797,46,null,false,zos,0,null
2536,27254,27242,false,2008-08-26T02:05:41.173,44,null,false,javascript,0,null
2536,27254,27242,false,2008-08-26T02:05:41.173,44,null,false,jquery,0,null
2536,27254,27242,false,2008-08-26T02:05:41.173,44,null,false,review,0,null
,27256,27242,false,2008-08-26T02:06:54.073,4,null,false,javascript,1,null
,27256,27242,false,2008-08-26T02:06:54.073,4,null,false,jquery,1,null
,27256,27242,false,2008-08-26T02:06:54.073,4,null,false,review,1,null
342,7599,7596,false,2008-08-11T08:00:58.830,4,null,false,java,0,null
342,7599,7596,false,2008-08-11T08:00:58.830,4,null,false,architecture,0,null
46,7608,7603,false,2008-08-11T08:20:01.007,3,null,false,web-services,0,null
46,7608,7603,false,2008-08-11T08:20:01.007,3,null,false,ws-security,0,null
588,7610,7596,false,2008-08-11T08:24:02.950,3,null,false,java,0,null
588,7610,7596,false,2008-08-11T08:24:02.950,3,null,false,architecture,0,null
48,1317,1284,false,2008-08-04T15:11:16.663,5,null,false,sql,0,null
48,1317,1284,false,2008-08-04T15:11:16.663,5,null,false,xss,0,null
48,1317,1284,false,2008-08-04T15:11:16.663,5,null,false,sql-injection,0,null
216,1318,1306,false,2008-08-04T15:11:19.770,21,null,false,ruby,2,null
216,1318,1306,false,2008-08-04T15:11:19.770,21,null,false,unix,2,null
216,1318,1306,false,2008-08-04T15:11:19.770,21,null,false,curses,2,null
91,1319,1314,false,2008-08-04T15:12:13.917,5,null,false,msbuild,0,null
91,1319,1314,false,2008-08-04T15:12:13.917,5,null,false,build-process,0,null
91,1319,1314,false,2008-08-04T15:12:13.917,5,null,false,cruisecontrol.net,0,null
312,1320,1300,false,2008-08-04T15:12:37.630,5,null,false,.net,0,null
312,1320,1300,false,2008-08-04T15:12:37.630,5,null,false,.net-3.5,0,null
312,1320,1300,false,2008-08-04T15:12:37.630,5,null,false,msbuild,0,null
312,1320,1300,false,2008-08-04T15:12:37.630,5,null,false,nant,0,null
615,39283,39276,false,2008-09-02T11:37:20.120,8,null,false,c#,2,null
615,39283,39276,false,2008-09-02T11:37:20.120,8,null,false,.net,2,null
615,39283,39276,false,2008-09-02T11:37:20.120,8,null,false,twain,2,null
615,39283,39276,false,2008-09-02T11:37:20.120,8,null,false,scanning,2,null
2384,39287,39006,false,2008-09-02T11:39:54.437,0,null,false,windows,0,null
2384,39287,39006,false,2008-09-02T11:39:54.437,0,null,false,apache,0,null
2384,39287,39006,false,2008-09-02T11:39:54.437,0,null,false,wamp,0,null
1367,39290,39007,false,2008-09-02T11:41:55.087,1,null,false,visual-studio-2008,1,null
1367,39290,39007,false,2008-09-02T11:41:55.087,1,null,false,xaml,1,null
,31,6,false,2008-08-01T12:22:51.593,160,null,false,html,0,null
,31,6,false,2008-08-01T12:22:51.593,160,null,false,css,0,null
,31,6,false,2008-08-01T12:22:51.593,160,null,false,internet-explorer-7,0,null
13,33,14,false,2008-08-01T12:26:39.773,582,null,false,.net,4,null
13,33,14,false,2008-08-01T12:26:39.773,582,null,false,math,4,null
960,7612,7592,false,2008-08-11T08:29:27.650,6,null,false,javascript,0,null
960,7612,7592,false,2008-08-11T08:29:27.650,6,null,false,email,0,null
1441,46100,46080,false,2008-09-05T15:51:29.797,316,null,false,svn,4,null
1441,46100,46080,false,2008-09-05T15:51:29.797,316,null,false,tortoisesvn,4,null
648,46102,46080,false,2008-09-05T15:51:47.110,37,null,false,svn,0,null
648,46102,46080,false,2008-09-05T15:51:47.110,37,null,false,tortoisesvn,0,null
1196,46104,46096,false,2008-09-05T15:52:44.037,4,null,false,linq,0,null
1220,46108,46096,false,2008-09-05T15:53:51.193,1,null,false,linq,0,null
550,27259,27219,false,2008-08-26T02:07:27.940,17,null,false,javascript,0,null
550,27259,27219,false,2008-08-26T02:07:27.940,17,null,false,jquery,0,null
550,27259,27219,false,2008-08-26T02:07:27.940,17,null,false,html,0,null
2849,27260,27242,false,2008-08-26T02:07:50.780,3,null,false,javascript,0,null
2849,27260,27242,false,2008-08-26T02:07:50.780,3,null,false,jquery,0,null
2849,27260,27242,false,2008-08-26T02:07:50.780,3,null,false,review,0,null
2279,27264,27258,false,2008-08-26T02:11:12.317,2,null,false,asp.net,0,null
2279,27264,27258,false,2008-08-26T02:11:12.317,2,null,false,javascript,0,null
2279,27264,27258,false,2008-08-26T02:11:12.317,2,null,false,ajax,0,null
116,4540,4533,false,2008-08-07T08:57:37.993,17,null,false,language-agnostic,3,null
116,4540,4533,false,2008-08-07T08:57:37.993,17,null,false,http,3,null
116,4540,4533,false,2008-08-07T08:57:37.993,17,null,false,webserver,3,null
116,4540,4533,false,2008-08-07T08:57:37.993,17,null,false,header,3,null
116,4540,4533,false,2008-08-07T08:57:37.993,17,null,false,etag,3,null
383,4546,4544,false,2008-08-07T09:23:44.163,1,null,false,javascript,0,null
383,4546,4544,false,2008-08-07T09:23:44.163,1,null,false,firefox,0,null
383,4546,4544,false,2008-08-07T09:23:44.163,1,null,false,delicious-api,0,null
1755,39291,39243,false,2008-09-02T11:42:13.417,0,null,false,sql-server,0,null
31505,39293,39288,false,2008-09-02T11:43:39.403,49,null,false,business-logic-layer,1,null
832,39294,39288,false,2008-09-02T11:43:43.413,0,null,false,business-logic-layer,0,null
2384,39295,39104,false,2008-09-02T11:43:45.550,3,null,false,python,0,null
2384,39295,39104,false,2008-09-02T11:43:45.550,3,null,false,distutils,0,null
3839,39296,39281,false,2008-09-02T11:43:50.463,7,null,false,sql,0,null
3839,39296,39281,false,2008-09-02T11:43:50.463,7,null,false,database,0,null
3839,39296,39281,false,2008-09-02T11:43:50.463,7,null,false,database-design,0,null
3839,39296,39281,false,2008-09-02T11:43:50.463,7,null,false,versioning,0,null
1768,39297,39281,false,2008-09-02T11:43:55.190,1,null,false,sql,0,null
1768,39297,39281,false,2008-09-02T11:43:55.190,1,null,false,database,0,null
1768,39297,39281,false,2008-09-02T11:43:55.190,1,null,false,database-design,0,null
1768,39297,39281,false,2008-09-02T11:43:55.190,1,null,false,versioning,0,null
46,7619,7592,false,2008-08-11T08:48:39.017,4,null,false,javascript,1,null
46,7619,7592,false,2008-08-11T08:48:39.017,4,null,false,email,1,null
122,7624,7614,false,2008-08-11T08:57:26.097,2,null,false,c++,0,null
122,7624,7614,false,2008-08-11T08:57:26.097,2,null,false,unit-testing,0,null
122,7624,7614,false,2008-08-11T08:57:26.097,2,null,false,tdd,0,null
909,7626,7614,false,2008-08-11T08:57:54.270,1,null,false,c++,0,null
909,7626,7614,false,2008-08-11T08:57:54.270,1,null,false,unit-testing,0,null
909,7626,7614,false,2008-08-11T08:57:54.270,1,null,false,tdd,0,null
893,7632,7622,false,2008-08-11T09:16:34.607,190,null,false,c,13,null
893,7632,7622,false,2008-08-11T09:16:34.607,190,null,false,binary,13,null
893,7632,7622,false,2008-08-11T09:16:34.607,190,null,false,bit-manipulation,13,null
893,7632,7622,false,2008-08-11T09:16:34.607,190,null,false,bit-shift,13,null
267,1322,1313,false,2008-08-04T15:14:40.277,4,null,false,language-agnostic,0,null
267,1322,1313,false,2008-08-04T15:14:40.277,4,null,false,colors,0,null
39,1325,1313,false,2008-08-04T15:16:11.537,6,null,false,language-agnostic,4,null
39,1325,1313,false,2008-08-04T15:16:11.537,6,null,false,colors,4,null
121,1328,1284,false,2008-08-04T15:20:17.973,3,null,false,sql,0,null
121,1328,1284,false,2008-08-04T15:20:17.973,3,null,false,xss,0,null
121,1328,1284,false,2008-08-04T15:20:17.973,3,null,false,sql-injection,0,null
1293,31573,31566,false,2008-08-28T02:55:57.323,2,null,false,sql-server-2005,0,null
1265,31574,31535,false,2008-08-28T02:56:03.127,2,null,false,html,0,null
1265,31574,31535,false,2008-08-28T02:56:03.127,2,null,false,regex,0,null
1265,31574,31535,false,2008-08-28T02:56:03.127,2,null,false,language-agnostic,0,null
2789,31575,31572,false,2008-08-28T02:57:15.993,-3,null,false,.net,1,null
2789,31575,31572,false,2008-08-28T02:57:15.993,-3,null,false,networking,1,null
2789,31575,31572,false,2008-08-28T02:57:15.993,-3,null,false,tcp,1,null
2789,31575,31572,false,2008-08-28T02:57:15.993,-3,null,false,udp,1,null
598,31576,31567,false,2008-08-28T02:57:30.440,0,null,false,c#,0,null
598,31576,31567,false,2008-08-28T02:57:30.440,0,null,false,.net,0,null
598,31576,31567,false,2008-08-28T02:57:30.440,0,null,false,reflection,0,null
1318,15028,15024,false,2008-08-18T18:21:11.573,4,null,false,version-control,0,null
1318,15028,15024,false,2008-08-18T18:21:11.573,4,null,false,bug-tracking,0,null
1318,15028,15024,false,2008-08-18T18:21:11.573,4,null,false,dailybuilds,0,null
35,44,39,false,2008-08-01T12:55:42.413,23,null,false,c#,0,null
35,44,39,false,2008-08-01T12:55:42.413,23,null,false,.net,0,null
35,44,39,false,2008-08-01T12:55:42.413,23,null,false,vb.net,0,null
35,44,39,false,2008-08-01T12:55:42.413,23,null,false,timer,0,null
39,45,39,false,2008-08-01T12:56:37.920,63,null,false,c#,0,null
39,45,39,false,2008-08-01T12:56:37.920,63,null,false,.net,0,null
39,45,39,false,2008-08-01T12:56:37.920,63,null,false,vb.net,0,null
39,45,39,false,2008-08-01T12:56:37.920,63,null,false,timer,0,null
43,49,24,false,2008-08-01T13:02:51.900,67,null,false,mysql,1,null
43,49,24,false,2008-08-01T13:02:51.900,67,null,false,database,1,null
43,49,24,false,2008-08-01T13:02:51.900,67,null,false,triggers,1,null
17,51,36,false,2008-08-01T13:07:52.810,24,null,false,sql,0,null
17,51,36,false,2008-08-01T13:07:52.810,24,null,false,sql-server,0,null
17,51,36,false,2008-08-01T13:07:52.810,24,null,false,datatable,0,null
17,51,36,false,2008-08-01T13:07:52.810,24,null,false,rdbms,0,null
23,52,34,false,2008-08-01T13:08:59.127,19,null,false,arrays,0,null
23,52,34,false,2008-08-01T13:08:59.127,19,null,false,actionscript-3,0,null
23,52,34,false,2008-08-01T13:08:59.127,19,null,false,apache-flex,0,null
2758,27270,27258,false,2008-08-26T02:14:36.237,6,null,false,asp.net,0,null
2758,27270,27258,false,2008-08-26T02:14:36.237,6,null,false,javascript,0,null
2758,27270,27258,false,2008-08-26T02:14:36.237,6,null,false,ajax,0,null
2567,27271,27253,false,2008-08-26T02:15:47.217,4,null,false,c#,1,null
2567,27271,27253,false,2008-08-26T02:15:47.217,4,null,false,code-formatting,1,null
1157,27272,27253,false,2008-08-26T02:16:26.063,3,null,false,c#,0,null
1157,27272,27253,false,2008-08-26T02:16:26.063,3,null,false,code-formatting,0,null
1693,27274,27266,false,2008-08-26T02:18:06.603,2,null,false,linux,0,null
1693,27274,27266,false,2008-08-26T02:18:06.603,2,null,false,ssh,0,null
1693,27274,27266,false,2008-08-26T02:18:06.603,2,null,false,https,0,null
1693,27274,27266,false,2008-08-26T02:18:06.603,2,null,false,trafficshaping,0,null
493,27275,27258,false,2008-08-26T02:18:51.453,-1,null,false,asp.net,0,null
493,27275,27258,false,2008-08-26T02:18:51.453,-1,null,false,javascript,0,null
493,27275,27258,false,2008-08-26T02:18:51.453,-1,null,false,ajax,0,null
1811,27276,27247,false,2008-08-26T02:19:03.140,19,null,false,c++,2,null
1811,27276,27247,false,2008-08-26T02:19:03.140,19,null,false,linux,2,null
1811,27276,27247,false,2008-08-26T02:19:03.140,19,null,false,epoll,2,null
1208,27278,27258,false,2008-08-26T02:19:21.797,-1,null,false,asp.net,0,null
1208,27278,27258,false,2008-08-26T02:19:21.797,-1,null,false,javascript,0,null
1208,27278,27258,false,2008-08-26T02:19:21.797,-1,null,false,ajax,0,null
430,27280,27266,false,2008-08-26T02:21:48.187,5,null,false,linux,1,null
430,27280,27266,false,2008-08-26T02:21:48.187,5,null,false,ssh,1,null
430,27280,27266,false,2008-08-26T02:21:48.187,5,null,false,https,1,null
430,27280,27266,false,2008-08-26T02:21:48.187,5,null,false,trafficshaping,1,null
605,4547,4529,false,2008-08-07T09:30:58.253,23,null,false,sql-server-2005,0,null
605,4547,4529,false,2008-08-07T09:30:58.253,23,null,false,sql-server-2008,0,null
605,4547,4529,false,2008-08-07T09:30:58.253,23,null,false,installation,0,null
342,4549,4545,false,2008-08-07T09:43:28.353,37,null,false,html,4,null
342,4549,4545,false,2008-08-07T09:43:28.353,37,null,false,tags,4,null
267,4562,4556,false,2008-08-07T10:09:58.703,6,null,false,c#,0,null
267,4562,4556,false,2008-08-07T10:09:58.703,6,null,false,performance,0,null
267,4562,4556,false,2008-08-07T10:09:58.703,6,null,false,loops,0,null
39,1331,1329,false,2008-08-04T15:21:49.047,57,null,false,windows,4,null
39,1331,1329,false,2008-08-04T15:21:49.047,57,null,false,file,4,null
39,1331,1329,false,2008-08-04T15:21:49.047,57,null,false,filesystems,4,null
39,1331,1329,false,2008-08-04T15:21:49.047,57,null,false,utilities,4,null
91,1333,1284,false,2008-08-04T15:22:04.380,3,null,false,sql,0,null
91,1333,1284,false,2008-08-04T15:22:04.380,3,null,false,xss,0,null
91,1333,1284,false,2008-08-04T15:22:04.380,3,null,false,sql-injection,0,null
267,1334,1329,false,2008-08-04T15:23:08.620,15,null,false,windows,1,null
267,1334,1329,false,2008-08-04T15:23:08.620,15,null,false,file,1,null
267,1334,1329,false,2008-08-04T15:23:08.620,15,null,false,filesystems,1,null
267,1334,1329,false,2008-08-04T15:23:08.620,15,null,false,utilities,1,null
29,1335,1329,false,2008-08-04T15:24:03.940,3,null,false,windows,0,null
29,1335,1329,false,2008-08-04T15:24:03.940,3,null,false,file,0,null
29,1335,1329,false,2008-08-04T15:24:03.940,3,null,false,filesystems,0,null
29,1335,1329,false,2008-08-04T15:24:03.940,3,null,false,utilities,0,null
121,1336,1284,false,2008-08-04T15:26:05.013,0,null,false,sql,0,null
121,1336,1284,false,2008-08-04T15:26:05.013,0,null,false,xss,0,null
121,1336,1284,false,2008-08-04T15:26:05.013,0,null,false,sql-injection,0,null
194,1337,1329,false,2008-08-04T15:26:39.817,7,null,false,windows,2,null
194,1337,1329,false,2008-08-04T15:26:39.817,7,null,false,file,2,null
194,1337,1329,false,2008-08-04T15:26:39.817,7,null,false,filesystems,2,null
194,1337,1329,false,2008-08-04T15:26:39.817,7,null,false,utilities,2,null
17,1338,1276,false,2008-08-04T15:26:55.807,225,null,false,mysql,1,null
17,1338,1276,false,2008-08-04T15:26:55.807,225,null,false,database,1,null
17,1338,1276,false,2008-08-04T15:26:55.807,225,null,false,database-performance,1,null
2976,31579,31572,false,2008-08-28T02:59:12.120,0,null,false,.net,0,null
2976,31579,31572,false,2008-08-28T02:59:12.120,0,null,false,networking,0,null
2976,31579,31572,false,2008-08-28T02:59:12.120,0,null,false,tcp,0,null
2976,31579,31572,false,2008-08-28T02:59:12.120,0,null,false,udp,0,null
3279,31586,31572,false,2008-08-28T03:07:01.493,0,null,false,.net,0,null
3279,31586,31572,false,2008-08-28T03:07:01.493,0,null,false,networking,0,null
3279,31586,31572,false,2008-08-28T03:07:01.493,0,null,false,tcp,0,null
3279,31586,31572,false,2008-08-28T03:07:01.493,0,null,false,udp,0,null
1143,36094,36081,false,2008-08-30T16:27:31.353,4,null,false,exception,0,null
1143,36094,36081,false,2008-08-30T16:27:31.353,4,null,false,ado.net,0,null
1143,36094,36081,false,2008-08-30T16:27:31.353,4,null,false,.net-2.0,0,null
1143,36094,36081,false,2008-08-30T16:27:31.353,4,null,false,error-handling,0,null
1199,36097,36081,false,2008-08-30T16:32:01.327,7,null,false,exception,0,null
1199,36097,36081,false,2008-08-30T16:32:01.327,7,null,false,ado.net,0,null
1199,36097,36081,false,2008-08-30T16:32:01.327,7,null,false,.net-2.0,0,null
1199,36097,36081,false,2008-08-30T16:32:01.327,7,null,false,error-handling,0,null
4239,40065,39112,false,2008-09-02T17:12:26.023,117,null,false,c#,3,null
4239,40065,39112,false,2008-09-02T17:12:26.023,117,null,false,.net,3,null
4239,40065,39112,false,2008-09-02T17:12:26.023,117,null,false,asp.net,3,null
4239,40065,39112,false,2008-09-02T17:12:26.023,117,null,false,caching,3,null
1249,40079,40054,false,2008-09-02T17:21:25.177,1,null,false,c#,0,null
1249,40079,40054,false,2008-09-02T17:21:25.177,1,null,false,linq,0,null
632,40084,40075,false,2008-09-02T17:23:32.630,2,null,false,c#,0,null
632,40084,40075,false,2008-09-02T17:23:32.630,2,null,false,functional-programming,0,null
632,40084,40075,false,2008-09-02T17:23:32.630,2,null,false,extension-methods,0,null
1975282,33231,33223,false,2008-08-28T19:50:10.193,0,null,false,asp.net,0,null
1975282,33231,33223,false,2008-08-28T19:50:10.193,0,null,false,css,0,null
1975282,33231,33223,false,2008-08-28T19:50:10.193,0,null,false,xhtml,0,null
1975282,33231,33223,false,2008-08-28T19:50:10.193,0,null,false,semantics,0,null
2773,33232,33222,false,2008-08-28T19:50:35.403,0,null,false,compact-framework,0,null
2773,33232,33222,false,2008-08-28T19:50:35.403,0,null,false,gdi+,0,null
2773,33232,33222,false,2008-08-28T19:50:35.403,0,null,false,windows-ce,0,null
1256,10518,7622,false,2008-08-14T00:15:02.687,0,null,false,c,0,null
1256,10518,7622,false,2008-08-14T00:15:02.687,0,null,false,binary,0,null
1256,10518,7622,false,2008-08-14T00:15:02.687,0,null,false,bit-manipulation,0,null
1256,10518,7622,false,2008-08-14T00:15:02.687,0,null,false,bit-shift,0,null
17,10519,10515,false,2008-08-14T00:17:03.463,9,null,false,php,1,null
17,10519,10515,false,2008-08-14T00:17:03.463,9,null,false,windows,1,null
17,10519,10515,false,2008-08-14T00:17:03.463,9,null,false,iis,1,null
17,10519,10515,false,2008-08-14T00:17:03.463,9,null,false,portability,1,null
17,10519,10515,false,2008-08-14T00:17:03.463,9,null,false,lamp,1,null
61,31589,31584,false,2008-08-28T03:07:59.197,2,null,false,java,1,null
1353,31595,31535,false,2008-08-28T03:20:22.693,0,null,false,html,0,null
1353,31595,31535,false,2008-08-28T03:20:22.693,0,null,false,regex,0,null
1353,31595,31535,false,2008-08-28T03:20:22.693,0,null,false,language-agnostic,0,null
17,16307,16298,false,2008-08-19T14:45:07.997,2,null,false,dns,1,null
17,16307,16298,false,2008-08-19T14:45:07.997,2,null,false,web-hosting,1,null
17,16307,16298,false,2008-08-19T14:45:07.997,2,null,false,cname,1,null
1412,16310,16298,false,2008-08-19T14:46:09.447,0,null,false,dns,0,null
1412,16310,16298,false,2008-08-19T14:46:09.447,0,null,false,web-hosting,0,null
1412,16310,16298,false,2008-08-19T14:46:09.447,0,null,false,cname,0,null
1219,16311,16298,false,2008-08-19T14:46:12.677,14,null,false,dns,5,null
1219,16311,16298,false,2008-08-19T14:46:12.677,14,null,false,web-hosting,5,null
1219,16311,16298,false,2008-08-19T14:46:12.677,14,null,false,cname,5,null
1185,16313,16306,false,2008-08-19T14:46:44.423,0,null,false,c#,0,null
1185,16313,16306,false,2008-08-19T14:46:44.423,0,null,false,string,0,null
1185,16313,16306,false,2008-08-19T14:46:44.423,0,null,false,parsing,0,null
733,16315,16306,false,2008-08-19T14:47:31.970,1,null,false,c#,0,null
733,16315,16306,false,2008-08-19T14:47:31.970,1,null,false,string,0,null
733,16315,16306,false,2008-08-19T14:47:31.970,1,null,false,parsing,0,null
632,16316,16306,false,2008-08-19T14:47:38.600,2,null,false,c#,0,null
632,16316,16306,false,2008-08-19T14:47:38.600,2,null,false,string,0,null
632,16316,16306,false,2008-08-19T14:47:38.600,2,null,false,parsing,0,null
91,1339,1329,false,2008-08-04T15:28:23.527,20,null,false,windows,2,null
91,1339,1329,false,2008-08-04T15:28:23.527,20,null,false,file,2,null
91,1339,1329,false,2008-08-04T15:28:23.527,20,null,false,filesystems,2,null
91,1339,1329,false,2008-08-04T15:28:23.527,20,null,false,utilities,2,null
267,1340,1323,false,2008-08-04T15:29:49.793,1,null,false,algorithm,0,null
267,1340,1323,false,2008-08-04T15:29:49.793,1,null,false,language-agnostic,0,null
267,1340,1323,false,2008-08-04T15:29:49.793,1,null,false,colors,0,null
268,1341,1329,false,2008-08-04T15:31:04.783,6,null,false,windows,0,null
268,1341,1329,false,2008-08-04T15:31:04.783,6,null,false,file,0,null
268,1341,1329,false,2008-08-04T15:31:04.783,6,null,false,filesystems,0,null
268,1341,1329,false,2008-08-04T15:31:04.783,6,null,false,utilities,0,null
17,1342,1323,false,2008-08-04T15:31:15.500,1,null,false,algorithm,0,null
17,1342,1323,false,2008-08-04T15:31:15.500,1,null,false,language-agnostic,0,null
17,1342,1323,false,2008-08-04T15:31:15.500,1,null,false,colors,0,null
17,1347,1300,false,2008-08-04T15:37:31.197,1,null,false,.net,0,null
17,1347,1300,false,2008-08-04T15:37:31.197,1,null,false,.net-3.5,0,null
17,1347,1300,false,2008-08-04T15:37:31.197,1,null,false,msbuild,0,null
17,1347,1300,false,2008-08-04T15:37:31.197,1,null,false,nant,0,null
199,1348,1313,false,2008-08-04T15:37:43.367,4,null,false,language-agnostic,0,null
199,1348,1313,false,2008-08-04T15:37:43.367,4,null,false,colors,0,null
1288,34467,34439,false,2008-08-29T15:36:55.727,369,null,false,python,2,null
1288,34467,34439,false,2008-08-29T15:36:55.727,369,null,false,introspection,2,null
,34472,34439,false,2008-08-29T15:40:05.017,35,null,false,python,1,null
,34472,34439,false,2008-08-29T15:40:05.017,35,null,false,introspection,1,null
2006,31601,31535,false,2008-08-28T03:24:04.213,1,null,false,html,0,null
2006,31601,31535,false,2008-08-28T03:24:04.213,1,null,false,regex,0,null
2006,31601,31535,false,2008-08-28T03:24:04.213,1,null,false,language-agnostic,0,null
2654,31603,31561,false,2008-08-28T03:24:20.437,5,null,false,lisp,0,null
2654,31603,31561,false,2008-08-28T03:24:20.437,5,null,false,scheme,0,null
2654,31603,31561,false,2008-08-28T03:24:20.437,5,null,false,clisp,0,null
369,31604,31584,false,2008-08-28T03:25:23.993,10,null,false,java,0,null
1353,31606,31584,false,2008-08-28T03:28:05.297,-2,null,false,java,3,null
1573,31609,31592,false,2008-08-28T03:31:14.523,1,null,false,visual-studio,0,null
1573,31609,31592,false,2008-08-28T03:31:14.523,1,null,false,dependency-injection,0,null
1573,31609,31592,false,2008-08-28T03:31:14.523,1,null,false,inversion-of-control,0,null
1573,31609,31592,false,2008-08-28T03:31:14.523,1,null,false,castle-windsor,0,null
3560,37249,37248,false,2008-08-31T23:20:02.087,6,null,false,c#,0,null
3560,37249,37248,false,2008-08-31T23:20:02.087,6,null,false,c-preprocessor,0,null
615,37260,37248,false,2008-08-31T23:37:27.910,11,null,false,c#,0,null
615,37260,37248,false,2008-08-31T23:37:27.910,11,null,false,c-preprocessor,0,null
267,1351,1323,false,2008-08-04T15:38:09.887,3,null,false,algorithm,0,null
267,1351,1323,false,2008-08-04T15:38:09.887,3,null,false,language-agnostic,0,null
267,1351,1323,false,2008-08-04T15:38:09.887,3,null,false,colors,0,null
91,1353,1329,false,2008-08-04T15:41:39.333,1,null,false,windows,0,null
91,1353,1329,false,2008-08-04T15:41:39.333,1,null,false,file,0,null
91,1353,1329,false,2008-08-04T15:41:39.333,1,null,false,filesystems,0,null
91,1353,1329,false,2008-08-04T15:41:39.333,1,null,false,utilities,0,null
314,1356,1284,false,2008-08-04T15:43:50.063,11,null,false,sql,0,null
314,1356,1284,false,2008-08-04T15:43:50.063,11,null,false,xss,0,null
314,1356,1284,false,2008-08-04T15:43:50.063,11,null,false,sql-injection,0,null
35,1359,1314,false,2008-08-04T15:46:42.223,1,null,false,msbuild,0,null
35,1359,1314,false,2008-08-04T15:46:42.223,1,null,false,build-process,0,null
35,1359,1314,false,2008-08-04T15:46:42.223,1,null,false,cruisecontrol.net,0,null
653,27281,27219,false,2008-08-26T02:22:07.843,3,null,false,javascript,0,null
653,27281,27219,false,2008-08-26T02:22:07.843,3,null,false,jquery,0,null
653,27281,27219,false,2008-08-26T02:22:07.843,3,null,false,html,0,null
550,27284,27222,false,2008-08-26T02:24:55.607,1,null,false,php,0,null
550,27284,27222,false,2008-08-26T02:24:55.607,1,null,false,html,0,null
550,27284,27222,false,2008-08-26T02:24:55.607,1,null,false,dom,0,null
1432,27285,27267,false,2008-08-26T02:26:43.323,0,null,false,amazon-s3,0,null
1432,27285,27267,false,2008-08-26T02:26:43.323,0,null,false,buckets,0,null
2284,27291,27220,false,2008-08-26T02:30:25.013,13,null,false,c++,0,null
2284,27291,27220,false,2008-08-26T02:30:25.013,13,null,false,winapi,0,null
35,1364,1300,false,2008-08-04T15:52:42.290,3,null,false,.net,0,null
35,1364,1300,false,2008-08-04T15:52:42.290,3,null,false,.net-3.5,0,null
35,1364,1300,false,2008-08-04T15:52:42.290,3,null,false,msbuild,0,null
35,1364,1300,false,2008-08-04T15:52:42.290,3,null,false,nant,0,null
136,1375,1306,false,2008-08-04T16:03:22.720,2,null,false,ruby,0,null
136,1375,1306,false,2008-08-04T16:03:22.720,2,null,false,unix,0,null
136,1375,1306,false,2008-08-04T16:03:22.720,2,null,false,curses,0,null
269,1378,1306,false,2008-08-04T16:18:32.770,4,null,false,ruby,2,null
269,1378,1306,false,2008-08-04T16:18:32.770,4,null,false,unix,2,null
269,1378,1306,false,2008-08-04T16:18:32.770,4,null,false,curses,2,null
26,1380,1376,false,2008-08-04T16:19:45.527,1,null,false,apache-flex,1,null
26,1380,1376,false,2008-08-04T16:19:45.527,1,null,false,air,1,null
206,1381,1329,false,2008-08-04T16:25:14.143,3,null,false,windows,0,null
206,1381,1329,false,2008-08-04T16:25:14.143,3,null,false,file,0,null
206,1381,1329,false,2008-08-04T16:25:14.143,3,null,false,filesystems,0,null
206,1381,1329,false,2008-08-04T16:25:14.143,3,null,false,utilities,0,null
1830,22537,22528,false,2008-08-22T14:46:03.250,0,null,false,php,0,null
1830,22537,22528,false,2008-08-22T14:46:03.250,0,null,false,coding-style,0,null
1968,22551,22528,false,2008-08-22T14:49:13.900,1,null,false,php,0,null
1968,22551,22528,false,2008-08-22T14:49:13.900,1,null,false,coding-style,0,null
872,10537,10533,false,2008-08-14T00:46:38.473,0,null,false,regex,1,null
872,10537,10533,false,2008-08-14T00:46:38.473,0,null,false,perl,1,null
34,53,34,false,2008-08-01T13:08:59.487,24,null,false,arrays,0,null
34,53,34,false,2008-08-01T13:08:59.487,24,null,false,actionscript-3,0,null
34,53,34,false,2008-08-01T13:08:59.487,24,null,false,apache-flex,0,null
39,56,48,false,2008-08-01T13:10:16.473,61,null,false,html,4,null
39,56,48,false,2008-08-01T13:10:16.473,61,null,false,forms,4,null
39,56,48,false,2008-08-01T13:10:16.473,61,null,false,form-submit,4,null
39,56,48,false,2008-08-01T13:10:16.473,61,null,false,submit-button,4,null
37,58,48,false,2008-08-01T13:14:30.303,66,null,false,html,6,null
37,58,48,false,2008-08-01T13:14:30.303,66,null,false,forms,6,null
37,58,48,false,2008-08-01T13:14:30.303,66,null,false,form-submit,6,null
37,58,48,false,2008-08-01T13:14:30.303,66,null,false,submit-button,6,null
41,60,34,false,2008-08-01T13:14:40.007,15,null,false,arrays,0,null
41,60,34,false,2008-08-01T13:14:40.007,15,null,false,actionscript-3,0,null
41,60,34,false,2008-08-01T13:14:40.007,15,null,false,apache-flex,0,null
29,18085,18082,false,2008-08-20T14:22:56.270,85,null,true,javascript,0,null
29,18085,18082,false,2008-08-20T14:22:56.270,85,null,true,validation,0,null
29,18085,18082,false,2008-08-20T14:22:56.270,85,null,true,numbers,0,null
1790,33240,33223,false,2008-08-28T19:53:29.937,0,null,false,asp.net,0,null
1790,33240,33223,false,2008-08-28T19:53:29.937,0,null,false,css,0,null
1790,33240,33223,false,2008-08-28T19:53:29.937,0,null,false,xhtml,0,null
1790,33240,33223,false,2008-08-28T19:53:29.937,0,null,false,semantics,0,null
2424,33241,33223,false,2008-08-28T19:53:47.517,0,null,false,asp.net,0,null
2424,33241,33223,false,2008-08-28T19:53:47.517,0,null,false,css,0,null
2424,33241,33223,false,2008-08-28T19:53:47.517,0,null,false,xhtml,0,null
2424,33241,33223,false,2008-08-28T19:53:47.517,0,null,false,semantics,0,null
9,33243,33223,false,2008-08-28T19:54:02.727,13,null,false,asp.net,2,null
9,33243,33223,false,2008-08-28T19:54:02.727,13,null,false,css,2,null
9,33243,33223,false,2008-08-28T19:54:02.727,13,null,false,xhtml,2,null
9,33243,33223,false,2008-08-28T19:54:02.727,13,null,false,semantics,2,null
3827,39299,39288,false,2008-09-02T11:46:41.627,0,null,false,business-logic-layer,0,null
475,39300,39281,false,2008-09-02T11:46:44.827,64,null,false,sql,4,null
475,39300,39281,false,2008-09-02T11:46:44.827,64,null,false,database,4,null
475,39300,39281,false,2008-09-02T11:46:44.827,64,null,false,database-design,4,null
475,39300,39281,false,2008-09-02T11:46:44.827,64,null,false,versioning,4,null
3660,39303,39281,false,2008-09-02T11:47:14.667,0,null,false,sql,0,null
3660,39303,39281,false,2008-09-02T11:47:14.667,0,null,false,database,0,null
3660,39303,39281,false,2008-09-02T11:47:14.667,0,null,false,database-design,0,null
3660,39303,39281,false,2008-09-02T11:47:14.667,0,null,false,versioning,0,null
1190,13403,13396,false,2008-08-16T22:47:53.953,0,null,false,.net,0,null
1190,13403,13396,false,2008-08-16T22:47:53.953,0,null,false,python,0,null
1190,13403,13396,false,2008-08-16T22:47:53.953,0,null,false,arrays,0,null
1190,13403,13396,false,2008-08-16T22:47:53.953,0,null,false,loops,0,null
1190,13403,13396,false,2008-08-16T22:47:53.953,0,null,false,iteration,0,null
429,13405,13396,false,2008-08-16T22:56:30.863,1,null,false,.net,0,null
429,13405,13396,false,2008-08-16T22:56:30.863,1,null,false,python,0,null
429,13405,13396,false,2008-08-16T22:56:30.863,1,null,false,arrays,0,null
429,13405,13396,false,2008-08-16T22:56:30.863,1,null,false,loops,0,null
429,13405,13396,false,2008-08-16T22:56:30.863,1,null,false,iteration,0,null
1480,34481,34439,false,2008-08-29T15:47:04.517,28,null,false,python,0,null
1480,34481,34439,false,2008-08-29T15:47:04.517,28,null,false,introspection,0,null
2219,37267,37219,false,2008-08-31T23:46:33.880,81,null,false,git,4,null
3568,37268,37248,false,2008-08-31T23:47:48.540,0,null,false,c#,0,null
3568,37268,37248,false,2008-08-31T23:47:48.540,0,null,false,c-preprocessor,0,null
658,36113,36109,false,2008-08-30T16:42:34.670,0,null,false,unix,1,null
658,36113,36109,false,2008-08-30T16:42:34.670,0,null,false,shell,1,null
658,36113,36109,false,2008-08-30T16:42:34.670,0,null,false,wine,1,null
2773,33247,33233,false,2008-08-28T19:56:48.337,1,null,false,visual-studio,0,null
2773,33247,33233,false,2008-08-28T19:56:48.337,1,null,false,gui-designer,0,null
266,1393,1383,false,2008-08-04T16:36:51.750,219,null,false,unit-testing,2,null
91,1394,1390,false,2008-08-04T16:38:03.667,16,null,false,sql-server,1,null
91,1394,1390,false,2008-08-04T16:38:03.667,16,null,false,windows-server-2008,1,null
137,33254,33242,false,2008-08-28T19:59:11.153,3,null,false,html,1,null
137,33254,33242,false,2008-08-28T19:59:11.153,3,null,false,css,1,null
1902010,33260,33223,false,2008-08-28T20:02:08.697,0,null,false,asp.net,0,null
1902010,33260,33223,false,2008-08-28T20:02:08.697,0,null,false,css,0,null
1902010,33260,33223,false,2008-08-28T20:02:08.697,0,null,false,xhtml,0,null
1902010,33260,33223,false,2008-08-28T20:02:08.697,0,null,false,semantics,0,null
383,7635,7579,false,2008-08-11T09:17:41.640,8,null,false,sql-server,1,null
383,7635,7579,false,2008-08-11T09:17:41.640,8,null,false,rebuild,1,null
383,7635,7579,false,2008-08-11T09:17:41.640,8,null,false,maintenance-plan,1,null
383,7635,7579,false,2008-08-11T09:17:41.640,8,null,false,reorganize,1,null
193,7636,7622,false,2008-08-11T09:18:29.533,119,null,false,c,2,null
193,7636,7622,false,2008-08-11T09:18:29.533,119,null,false,binary,2,null
193,7636,7622,false,2008-08-11T09:18:29.533,119,null,false,bit-manipulation,2,null
193,7636,7622,false,2008-08-11T09:18:29.533,119,null,false,bit-shift,2,null
122,7637,7622,false,2008-08-11T09:18:52.247,5,null,false,c,1,null
122,7637,7622,false,2008-08-11T09:18:52.247,5,null,false,binary,1,null
122,7637,7622,false,2008-08-11T09:18:52.247,5,null,false,bit-manipulation,1,null
122,7637,7622,false,2008-08-11T09:18:52.247,5,null,false,bit-shift,1,null
372,7639,7614,false,2008-08-11T09:30:32.643,3,null,false,c++,0,null
372,7639,7614,false,2008-08-11T09:30:32.643,3,null,false,unit-testing,0,null
372,7639,7614,false,2008-08-11T09:30:32.643,3,null,false,tdd,0,null
960,13406,13396,false,2008-08-16T23:06:52.013,2,null,false,.net,0,null
960,13406,13396,false,2008-08-16T23:06:52.013,2,null,false,python,0,null
960,13406,13396,false,2008-08-16T23:06:52.013,2,null,false,arrays,0,null
960,13406,13396,false,2008-08-16T23:06:52.013,2,null,false,loops,0,null
960,13406,13396,false,2008-08-16T23:06:52.013,2,null,false,iteration,0,null
122,40089,40075,false,2008-09-02T17:25:45.930,1,null,false,c#,0,null
122,40089,40075,false,2008-09-02T17:25:45.930,1,null,false,functional-programming,0,null
122,40089,40075,false,2008-09-02T17:25:45.930,1,null,false,extension-methods,0,null
1199,40093,40090,false,2008-09-02T17:27:26.333,5,null,false,c#,0,null
1199,40093,40090,false,2008-09-02T17:27:26.333,5,null,false,overloading,0,null
3043,40095,40090,false,2008-09-02T17:27:48.563,1,null,false,c#,0,null
3043,40095,40090,false,2008-09-02T17:27:48.563,1,null,false,overloading,0,null
2902,40096,40090,false,2008-09-02T17:28:10.510,0,null,false,c#,0,null
2902,40096,40090,false,2008-09-02T17:28:10.510,0,null,false,overloading,0,null
777,33266,33226,false,2008-08-28T20:06:37.300,0,null,false,sql-server-2000,1,null
777,33266,33226,false,2008-08-28T20:06:37.300,0,null,false,sysobjects,1,null
40,1397,1376,false,2008-08-04T16:39:40.153,9,null,false,apache-flex,2,null
40,1397,1376,false,2008-08-04T16:39:40.153,9,null,false,air,2,null
34,1398,1383,false,2008-08-04T16:41:17.560,73,null,false,unit-testing,0,null
200,1399,1387,false,2008-08-04T16:41:23.410,6,null,false,.net,0,null
200,1399,1387,false,2008-08-04T16:41:23.410,6,null,false,parallel-processing,0,null
2757,33280,33275,false,2008-08-28T20:10:30.707,5,null,false,pdf,0,null
2757,33280,33275,false,2008-08-28T20:10:30.707,5,null,false,pdf-generation,0,null
1322,33283,33262,false,2008-08-28T20:11:00.160,83,null,false,java,3,null
1322,33283,33262,false,2008-08-28T20:11:00.160,83,null,false,xml,3,null
1322,33283,33262,false,2008-08-28T20:11:00.160,83,null,false,document,3,null
1322,33283,33262,false,2008-08-28T20:11:00.160,83,null,false,w3c,3,null
2470,33284,33252,false,2008-08-28T20:11:02.313,1,null,false,sharepoint,0,null
2470,33284,33252,false,2008-08-28T20:11:02.313,1,null,false,versioning,0,null
740,33285,33226,false,2008-08-28T20:11:35.087,6,null,false,sql-server-2000,0,null
740,33285,33226,false,2008-08-28T20:11:35.087,6,null,false,sysobjects,0,null
3320,39308,39281,false,2008-09-02T11:48:34.510,3,null,false,sql,0,null
3320,39308,39281,false,2008-09-02T11:48:34.510,3,null,false,database,0,null
3320,39308,39281,false,2008-09-02T11:48:34.510,3,null,false,database-design,0,null
3320,39308,39281,false,2008-09-02T11:48:34.510,3,null,false,versioning,0,null
998,39309,39194,false,2008-09-02T11:48:56.990,6,null,false,java,0,null
998,39309,39194,false,2008-09-02T11:48:56.990,6,null,false,macos,0,null
998,39309,39194,false,2008-09-02T11:48:56.990,6,null,false,deployment,0,null
3893,39310,38870,false,2008-09-02T11:49:10.543,7,null,false,database,0,null
3893,39310,38870,false,2008-09-02T11:49:10.543,7,null,false,data-structures,0,null
3893,39310,38870,false,2008-09-02T11:49:10.543,7,null,false,indexing,0,null
3893,39310,38870,false,2008-09-02T11:49:10.543,7,null,false,schema,0,null
3911,39311,39243,false,2008-09-02T11:49:20.857,1,null,false,sql-server,0,null
1908,30177,30170,false,2008-08-27T13:56:35.717,0,null,false,html,0,null
1908,30177,30170,false,2008-08-27T13:56:35.717,0,null,false,css,0,null
1908,30177,30170,false,2008-08-27T13:56:35.717,0,null,false,css-selectors,0,null
1908,30177,30170,false,2008-08-27T13:56:35.717,0,null,false,css-variables,0,null
1469,30178,30170,false,2008-08-27T13:56:59.443,5,null,false,html,1,null
1469,30178,30170,false,2008-08-27T13:56:59.443,5,null,false,css,1,null
1469,30178,30170,false,2008-08-27T13:56:59.443,5,null,false,css-selectors,1,null
1469,30178,30170,false,2008-08-27T13:56:59.443,5,null,false,css-variables,1,null
83,30179,30170,false,2008-08-27T13:57:04.747,1,null,false,html,0,null
83,30179,30170,false,2008-08-27T13:57:04.747,1,null,false,css,0,null
83,30179,30170,false,2008-08-27T13:57:04.747,1,null,false,css-selectors,0,null
83,30179,30170,false,2008-08-27T13:57:04.747,1,null,false,css-variables,0,null
960,13412,13409,false,2008-08-16T23:30:13.837,19,null,false,time-management,1,null
1175,13419,13409,false,2008-08-16T23:52:26.117,1,null,false,time-management,0,null
1196,39313,39281,false,2008-09-02T11:49:28.767,9,null,false,sql,2,null
1196,39313,39281,false,2008-09-02T11:49:28.767,9,null,false,database,2,null
1196,39313,39281,false,2008-09-02T11:49:28.767,9,null,false,database-design,2,null
1196,39313,39281,false,2008-09-02T11:49:28.767,9,null,false,versioning,2,null
3320,39314,39304,false,2008-09-02T11:51:29.290,5,null,false,c++,1,null
3320,39314,39304,false,2008-09-02T11:51:29.290,5,null,false,logging,1,null
3320,39314,39304,false,2008-09-02T11:51:29.290,5,null,false,code-reuse,1,null
960,39315,39288,false,2008-09-02T11:51:37.717,2,null,false,business-logic-layer,0,null
383,39316,39240,false,2008-09-02T11:52:02.130,1,null,false,sql,0,null
383,39316,39240,false,2008-09-02T11:52:02.130,1,null,false,sql-server,0,null
383,39316,39240,false,2008-09-02T11:52:02.130,1,null,false,database,0,null
1042,39319,39288,false,2008-09-02T11:53:52.170,0,null,false,business-logic-layer,0,null
2953,39321,39006,false,2008-09-02T11:56:29.810,4,null,false,windows,0,null
2953,39321,39006,false,2008-09-02T11:56:29.810,4,null,false,apache,0,null
2953,39321,39006,false,2008-09-02T11:56:29.810,4,null,false,wamp,0,null
4203,41848,41839,false,2008-09-03T14:52:23.967,1,null,false,testing,0,null
4203,41848,41839,false,2008-09-03T14:52:23.967,1,null,false,integration-testing,0,null
2328,41850,41838,false,2008-09-03T14:52:47.927,0,null,false,oracle,0,null
2328,41850,41838,false,2008-09-03T14:52:47.927,0,null,false,testing,0,null
2328,41850,41838,false,2008-09-03T14:52:47.927,0,null,false,black-box,0,null
4050,41854,41837,false,2008-09-03T14:54:33.803,0,null,false,sql-server,1,null
4050,41854,41837,false,2008-09-03T14:54:33.803,0,null,false,performance,1,null
3430,41856,41838,false,2008-09-03T14:54:57.000,1,null,false,oracle,0,null
3430,41856,41838,false,2008-09-03T14:54:57.000,1,null,false,testing,0,null
3430,41856,41838,false,2008-09-03T14:54:57.000,1,null,false,black-box,0,null
1862,28490,28481,false,2008-08-26T16:07:34.613,5,null,false,visual-studio-2008,0,null
1862,28490,28481,false,2008-08-26T16:07:34.613,5,null,false,web-applications,0,null
1968,28498,28478,false,2008-08-26T16:10:32.827,15,null,false,.net,0,null
1968,28498,28478,false,2008-08-26T16:10:32.827,15,null,false,vb.net,0,null
1968,28498,28478,false,2008-08-26T16:10:32.827,15,null,false,if-statement,0,null
1968,28498,28478,false,2008-08-26T16:10:32.827,15,null,false,iif-function,0,null
1200,16318,16306,false,2008-08-19T14:49:07.553,15,null,false,c#,0,null
1200,16318,16306,false,2008-08-19T14:49:07.553,15,null,false,string,0,null
1200,16318,16306,false,2008-08-19T14:49:07.553,15,null,false,parsing,0,null
1534,16323,16298,false,2008-08-19T14:50:47.160,1,null,false,dns,0,null
1534,16323,16298,false,2008-08-19T14:50:47.160,1,null,false,web-hosting,0,null
1534,16323,16298,false,2008-08-19T14:50:47.160,1,null,false,cname,0,null
1886,16324,16298,false,2008-08-19T14:50:48.003,0,null,false,dns,0,null
1886,16324,16298,false,2008-08-19T14:50:48.003,0,null,false,web-hosting,0,null
1886,16324,16298,false,2008-08-19T14:50:48.003,0,null,false,cname,0,null
1104,13424,13409,false,2008-08-17T00:10:33.287,5,null,false,time-management,0,null
268,7643,7592,false,2008-08-11T09:45:17.873,18,null,false,javascript,4,null
268,7643,7592,false,2008-08-11T09:45:17.873,18,null,false,email,4,null
493,7644,7642,false,2008-08-11T09:45:27.967,21,null,false,vb.net,0,null
493,7644,7642,false,2008-08-11T09:45:27.967,21,null,false,convention,0,null
372,7646,7642,false,2008-08-11T09:46:46.480,3,null,false,vb.net,0,null
372,7646,7642,false,2008-08-11T09:46:46.480,3,null,false,convention,0,null
961,7647,7642,false,2008-08-11T09:48:17.100,2,null,false,vb.net,0,null
961,7647,7642,false,2008-08-11T09:48:17.100,2,null,false,convention,0,null
212,1404,9,false,2008-08-04T16:50:06.170,2417,null,true,c#,8,null
212,1404,9,false,2008-08-04T16:50:06.170,2417,null,true,.net,8,null
212,1404,9,false,2008-08-04T16:50:06.170,2417,null,true,datetime,8,null
225,1405,1401,false,2008-08-04T16:51:03.420,7,null,false,asp.net,0,null
225,1405,1401,false,2008-08-04T16:51:03.420,7,null,false,javascript,0,null
225,1405,1401,false,2008-08-04T16:51:03.420,7,null,false,validation,0,null
269,1413,1408,false,2008-08-04T17:00:08.067,17,null,false,php,0,null
269,1413,1408,false,2008-08-04T17:00:08.067,17,null,false,apache,0,null
269,1413,1408,false,2008-08-04T17:00:08.067,17,null,false,xampp,0,null
269,1413,1408,false,2008-08-04T17:00:08.067,17,null,false,server-configuration,0,null
60,1414,1408,false,2008-08-04T17:00:27.693,102,null,false,php,3,null
60,1414,1408,false,2008-08-04T17:00:27.693,102,null,false,apache,3,null
60,1414,1408,false,2008-08-04T17:00:27.693,102,null,false,xampp,3,null
60,1414,1408,false,2008-08-04T17:00:27.693,102,null,false,server-configuration,3,null
1975282,33295,33288,false,2008-08-28T20:14:55.063,8,null,false,web-services,1,null
1975282,33295,33288,false,2008-08-28T20:14:55.063,8,null,false,security,1,null
1975282,33295,33288,false,2008-08-28T20:14:55.063,8,null,false,api,1,null
3464,39330,39288,false,2008-09-02T11:59:53.623,12,null,false,business-logic-layer,0,null
1695,39333,39288,false,2008-09-02T12:01:53.760,5,null,false,business-logic-layer,0,null
1196,39336,39331,false,2008-09-02T12:02:33.710,0,null,false,sql,0,null
1196,39336,39331,false,2008-09-02T12:02:33.710,0,null,false,performance,0,null
3590,39342,39331,false,2008-09-02T12:05:11.270,0,null,false,sql,0,null
3590,39342,39331,false,2008-09-02T12:05:11.270,0,null,false,performance,0,null
891,13435,13396,false,2008-08-17T00:44:57.650,7,null,false,.net,0,null
891,13435,13396,false,2008-08-17T00:44:57.650,7,null,false,python,0,null
891,13435,13396,false,2008-08-17T00:44:57.650,7,null,false,arrays,0,null
891,13435,13396,false,2008-08-17T00:44:57.650,7,null,false,loops,0,null
891,13435,13396,false,2008-08-17T00:44:57.650,7,null,false,iteration,0,null
486,4563,4533,false,2008-08-07T10:13:20.477,7,null,false,language-agnostic,0,null
486,4563,4533,false,2008-08-07T10:13:20.477,7,null,false,http,0,null
486,4563,4533,false,2008-08-07T10:13:20.477,7,null,false,webserver,0,null
486,4563,4533,false,2008-08-07T10:13:20.477,7,null,false,header,0,null
486,4563,4533,false,2008-08-07T10:13:20.477,7,null,false,etag,0,null
100,4567,4565,false,2008-08-07T10:25:37.520,1,null,false,networking,0,null
100,4567,4565,false,2008-08-07T10:25:37.520,1,null,false,modem,0,null
100,4567,4565,false,2008-08-07T10:25:37.520,1,null,false,qos,0,null
100,4567,4565,false,2008-08-07T10:25:37.520,1,null,false,adsl,0,null
1638,31614,31584,false,2008-08-28T03:34:19.820,0,null,false,java,0,null
1880,31617,31567,false,2008-08-28T03:35:46.557,0,null,false,c#,0,null
1880,31617,31567,false,2008-08-28T03:35:46.557,0,null,false,.net,0,null
1880,31617,31567,false,2008-08-28T03:35:46.557,0,null,false,reflection,0,null
2975,31618,31592,false,2008-08-28T03:36:14.230,0,null,false,visual-studio,0,null
2975,31618,31592,false,2008-08-28T03:36:14.230,0,null,false,dependency-injection,0,null
2975,31618,31592,false,2008-08-28T03:36:14.230,0,null,false,inversion-of-control,0,null
2975,31618,31592,false,2008-08-28T03:36:14.230,0,null,false,castle-windsor,0,null
615,13438,13434,false,2008-08-17T00:49:09.247,22,null,false,.net,0,null
615,13438,13434,false,2008-08-17T00:49:09.247,22,null,false,reflection,0,null
615,13438,13434,false,2008-08-17T00:49:09.247,22,null,false,callstack,0,null
537,13439,13434,false,2008-08-17T00:50:07.873,6,null,false,.net,0,null
537,13439,13434,false,2008-08-17T00:50:07.873,6,null,false,reflection,0,null
537,13439,13434,false,2008-08-17T00:50:07.873,6,null,false,callstack,0,null
1117,13442,13430,false,2008-08-17T01:01:49.970,3,null,false,iis-7,1,null
1117,13442,13430,false,2008-08-17T01:01:49.970,3,null,false,cruisecontrol.net,1,null
1436,13444,13409,false,2008-08-17T01:06:20.553,8,null,false,time-management,0,null
1968,22572,22552,false,2008-08-22T14:54:20.267,5,null,false,php,0,null
1968,22572,22552,false,2008-08-22T14:54:20.267,5,null,false,regex,0,null
430,22573,22566,false,2008-08-22T14:54:22.857,58,null,false,perl,0,null
430,22573,22566,false,2008-08-22T14:54:22.857,58,null,false,file-io,0,null
430,22573,22566,false,2008-08-22T14:54:22.857,58,null,false,filesystems,0,null
305,22574,22552,false,2008-08-22T14:54:40.063,1,null,false,php,0,null
305,22574,22552,false,2008-08-22T14:54:40.063,1,null,false,regex,0,null
3333,37274,37271,false,2008-08-31T23:54:01.303,5,null,false,java,0,null
3333,37274,37271,false,2008-08-31T23:54:01.303,5,null,false,persistence,0,null
3333,37274,37271,false,2008-08-31T23:54:01.303,5,null,false,desktop,0,null
3333,37274,37271,false,2008-08-31T23:54:01.303,5,null,false,oop,0,null
383,37277,37263,false,2008-08-31T23:59:54.283,0,null,false,project-management,0,null
383,37277,37263,false,2008-08-31T23:59:54.283,0,null,false,change-management,0,null
2789,37278,37271,false,2008-09-01T00:00:02.693,1,null,false,java,0,null
2789,37278,37271,false,2008-09-01T00:00:02.693,1,null,false,persistence,0,null
2789,37278,37271,false,2008-09-01T00:00:02.693,1,null,false,desktop,0,null
2789,37278,37271,false,2008-09-01T00:00:02.693,1,null,false,oop,0,null
1969,37279,37271,false,2008-09-01T00:00:26.873,6,null,false,java,0,null
1969,37279,37271,false,2008-09-01T00:00:26.873,6,null,false,persistence,0,null
1969,37279,37271,false,2008-09-01T00:00:26.873,6,null,false,desktop,0,null
1969,37279,37271,false,2008-09-01T00:00:26.873,6,null,false,oop,0,null
615,37280,37275,false,2008-09-01T00:00:55.153,18,null,false,sql,0,null
615,37280,37275,false,2008-09-01T00:00:55.153,18,null,false,sql-server,0,null
383,37284,37275,false,2008-09-01T00:03:29.657,2,null,false,sql,1,null
383,37284,37275,false,2008-09-01T00:03:29.657,2,null,false,sql-server,1,null
170,4574,4519,false,2008-08-07T10:45:04.517,0,null,false,unix,0,null
170,4574,4519,false,2008-08-07T10:45:04.517,0,null,false,vpn,0,null
170,4574,4519,false,2008-08-07T10:45:04.517,0,null,false,xming,0,null
1942,33299,33250,false,2008-08-28T20:23:47.303,2,null,false,c#,0,null
1942,33299,33250,false,2008-08-28T20:23:47.303,2,null,false,asp.net,0,null
1942,33299,33250,false,2008-08-28T20:23:47.303,2,null,false,active-directory,0,null
318,33302,33226,false,2008-08-28T20:24:08.973,2,null,false,sql-server-2000,0,null
318,33302,33226,false,2008-08-28T20:24:08.973,2,null,false,sysobjects,0,null
414,21214,21211,false,2008-08-21T21:15:58.657,1,null,false,java,0,null
414,21214,21211,false,2008-08-21T21:15:58.657,1,null,false,windows-xp,0,null
414,21214,21211,false,2008-08-21T21:15:58.657,1,null,false,clipboard,0,null
3071,31621,31584,false,2008-08-28T03:37:24.230,1,null,false,java,0,null
3119,31622,31535,false,2008-08-28T03:38:00.547,0,null,false,html,0,null
3119,31622,31535,false,2008-08-28T03:38:00.547,0,null,false,regex,0,null
3119,31622,31535,false,2008-08-28T03:38:00.547,0,null,false,language-agnostic,0,null
1327,31625,31584,false,2008-08-28T03:39:02.757,0,null,false,java,0,null
3488,33304,33288,false,2008-08-28T20:25:06.850,1,null,false,web-services,0,null
3488,33304,33288,false,2008-08-28T20:25:06.850,1,null,false,security,0,null
3488,33304,33288,false,2008-08-28T20:25:06.850,1,null,false,api,0,null
1574,33307,33263,false,2008-08-28T20:26:50.980,1,null,false,asp.net,0,null
1574,33307,33263,false,2008-08-28T20:26:50.980,1,null,false,forms-authentication,0,null
653,27295,27258,false,2008-08-26T02:36:41.177,3,null,false,asp.net,0,null
653,27295,27258,false,2008-08-26T02:36:41.177,3,null,false,javascript,0,null
653,27295,27258,false,2008-08-26T02:36:41.177,3,null,false,ajax,0,null
1693,27298,27292,false,2008-08-26T02:37:51.423,4,null,false,version-control,0,null
1693,27298,27292,false,2008-08-26T02:37:51.423,4,null,false,backup,0,null
1693,27298,27292,false,2008-08-26T02:37:51.423,4,null,false,hosting,0,null
1554,13456,13454,false,2008-08-17T01:26:52.043,0,null,false,python,0,null
1554,13456,13454,false,2008-08-17T01:26:52.043,0,null,false,string,0,null
1554,13456,13454,false,2008-08-17T01:26:52.043,0,null,false,escaping,0,null
1554,13463,13460,false,2008-08-17T01:39:54.310,8,null,false,version-control,0,null
194,18094,18080,false,2008-08-20T14:25:01.150,0,null,false,performance,0,null
194,18094,18080,false,2008-08-20T14:25:01.150,0,null,false,monitoring,0,null
194,18094,18080,false,2008-08-20T14:25:01.150,0,null,false,usage-statistics,0,null
372,7653,7652,false,2008-08-11T10:09:27.153,0,null,false,database,0,null
372,7653,7652,false,2008-08-11T10:09:27.153,0,null,false,linq,0,null
372,7653,7652,false,2008-08-11T10:09:27.153,0,null,false,orm,0,null
960,7656,7652,false,2008-08-11T10:15:49.933,0,null,false,database,0,null
960,7656,7652,false,2008-08-11T10:15:49.933,0,null,false,linq,0,null
960,7656,7652,false,2008-08-11T10:15:49.933,0,null,false,orm,0,null
893,7657,7651,false,2008-08-11T10:16:22.770,181,null,false,perl,10,null
893,7657,7651,false,2008-08-11T10:16:22.770,181,null,false,arrays,10,null
893,7657,7651,false,2008-08-11T10:16:22.770,181,null,false,unique,10,null
893,7657,7651,false,2008-08-11T10:16:22.770,181,null,false,duplicates,10,null
274,7658,7651,false,2008-08-11T10:18:45.090,25,null,false,perl,2,null
274,7658,7651,false,2008-08-11T10:18:45.090,25,null,false,arrays,2,null
274,7658,7651,false,2008-08-11T10:18:45.090,25,null,false,unique,2,null
274,7658,7651,false,2008-08-11T10:18:45.090,25,null,false,duplicates,2,null
35,1418,1401,false,2008-08-04T17:02:56.237,19,null,false,asp.net,0,null
35,1418,1401,false,2008-08-04T17:02:56.237,19,null,false,javascript,0,null
35,1418,1401,false,2008-08-04T17:02:56.237,19,null,false,validation,0,null
58,1421,1408,false,2008-08-04T17:05:48.680,384,null,false,php,12,null
58,1421,1408,false,2008-08-04T17:05:48.680,384,null,false,apache,12,null
58,1421,1408,false,2008-08-04T17:05:48.680,384,null,false,xampp,12,null
58,1421,1408,false,2008-08-04T17:05:48.680,384,null,false,server-configuration,12,null
3071,31629,31572,false,2008-08-28T03:40:59.197,7,null,false,.net,2,null
3071,31629,31572,false,2008-08-28T03:40:59.197,7,null,false,networking,2,null
3071,31629,31572,false,2008-08-28T03:40:59.197,7,null,false,tcp,2,null
3071,31629,31572,false,2008-08-28T03:40:59.197,7,null,false,udp,2,null
3279,31631,31627,false,2008-08-28T03:44:07.753,28,null,false,version-control,5,null
3279,31631,31627,false,2008-08-28T03:44:07.753,28,null,false,visual-sourcesafe,5,null
2849,31632,31627,false,2008-08-28T03:44:15.100,1,null,false,version-control,1,null
2849,31632,31627,false,2008-08-28T03:44:15.100,1,null,false,visual-sourcesafe,1,null
2547,31636,31627,false,2008-08-28T03:45:34.240,3,null,false,version-control,0,null
2547,31636,31627,false,2008-08-28T03:45:34.240,3,null,false,visual-sourcesafe,0,null
960,7663,7662,false,2008-08-11T10:35:10.643,55,null,false,database,9,null
960,7663,7662,false,2008-08-11T10:35:10.643,55,null,false,database-design,9,null
960,7663,7662,false,2008-08-11T10:35:10.643,55,null,false,language-agnostic,9,null
960,7663,7662,false,2008-08-11T10:35:10.643,55,null,false,naming-conventions,9,null
964,7666,7665,false,2008-08-11T10:48:19.260,102,null,false,bash,7,null
964,7666,7665,false,2008-08-11T10:48:19.260,102,null,false,shell,7,null
964,7666,7665,false,2008-08-11T10:48:19.260,102,null,false,scripting,7,null
964,7666,7665,false,2008-08-11T10:48:19.260,102,null,false,symlink,7,null
615,7667,7662,false,2008-08-11T10:49:03.687,107,null,false,database,18,null
615,7667,7662,false,2008-08-11T10:49:03.687,107,null,false,database-design,18,null
615,7667,7662,false,2008-08-11T10:49:03.687,107,null,false,language-agnostic,18,null
615,7667,7662,false,2008-08-11T10:49:03.687,107,null,false,naming-conventions,18,null
1384652,1425,1417,false,2008-08-04T17:08:26.037,40,null,false,php,0,null
1384652,1425,1417,false,2008-08-04T17:08:26.037,40,null,false,apache,0,null
1384652,1425,1417,false,2008-08-04T17:08:26.037,40,null,false,authentication,0,null
1384652,1425,1417,false,2008-08-04T17:08:26.037,40,null,false,http-authentication,0,null
,1436,1387,false,2008-08-04T17:32:13.493,2,null,false,.net,0,null
,1436,1387,false,2008-08-04T17:32:13.493,2,null,false,parallel-processing,0,null
200,1447,1387,false,2008-08-04T17:41:01.307,2,null,false,.net,0,null
200,1447,1387,false,2008-08-04T17:41:01.307,2,null,false,parallel-processing,0,null
3114,33313,33306,false,2008-08-28T20:28:13.177,9,null,false,c++,0,null
3114,33313,33306,false,2008-08-28T20:28:13.177,9,null,false,stl,0,null
1295,33314,33275,false,2008-08-28T20:28:39.883,0,null,false,pdf,0,null
1295,33314,33275,false,2008-08-28T20:28:39.883,0,null,false,pdf-generation,0,null
987,33315,33265,false,2008-08-28T20:28:54.640,14,null,false,c#,0,null
987,33315,33265,false,2008-08-28T20:28:54.640,14,null,false,.net,0,null
987,33315,33265,false,2008-08-28T20:28:54.640,14,null,false,syntax,0,null
1343,33318,33242,false,2008-08-28T20:30:46.697,19,null,false,html,1,null
1343,33318,33242,false,2008-08-28T20:30:46.697,19,null,false,css,1,null
,33320,33263,false,2008-08-28T20:31:46.240,1,null,false,asp.net,0,null
,33320,33263,false,2008-08-28T20:31:46.240,1,null,false,forms-authentication,0,null
275,31638,31567,false,2008-08-28T03:46:33.257,4,null,false,c#,1,null
275,31638,31567,false,2008-08-28T03:46:33.257,4,null,false,.net,1,null
275,31638,31567,false,2008-08-28T03:46:33.257,4,null,false,reflection,1,null
2644,31639,31584,false,2008-08-28T03:47:25.187,0,null,false,java,0,null
493,31640,31637,false,2008-08-28T03:47:49.523,0,null,false,.net,0,null
493,31640,31637,false,2008-08-28T03:47:49.523,0,null,false,metadata,0,null
493,31640,31637,false,2008-08-28T03:47:49.523,0,null,false,decompiling,0,null
2284,31641,31627,false,2008-08-28T03:48:35.310,6,null,false,version-control,1,null
2284,31641,31627,false,2008-08-28T03:48:35.310,6,null,false,visual-sourcesafe,1,null
2975,31643,31637,false,2008-08-28T03:49:47.803,0,null,false,.net,0,null
2975,31643,31637,false,2008-08-28T03:49:47.803,0,null,false,metadata,0,null
2975,31643,31637,false,2008-08-28T03:49:47.803,0,null,false,decompiling,0,null
1638,31646,31598,false,2008-08-28T03:50:05.057,3,null,false,eclipse,0,null
1638,31646,31598,false,2008-08-28T03:50:05.057,3,null,false,testing,0,null
1638,31646,31598,false,2008-08-28T03:50:05.057,3,null,false,rcp,0,null
1196,37286,37275,false,2008-09-01T00:03:48.953,4,null,false,sql,0,null
1196,37286,37275,false,2008-09-01T00:03:48.953,4,null,false,sql-server,0,null
1072,37287,37275,false,2008-09-01T00:04:00.997,1,null,false,sql,0,null
1072,37287,37275,false,2008-09-01T00:04:00.997,1,null,false,sql-server,0,null
615,37288,37275,false,2008-09-01T00:05:03.413,4,null,false,sql,0,null
615,37288,37275,false,2008-09-01T00:05:03.413,4,null,false,sql-server,0,null
1554,37290,37275,false,2008-09-01T00:07:08.480,61,null,false,sql,1,null
1554,37290,37275,false,2008-09-01T00:07:08.480,61,null,false,sql-server,1,null
2695,37291,37263,false,2008-09-01T00:07:26.760,5,null,false,project-management,0,null
2695,37291,37263,false,2008-09-01T00:07:26.760,5,null,false,change-management,0,null
1450,24302,24298,false,2008-08-23T15:33:44.937,22,null,false,ruby-on-rails,1,null
1450,24302,24298,false,2008-08-23T15:33:44.937,22,null,false,ruby,1,null
1450,24302,24298,false,2008-08-23T15:33:44.937,22,null,false,authentication,1,null
3043,30189,30170,false,2008-08-27T14:00:23.803,5,null,false,html,8,null
3043,30189,30170,false,2008-08-27T14:00:23.803,5,null,false,css,8,null
3043,30189,30170,false,2008-08-27T14:00:23.803,5,null,false,css-selectors,8,null
3043,30189,30170,false,2008-08-27T14:00:23.803,5,null,false,css-variables,8,null
1109,19392,19387,false,2008-08-21T06:01:20.353,15,null,false,wpf,0,null
1109,19392,19387,false,2008-08-21T06:01:20.353,15,null,false,user-interface,0,null
1109,19392,19387,false,2008-08-21T06:01:20.353,15,null,false,macos,0,null
1109,19392,19387,false,2008-08-21T06:01:20.353,15,null,false,frameworks,0,null
658,19393,19387,false,2008-08-21T06:01:34.893,1,null,false,wpf,0,null
658,19393,19387,false,2008-08-21T06:01:34.893,1,null,false,user-interface,0,null
658,19393,19387,false,2008-08-21T06:01:34.893,1,null,false,macos,0,null
658,19393,19387,false,2008-08-21T06:01:34.893,1,null,false,frameworks,0,null
714,19394,19387,false,2008-08-21T06:03:05.513,2,null,false,wpf,0,null
714,19394,19387,false,2008-08-21T06:03:05.513,2,null,false,user-interface,0,null
714,19394,19387,false,2008-08-21T06:03:05.513,2,null,false,macos,0,null
714,19394,19387,false,2008-08-21T06:03:05.513,2,null,false,frameworks,0,null
1868,19395,19387,false,2008-08-21T06:06:54.600,4,null,false,wpf,0,null
1868,19395,19387,false,2008-08-21T06:06:54.600,4,null,false,user-interface,0,null
1868,19395,19387,false,2008-08-21T06:06:54.600,4,null,false,macos,0,null
1868,19395,19387,false,2008-08-21T06:06:54.600,4,null,false,frameworks,0,null
1892,19398,19388,false,2008-08-21T06:11:30.483,3,null,false,php,1,null
1892,19398,19388,false,2008-08-21T06:11:30.483,3,null,false,language-features,1,null
1892,19398,19388,false,2008-08-21T06:11:30.483,3,null,false,goto,1,null
309844,7668,7661,false,2008-08-11T10:58:11.080,0,null,false,java,0,null
309844,7668,7661,false,2008-08-11T10:58:11.080,0,null,false,google-maps,0,null
309844,7668,7661,false,2008-08-11T10:58:11.080,0,null,false,mapping,0,null
309844,7668,7661,false,2008-08-11T10:58:11.080,0,null,false,wgs84,0,null
893,7669,7664,false,2008-08-11T11:05:37.820,6,null,false,c++,1,null
893,7669,7664,false,2008-08-11T11:05:37.820,6,null,false,windows,1,null
893,7669,7664,false,2008-08-11T11:05:37.820,6,null,false,redirect,1,null
431,7672,7662,false,2008-08-11T11:14:11.937,11,null,false,database,0,null
431,7672,7662,false,2008-08-11T11:14:11.937,11,null,false,database-design,0,null
431,7672,7662,false,2008-08-11T11:14:11.937,11,null,false,language-agnostic,0,null
431,7672,7662,false,2008-08-11T11:14:11.937,11,null,false,naming-conventions,0,null
972,7673,7665,false,2008-08-11T11:17:23.803,3,null,false,bash,0,null
972,7673,7665,false,2008-08-11T11:17:23.803,3,null,false,shell,0,null
972,7673,7665,false,2008-08-11T11:17:23.803,3,null,false,scripting,0,null
972,7673,7665,false,2008-08-11T11:17:23.803,3,null,false,symlink,0,null
40,1456,1453,false,2008-08-04T17:53:00.410,15,null,false,php,0,null
40,1456,1453,false,2008-08-04T17:53:00.410,15,null,false,parameters,0,null
40,1456,1453,false,2008-08-04T17:53:00.410,15,null,false,error-handling,0,null
200,1459,1451,false,2008-08-04T17:56:26.643,11,null,false,sql,0,null
200,1459,1451,false,2008-08-04T17:56:26.643,11,null,false,permissions,0,null
977,7677,7662,false,2008-08-11T11:24:50.823,11,null,false,database,4,null
977,7677,7662,false,2008-08-11T11:24:50.823,11,null,false,database-design,4,null
977,7677,7662,false,2008-08-11T11:24:50.823,11,null,false,language-agnostic,4,null
977,7677,7662,false,2008-08-11T11:24:50.823,11,null,false,naming-conventions,4,null
905,7678,7662,false,2008-08-11T11:27:56.230,18,null,false,database,8,null
905,7678,7662,false,2008-08-11T11:27:56.230,18,null,false,database-design,8,null
905,7678,7662,false,2008-08-11T11:27:56.230,18,null,false,language-agnostic,8,null
905,7678,7662,false,2008-08-11T11:27:56.230,18,null,false,naming-conventions,8,null
890,7679,7661,false,2008-08-11T11:29:18.113,3,null,false,java,0,null
890,7679,7661,false,2008-08-11T11:29:18.113,3,null,false,google-maps,0,null
890,7679,7661,false,2008-08-11T11:29:18.113,3,null,false,mapping,0,null
890,7679,7661,false,2008-08-11T11:29:18.113,3,null,false,wgs84,0,null
1862,27299,27292,false,2008-08-26T02:37:57.663,1,null,false,version-control,0,null
1862,27299,27292,false,2008-08-26T02:37:57.663,1,null,false,backup,0,null
1862,27299,27292,false,2008-08-26T02:37:57.663,1,null,false,hosting,0,null
2768,27301,27253,false,2008-08-26T02:39:13.323,1,null,false,c#,0,null
2768,27301,27253,false,2008-08-26T02:39:13.323,1,null,false,code-formatting,0,null
615,27304,27288,false,2008-08-26T02:40:29.937,1,null,false,vb.net,0,null
615,27304,27288,false,2008-08-26T02:40:29.937,1,null,false,excel,0,null
225,27306,27288,false,2008-08-26T02:41:03.053,-1,null,false,vb.net,1,null
225,27306,27288,false,2008-08-26T02:41:03.053,-1,null,false,excel,1,null
615,27309,27303,false,2008-08-26T02:43:45.543,1,null,false,silverlight,0,null
615,27309,27303,false,2008-08-26T02:43:45.543,1,null,false,data-binding,0,null
,1465,1457,false,2008-08-04T18:02:03.933,11,null,false,ajax,2,null
,1465,1457,false,2008-08-04T18:02:03.933,11,null,false,url,2,null
,1465,1457,false,2008-08-04T18:02:03.933,11,null,false,rest,2,null
,1465,1457,false,2008-08-04T18:02:03.933,11,null,false,address-bar,2,null
192,1466,1451,false,2008-08-04T18:03:57.190,0,null,false,sql,0,null
192,1466,1451,false,2008-08-04T18:03:57.190,0,null,false,permissions,0,null
60,1468,1457,false,2008-08-04T18:04:48.547,116,null,false,ajax,7,null
60,1468,1457,false,2008-08-04T18:04:48.547,116,null,false,url,7,null
60,1468,1457,false,2008-08-04T18:04:48.547,116,null,false,rest,7,null
60,1468,1457,false,2008-08-04T18:04:48.547,116,null,false,address-bar,7,null
2084,18098,18080,false,2008-08-20T14:26:37.573,0,null,false,performance,0,null
2084,18098,18080,false,2008-08-20T14:26:37.573,0,null,false,monitoring,0,null
2084,18098,18080,false,2008-08-20T14:26:37.573,0,null,false,usage-statistics,0,null
960,18100,18097,false,2008-08-20T14:28:05.493,0,null,false,c#,0,null
960,18100,18097,false,2008-08-20T14:28:05.493,0,null,false,inheritance,0,null
960,18100,18097,false,2008-08-20T14:28:05.493,0,null,false,constructor,0,null
200,18102,18097,false,2008-08-20T14:28:50.563,7,null,false,c#,1,null
200,18102,18097,false,2008-08-20T14:28:50.563,7,null,false,inheritance,1,null
200,18102,18097,false,2008-08-20T14:28:50.563,7,null,false,constructor,1,null
2084,18109,18097,false,2008-08-20T14:32:49.883,67,null,false,c#,2,null
2084,18109,18097,false,2008-08-20T14:32:49.883,67,null,false,inheritance,2,null
2084,18109,18097,false,2008-08-20T14:32:49.883,67,null,false,constructor,2,null
1188,18115,18097,false,2008-08-20T14:38:08.870,5,null,false,c#,0,null
1188,18115,18097,false,2008-08-20T14:38:08.870,5,null,false,inheritance,0,null
1188,18115,18097,false,2008-08-20T14:38:08.870,5,null,false,constructor,0,null
1553,13465,13460,false,2008-08-17T01:44:24.237,6,null,false,version-control,0,null
763,13466,13460,false,2008-08-17T01:47:18.473,1,null,false,version-control,0,null
,13467,13460,false,2008-08-17T01:47:59.377,3,null,false,version-control,0,null
1436,13468,13460,false,2008-08-17T01:51:00.743,1,null,false,version-control,0,null
493,31651,31627,false,2008-08-28T03:55:46.243,9,null,false,version-control,1,null
493,31651,31627,false,2008-08-28T03:55:46.243,9,null,false,visual-sourcesafe,1,null
3142,31652,31627,false,2008-08-28T03:58:45.160,1,null,false,version-control,0,null
3142,31652,31627,false,2008-08-28T03:58:45.160,1,null,false,visual-sourcesafe,0,null
718,31653,31637,false,2008-08-28T04:01:29.007,1,null,false,.net,0,null
718,31653,31637,false,2008-08-28T04:01:29.007,1,null,false,metadata,0,null
718,31653,31637,false,2008-08-28T04:01:29.007,1,null,false,decompiling,0,null
1220,27310,27294,false,2008-08-26T02:45:00.907,12,null,false,c#,0,null
1220,27310,27294,false,2008-08-26T02:45:00.907,12,null,false,design-patterns,0,null
1220,27310,27294,false,2008-08-26T02:45:00.907,12,null,false,factory,0,null
1965,27312,27258,false,2008-08-26T02:45:38.003,2,null,false,asp.net,0,null
1965,27312,27258,false,2008-08-26T02:45:38.003,2,null,false,javascript,0,null
1965,27312,27258,false,2008-08-26T02:45:38.003,2,null,false,ajax,0,null
242,27313,27288,false,2008-08-26T02:46:04.540,0,null,false,vb.net,0,null
242,27313,27288,false,2008-08-26T02:46:04.540,0,null,false,excel,0,null
1797,27315,27292,false,2008-08-26T02:49:17.497,2,null,false,version-control,1,null
1797,27315,27292,false,2008-08-26T02:49:17.497,2,null,false,backup,1,null
1797,27315,27292,false,2008-08-26T02:49:17.497,2,null,false,hosting,1,null
296,1477,1451,false,2008-08-04T18:23:40.537,14,null,false,sql,1,null
296,1477,1451,false,2008-08-04T18:23:40.537,14,null,false,permissions,1,null
305,1478,1476,false,2008-08-04T18:26:13.777,-2,null,false,python,0,null
305,1478,1476,false,2008-08-04T18:26:13.777,-2,null,false,syntax,0,null
305,1478,1476,false,2008-08-04T18:26:13.777,-2,null,false,binary,0,null
305,1478,1476,false,2008-08-04T18:26:13.777,-2,null,false,integer,0,null
305,1478,1476,false,2008-08-04T18:26:13.777,-2,null,false,literals,0,null
269,1479,1476,false,2008-08-04T18:27:26.627,-3,null,false,python,0,null
269,1479,1476,false,2008-08-04T18:27:26.627,-3,null,false,syntax,0,null
269,1479,1476,false,2008-08-04T18:27:26.627,-3,null,false,binary,0,null
269,1479,1476,false,2008-08-04T18:27:26.627,-3,null,false,integer,0,null
269,1479,1476,false,2008-08-04T18:27:26.627,-3,null,false,literals,0,null
2089740,1484,1476,false,2008-08-04T18:34:45.520,85,null,false,python,1,null
2089740,1484,1476,false,2008-08-04T18:34:45.520,85,null,false,syntax,1,null
2089740,1484,1476,false,2008-08-04T18:34:45.520,85,null,false,binary,1,null
2089740,1484,1476,false,2008-08-04T18:34:45.520,85,null,false,integer,1,null
2089740,1484,1476,false,2008-08-04T18:34:45.520,85,null,false,literals,1,null
35,1488,1451,false,2008-08-04T18:39:56.120,2,null,false,sql,0,null
35,1488,1451,false,2008-08-04T18:39:56.120,2,null,false,permissions,0,null
198,1490,1276,false,2008-08-04T18:44:15.690,114,null,false,mysql,0,null
198,1490,1276,false,2008-08-04T18:44:15.690,114,null,false,database,0,null
198,1490,1276,false,2008-08-04T18:44:15.690,114,null,false,database-performance,0,null
3631,41859,41832,false,2008-09-03T14:56:05.470,2,null,false,.net,0,null
3631,41859,41832,false,2008-09-03T14:56:05.470,2,null,false,c++,0,null
3631,41859,41832,false,2008-09-03T14:56:05.470,2,null,false,com,0,null
2141,41863,41837,false,2008-09-03T15:00:12.760,2,null,false,sql-server,0,null
2141,41863,41837,false,2008-09-03T15:00:12.760,2,null,false,performance,0,null
3404,41864,41857,false,2008-09-03T15:00:18.750,3,null,false,performance,0,null
3404,41864,41857,false,2008-09-03T15:00:18.750,3,null,false,testing,0,null
3404,41864,41857,false,2008-09-03T15:00:18.750,3,null,false,web-applications,0,null
3404,41864,41857,false,2008-09-03T15:00:18.750,3,null,false,benchmarking,0,null
1965,27320,27294,false,2008-08-26T02:56:37.057,1,null,false,c#,0,null
1965,27320,27294,false,2008-08-26T02:56:37.057,1,null,false,design-patterns,0,null
1965,27320,27294,false,2008-08-26T02:56:37.057,1,null,false,factory,0,null
1278,41871,41842,false,2008-09-03T15:03:14.220,19,null,false,c#,0,null
1278,41871,41842,false,2008-09-03T15:03:14.220,19,null,false,visual-studio,0,null
1278,41871,41842,false,2008-09-03T15:03:14.220,19,null,false,build-process,0,null
1433,41873,41837,false,2008-09-03T15:03:39.210,1,null,false,sql-server,0,null
1433,41873,41837,false,2008-09-03T15:03:39.210,1,null,false,performance,0,null
3631,41874,41842,false,2008-09-03T15:03:59.740,3,null,false,c#,1,null
3631,41874,41842,false,2008-09-03T15:03:59.740,3,null,false,visual-studio,1,null
3631,41874,41842,false,2008-09-03T15:03:59.740,3,null,false,build-process,1,null
4213,41875,41857,false,2008-09-03T15:04:41.517,8,null,false,performance,0,null
4213,41875,41857,false,2008-09-03T15:04:41.517,8,null,false,testing,0,null
4213,41875,41857,false,2008-09-03T15:04:41.517,8,null,false,web-applications,0,null
4213,41875,41857,false,2008-09-03T15:04:41.517,8,null,false,benchmarking,0,null
2676,27323,27243,false,2008-08-26T03:04:08.333,8,null,false,nhibernate,0,null
1220,27324,27294,false,2008-08-26T03:04:51.920,2,null,false,c#,0,null
1220,27324,27294,false,2008-08-26T03:04:51.920,2,null,false,design-patterns,0,null
1220,27324,27294,false,2008-08-26T03:04:51.920,2,null,false,factory,0,null
893,7682,7664,false,2008-08-11T11:39:21.853,3,null,false,c++,0,null
893,7682,7664,false,2008-08-11T11:39:21.853,3,null,false,windows,0,null
893,7682,7664,false,2008-08-11T11:39:21.853,3,null,false,redirect,0,null
978,7687,7662,false,2008-08-11T11:46:05.617,-4,null,false,database,3,null
978,7687,7662,false,2008-08-11T11:46:05.617,-4,null,false,database-design,3,null
978,7687,7662,false,2008-08-11T11:46:05.617,-4,null,false,language-agnostic,3,null
978,7687,7662,false,2008-08-11T11:46:05.617,-4,null,false,naming-conventions,3,null
893,7688,7681,false,2008-08-11T11:46:40.030,2,null,false,java,0,null
893,7688,7681,false,2008-08-11T11:46:40.030,2,null,false,xml,0,null
893,7688,7681,false,2008-08-11T11:46:40.030,2,null,false,string,0,null
893,7688,7681,false,2008-08-11T11:46:40.030,2,null,false,serialization,0,null
893,7688,7681,false,2008-08-11T11:46:40.030,2,null,false,encoding,0,null
1585,13475,13470,false,2008-08-17T02:18:06.773,1,null,false,regex,0,null
429,13477,13473,false,2008-08-17T02:21:28.563,0,null,false,c++,0,null
429,13477,13473,false,2008-08-17T02:21:28.563,0,null,false,c,0,null
429,13477,13473,false,2008-08-17T02:21:28.563,0,null,false,arrays,0,null
429,13477,13473,false,2008-08-17T02:21:28.563,0,null,false,sorting,0,null
45,62,59,false,2008-08-01T13:18:37.640,58,null,false,c#,0,null
45,62,59,false,2008-08-01T13:18:37.640,58,null,false,linq,0,null
45,62,59,false,2008-08-01T13:18:37.640,58,null,false,.net-3.5,0,null
35,65,61,false,2008-08-01T13:20:44.283,26,null,false,mime,0,null
35,65,61,false,2008-08-01T13:20:44.283,26,null,false,file-type,0,null
35,65,61,false,2008-08-01T13:20:44.283,26,null,false,office-2007,0,null
17,68,66,false,2008-08-01T13:22:04.483,65,null,false,linq,2,null
17,68,66,false,2008-08-01T13:22:04.483,65,null,false,.net-3.5,2,null
49,71,19,false,2008-08-01T13:37:59.723,81,null,false,performance,1,null
49,71,19,false,2008-08-01T13:37:59.723,81,null,false,algorithm,1,null
49,71,19,false,2008-08-01T13:37:59.723,81,null,false,language-agnostic,1,null
49,71,19,false,2008-08-01T13:37:59.723,81,null,false,unix,1,null
49,71,19,false,2008-08-01T13:37:59.723,81,null,false,pi,1,null
1965,27328,27294,false,2008-08-26T03:08:44.487,1,null,false,c#,0,null
1965,27328,27294,false,2008-08-26T03:08:44.487,1,null,false,design-patterns,0,null
1965,27328,27294,false,2008-08-26T03:08:44.487,1,null,false,factory,0,null
1220,27331,27294,false,2008-08-26T03:12:34.697,1,null,false,c#,0,null
1220,27331,27294,false,2008-08-26T03:12:34.697,1,null,false,design-patterns,0,null
1220,27331,27294,false,2008-08-26T03:12:34.697,1,null,false,factory,0,null
1690,27335,1409,false,2008-08-26T03:14:53.987,12,null,false,asp.net,0,null
1690,27335,1409,false,2008-08-26T03:14:53.987,12,null,false,iis,0,null
615,27337,27303,false,2008-08-26T03:18:30.623,0,null,false,silverlight,0,null
615,27337,27303,false,2008-08-26T03:18:30.623,0,null,false,data-binding,0,null
1117,27339,27294,false,2008-08-26T03:19:15.677,4,null,false,c#,0,null
1117,27339,27294,false,2008-08-26T03:19:15.677,4,null,false,design-patterns,0,null
1117,27339,27294,false,2008-08-26T03:19:15.677,4,null,false,factory,0,null
1965,27340,27258,false,2008-08-26T03:21:00.183,3,null,false,asp.net,0,null
1965,27340,27258,false,2008-08-26T03:21:00.183,3,null,false,javascript,0,null
1965,27340,27258,false,2008-08-26T03:21:00.183,3,null,false,ajax,0,null
,41877,41836,false,2008-09-03T15:05:31.250,0,null,false,php,0,null
,41877,41836,false,2008-09-03T15:05:31.250,0,null,false,include-path,0,null
3347,41884,41837,false,2008-09-03T15:08:01.760,3,null,false,sql-server,0,null
3347,41884,41837,false,2008-09-03T15:08:01.760,3,null,false,performance,0,null
3043,41890,41881,false,2008-09-03T15:09:48.480,7,null,false,mysql,0,null
3043,41890,41881,false,2008-09-03T15:09:48.480,7,null,false,visual-studio-2008,0,null
3043,41890,41881,false,2008-09-03T15:09:48.480,7,null,false,crystal-reports,0,null
3043,41890,41881,false,2008-09-03T15:09:48.480,7,null,false,odbc,0,null
1219,41895,41837,false,2008-09-03T15:12:29.033,2,null,false,sql-server,0,null
1219,41895,41837,false,2008-09-03T15:12:29.033,2,null,false,performance,0,null
3556,46117,46074,false,2008-09-05T15:56:58.767,0,null,false,php,0,null
3556,46117,46074,false,2008-09-05T15:56:58.767,0,null,false,hosting,0,null
3556,46117,46074,false,2008-09-05T15:56:58.767,0,null,false,dns,0,null
961,7696,7676,false,2008-08-11T11:59:47.553,2,null,false,sql-server,0,null
960,7697,7694,false,2008-08-11T12:04:11.523,4,null,false,sql-server,1,null
960,7697,7694,false,2008-08-11T12:04:11.523,4,null,false,msdtc,1,null
972,7698,7681,false,2008-08-11T12:05:03.427,0,null,false,java,0,null
972,7698,7681,false,2008-08-11T12:05:03.427,0,null,false,xml,0,null
972,7698,7681,false,2008-08-11T12:05:03.427,0,null,false,string,0,null
972,7698,7681,false,2008-08-11T12:05:03.427,0,null,false,serialization,0,null
972,7698,7681,false,2008-08-11T12:05:03.427,0,null,false,encoding,0,null
17,16332,16326,false,2008-08-19T14:53:23.550,1,null,false,installation,0,null
17,16332,16326,false,2008-08-19T14:53:23.550,1,null,false,diskspace,0,null
17,16332,16326,false,2008-08-19T14:53:23.550,1,null,false,visual-studio-2008-sp1,0,null
1291,16336,16317,false,2008-08-19T14:54:23.703,8,null,false,database,0,null
1291,16336,16317,false,2008-08-19T14:54:23.703,8,null,false,integration-testing,0,null
17,16337,16330,false,2008-08-19T14:54:53.033,-1,null,false,asp.net-mvc,0,null
383,16339,16326,false,2008-08-19T14:55:25.217,1,null,false,installation,0,null
383,16339,16326,false,2008-08-19T14:55:25.217,1,null,false,diskspace,0,null
383,16339,16326,false,2008-08-19T14:55:25.217,1,null,false,visual-studio-2008-sp1,0,null
326,28537,28529,false,2008-08-26T16:29:46.977,16,null,false,asp.net,1,null
326,28537,28529,false,2008-08-26T16:29:46.977,16,null,false,jquery,1,null
326,28537,28529,false,2008-08-26T16:29:46.977,16,null,false,ajax,1,null
59,1504,1276,false,2008-08-04T19:01:23.860,9,null,false,mysql,0,null
59,1504,1276,false,2008-08-04T19:01:23.860,9,null,false,database,0,null
59,1504,1276,false,2008-08-04T19:01:23.860,9,null,false,database-performance,0,null
27,1514,1503,false,2008-08-04T19:09:44.717,10,null,false,visual-studio,1,null
27,1514,1503,false,2008-08-04T19:09:44.717,10,null,false,unit-testing,1,null
27,1514,1503,false,2008-08-04T19:09:44.717,10,null,false,continuous-integration,1,null
27,1514,1503,false,2008-08-04T19:09:44.717,10,null,false,cruisecontrol.net,1,null
777,27341,27288,false,2008-08-26T03:21:08.450,0,null,false,vb.net,0,null
777,27341,27288,false,2008-08-26T03:21:08.450,0,null,false,excel,0,null
1433,27344,27206,false,2008-08-26T03:23:23.843,0,null,false,sql,0,null
1433,27344,27206,false,2008-08-26T03:23:23.843,0,null,false,sql-server-2005,0,null
1433,27344,27206,false,2008-08-26T03:23:23.843,0,null,false,partitioning,0,null
3827,37292,37263,false,2008-09-01T00:09:13.607,1,null,false,project-management,0,null
3827,37292,37263,false,2008-09-01T00:09:13.607,1,null,false,change-management,0,null
891,13481,13473,false,2008-08-17T02:33:32.687,7,null,false,c++,0,null
891,13481,13473,false,2008-08-17T02:33:32.687,7,null,false,c,0,null
891,13481,13473,false,2008-08-17T02:33:32.687,7,null,false,arrays,0,null
891,13481,13473,false,2008-08-17T02:33:32.687,7,null,false,sorting,0,null
1585,13482,13473,false,2008-08-17T02:46:22.833,2,null,false,c++,0,null
1585,13482,13473,false,2008-08-17T02:46:22.833,2,null,false,c,0,null
1585,13482,13473,false,2008-08-17T02:46:22.833,2,null,false,arrays,0,null
1585,13482,13473,false,2008-08-17T02:46:22.833,2,null,false,sorting,0,null
430,13483,13470,false,2008-08-17T02:46:42.740,3,null,false,regex,0,null
1199,13484,13470,false,2008-08-17T02:56:56.337,1,null,false,regex,0,null
2120,18148,18082,false,2008-08-20T14:53:26.883,6,null,true,javascript,0,null
2120,18148,18082,false,2008-08-20T14:53:26.883,6,null,true,validation,0,null
2120,18148,18082,false,2008-08-20T14:53:26.883,6,null,true,numbers,0,null
608,7701,7694,false,2008-08-11T12:10:05.363,104,null,false,sql-server,4,null
608,7701,7694,false,2008-08-11T12:10:05.363,104,null,false,msdtc,4,null
987,7710,7652,false,2008-08-11T12:20:36.327,5,null,false,database,0,null
987,7710,7652,false,2008-08-11T12:20:36.327,5,null,false,linq,0,null
987,7710,7652,false,2008-08-11T12:20:36.327,5,null,false,orm,0,null
993,7714,7662,false,2008-08-11T12:24:17.647,85,null,false,database,5,null
993,7714,7662,false,2008-08-11T12:24:17.647,85,null,false,database-design,5,null
993,7714,7662,false,2008-08-11T12:24:17.647,85,null,false,language-agnostic,5,null
993,7714,7662,false,2008-08-11T12:24:17.647,85,null,false,naming-conventions,5,null
2089740,1515,1508,false,2008-08-04T19:10:29.660,2,null,false,version-control,0,null
2089740,1515,1508,false,2008-08-04T19:10:29.660,2,null,false,dvcs,0,null
199,1517,1496,false,2008-08-04T19:11:02.140,21,null,true,macos,6,null
199,1517,1496,false,2008-08-04T19:11:02.140,21,null,true,vim,6,null
199,1517,1496,false,2008-08-04T19:11:02.140,21,null,true,emacs,6,null
199,1517,1496,false,2008-08-04T19:11:02.140,21,null,true,editor,6,null
59,1525,1508,false,2008-08-04T19:13:23.197,2,null,false,version-control,0,null
59,1525,1508,false,2008-08-04T19:13:23.197,2,null,false,dvcs,0,null
149,1527,1401,false,2008-08-04T19:13:46.177,0,null,false,asp.net,0,null
149,1527,1401,false,2008-08-04T19:13:46.177,0,null,false,javascript,0,null
149,1527,1401,false,2008-08-04T19:13:46.177,0,null,false,validation,0,null
493,16342,16320,false,2008-08-19T14:57:01.407,1,null,false,database,0,null
493,16342,16320,false,2008-08-19T14:57:01.407,1,null,false,orm,0,null
493,16342,16320,false,2008-08-19T14:57:01.407,1,null,false,class-design,0,null
17,16349,16320,false,2008-08-19T15:00:43.350,-2,null,false,database,0,null
17,16349,16320,false,2008-08-19T15:00:43.350,-2,null,false,orm,0,null
17,16349,16320,false,2008-08-19T15:00:43.350,-2,null,false,class-design,0,null
1533,16353,16317,false,2008-08-19T15:03:26.620,0,null,false,database,0,null
1533,16353,16317,false,2008-08-19T15:03:26.620,0,null,false,integration-testing,0,null
1227,16357,16320,false,2008-08-19T15:06:37.923,2,null,false,database,0,null
1227,16357,16320,false,2008-08-19T15:06:37.923,2,null,false,orm,0,null
1227,16357,16320,false,2008-08-19T15:06:37.923,2,null,false,class-design,0,null
322,9210,9204,false,2008-08-12T20:10:38.653,25,null,false,.net,2,null
322,9210,9204,false,2008-08-12T20:10:38.653,25,null,false,debugging,2,null
322,9210,9204,false,2008-08-12T20:10:38.653,25,null,false,il,2,null
987,9216,9204,false,2008-08-12T20:24:21.310,0,null,false,.net,0,null
987,9216,9204,false,2008-08-12T20:24:21.310,0,null,false,debugging,0,null
987,9216,9204,false,2008-08-12T20:24:21.310,0,null,false,il,0,null
3394,33337,33265,false,2008-08-28T20:36:10.893,3,null,false,c#,0,null
3394,33337,33265,false,2008-08-28T20:36:10.893,3,null,false,.net,0,null
3394,33337,33265,false,2008-08-28T20:36:10.893,3,null,false,syntax,0,null
267,4584,4582,false,2008-08-07T11:08:21.020,1,null,false,video,0,null
267,4584,4582,false,2008-08-07T11:08:21.020,1,null,false,compression,0,null
267,4584,4582,false,2008-08-07T11:08:21.020,1,null,false,dct,0,null
480,4586,4541,false,2008-08-07T11:10:44.963,1,null,false,database,0,null
480,4586,4541,false,2008-08-07T11:10:44.963,1,null,false,logging,0,null
480,4586,4541,false,2008-08-07T11:10:44.963,1,null,false,text-files,0,null
480,4586,4541,false,2008-08-07T11:10:44.963,1,null,false,olap,0,null
617,4593,4541,false,2008-08-07T11:18:21.657,0,null,false,database,0,null
617,4593,4541,false,2008-08-07T11:18:21.657,0,null,false,logging,0,null
617,4593,4541,false,2008-08-07T11:18:21.657,0,null,false,text-files,0,null
617,4593,4541,false,2008-08-07T11:18:21.657,0,null,false,olap,0,null
1,13486,13470,false,2008-08-17T02:58:18.083,2,null,false,regex,0,null
1965,24311,24310,false,2008-08-23T15:49:53.510,10,null,false,ruby,0,null
1965,24311,24310,false,2008-08-23T15:49:53.510,10,null,false,shoes,0,null
1965,24311,24310,false,2008-08-23T15:49:53.510,10,null,false,irc,0,null
2019,18155,18119,false,2008-08-20T14:56:44.897,1,null,false,oop,1,null
2019,18155,18119,false,2008-08-20T14:56:44.897,1,null,false,delphi,1,null
1409,18165,18119,false,2008-08-20T15:02:30.170,0,null,false,oop,0,null
1409,18165,18119,false,2008-08-20T15:02:30.170,0,null,false,delphi,0,null
1196,37300,37271,false,2008-09-01T00:18:37.313,3,null,false,java,0,null
1196,37300,37271,false,2008-09-01T00:18:37.313,3,null,false,persistence,0,null
1196,37300,37271,false,2008-09-01T00:18:37.313,3,null,false,desktop,0,null
1196,37300,37271,false,2008-09-01T00:18:37.313,3,null,false,oop,0,null
2695,37302,37248,false,2008-09-01T00:20:52.703,4,null,false,c#,2,null
2695,37302,37248,false,2008-09-01T00:20:52.703,4,null,false,c-preprocessor,2,null
383,37303,37299,false,2008-09-01T00:22:03.340,2,null,false,xcode,0,null
383,37303,37299,false,2008-09-01T00:22:03.340,2,null,false,macos,0,null
383,37303,37299,false,2008-09-01T00:22:03.340,2,null,false,debugbreak,0,null
3560,37304,37299,false,2008-09-01T00:22:27.223,24,null,false,xcode,2,null
3560,37304,37299,false,2008-09-01T00:22:27.223,24,null,false,macos,2,null
3560,37304,37299,false,2008-09-01T00:22:27.223,24,null,false,debugbreak,2,null
605,7715,7662,false,2008-08-11T12:27:27.670,9,null,false,database,2,null
605,7715,7662,false,2008-08-11T12:27:27.670,9,null,false,database-design,2,null
605,7715,7662,false,2008-08-11T12:27:27.670,9,null,false,language-agnostic,2,null
605,7715,7662,false,2008-08-11T12:27:27.670,9,null,false,naming-conventions,2,null
2884,27352,27345,false,2008-08-26T03:33:39.340,12,null,false,php,1,null
2884,27352,27345,false,2008-08-26T03:33:39.340,12,null,false,mamp,1,null
1965,27360,27294,false,2008-08-26T03:38:21.980,1,null,false,c#,0,null
1965,27360,27294,false,2008-08-26T03:38:21.980,1,null,false,design-patterns,0,null
1965,27360,27294,false,2008-08-26T03:38:21.980,1,null,false,factory,0,null
811,33339,33265,false,2008-08-28T20:36:16.620,7,null,false,c#,0,null
811,33339,33265,false,2008-08-28T20:36:16.620,7,null,false,.net,0,null
811,33339,33265,false,2008-08-28T20:36:16.620,7,null,false,syntax,0,null
1965,24322,24310,false,2008-08-23T15:59:07.420,7,null,false,ruby,1,null
1965,24322,24310,false,2008-08-23T15:59:07.420,7,null,false,shoes,1,null
1965,24322,24310,false,2008-08-23T15:59:07.420,7,null,false,irc,1,null
832,24323,24315,false,2008-08-23T15:59:13.660,0,null,false,c#,0,null
832,24323,24315,false,2008-08-23T15:59:13.660,0,null,false,.net,0,null
832,24323,24315,false,2008-08-23T15:59:13.660,0,null,false,file-io,0,null
541,13495,13485,false,2008-08-17T03:22:49.017,25,null,false,sql-server,0,null
541,13495,13485,false,2008-08-17T03:22:49.017,25,null,false,database,0,null
541,13495,13485,false,2008-08-17T03:22:49.017,25,null,false,synchronization,0,null
541,13495,13485,false,2008-08-17T03:22:49.017,25,null,false,distributed,0,null
493,7723,7676,false,2008-08-11T12:38:43.530,4,null,false,sql-server,0,null
373,7724,7662,false,2008-08-11T12:39:37.817,382,null,false,database,17,null
373,7724,7662,false,2008-08-11T12:39:37.817,382,null,false,database-design,17,null
373,7724,7662,false,2008-08-11T12:39:37.817,382,null,false,language-agnostic,17,null
373,7724,7662,false,2008-08-11T12:39:37.817,382,null,false,naming-conventions,17,null
137,7729,7726,false,2008-08-11T12:42:33.413,4,null,false,flash,0,null
137,7729,7726,false,2008-08-11T12:42:33.413,4,null,false,video,0,null
72,10542,10532,false,2008-08-14T00:54:51.030,5,null,false,php,0,null
72,10542,10532,false,2008-08-14T00:54:51.030,5,null,false,postgresql,0,null
655,10544,10532,false,2008-08-14T00:55:59.217,1,null,false,php,0,null
655,10544,10532,false,2008-08-14T00:55:59.217,1,null,false,postgresql,0,null
72,10545,10515,false,2008-08-14T00:56:51.837,0,null,false,php,0,null
72,10545,10515,false,2008-08-14T00:56:51.837,0,null,false,windows,0,null
72,10545,10515,false,2008-08-14T00:56:51.837,0,null,false,iis,0,null
72,10545,10515,false,2008-08-14T00:56:51.837,0,null,false,portability,0,null
72,10545,10515,false,2008-08-14T00:56:51.837,0,null,false,lamp,0,null
419,10547,10515,false,2008-08-14T01:02:52.340,3,null,false,php,0,null
419,10547,10515,false,2008-08-14T01:02:52.340,3,null,false,windows,0,null
419,10547,10515,false,2008-08-14T01:02:52.340,3,null,false,iis,0,null
419,10547,10515,false,2008-08-14T01:02:52.340,3,null,false,portability,0,null
419,10547,10515,false,2008-08-14T01:02:52.340,3,null,false,lamp,0,null
122,10549,10506,false,2008-08-14T01:05:31.087,2,null,false,java,0,null
122,10549,10506,false,2008-08-14T01:05:31.087,2,null,false,db2,0,null
122,10549,10506,false,2008-08-14T01:05:31.087,2,null,false,dbunit,0,null
122,10549,10506,false,2008-08-14T01:05:31.087,2,null,false,db2-luw,0,null
1554,13505,13498,false,2008-08-17T04:05:15.403,2,null,false,windows,2,null
1554,13505,13498,false,2008-08-17T04:05:15.403,2,null,false,outlook,2,null
1554,13505,13498,false,2008-08-17T04:05:15.403,2,null,false,synchronization,2,null
1554,13505,13498,false,2008-08-17T04:05:15.403,2,null,false,reminders,2,null
1436,13507,13498,false,2008-08-17T04:05:57.820,2,null,false,windows,0,null
1436,13507,13498,false,2008-08-17T04:05:57.820,2,null,false,outlook,0,null
1436,13507,13498,false,2008-08-17T04:05:57.820,2,null,false,synchronization,0,null
1436,13507,13498,false,2008-08-17T04:05:57.820,2,null,false,reminders,0,null
1545,13508,13485,false,2008-08-17T04:07:34.323,0,null,false,sql-server,0,null
1545,13508,13485,false,2008-08-17T04:07:34.323,0,null,false,database,0,null
1545,13508,13485,false,2008-08-17T04:07:34.323,0,null,false,synchronization,0,null
1545,13508,13485,false,2008-08-17T04:07:34.323,0,null,false,distributed,0,null
1117,13510,13409,false,2008-08-17T04:12:09.570,1,null,false,time-management,0,null
2863,27368,48,false,2008-08-26T03:41:44.673,18,null,false,html,1,null
2863,27368,48,false,2008-08-26T03:41:44.673,18,null,false,forms,1,null
2863,27368,48,false,2008-08-26T03:41:44.673,18,null,false,form-submit,1,null
2863,27368,48,false,2008-08-26T03:41:44.673,18,null,false,submit-button,1,null
1057,27370,27359,false,2008-08-26T03:42:52.237,3,null,false,bash,0,null
1057,27370,27359,false,2008-08-26T03:42:52.237,3,null,false,backup,0,null
1057,27370,27359,false,2008-08-26T03:42:52.237,3,null,false,system-administration,0,null
1057,27370,27359,false,2008-08-26T03:42:52.237,3,null,false,rsync,0,null
954,27371,27359,false,2008-08-26T03:43:59.753,5,null,false,bash,0,null
954,27371,27359,false,2008-08-26T03:43:59.753,5,null,false,backup,0,null
954,27371,27359,false,2008-08-26T03:43:59.753,5,null,false,system-administration,0,null
954,27371,27359,false,2008-08-26T03:43:59.753,5,null,false,rsync,0,null
1965,27372,48,false,2008-08-26T03:44:54.507,19,null,false,html,0,null
1965,27372,48,false,2008-08-26T03:44:54.507,19,null,false,forms,0,null
1965,27372,48,false,2008-08-26T03:44:54.507,19,null,false,form-submit,0,null
1965,27372,48,false,2008-08-26T03:44:54.507,19,null,false,submit-button,0,null
1117,27378,27294,false,2008-08-26T03:48:50.740,1,null,false,c#,2,null
1117,27378,27294,false,2008-08-26T03:48:50.740,1,null,false,design-patterns,2,null
1117,27378,27294,false,2008-08-26T03:48:50.740,1,null,false,factory,2,null
2902,39344,39331,false,2008-09-02T12:06:43.170,19,null,false,sql,0,null
2902,39344,39331,false,2008-09-02T12:06:43.170,19,null,false,performance,0,null
4108,39345,39331,false,2008-09-02T12:06:55.667,0,null,false,sql,0,null
4108,39345,39331,false,2008-09-02T12:06:55.667,0,null,false,performance,0,null
3114,39346,39304,false,2008-09-02T12:06:56.947,1,null,false,c++,0,null
3114,39346,39304,false,2008-09-02T12:06:56.947,1,null,false,logging,0,null
3114,39346,39304,false,2008-09-02T12:06:56.947,1,null,false,code-reuse,0,null
2443,39348,39254,false,2008-09-02T12:07:47.193,2,null,false,apache,1,null
2443,39348,39254,false,2008-09-02T12:07:47.193,2,null,false,ssi,1,null
2562,39349,39331,false,2008-09-02T12:08:16.117,0,null,false,sql,0,null
2562,39349,39331,false,2008-09-02T12:08:16.117,0,null,false,performance,0,null
2757,39354,39331,false,2008-09-02T12:11:10.117,3,null,false,sql,0,null
2757,39354,39331,false,2008-09-02T12:11:10.117,3,null,false,performance,0,null
4220,39356,39194,false,2008-09-02T12:11:38.947,0,null,false,java,0,null
4220,39356,39194,false,2008-09-02T12:11:38.947,0,null,false,macos,0,null
4220,39356,39194,false,2008-09-02T12:11:38.947,0,null,false,deployment,0,null
4116,39358,39281,false,2008-09-02T12:12:17.870,17,null,false,sql,0,null
4116,39358,39281,false,2008-09-02T12:12:17.870,17,null,false,database,0,null
4116,39358,39281,false,2008-09-02T12:12:17.870,17,null,false,database-design,0,null
4116,39358,39281,false,2008-09-02T12:12:17.870,17,null,false,versioning,0,null
91,1533,1528,false,2008-08-04T19:19:33.013,20,null,false,c#,0,null
91,1533,1528,false,2008-08-04T19:19:33.013,20,null,false,wpf,0,null
91,1533,1528,false,2008-08-04T19:19:33.013,20,null,false,silverlight,0,null
91,1533,1528,false,2008-08-04T19:19:33.013,20,null,false,polymorphism,0,null
91,1533,1528,false,2008-08-04T19:19:33.013,20,null,false,dependency-properties,0,null
34,1534,1528,false,2008-08-04T19:19:34.977,8,null,false,c#,0,null
34,1534,1528,false,2008-08-04T19:19:34.977,8,null,false,wpf,0,null
34,1534,1528,false,2008-08-04T19:19:34.977,8,null,false,silverlight,0,null
34,1534,1528,false,2008-08-04T19:19:34.977,8,null,false,polymorphism,0,null
34,1534,1528,false,2008-08-04T19:19:34.977,8,null,false,dependency-properties,0,null
122,1536,1528,false,2008-08-04T19:22:48.903,14,null,false,c#,0,null
122,1536,1528,false,2008-08-04T19:22:48.903,14,null,false,wpf,0,null
122,1536,1528,false,2008-08-04T19:22:48.903,14,null,false,silverlight,0,null
122,1536,1528,false,2008-08-04T19:22:48.903,14,null,false,polymorphism,0,null
122,1536,1528,false,2008-08-04T19:22:48.903,14,null,false,dependency-properties,0,null
791,9219,9204,false,2008-08-12T20:38:34.947,0,null,false,.net,0,null
791,9219,9204,false,2008-08-12T20:38:34.947,0,null,false,debugging,0,null
791,9219,9204,false,2008-08-12T20:38:34.947,0,null,false,il,0,null
392,16361,16320,false,2008-08-19T15:08:47.263,0,null,false,database,0,null
392,16361,16320,false,2008-08-19T15:08:47.263,0,null,false,orm,0,null
392,16361,16320,false,2008-08-19T15:08:47.263,0,null,false,class-design,0,null
446497,16378,16340,false,2008-08-19T15:16:24.720,2,null,false,c#,1,null
446497,16378,16340,false,2008-08-19T15:16:24.720,2,null,false,hash,1,null
369,27389,27240,false,2008-08-26T03:55:26.963,41,null,false,java,6,null
369,27389,27240,false,2008-08-26T03:55:26.963,41,null,false,enumeration,6,null
369,27389,27240,false,2008-08-26T03:55:26.963,41,null,false,iterable,6,null
522,27390,27381,false,2008-08-26T03:56:24.170,1,null,false,html,0,null
522,27390,27381,false,2008-08-26T03:56:24.170,1,null,false,css,0,null
522,27390,27381,false,2008-08-26T03:56:24.170,1,null,false,browser,0,null
522,27390,27381,false,2008-08-26T03:56:24.170,1,null,false,usability,0,null
2927,27391,27381,false,2008-08-26T03:57:04.010,11,null,false,html,2,null
2927,27391,27381,false,2008-08-26T03:57:04.010,11,null,false,css,2,null
2927,27391,27381,false,2008-08-26T03:57:04.010,11,null,false,browser,2,null
2927,27391,27381,false,2008-08-26T03:57:04.010,11,null,false,usability,2,null
1433,27395,27381,false,2008-08-26T03:59:23.880,1,null,false,html,0,null
1433,27395,27381,false,2008-08-26T03:59:23.880,1,null,false,css,0,null
1433,27395,27381,false,2008-08-26T03:59:23.880,1,null,false,browser,0,null
1433,27395,27381,false,2008-08-26T03:59:23.880,1,null,false,usability,0,null
1199387,27398,27381,false,2008-08-26T04:07:56.763,4,null,false,html,0,null
1199387,27398,27381,false,2008-08-26T04:07:56.763,4,null,false,css,0,null
1199387,27398,27381,false,2008-08-26T04:07:56.763,4,null,false,browser,0,null
1199387,27398,27381,false,2008-08-26T04:07:56.763,4,null,false,usability,0,null
615,27401,27303,false,2008-08-26T04:12:58.013,0,null,false,silverlight,0,null
615,27401,27303,false,2008-08-26T04:12:58.013,0,null,false,data-binding,0,null
905,41899,41837,false,2008-09-03T15:13:04.523,40,null,false,sql-server,3,null
905,41899,41837,false,2008-09-03T15:13:04.523,40,null,false,performance,3,null
4223,41904,41894,false,2008-09-03T15:13:51.370,45,null,false,java,2,null
96,1554,1535,false,2008-08-04T20:07:41.840,4,null,false,c#,0,null
96,1554,1535,false,2008-08-04T20:07:41.840,4,null,false,exception,0,null
96,1554,1535,false,2008-08-04T20:07:41.840,4,null,false,error-handling,0,null
313,1556,1528,false,2008-08-04T20:14:30.547,39,null,false,c#,6,null
313,1556,1528,false,2008-08-04T20:14:30.547,39,null,false,wpf,6,null
313,1556,1528,false,2008-08-04T20:14:30.547,39,null,false,silverlight,6,null
313,1556,1528,false,2008-08-04T20:14:30.547,39,null,false,polymorphism,6,null
313,1556,1528,false,2008-08-04T20:14:30.547,39,null,false,dependency-properties,6,null
153,1561,1496,false,2008-08-04T20:22:32.463,5,null,false,macos,0,null
153,1561,1496,false,2008-08-04T20:22:32.463,5,null,false,vim,0,null
153,1561,1496,false,2008-08-04T20:22:32.463,5,null,false,emacs,0,null
153,1561,1496,false,2008-08-04T20:22:32.463,5,null,false,editor,0,null
832,18170,18097,false,2008-08-20T15:03:55.457,32,null,false,c#,0,null
832,18170,18097,false,2008-08-20T15:03:55.457,32,null,false,inheritance,0,null
832,18170,18097,false,2008-08-20T15:03:55.457,32,null,false,constructor,0,null
1908,18173,18132,false,2008-08-20T15:04:33.660,4,null,false,nhibernate,0,null
1908,18173,18132,false,2008-08-20T15:04:33.660,4,null,false,entity-framework,0,null
1908,18173,18132,false,2008-08-20T15:04:33.660,4,null,false,orm,0,null
1908,18173,18132,false,2008-08-20T15:04:33.660,4,null,false,ado.net,0,null
235,31659,31627,false,2008-08-28T04:15:30.363,4,null,false,version-control,0,null
235,31659,31627,false,2008-08-28T04:15:30.363,4,null,false,visual-sourcesafe,0,null
247,31662,31627,false,2008-08-28T04:20:01.863,10,null,false,version-control,1,null
247,31662,31627,false,2008-08-28T04:20:01.863,10,null,false,visual-sourcesafe,1,null
234,31668,31627,false,2008-08-28T04:28:47.897,1,null,false,version-control,0,null
234,31668,31627,false,2008-08-28T04:28:47.897,1,null,false,visual-sourcesafe,0,null
234,31671,31637,false,2008-08-28T04:35:14.107,2,null,false,.net,0,null
234,31671,31637,false,2008-08-28T04:35:14.107,2,null,false,metadata,0,null
234,31671,31637,false,2008-08-28T04:35:14.107,2,null,false,decompiling,0,null
392,13521,13518,false,2008-08-17T05:17:05.697,7,null,false,firefox,0,null
392,13521,13518,false,2008-08-17T05:17:05.697,7,null,false,browser,0,null
392,13521,13518,false,2008-08-17T05:17:05.697,7,null,false,synchronization,0,null
83,33353,33341,false,2008-08-28T20:46:32.290,0,null,false,asp.net,0,null
83,33353,33341,false,2008-08-28T20:46:32.290,0,null,false,radio-button,0,null
83,33353,33341,false,2008-08-28T20:46:32.290,0,null,false,radiobuttonlist,0,null
648,33357,33341,false,2008-08-28T20:48:57.900,0,null,false,asp.net,0,null
648,33357,33341,false,2008-08-28T20:48:57.900,0,null,false,radio-button,0,null
648,33357,33341,false,2008-08-28T20:48:57.900,0,null,false,radiobuttonlist,0,null
2763,33364,33263,false,2008-08-28T20:51:53.867,1,null,false,asp.net,0,null
2763,33364,33263,false,2008-08-28T20:51:53.867,1,null,false,forms-authentication,0,null
71,33365,33341,false,2008-08-28T20:52:07.907,6,null,false,asp.net,4,null
71,33365,33341,false,2008-08-28T20:52:07.907,6,null,false,radio-button,4,null
71,33365,33341,false,2008-08-28T20:52:07.907,6,null,false,radiobuttonlist,4,null
514,33371,33341,false,2008-08-28T20:54:51.800,0,null,false,asp.net,2,null
514,33371,33341,false,2008-08-28T20:54:51.800,0,null,false,radio-button,2,null
514,33371,33341,false,2008-08-28T20:54:51.800,0,null,false,radiobuttonlist,2,null
17,33374,33338,false,2008-08-28T20:56:03.280,0,null,false,visual-studio,0,null
5,33382,33223,false,2008-08-28T20:57:54.603,2,null,false,asp.net,0,null
5,33382,33223,false,2008-08-28T20:57:54.603,2,null,false,css,0,null
5,33382,33223,false,2008-08-28T20:57:54.603,2,null,false,xhtml,0,null
5,33382,33223,false,2008-08-28T20:57:54.603,2,null,false,semantics,0,null
3509,33391,33265,false,2008-08-28T21:02:48.333,66,null,false,c#,2,null
3509,33391,33265,false,2008-08-28T21:02:48.333,66,null,false,.net,2,null
3509,33391,33265,false,2008-08-28T21:02:48.333,66,null,false,syntax,2,null
287,7745,7737,false,2008-08-11T12:56:41.603,2,null,false,windows,0,null
287,7745,7737,false,2008-08-11T12:56:41.603,2,null,false,opengl,0,null
287,7745,7737,false,2008-08-11T12:56:41.603,2,null,false,unicode,0,null
287,7747,7720,false,2008-08-11T12:59:04.550,1,null,false,java,1,null
287,7747,7720,false,2008-08-11T12:59:04.550,1,null,false,windows,1,null
287,7747,7720,false,2008-08-11T12:59:04.550,1,null,false,swt,1,null
287,7747,7720,false,2008-08-11T12:59:04.550,1,null,false,executable,1,null
287,7747,7720,false,2008-08-11T12:59:04.550,1,null,false,software-distribution,1,null
373,7753,7642,false,2008-08-11T13:05:11.790,0,null,false,vb.net,0,null
373,7753,7642,false,2008-08-11T13:05:11.790,0,null,false,convention,0,null
755,33393,33386,false,2008-08-28T21:03:30.080,0,null,false,debugging,0,null
755,33393,33386,false,2008-08-28T21:03:30.080,0,null,false,embedded,0,null
1747,33394,33386,false,2008-08-28T21:03:41.937,0,null,false,debugging,0,null
1747,33394,33386,false,2008-08-28T21:03:41.937,0,null,false,embedded,0,null
83,33396,33395,false,2008-08-28T21:04:47.503,1,null,false,asp.net,0,null
83,33396,33395,false,2008-08-28T21:04:47.503,1,null,false,forms-authentication,0,null
83,33396,33395,false,2008-08-28T21:04:47.503,1,null,false,sitemap,0,null
3146,33398,33386,false,2008-08-28T21:05:47.047,3,null,false,debugging,0,null
3146,33398,33386,false,2008-08-28T21:05:47.047,3,null,false,embedded,0,null
26,21220,18172,false,2008-08-21T21:23:10.323,-1,null,false,windows,0,null
26,21220,18172,false,2008-08-21T21:23:10.323,-1,null,false,vb6,0,null
26,21220,18172,false,2008-08-21T21:23:10.323,-1,null,false,network-programming,0,null
26,21220,18172,false,2008-08-21T21:23:10.323,-1,null,false,wireless,0,null
26,21220,18172,false,2008-08-21T21:23:10.323,-1,null,false,intermittent,0,null
1574,33400,33395,false,2008-08-28T21:06:23.193,1,null,false,asp.net,0,null
1574,33400,33395,false,2008-08-28T21:06:23.193,1,null,false,forms-authentication,0,null
1574,33400,33395,false,2008-08-28T21:06:23.193,1,null,false,sitemap,0,null
2926,33401,33386,false,2008-08-28T21:06:29.073,0,null,false,debugging,0,null
2926,33401,33386,false,2008-08-28T21:06:29.073,0,null,false,embedded,0,null
1747,33402,33390,false,2008-08-28T21:06:32.507,0,null,false,linq-to-sql,0,null
1747,33402,33390,false,2008-08-28T21:06:32.507,0,null,false,.net-3.5,0,null
3394,33405,33390,false,2008-08-28T21:08:12.470,5,null,false,linq-to-sql,0,null
3394,33405,33390,false,2008-08-28T21:08:12.470,5,null,false,.net-3.5,0,null
1344,22578,22528,false,2008-08-22T14:56:08.127,0,null,false,php,0,null
1344,22578,22528,false,2008-08-22T14:56:08.127,0,null,false,coding-style,0,null
1293,22579,22570,false,2008-08-22T14:56:16.363,5,null,false,sql,0,null
1293,22579,22570,false,2008-08-22T14:56:16.363,5,null,false,sql-server,0,null
1293,22579,22570,false,2008-08-22T14:56:16.363,5,null,false,t-sql,0,null
1293,22579,22570,false,2008-08-22T14:56:16.363,5,null,false,datetime,0,null
1293,22579,22570,false,2008-08-22T14:56:16.363,5,null,false,user-defined-functions,0,null
1830,22580,22552,false,2008-08-22T14:56:35.707,0,null,false,php,0,null
1830,22580,22552,false,2008-08-22T14:56:35.707,0,null,false,regex,0,null
2474,22582,22552,false,2008-08-22T14:56:57.233,1,null,false,php,0,null
2474,22582,22552,false,2008-08-22T14:56:57.233,1,null,false,regex,0,null
1490,33407,33403,false,2008-08-28T21:08:51.907,2,null,false,.net,0,null
1490,33407,33403,false,2008-08-28T21:08:51.907,2,null,false,performance,0,null
1490,33407,33403,false,2008-08-28T21:08:51.907,2,null,false,generics,0,null
1490,33407,33403,false,2008-08-28T21:08:51.907,2,null,false,list,0,null
1490,33407,33403,false,2008-08-28T21:08:51.907,2,null,false,memory,0,null
1441,33408,33386,false,2008-08-28T21:08:53.453,0,null,false,debugging,0,null
1441,33408,33386,false,2008-08-28T21:08:53.453,0,null,false,embedded,0,null
2688,33415,33409,false,2008-08-28T21:11:00.483,0,null,false,sql-server,0,null
2688,33415,33409,false,2008-08-28T21:11:00.483,0,null,false,sql-server-2005,0,null
2688,33415,33409,false,2008-08-28T21:11:00.483,0,null,false,sqldatatypes,0,null
2688,33415,33409,false,2008-08-28T21:11:00.483,0,null,false,notnull,0,null
2688,33415,33409,false,2008-08-28T21:11:00.483,0,null,false,emptydatatext,0,null
3509,33424,33403,false,2008-08-28T21:14:11.863,2,null,false,.net,0,null
3509,33424,33403,false,2008-08-28T21:14:11.863,2,null,false,performance,0,null
3509,33424,33403,false,2008-08-28T21:14:11.863,2,null,false,generics,0,null
3509,33424,33403,false,2008-08-28T21:14:11.863,2,null,false,list,0,null
3509,33424,33403,false,2008-08-28T21:14:11.863,2,null,false,memory,0,null
1219,33425,33409,false,2008-08-28T21:14:17.417,345,null,false,sql-server,3,null
1219,33425,33409,false,2008-08-28T21:14:17.417,345,null,false,sql-server-2005,3,null
1219,33425,33409,false,2008-08-28T21:14:17.417,345,null,false,sqldatatypes,3,null
1219,33425,33409,false,2008-08-28T21:14:17.417,345,null,false,notnull,3,null
1219,33425,33409,false,2008-08-28T21:14:17.417,345,null,false,emptydatatext,3,null
832,30205,30183,false,2008-08-27T14:05:19.640,-1,null,false,vb.net,0,null
832,30205,30183,false,2008-08-27T14:05:19.640,-1,null,false,visual-studio-2008,0,null
832,30205,30183,false,2008-08-27T14:05:19.640,-1,null,false,64-bit,0,null
4191,41910,41824,false,2008-09-03T15:16:08.090,10,null,false,asp.net,1,null
2187,41913,41898,false,2008-09-03T15:16:32.940,17,null,false,open-source,1,null
2187,41913,41898,false,2008-09-03T15:16:32.940,17,null,false,licensing,1,null
1127460,41914,41908,false,2008-09-03T15:17:17.010,0,null,false,c#,0,null
1127460,41914,41908,false,2008-09-03T15:17:17.010,0,null,false,asp.net,0,null
1127460,41914,41908,false,2008-09-03T15:17:17.010,0,null,false,winforms,0,null
1127460,41914,41908,false,2008-09-03T15:17:17.010,0,null,false,visual-studio,0,null
3111,41915,41898,false,2008-09-03T15:18:58.440,8,null,false,open-source,0,null
3111,41915,41898,false,2008-09-03T15:18:58.440,8,null,false,licensing,0,null
1790,41916,41908,false,2008-09-03T15:19:24.307,1,null,false,c#,0,null
1790,41916,41908,false,2008-09-03T15:19:24.307,1,null,false,asp.net,0,null
1790,41916,41908,false,2008-09-03T15:19:24.307,1,null,false,winforms,0,null
1790,41916,41908,false,2008-09-03T15:19:24.307,1,null,false,visual-studio,0,null
1360,41917,41908,false,2008-09-03T15:20:02.323,0,null,false,c#,0,null
1360,41917,41908,false,2008-09-03T15:20:02.323,0,null,false,asp.net,0,null
1360,41917,41908,false,2008-09-03T15:20:02.323,0,null,false,winforms,0,null
1360,41917,41908,false,2008-09-03T15:20:02.323,0,null,false,visual-studio,0,null
2018,41918,41898,false,2008-09-03T15:20:32.963,16,null,false,open-source,1,null
2018,41918,41898,false,2008-09-03T15:20:32.963,16,null,false,licensing,1,null
4161,41919,41898,false,2008-09-03T15:20:45.817,3,null,false,open-source,0,null
4161,41919,41898,false,2008-09-03T15:20:45.817,3,null,false,licensing,0,null
150,15035,15024,false,2008-08-18T18:25:23.437,19,null,false,version-control,1,null
150,15035,15024,false,2008-08-18T18:25:23.437,19,null,false,bug-tracking,1,null
150,15035,15024,false,2008-08-18T18:25:23.437,19,null,false,dailybuilds,1,null
658,19402,19388,false,2008-08-21T06:14:40.587,0,null,false,php,0,null
658,19402,19388,false,2008-08-21T06:14:40.587,0,null,false,language-features,0,null
658,19402,19388,false,2008-08-21T06:14:40.587,0,null,false,goto,0,null
227,19403,19388,false,2008-08-21T06:14:47.763,9,null,false,php,1,null
227,19403,19388,false,2008-08-21T06:14:47.763,9,null,false,language-features,1,null
227,19403,19388,false,2008-08-21T06:14:47.763,9,null,false,goto,1,null
1965,19404,19388,false,2008-08-21T06:16:43.297,0,null,false,php,1,null
1965,19404,19388,false,2008-08-21T06:16:43.297,0,null,false,language-features,1,null
1965,19404,19388,false,2008-08-21T06:16:43.297,0,null,false,goto,1,null
1965,19406,19401,false,2008-08-21T06:18:36.990,2,null,false,windows,0,null
1965,19406,19401,false,2008-08-21T06:18:36.990,2,null,false,menu,0,null
1965,19406,19401,false,2008-08-21T06:18:36.990,2,null,false,trayicon,0,null
1975282,18178,18172,false,2008-08-20T15:06:53.420,5,null,false,windows,0,null
1975282,18178,18172,false,2008-08-20T15:06:53.420,5,null,false,vb6,0,null
1975282,18178,18172,false,2008-08-20T15:06:53.420,5,null,false,network-programming,0,null
1975282,18178,18172,false,2008-08-20T15:06:53.420,5,null,false,wireless,0,null
1975282,18178,18172,false,2008-08-20T15:06:53.420,5,null,false,intermittent,0,null
909,18179,18172,false,2008-08-20T15:08:15.757,0,null,false,windows,1,null
909,18179,18172,false,2008-08-20T15:08:15.757,0,null,false,vb6,1,null
909,18179,18172,false,2008-08-20T15:08:15.757,0,null,false,network-programming,1,null
909,18179,18172,false,2008-08-20T15:08:15.757,0,null,false,wireless,1,null
909,18179,18172,false,2008-08-20T15:08:15.757,0,null,false,intermittent,1,null
905,18185,18097,false,2008-08-20T15:11:19.430,10,null,false,c#,10,null
905,18185,18097,false,2008-08-20T15:11:19.430,10,null,false,inheritance,10,null
905,18185,18097,false,2008-08-20T15:11:19.430,10,null,false,constructor,10,null
1975282,18186,18132,false,2008-08-20T15:11:36.437,13,null,false,nhibernate,4,null
1975282,18186,18132,false,2008-08-20T15:11:36.437,13,null,false,entity-framework,4,null
1975282,18186,18132,false,2008-08-20T15:11:36.437,13,null,false,orm,4,null
1975282,18186,18132,false,2008-08-20T15:11:36.437,13,null,false,ado.net,4,null
2143,18196,18097,false,2008-08-20T15:14:37.193,-3,null,false,c#,1,null
2143,18196,18097,false,2008-08-20T15:14:37.193,-3,null,false,inheritance,1,null
2143,18196,18097,false,2008-08-20T15:14:37.193,-3,null,false,constructor,1,null
960,18200,18194,false,2008-08-20T15:15:38.580,3,null,false,sql,0,null
960,18200,18194,false,2008-08-20T15:15:38.580,3,null,false,sql-server,0,null
960,18200,18194,false,2008-08-20T15:15:38.580,3,null,false,database,0,null
194,18207,18197,false,2008-08-20T15:19:16.387,1,null,false,user-interface,0,null
194,18207,18197,false,2008-08-20T15:19:16.387,1,null,false,testing,0,null
194,18207,18197,false,2008-08-20T15:19:16.387,1,null,false,usability,0,null
1975,18209,18194,false,2008-08-20T15:19:22.610,0,null,false,sql,0,null
1975,18209,18194,false,2008-08-20T15:19:22.610,0,null,false,sql-server,0,null
1975,18209,18194,false,2008-08-20T15:19:22.610,0,null,false,database,0,null
,18210,18197,false,2008-08-20T15:19:50.830,7,null,false,user-interface,0,null
,18210,18197,false,2008-08-20T15:19:50.830,7,null,false,testing,0,null
,18210,18197,false,2008-08-20T15:19:50.830,7,null,false,usability,0,null
,18211,18194,false,2008-08-20T15:21:18.503,5,null,false,sql,1,null
,18211,18194,false,2008-08-20T15:21:18.503,5,null,false,sql-server,1,null
,18211,18194,false,2008-08-20T15:21:18.503,5,null,false,database,1,null
,12247,12243,false,2008-08-15T13:39:01.987,12,null,false,architecture,0,null
,12247,12243,false,2008-08-15T13:39:01.987,12,null,false,module,0,null
,12247,12243,false,2008-08-15T13:39:01.987,12,null,false,namespaces,0,null
,12247,12243,false,2008-08-15T13:39:01.987,12,null,false,legacy,0,null
832,12248,12243,false,2008-08-15T13:39:06.730,4,null,false,architecture,0,null
832,12248,12243,false,2008-08-15T13:39:06.730,4,null,false,module,0,null
832,12248,12243,false,2008-08-15T13:39:06.730,4,null,false,namespaces,0,null
832,12248,12243,false,2008-08-15T13:39:06.730,4,null,false,legacy,0,null
2019,18213,18197,false,2008-08-20T15:22:20.327,2,null,false,user-interface,0,null
2019,18213,18197,false,2008-08-20T15:22:20.327,2,null,false,testing,0,null
2019,18213,18197,false,2008-08-20T15:22:20.327,2,null,false,usability,0,null
1951,18215,18166,false,2008-08-20T15:22:50.293,3,null,false,php,0,null
1951,18215,18166,false,2008-08-20T15:22:50.293,3,null,false,xml,0,null
1951,18215,18166,false,2008-08-20T15:22:50.293,3,null,false,curl,0,null
1982,18229,18223,false,2008-08-20T15:31:33.330,4,null,false,sql-server,0,null
770,18230,18223,false,2008-08-20T15:31:42.393,1,null,false,sql-server,0,null
1797,18231,18224,false,2008-08-20T15:32:22.313,6,null,false,.net,0,null
1797,18231,18224,false,2008-08-20T15:32:22.313,6,null,false,windows,0,null
1797,18231,18224,false,2008-08-20T15:32:22.313,6,null,false,deployment,0,null
1797,18231,18224,false,2008-08-20T15:32:22.313,6,null,false,iis-6,0,null
1975282,18234,18224,false,2008-08-20T15:32:58.880,0,null,false,.net,0,null
1975282,18234,18224,false,2008-08-20T15:32:58.880,0,null,false,windows,0,null
1975282,18234,18224,false,2008-08-20T15:32:58.880,0,null,false,deployment,0,null
1975282,18234,18224,false,2008-08-20T15:32:58.880,0,null,false,iis-6,0,null
608,4601,1535,false,2008-08-07T11:30:38.853,2,null,false,c#,0,null
608,4601,1535,false,2008-08-07T11:30:38.853,2,null,false,exception,0,null
608,4601,1535,false,2008-08-07T11:30:38.853,2,null,false,error-handling,0,null
489,4614,4610,false,2008-08-07T12:03:42.563,0,null,false,c#,0,null
489,4614,4610,false,2008-08-07T12:03:42.563,0,null,false,.net,0,null
267,4615,4610,false,2008-08-07T12:04:11.907,22,null,false,c#,1,null
267,4615,4610,false,2008-08-07T12:04:11.907,22,null,false,.net,1,null
608,4616,4610,false,2008-08-07T12:04:14.560,0,null,false,c#,0,null
608,4616,4610,false,2008-08-07T12:04:14.560,0,null,false,.net,0,null
740,18235,18223,false,2008-08-20T15:33:45.260,2,null,false,sql-server,0,null
,18236,18216,false,2008-08-20T15:34:04.307,0,null,false,sql,0,null
,18236,18216,false,2008-08-20T15:34:04.307,0,null,false,database-design,0,null
,18236,18216,false,2008-08-20T15:34:04.307,0,null,false,stored-procedures,0,null
1293,18238,18080,false,2008-08-20T15:34:34.477,0,null,false,performance,1,null
1293,18238,18080,false,2008-08-20T15:34:34.477,0,null,false,monitoring,1,null
1293,18238,18080,false,2008-08-20T15:34:34.477,0,null,false,usage-statistics,1,null
740,18239,18216,false,2008-08-20T15:36:17.123,1,null,false,sql,0,null
740,18239,18216,false,2008-08-20T15:36:17.123,1,null,false,database-design,0,null
740,18239,18216,false,2008-08-20T15:36:17.123,1,null,false,stored-procedures,0,null
547,18240,18224,false,2008-08-20T15:37:06.280,0,null,false,.net,0,null
547,18240,18224,false,2008-08-20T15:37:06.280,0,null,false,windows,0,null
547,18240,18224,false,2008-08-20T15:37:06.280,0,null,false,deployment,0,null
547,18240,18224,false,2008-08-20T15:37:06.280,0,null,false,iis-6,0,null
954,18241,18224,false,2008-08-20T15:37:21.473,4,null,false,.net,0,null
954,18241,18224,false,2008-08-20T15:37:21.473,4,null,false,windows,0,null
954,18241,18224,false,2008-08-20T15:37:21.473,4,null,false,deployment,0,null
954,18241,18224,false,2008-08-20T15:37:21.473,4,null,false,iis-6,0,null
619,18243,18224,false,2008-08-20T15:38:28.413,1,null,false,.net,0,null
619,18243,18224,false,2008-08-20T15:38:28.413,1,null,false,windows,0,null
619,18243,18224,false,2008-08-20T15:38:28.413,1,null,false,deployment,0,null
619,18243,18224,false,2008-08-20T15:38:28.413,1,null,false,iis-6,0,null
1190,18245,18216,false,2008-08-20T15:39:05.620,0,null,false,sql,0,null
1190,18245,18216,false,2008-08-20T15:39:05.620,0,null,false,database-design,0,null
1190,18245,18216,false,2008-08-20T15:39:05.620,0,null,false,stored-procedures,0,null
914,18246,18080,false,2008-08-20T15:39:34.887,0,null,false,performance,1,null
914,18246,18080,false,2008-08-20T15:39:34.887,0,null,false,monitoring,1,null
914,18246,18080,false,2008-08-20T15:39:34.887,0,null,false,usage-statistics,1,null
204,18247,18166,false,2008-08-20T15:39:42.670,0,null,false,php,0,null
204,18247,18166,false,2008-08-20T15:39:42.670,0,null,false,xml,0,null
204,18247,18166,false,2008-08-20T15:39:42.670,0,null,false,curl,0,null
1585,18249,18082,false,2008-08-20T15:40:28.440,6,null,true,javascript,0,null
1585,18249,18082,false,2008-08-20T15:40:28.440,6,null,true,validation,0,null
1585,18249,18082,false,2008-08-20T15:40:28.440,6,null,true,numbers,0,null
13,73,25,false,2008-08-01T13:40:16.443,25,null,false,c++,0,null
13,73,25,false,2008-08-01T13:40:16.443,25,null,false,c,0,null
13,73,25,false,2008-08-01T13:40:16.443,25,null,false,sockets,0,null
13,73,25,false,2008-08-01T13:40:16.443,25,null,false,mainframe,0,null
13,73,25,false,2008-08-01T13:40:16.443,25,null,false,zos,0,null
50,76,42,false,2008-08-01T13:44:35.843,20,null,false,php,1,null
50,76,42,false,2008-08-01T13:44:35.843,20,null,false,plugins,1,null
50,76,42,false,2008-08-01T13:44:35.843,20,null,false,architecture,1,null
50,76,42,false,2008-08-01T13:44:35.843,20,null,false,hook,1,null
40,77,42,false,2008-08-01T13:46:00.097,168,null,true,php,3,null
40,77,42,false,2008-08-01T13:46:00.097,168,null,true,plugins,3,null
40,77,42,false,2008-08-01T13:46:00.097,168,null,true,architecture,3,null
40,77,42,false,2008-08-01T13:46:00.097,168,null,true,hook,3,null
1293,18262,18216,false,2008-08-20T15:48:57.577,1,null,false,sql,0,null
1293,18262,18216,false,2008-08-20T15:48:57.577,1,null,false,database-design,0,null
1293,18262,18216,false,2008-08-20T15:48:57.577,1,null,false,stored-procedures,0,null
1797,18263,18197,false,2008-08-20T15:49:45.640,8,null,false,user-interface,0,null
1797,18263,18197,false,2008-08-20T15:49:45.640,8,null,false,testing,0,null
1797,18263,18197,false,2008-08-20T15:49:45.640,8,null,false,usability,0,null
1934,27411,27407,false,2008-08-26T04:24:46.800,-2,null,false,windows,1,null
1934,27411,27407,false,2008-08-26T04:24:46.800,-2,null,false,operating-system,1,null
615,27413,27303,false,2008-08-26T04:28:06.387,0,null,false,silverlight,1,null
615,27413,27303,false,2008-08-26T04:28:06.387,0,null,false,data-binding,1,null
954,27415,27405,false,2008-08-26T04:31:27.657,4,null,false,c,0,null
954,27415,27405,false,2008-08-26T04:31:27.657,4,null,false,microcontroller,0,null
609,27418,27405,false,2008-08-26T04:38:28.840,1,null,false,c,1,null
609,27418,27405,false,2008-08-26T04:38:28.840,1,null,false,microcontroller,1,null
1084,19411,19409,false,2008-08-21T06:28:08.917,6,null,false,gnu-assembler,0,null
1084,19411,19409,false,2008-08-21T06:28:08.917,6,null,false,assembly,0,null
615,19414,19412,false,2008-08-21T06:30:04.683,72,null,false,sql,5,null
615,19414,19412,false,2008-08-21T06:30:04.683,72,null,false,random,5,null
813,19415,19412,false,2008-08-21T06:30:29.363,1,null,false,sql,1,null
813,19415,19412,false,2008-08-21T06:30:29.363,1,null,false,random,1,null
5,19416,19412,false,2008-08-21T06:30:49.923,17,null,false,sql,3,null
5,19416,19412,false,2008-08-21T06:30:49.923,17,null,false,random,3,null
51,19419,19412,false,2008-08-21T06:32:32.853,877,null,false,sql,8,null
51,19419,19412,false,2008-08-21T06:32:32.853,877,null,false,random,8,null
227,19421,19412,false,2008-08-21T06:36:10.830,3,null,false,sql,1,null
227,19421,19412,false,2008-08-21T06:36:10.830,3,null,false,random,1,null
1265,19422,19412,false,2008-08-21T06:37:01.547,184,null,false,sql,13,null
1265,19422,19412,false,2008-08-21T06:37:01.547,184,null,false,random,13,null
493,10556,10531,false,2008-08-14T01:29:10.960,1,null,false,c#,0,null
493,10556,10531,false,2008-08-14T01:29:10.960,1,null,false,reflection,0,null
2974,30221,30209,false,2008-08-27T14:10:44.917,2,null,false,tfs,0,null
2974,30221,30209,false,2008-08-27T14:10:44.917,2,null,false,msbuild,0,null
708,37308,37248,false,2008-09-01T00:34:14.123,0,null,false,c#,3,null
708,37308,37248,false,2008-09-01T00:34:14.123,0,null,false,c-preprocessor,3,null
380,33427,33403,false,2008-08-28T21:14:49.630,4,null,false,.net,2,null
380,33427,33403,false,2008-08-28T21:14:49.630,4,null,false,performance,2,null
380,33427,33403,false,2008-08-28T21:14:49.630,4,null,false,generics,2,null
380,33427,33403,false,2008-08-28T21:14:49.630,4,null,false,list,2,null
380,33427,33403,false,2008-08-28T21:14:49.630,4,null,false,memory,2,null
2763,33430,33223,false,2008-08-28T21:16:50.173,0,null,false,asp.net,0,null
2763,33430,33223,false,2008-08-28T21:16:50.173,0,null,false,css,0,null
2763,33430,33223,false,2008-08-28T21:16:50.173,0,null,false,xhtml,0,null
2763,33430,33223,false,2008-08-28T21:16:50.173,0,null,false,semantics,0,null
3394,33432,33403,false,2008-08-28T21:18:20.810,2,null,false,.net,1,null
3394,33432,33403,false,2008-08-28T21:18:20.810,2,null,false,performance,1,null
3394,33432,33403,false,2008-08-28T21:18:20.810,2,null,false,generics,1,null
3394,33432,33403,false,2008-08-28T21:18:20.810,2,null,false,list,1,null
3394,33432,33403,false,2008-08-28T21:18:20.810,2,null,false,memory,1,null
2361,33437,33265,false,2008-08-28T21:23:27.397,29,null,false,c#,1,null
2361,33437,33265,false,2008-08-28T21:23:27.397,29,null,false,.net,1,null
2361,33437,33265,false,2008-08-28T21:23:27.397,29,null,false,syntax,1,null
1414,28545,28529,false,2008-08-26T16:32:21.480,20,null,false,asp.net,1,null
1414,28545,28529,false,2008-08-26T16:32:21.480,20,null,false,jquery,1,null
1414,28545,28529,false,2008-08-26T16:32:21.480,20,null,false,ajax,1,null
341,22587,22528,false,2008-08-22T14:57:46.547,13,null,false,php,0,null
341,22587,22528,false,2008-08-22T14:57:46.547,13,null,false,coding-style,0,null
792,22589,22552,false,2008-08-22T14:59:36.353,3,null,false,php,0,null
792,22589,22552,false,2008-08-22T14:59:36.353,3,null,false,regex,0,null
3911,39359,39331,false,2008-09-02T12:12:28.850,0,null,false,sql,0,null
3911,39359,39331,false,2008-09-02T12:12:28.850,0,null,false,performance,0,null
3893,39360,39281,false,2008-09-02T12:13:47.380,42,null,false,sql,4,null
3893,39360,39281,false,2008-09-02T12:13:47.380,42,null,false,database,4,null
3893,39360,39281,false,2008-09-02T12:13:47.380,42,null,false,database-design,4,null
3893,39360,39281,false,2008-09-02T12:13:47.380,42,null,false,versioning,4,null
1404,39362,39194,false,2008-09-02T12:16:15.190,0,null,false,java,0,null
1404,39362,39194,false,2008-09-02T12:16:15.190,0,null,false,macos,0,null
1404,39362,39194,false,2008-09-02T12:16:15.190,0,null,false,deployment,0,null
1190,39363,39003,false,2008-09-02T12:16:24.957,11,null,false,c#,0,null
1190,39363,39003,false,2008-09-02T12:16:24.957,11,null,false,.net,0,null
1190,39363,39003,false,2008-09-02T12:16:24.957,11,null,false,unit-testing,0,null
1190,39363,39003,false,2008-09-02T12:16:24.957,11,null,false,nunit,0,null
615,27424,27303,false,2008-08-26T04:51:09.200,0,null,false,silverlight,0,null
615,27424,27303,false,2008-08-26T04:51:09.200,0,null,false,data-binding,0,null
954,27426,27407,false,2008-08-26T04:54:17.133,1,null,false,windows,0,null
954,27426,27407,false,2008-08-26T04:54:17.133,1,null,false,operating-system,0,null
2789,27429,27294,false,2008-08-26T05:00:21.753,6,null,false,c#,0,null
2789,27429,27294,false,2008-08-26T05:00:21.753,6,null,false,design-patterns,0,null
2789,27429,27294,false,2008-08-26T05:00:21.753,6,null,false,factory,0,null
1908,30229,30222,false,2008-08-27T14:12:28.437,259,null,false,sql,6,null
1908,30229,30222,false,2008-08-27T14:12:28.437,259,null,false,sql-server,6,null
1908,30229,30222,false,2008-08-27T14:12:28.437,259,null,false,database,6,null
1908,30229,30222,false,2008-08-27T14:12:28.437,259,null,false,t-sql,6,null
1414,30231,30188,false,2008-08-27T14:12:48.780,2,null,false,c#,0,null
1414,30231,30188,false,2008-08-27T14:12:48.780,2,null,false,json,0,null
1414,30231,30188,false,2008-08-27T14:12:48.780,2,null,false,serialization,0,null
1414,30231,30188,false,2008-08-27T14:12:48.780,2,null,false,date,0,null
1414,30231,30188,false,2008-08-27T14:12:48.780,2,null,false,castle-monorail,0,null
740,30232,30222,false,2008-08-27T14:12:53.990,5,null,false,sql,0,null
740,30232,30222,false,2008-08-27T14:12:53.990,5,null,false,sql-server,0,null
740,30232,30222,false,2008-08-27T14:12:53.990,5,null,false,database,0,null
740,30232,30222,false,2008-08-27T14:12:53.990,5,null,false,t-sql,0,null
1540,18266,18197,false,2008-08-20T15:51:47.337,2,null,false,user-interface,0,null
1540,18266,18197,false,2008-08-20T15:51:47.337,2,null,false,testing,0,null
1540,18266,18197,false,2008-08-20T15:51:47.337,2,null,false,usability,0,null
954,18267,18224,false,2008-08-20T15:55:40.713,1,null,false,.net,0,null
954,18267,18224,false,2008-08-20T15:55:40.713,1,null,false,windows,0,null
954,18267,18224,false,2008-08-20T15:55:40.713,1,null,false,deployment,0,null
954,18267,18224,false,2008-08-20T15:55:40.713,1,null,false,iis-6,0,null
2141,18271,18197,false,2008-08-20T15:57:55.700,3,null,false,user-interface,0,null
2141,18271,18197,false,2008-08-20T15:57:55.700,3,null,false,testing,0,null
2141,18271,18197,false,2008-08-20T15:57:55.700,3,null,false,usability,0,null
1799,18278,18250,false,2008-08-20T16:02:34.910,1,null,false,date,0,null
1799,18278,18250,false,2008-08-20T16:02:34.910,1,null,false,executable,0,null
1666,27439,27435,false,2008-08-26T05:14:25.247,2,null,false,mysql,0,null
1666,27439,27435,false,2008-08-26T05:14:25.247,2,null,false,postgresql,0,null
257,27440,27435,false,2008-08-26T05:14:50.690,129,null,false,mysql,3,null
257,27440,27435,false,2008-08-26T05:14:50.690,129,null,false,postgresql,3,null
1490,24336,24315,false,2008-08-23T16:16:49.110,0,null,false,c#,0,null
1490,24336,24315,false,2008-08-23T16:16:49.110,0,null,false,.net,0,null
1490,24336,24315,false,2008-08-23T16:16:49.110,0,null,false,file-io,0,null
287,7759,7720,false,2008-08-11T13:09:20.330,0,null,false,java,0,null
287,7759,7720,false,2008-08-11T13:09:20.330,0,null,false,windows,0,null
287,7759,7720,false,2008-08-11T13:09:20.330,0,null,false,swt,0,null
287,7759,7720,false,2008-08-11T13:09:20.330,0,null,false,executable,0,null
287,7759,7720,false,2008-08-11T13:09:20.330,0,null,false,software-distribution,0,null
1011,7760,7726,false,2008-08-11T13:11:49.030,2,null,false,flash,0,null
1011,7760,7726,false,2008-08-11T13:11:49.030,2,null,false,video,0,null
1790,33440,33301,false,2008-08-28T21:25:35.003,4,null,false,asp.net,0,null
1790,33440,33301,false,2008-08-28T21:25:35.003,4,null,false,javascript,0,null
1790,33440,33301,false,2008-08-28T21:25:35.003,4,null,false,master-pages,0,null
1790,33440,33301,false,2008-08-28T21:25:35.003,4,null,false,onresize,0,null
1527,33448,33347,false,2008-08-28T21:29:08.397,2,null,false,javascript,0,null
1527,33448,33347,false,2008-08-28T21:29:08.397,2,null,false,ajax,0,null
1527,33448,33347,false,2008-08-28T21:29:08.397,2,null,false,svg,0,null
198,27441,27240,false,2008-08-26T05:17:49.637,7,null,false,java,0,null
198,27441,27240,false,2008-08-26T05:17:49.637,7,null,false,enumeration,0,null
198,27441,27240,false,2008-08-26T05:17:49.637,7,null,false,iterable,0,null
1662,27443,27435,false,2008-08-26T05:23:03.883,1,null,false,mysql,1,null
1662,27443,27435,false,2008-08-26T05:23:03.883,1,null,false,postgresql,1,null
1265,27445,27435,false,2008-08-26T05:24:21.680,14,null,false,mysql,0,null
1265,27445,27435,false,2008-08-26T05:24:21.680,14,null,false,postgresql,0,null
163,27448,27442,false,2008-08-26T05:28:39.190,5,null,false,mysql,0,null
163,27448,27442,false,2008-08-26T05:28:39.190,5,null,false,ruby-on-rails,0,null
163,27448,27442,false,2008-08-26T05:28:39.190,5,null,false,ruby,0,null
163,27448,27442,false,2008-08-26T05:28:39.190,5,null,false,database,0,null
163,27448,27442,false,2008-08-26T05:28:39.190,5,null,false,rake,0,null
1804,33450,33403,false,2008-08-28T21:29:49.017,2,null,false,.net,3,null
1804,33450,33403,false,2008-08-28T21:29:49.017,2,null,false,performance,3,null
1804,33450,33403,false,2008-08-28T21:29:49.017,2,null,false,generics,3,null
1804,33450,33403,false,2008-08-28T21:29:49.017,2,null,false,list,3,null
1804,33450,33403,false,2008-08-28T21:29:49.017,2,null,false,memory,3,null
71,33455,33449,false,2008-08-28T21:34:57.773,10,null,false,sql-server,1,null
71,33455,33449,false,2008-08-28T21:34:57.773,10,null,false,web-services,1,null
71,33455,33449,false,2008-08-28T21:34:57.773,10,null,false,t-sql,1,null
1827,33456,33412,false,2008-08-28T21:36:07.973,10,null,false,java,0,null
1827,33456,33412,false,2008-08-28T21:36:07.973,10,null,false,security,0,null
1827,33456,33412,false,2008-08-28T21:36:07.973,10,null,false,cookies,0,null
1827,33456,33412,false,2008-08-28T21:36:07.973,10,null,false,xss,0,null
1827,33456,33412,false,2008-08-28T21:36:07.973,10,null,false,httponly,0,null
2089740,1585,1584,false,2008-08-04T21:06:14.717,2,null,false,windows,0,null
2089740,1585,1584,false,2008-08-04T21:06:14.717,2,null,false,iis,0,null
2089740,1585,1584,false,2008-08-04T21:06:14.717,2,null,false,shell,0,null
2089740,1585,1584,false,2008-08-04T21:06:14.717,2,null,false,command-line,0,null
2089740,1585,1584,false,2008-08-04T21:06:14.717,2,null,false,terminal,0,null
71,1588,1584,false,2008-08-04T21:08:24.010,3,null,false,windows,0,null
71,1588,1584,false,2008-08-04T21:08:24.010,3,null,false,iis,0,null
71,1588,1584,false,2008-08-04T21:08:24.010,3,null,false,shell,0,null
71,1588,1584,false,2008-08-04T21:08:24.010,3,null,false,command-line,0,null
71,1588,1584,false,2008-08-04T21:08:24.010,3,null,false,terminal,0,null
271,1594,1584,false,2008-08-04T21:14:10.333,1,null,false,windows,0,null
271,1594,1584,false,2008-08-04T21:14:10.333,1,null,false,iis,0,null
271,1594,1584,false,2008-08-04T21:14:10.333,1,null,false,shell,0,null
271,1594,1584,false,2008-08-04T21:14:10.333,1,null,false,command-line,0,null
271,1594,1584,false,2008-08-04T21:14:10.333,1,null,false,terminal,0,null
1965,21267,21232,false,2008-08-21T21:47:42.747,1,null,false,vb.net,0,null
1965,21267,21232,false,2008-08-21T21:47:42.747,1,null,false,collections,0,null
1965,21267,21232,false,2008-08-21T21:47:42.747,1,null,false,paging,0,null
1254,18280,18250,false,2008-08-20T16:02:52.193,0,null,false,date,0,null
1254,18280,18250,false,2008-08-20T16:02:52.193,0,null,false,executable,0,null
204,18287,18166,false,2008-08-20T16:11:31.750,2,null,false,php,1,null
204,18287,18166,false,2008-08-20T16:11:31.750,2,null,false,xml,1,null
204,18287,18166,false,2008-08-20T16:11:31.750,2,null,false,curl,1,null
3114,40098,40090,false,2008-09-02T17:28:30.213,0,null,false,c#,0,null
3114,40098,40090,false,2008-09-02T17:28:30.213,0,null,false,overloading,0,null
2429,40106,39112,false,2008-09-02T17:29:56.747,1,null,false,c#,3,null
2429,40106,39112,false,2008-09-02T17:29:56.747,1,null,false,.net,3,null
2429,40106,39112,false,2008-09-02T17:29:56.747,1,null,false,asp.net,3,null
2429,40106,39112,false,2008-09-02T17:29:56.747,1,null,false,caching,3,null
1820,33461,33412,false,2008-08-28T21:37:36.270,20,null,false,java,4,null
1820,33461,33412,false,2008-08-28T21:37:36.270,20,null,false,security,4,null
1820,33461,33412,false,2008-08-28T21:37:36.270,20,null,false,cookies,4,null
1820,33461,33412,false,2008-08-28T21:37:36.270,20,null,false,xss,4,null
1820,33461,33412,false,2008-08-28T21:37:36.270,20,null,false,httponly,4,null
,27451,27405,false,2008-08-26T05:34:52.467,0,null,false,c,1,null
,27451,27405,false,2008-08-26T05:34:52.467,0,null,false,microcontroller,1,null
718,27459,27455,false,2008-08-26T05:44:57.543,7,null,false,c#,0,null
718,27459,27455,false,2008-08-26T05:44:57.543,7,null,false,.net,0,null
718,27459,27455,false,2008-08-26T05:44:57.543,7,null,false,linux,0,null
718,27459,27455,false,2008-08-26T05:44:57.543,7,null,false,printing,0,null
718,27459,27455,false,2008-08-26T05:44:57.543,7,null,false,mono,0,null
2257,27460,27455,false,2008-08-26T05:45:40.240,5,null,false,c#,0,null
2257,27460,27455,false,2008-08-26T05:45:40.240,5,null,false,.net,0,null
2257,27460,27455,false,2008-08-26T05:45:40.240,5,null,false,linux,0,null
2257,27460,27455,false,2008-08-26T05:45:40.240,5,null,false,printing,0,null
2257,27460,27455,false,2008-08-26T05:45:40.240,5,null,false,mono,0,null
2363,27463,27266,false,2008-08-26T05:49:23.913,4,null,false,linux,1,null
2363,27463,27266,false,2008-08-26T05:49:23.913,4,null,false,ssh,1,null
2363,27463,27266,false,2008-08-26T05:49:23.913,4,null,false,https,1,null
2363,27463,27266,false,2008-08-26T05:49:23.913,4,null,false,trafficshaping,1,null
615,27473,27472,false,2008-08-26T06:08:57.877,44,null,false,sql-server,2,null
615,27473,27472,false,2008-08-26T06:08:57.877,44,null,false,database,2,null
615,27473,27472,false,2008-08-26T06:08:57.877,44,null,false,timeout,2,null
909,18295,18284,false,2008-08-20T16:14:26.800,2,null,false,language-agnostic,0,null
909,18295,18284,false,2008-08-20T16:14:26.800,2,null,false,web-applications,0,null
909,18295,18284,false,2008-08-20T16:14:26.800,2,null,false,resources,0,null
954,18297,18292,false,2008-08-20T16:15:31.477,2,null,false,windows,0,null
954,18297,18292,false,2008-08-20T16:15:31.477,2,null,false,deployment,0,null
954,18297,18292,false,2008-08-20T16:15:31.477,2,null,false,ssh,0,null
954,18297,18292,false,2008-08-20T16:15:31.477,2,null,false,winscp,0,null
1190,24364,24298,false,2008-08-23T16:46:52.017,3,null,false,ruby-on-rails,0,null
1190,24364,24298,false,2008-08-23T16:46:52.017,3,null,false,ruby,0,null
1190,24364,24298,false,2008-08-23T16:46:52.017,3,null,false,authentication,0,null
1490,33464,33403,false,2008-08-28T21:39:56.047,1,null,false,.net,2,null
1490,33464,33403,false,2008-08-28T21:39:56.047,1,null,false,performance,2,null
1490,33464,33403,false,2008-08-28T21:39:56.047,1,null,false,generics,2,null
1490,33464,33403,false,2008-08-28T21:39:56.047,1,null,false,list,2,null
1490,33464,33403,false,2008-08-28T21:39:56.047,1,null,false,memory,2,null
1799,33466,33306,false,2008-08-28T21:41:43.030,3,null,false,c++,0,null
1799,33466,33306,false,2008-08-28T21:41:43.030,3,null,false,stl,0,null
1462,33472,33465,false,2008-08-28T21:45:52.473,0,null,false,php,0,null
1462,33472,33465,false,2008-08-28T21:45:52.473,0,null,false,email,0,null
2915,43188,43180,false,2008-09-04T04:33:04.320,10,null,false,operating-system,0,null
2915,43188,43180,false,2008-09-04T04:33:04.320,10,null,false,kernel,0,null
2915,43188,43180,false,2008-09-04T04:33:04.320,10,null,false,osdev,0,null
721,6377,6369,false,2008-08-08T20:57:51.150,0,null,false,sql,0,null
721,6377,6369,false,2008-08-08T20:57:51.150,0,null,false,sap-ase,0,null
571,6380,6371,false,2008-08-08T21:01:09.490,58,null,false,mysql,0,null
571,6380,6371,false,2008-08-08T21:01:09.490,58,null,false,svn,0,null
637,6382,6371,false,2008-08-08T21:03:32.933,30,null,false,mysql,0,null
637,6382,6371,false,2008-08-08T21:03:32.933,30,null,false,svn,0,null
740,7764,7662,false,2008-08-11T13:13:58.747,26,null,false,database,1,null
740,7764,7662,false,2008-08-11T13:13:58.747,26,null,false,database-design,1,null
740,7764,7662,false,2008-08-11T13:13:58.747,26,null,false,language-agnostic,1,null
740,7764,7662,false,2008-08-11T13:13:58.747,26,null,false,naming-conventions,1,null
900,7776,7758,false,2008-08-11T13:26:38.393,0,null,false,.net,0,null
900,7776,7758,false,2008-08-11T13:26:38.393,0,null,false,wpf,0,null
900,7776,7758,false,2008-08-11T13:26:38.393,0,null,false,silverlight,0,null
900,7776,7758,false,2008-08-11T13:26:38.393,0,null,false,xaml,0,null
900,7776,7758,false,2008-08-11T13:26:38.393,0,null,false,binding,0,null
60,7777,7773,false,2008-08-11T13:28:55.470,43,null,false,asp.net,0,null
60,7777,7773,false,2008-08-11T13:28:55.470,43,null,false,javascript,0,null
227,27477,27472,false,2008-08-26T06:14:18.813,16,null,false,sql-server,0,null
227,27477,27472,false,2008-08-26T06:14:18.813,16,null,false,database,0,null
227,27477,27472,false,2008-08-26T06:14:18.813,16,null,false,timeout,0,null
580,27478,27303,false,2008-08-26T06:15:17.267,1,null,false,silverlight,0,null
580,27478,27303,false,2008-08-26T06:15:17.267,1,null,false,data-binding,0,null
257,27479,27405,false,2008-08-26T06:19:14.153,0,null,false,c,0,null
257,27479,27405,false,2008-08-26T06:19:14.153,0,null,false,microcontroller,0,null
2343,34492,34476,false,2008-08-29T15:49:08.647,1,null,false,javascript,0,null
2343,34492,34476,false,2008-08-29T15:49:08.647,1,null,false,debugging,0,null
2017,34496,34476,false,2008-08-29T15:50:17.737,0,null,false,javascript,0,null
2017,34496,34476,false,2008-08-29T15:50:17.737,0,null,false,debugging,0,null
3382,34499,34488,false,2008-08-29T15:51:53.130,0,null,false,sql,0,null
3382,34499,34488,false,2008-08-29T15:51:53.130,0,null,false,mysql,0,null
3382,34499,34488,false,2008-08-29T15:51:53.130,0,null,false,database,0,null
2774,34500,34488,false,2008-08-29T15:51:55.847,50,null,false,sql,3,null
2774,34500,34488,false,2008-08-29T15:51:55.847,50,null,false,mysql,3,null
2774,34500,34488,false,2008-08-29T15:51:55.847,50,null,false,database,3,null
1975282,34501,34488,false,2008-08-29T15:52:42.817,0,null,false,sql,0,null
1975282,34501,34488,false,2008-08-29T15:52:42.817,0,null,false,mysql,0,null
1975282,34501,34488,false,2008-08-29T15:52:42.817,0,null,false,database,0,null
227,27480,27474,false,2008-08-26T06:19:36.167,2,null,false,validation,1,null
227,27480,27474,false,2008-08-26T06:19:36.167,2,null,false,email,1,null
2754,27481,27405,false,2008-08-26T06:23:33.067,0,null,false,c,0,null
2754,27481,27405,false,2008-08-26T06:23:33.067,0,null,false,microcontroller,0,null
257,27483,27405,false,2008-08-26T06:28:05.833,0,null,false,c,1,null
257,27483,27405,false,2008-08-26T06:28:05.833,0,null,false,microcontroller,1,null
1199387,27487,27303,false,2008-08-26T06:32:58.270,0,null,false,silverlight,0,null
1199387,27487,27303,false,2008-08-26T06:32:58.270,0,null,false,data-binding,0,null
2811,27489,27474,false,2008-08-26T06:33:48.533,10,null,false,validation,0,null
2811,27489,27474,false,2008-08-26T06:33:48.533,10,null,false,email,0,null
721,7778,7773,false,2008-08-11T13:29:38.700,0,null,false,asp.net,0,null
721,7778,7773,false,2008-08-11T13:29:38.700,0,null,false,javascript,0,null
447,7783,7773,false,2008-08-11T13:32:43.343,0,null,false,asp.net,0,null
447,7783,7773,false,2008-08-11T13:32:43.343,0,null,false,javascript,0,null
900,7789,7758,false,2008-08-11T13:35:27.550,0,null,false,.net,0,null
900,7789,7758,false,2008-08-11T13:35:27.550,0,null,false,wpf,0,null
900,7789,7758,false,2008-08-11T13:35:27.550,0,null,false,silverlight,0,null
900,7789,7758,false,2008-08-11T13:35:27.550,0,null,false,xaml,0,null
900,7789,7758,false,2008-08-11T13:35:27.550,0,null,false,binding,0,null
572,7790,7779,false,2008-08-11T13:37:15.423,1,null,false,java,0,null
572,7790,7779,false,2008-08-11T13:37:15.423,1,null,false,eclipse,0,null
572,7790,7779,false,2008-08-11T13:37:15.423,1,null,false,rcp,0,null
572,7790,7779,false,2008-08-11T13:37:15.423,1,null,false,myeclipse,0,null
198,7792,7779,false,2008-08-11T13:42:12.560,0,null,false,java,0,null
198,7792,7779,false,2008-08-11T13:42:12.560,0,null,false,eclipse,0,null
198,7792,7779,false,2008-08-11T13:42:12.560,0,null,false,rcp,0,null
198,7792,7779,false,2008-08-11T13:42:12.560,0,null,false,myeclipse,0,null
,41920,41898,false,2008-09-03T15:20:56.720,0,null,false,open-source,0,null
,41920,41898,false,2008-09-03T15:20:56.720,0,null,false,licensing,0,null
2434,41922,41898,false,2008-09-03T15:21:42.680,1,null,false,open-source,0,null
2434,41922,41898,false,2008-09-03T15:21:42.680,1,null,false,licensing,0,null
22021,41924,18265,false,2008-09-03T15:22:20.570,3,null,false,linux,2,null
22021,41924,18265,false,2008-09-03T15:22:20.570,3,null,false,unix,2,null
22021,41924,18265,false,2008-09-03T15:22:20.570,3,null,false,stack-trace,2,null
22021,41924,18265,false,2008-09-03T15:22:20.570,3,null,false,segmentation-fault,2,null
1327,33473,33403,false,2008-08-28T21:46:07.777,0,null,false,.net,2,null
1327,33473,33403,false,2008-08-28T21:46:07.777,0,null,false,performance,2,null
1327,33473,33403,false,2008-08-28T21:46:07.777,0,null,false,generics,2,null
1327,33473,33403,false,2008-08-28T21:46:07.777,0,null,false,list,2,null
1327,33473,33403,false,2008-08-28T21:46:07.777,0,null,false,memory,2,null
905,16381,16340,false,2008-08-19T15:17:05.937,72,null,false,c#,1,null
905,16381,16340,false,2008-08-19T15:17:05.937,72,null,false,hash,1,null
748,16387,16340,false,2008-08-19T15:19:32.203,1,null,false,c#,0,null
748,16387,16340,false,2008-08-19T15:19:32.203,1,null,false,hash,0,null
770,16390,16363,false,2008-08-19T15:20:20.720,23,null,false,visual-studio,2,null
770,16390,16363,false,2008-08-19T15:20:20.720,23,null,false,debugging,2,null
1862,24429,24315,false,2008-08-23T17:38:59.397,5,null,false,c#,0,null
1862,24429,24315,false,2008-08-23T17:38:59.397,5,null,false,.net,0,null
1862,24429,24315,false,2008-08-23T17:38:59.397,5,null,false,file-io,0,null
,33479,33465,false,2008-08-28T21:49:55.570,1,null,false,php,0,null
,33479,33465,false,2008-08-28T21:49:55.570,1,null,false,email,0,null
2688,33480,33478,false,2008-08-28T21:50:46.177,2,null,false,asp.net,0,null
2688,33480,33478,false,2008-08-28T21:50:46.177,2,null,false,controls,0,null
1432,33483,33471,false,2008-08-28T21:51:18.140,1,null,false,svn,0,null
1432,33483,33471,false,2008-08-28T21:51:18.140,1,null,false,command-line,0,null
1432,33483,33471,false,2008-08-28T21:51:18.140,1,null,false,merge,0,null
1432,33483,33471,false,2008-08-28T21:51:18.140,1,null,false,conflict,0,null
1804,34504,34476,false,2008-08-29T15:54:11.580,8,null,false,javascript,0,null
1804,34504,34476,false,2008-08-29T15:54:11.580,8,null,false,debugging,0,null
2844,27491,27474,false,2008-08-26T06:47:39.843,21,null,false,validation,0,null
2844,27491,27474,false,2008-08-26T06:47:39.843,21,null,false,email,0,null
257,27494,27492,false,2008-08-26T06:52:34.213,5,null,false,c++,1,null
257,27494,27492,false,2008-08-26T06:52:34.213,5,null,false,memory,1,null
257,27494,27492,false,2008-08-26T06:52:34.213,5,null,false,pointers,1,null
1428,27497,27482,false,2008-08-26T07:01:53.210,1,null,false,pdf,0,null
1428,27497,27482,false,2008-08-26T07:01:53.210,1,null,false,latex,0,null
1428,27497,27482,false,2008-08-26T07:01:53.210,1,null,false,comments,0,null
1428,27497,27482,false,2008-08-26T07:01:53.210,1,null,false,rights-management,0,null
1428,27497,27482,false,2008-08-26T07:01:53.210,1,null,false,texnic-center,0,null
2620,24436,22566,false,2008-08-23T17:50:40.180,1,null,false,perl,0,null
2620,24436,22566,false,2008-08-23T17:50:40.180,1,null,false,file-io,0,null
2620,24436,22566,false,2008-08-23T17:50:40.180,1,null,false,filesystems,0,null
205,24437,24408,false,2008-08-23T17:52:40.190,0,null,false,file,0,null
205,24437,24408,false,2008-08-23T17:52:40.190,0,null,false,http,0,null
205,24437,24408,false,2008-08-23T17:52:40.190,0,null,false,webdav,0,null
3279,33486,33475,false,2008-08-28T21:53:10.850,3,null,false,python,2,null
3279,33486,33475,false,2008-08-28T21:53:10.850,3,null,false,ssh,2,null
238,33488,33465,false,2008-08-28T21:53:14.360,0,null,false,php,0,null
238,33488,33465,false,2008-08-28T21:53:14.360,0,null,false,email,0,null
1790,33489,33478,false,2008-08-28T21:53:34.233,3,null,false,asp.net,0,null
1790,33489,33478,false,2008-08-28T21:53:34.233,3,null,false,controls,0,null
447,33494,33478,false,2008-08-28T21:56:54.257,0,null,false,asp.net,0,null
447,33494,33478,false,2008-08-28T21:56:54.257,0,null,false,controls,0,null
1810,27500,27492,false,2008-08-26T07:06:24.650,0,null,false,c++,0,null
1810,27500,27492,false,2008-08-26T07:06:24.650,0,null,false,memory,0,null
1810,27500,27492,false,2008-08-26T07:06:24.650,0,null,false,pointers,0,null
2928,27501,27492,false,2008-08-26T07:08:26.610,14,null,false,c++,4,null
2928,27501,27492,false,2008-08-26T07:08:26.610,14,null,false,memory,4,null
2928,27501,27492,false,2008-08-26T07:08:26.610,14,null,false,pointers,4,null
422,27503,27442,false,2008-08-26T07:12:22.763,1,null,false,mysql,0,null
422,27503,27442,false,2008-08-26T07:12:22.763,1,null,false,ruby-on-rails,0,null
422,27503,27442,false,2008-08-26T07:12:22.763,1,null,false,ruby,0,null
422,27503,27442,false,2008-08-26T07:12:22.763,1,null,false,database,0,null
422,27503,27442,false,2008-08-26T07:12:22.763,1,null,false,rake,0,null
163,27504,27499,false,2008-08-26T07:15:58.493,10,null,false,database,0,null
163,27504,27499,false,2008-08-26T07:15:58.493,10,null,false,deadlock,0,null
163,27504,27499,false,2008-08-26T07:15:58.493,10,null,false,terminology,0,null
1662,27510,27509,false,2008-08-26T07:27:57.327,-21,null,false,javascript,2,null
1662,27510,27509,false,2008-08-26T07:27:57.327,-21,null,false,object,2,null
1662,27510,27509,false,2008-08-26T07:27:57.327,-21,null,false,undefined,2,null
1662,27510,27509,false,2008-08-26T07:27:57.327,-21,null,false,object-property,2,null
716,27511,27442,false,2008-08-26T07:29:03.033,1,null,false,mysql,0,null
716,27511,27442,false,2008-08-26T07:29:03.033,1,null,false,ruby-on-rails,0,null
716,27511,27442,false,2008-08-26T07:29:03.033,1,null,false,ruby,0,null
716,27511,27442,false,2008-08-26T07:29:03.033,1,null,false,database,0,null
716,27511,27442,false,2008-08-26T07:29:03.033,1,null,false,rake,0,null
905,12249,12243,false,2008-08-15T13:40:31.297,0,null,false,architecture,0,null
905,12249,12243,false,2008-08-15T13:40:31.297,0,null,false,module,0,null
905,12249,12243,false,2008-08-15T13:40:31.297,0,null,false,namespaces,0,null
905,12249,12243,false,2008-08-15T13:40:31.297,0,null,false,legacy,0,null
1154,12253,12243,false,2008-08-15T13:43:38.373,4,null,false,architecture,0,null
1154,12253,12243,false,2008-08-15T13:43:38.373,4,null,false,module,0,null
1154,12253,12243,false,2008-08-15T13:43:38.373,4,null,false,namespaces,0,null
1154,12253,12243,false,2008-08-15T13:43:38.373,4,null,false,legacy,0,null
905,12257,12225,false,2008-08-15T13:45:53.580,0,null,false,asp.net,0,null
905,12257,12225,false,2008-08-15T13:45:53.580,0,null,false,validation,0,null
905,12257,12225,false,2008-08-15T13:45:53.580,0,null,false,asp.net-ajax,0,null
1117,12258,12243,false,2008-08-15T13:46:10.413,3,null,false,architecture,0,null
1117,12258,12243,false,2008-08-15T13:46:10.413,3,null,false,module,0,null
1117,12258,12243,false,2008-08-15T13:46:10.413,3,null,false,namespaces,0,null
1117,12258,12243,false,2008-08-15T13:46:10.413,3,null,false,legacy,0,null
67,1599,1598,false,2008-08-04T21:22:50.220,0,null,false,iphone,0,null
67,1599,1598,false,2008-08-04T21:22:50.220,0,null,false,favicon,0,null
67,1599,1598,false,2008-08-04T21:22:50.220,0,null,false,apple-touch-icon,0,null
52,1608,1584,false,2008-08-04T21:33:58.093,1,null,false,windows,0,null
52,1608,1584,false,2008-08-04T21:33:58.093,1,null,false,iis,0,null
52,1608,1584,false,2008-08-04T21:33:58.093,1,null,false,shell,0,null
52,1608,1584,false,2008-08-04T21:33:58.093,1,null,false,command-line,0,null
52,1608,1584,false,2008-08-04T21:33:58.093,1,null,false,terminal,0,null
91,3119,3106,false,2008-08-06T06:06:45.607,3,null,false,windows,0,null
91,3119,3106,false,2008-08-06T06:06:45.607,3,null,false,visual-studio,0,null
91,3119,3106,false,2008-08-06T06:06:45.607,3,null,false,mono,0,null
91,3119,3106,false,2008-08-06T06:06:45.607,3,null,false,cross-platform,0,null
86,3126,3112,false,2008-08-06T06:22:23.080,-1,null,false,perl,0,null
86,3126,3112,false,2008-08-06T06:22:23.080,-1,null,false,arrays,0,null
86,3126,3112,false,2008-08-06T06:22:23.080,-1,null,false,reference,0,null
86,3126,3112,false,2008-08-06T06:22:23.080,-1,null,false,scalar,0,null
86,3134,3112,false,2008-08-06T07:13:16.753,26,null,false,perl,0,null
86,3134,3112,false,2008-08-06T07:13:16.753,26,null,false,arrays,0,null
86,3134,3112,false,2008-08-06T07:13:16.753,26,null,false,reference,0,null
86,3134,3112,false,2008-08-06T07:13:16.753,26,null,false,scalar,0,null
419,6384,6369,false,2008-08-08T21:04:58.703,1,null,false,sql,0,null
419,6384,6369,false,2008-08-08T21:04:58.703,1,null,false,sap-ase,0,null
56,6387,6373,false,2008-08-08T21:08:38.197,5,null,false,javascript,0,null
1037,27513,27482,false,2008-08-26T07:32:51.513,3,null,false,pdf,0,null
1037,27513,27482,false,2008-08-26T07:32:51.513,3,null,false,latex,0,null
1037,27513,27482,false,2008-08-26T07:32:51.513,3,null,false,comments,0,null
1037,27513,27482,false,2008-08-26T07:32:51.513,3,null,false,rights-management,0,null
1037,27513,27482,false,2008-08-26T07:32:51.513,3,null,false,texnic-center,0,null
2273,27517,27509,false,2008-08-26T07:36:13.453,175,null,false,javascript,6,null
2273,27517,27509,false,2008-08-26T07:36:13.453,175,null,false,object,6,null
2273,27517,27509,false,2008-08-26T07:36:13.453,175,null,false,undefined,6,null
2273,27517,27509,false,2008-08-26T07:36:13.453,175,null,false,object-property,6,null
2150,27519,27492,false,2008-08-26T07:37:48.787,2,null,false,c++,0,null
2150,27519,27492,false,2008-08-26T07:37:48.787,2,null,false,memory,0,null
2150,27519,27492,false,2008-08-26T07:37:48.787,2,null,false,pointers,0,null
534,27529,27435,false,2008-08-26T07:51:58.643,0,null,false,mysql,0,null
534,27529,27435,false,2008-08-26T07:51:58.643,0,null,false,postgresql,0,null
52,1609,1598,false,2008-08-04T21:36:58.040,3,null,false,iphone,0,null
52,1609,1598,false,2008-08-04T21:36:58.040,3,null,false,favicon,0,null
52,1609,1598,false,2008-08-04T21:36:58.040,3,null,false,apple-touch-icon,0,null
173,1617,1600,false,2008-08-04T21:46:01.703,7,null,false,sql-server,0,null
173,1617,1600,false,2008-08-04T21:46:01.703,7,null,false,sql-server-2008,0,null
3286,31687,31672,false,2008-08-28T05:01:25.947,5,null,false,fortran,0,null
1414,31696,31693,false,2008-08-28T05:14:19.457,2,null,false,c#,0,null
1414,31696,31693,false,2008-08-28T05:14:19.457,2,null,false,java,0,null
1414,31696,31693,false,2008-08-28T05:14:19.457,2,null,false,c++,0,null
1414,31696,31693,false,2008-08-28T05:14:19.457,2,null,false,generics,0,null
1414,31696,31693,false,2008-08-28T05:14:19.457,2,null,false,templates,0,null
1249,40108,40054,false,2008-09-02T17:32:18.113,1,null,false,c#,0,null
1249,40108,40054,false,2008-09-02T17:32:18.113,1,null,false,linq,0,null
1968,27536,27532,false,2008-08-26T08:00:29.183,44,null,false,java,1,null
1968,27536,27532,false,2008-08-26T08:00:29.183,44,null,false,colors,1,null
1968,27536,27532,false,2008-08-26T08:00:29.183,44,null,false,rgb,1,null
1968,27536,27532,false,2008-08-26T08:00:29.183,44,null,false,gradient,1,null
2257,27538,27535,false,2008-08-26T08:03:39.487,1,null,false,asp.net,0,null
2528,27541,27499,false,2008-08-26T08:04:44.073,42,null,false,database,3,null
2528,27541,27499,false,2008-08-26T08:04:44.073,42,null,false,deadlock,3,null
2528,27541,27499,false,2008-08-26T08:04:44.073,42,null,false,terminology,3,null
2370764,27543,27407,false,2008-08-26T08:07:00.370,1,null,false,windows,0,null
2370764,27543,27407,false,2008-08-26T08:07:00.370,1,null,false,operating-system,0,null
2674,27548,27482,false,2008-08-26T08:11:51.200,10,null,false,pdf,0,null
2674,27548,27482,false,2008-08-26T08:11:51.200,10,null,false,latex,0,null
2674,27548,27482,false,2008-08-26T08:11:51.200,10,null,false,comments,0,null
2674,27548,27482,false,2008-08-26T08:11:51.200,10,null,false,rights-management,0,null
2674,27548,27482,false,2008-08-26T08:11:51.200,10,null,false,texnic-center,0,null
2711,27551,27492,false,2008-08-26T08:19:49.933,0,null,false,c++,0,null
2711,27551,27492,false,2008-08-26T08:19:49.933,0,null,false,memory,0,null
2711,27551,27492,false,2008-08-26T08:19:49.933,0,null,false,pointers,0,null
2783,27553,27532,false,2008-08-26T08:20:01.243,9,null,false,java,0,null
2783,27553,27532,false,2008-08-26T08:20:01.243,9,null,false,colors,0,null
2783,27553,27532,false,2008-08-26T08:20:01.243,9,null,false,rgb,0,null
2783,27553,27532,false,2008-08-26T08:20:01.243,9,null,false,gradient,0,null
893,27558,27435,false,2008-08-26T08:29:18.147,7,null,false,mysql,1,null
893,27558,27435,false,2008-08-26T08:29:18.147,7,null,false,postgresql,1,null
2929,27560,27474,false,2008-08-26T08:31:51.527,2,null,false,validation,0,null
2929,27560,27474,false,2008-08-26T08:31:51.527,2,null,false,email,0,null
219,10573,10533,false,2008-08-14T01:56:53.480,1,null,false,regex,0,null
219,10573,10533,false,2008-08-14T01:56:53.480,1,null,false,perl,0,null
1124,10574,10564,false,2008-08-14T01:57:55.007,1,null,false,windows,0,null
1124,10574,10564,false,2008-08-14T01:57:55.007,1,null,false,git,0,null
1124,10574,10564,false,2008-08-14T01:57:55.007,1,null,false,cygwin,0,null
1124,10574,10564,false,2008-08-14T01:57:55.007,1,null,false,editor,0,null
1053,10581,10580,false,2008-08-14T02:16:32.660,6,null,false,binding,1,null
1053,10581,10580,false,2008-08-14T02:16:32.660,6,null,false,dynamic-binding,1,null
1053,10581,10580,false,2008-08-14T02:16:32.660,6,null,false,static-binding,1,null
718,31697,31693,false,2008-08-28T05:14:53.370,35,null,false,c#,1,null
718,31697,31693,false,2008-08-28T05:14:53.370,35,null,false,java,1,null
718,31697,31693,false,2008-08-28T05:14:53.370,35,null,false,c++,1,null
718,31697,31693,false,2008-08-28T05:14:53.370,35,null,false,generics,1,null
718,31697,31693,false,2008-08-28T05:14:53.370,35,null,false,templates,1,null
828,31698,31693,false,2008-08-28T05:15:45.163,1,null,false,c#,0,null
828,31698,31693,false,2008-08-28T05:15:45.163,1,null,false,java,0,null
828,31698,31693,false,2008-08-28T05:15:45.163,1,null,false,c++,0,null
828,31698,31693,false,2008-08-28T05:15:45.163,1,null,false,generics,0,null
828,31698,31693,false,2008-08-28T05:15:45.163,1,null,false,templates,0,null
1693,31704,31572,false,2008-08-28T05:19:57.803,1,null,false,.net,0,null
1693,31704,31572,false,2008-08-28T05:19:57.803,1,null,false,networking,0,null
1693,31704,31572,false,2008-08-28T05:19:57.803,1,null,false,tcp,0,null
1693,31704,31572,false,2008-08-28T05:19:57.803,1,null,false,udp,0,null
615,31710,31708,false,2008-08-28T05:23:15.067,29,null,false,c#,0,null
615,31710,31708,false,2008-08-28T05:23:15.067,29,null,false,linq,0,null
615,31710,31708,false,2008-08-28T05:23:15.067,29,null,false,generics,0,null
615,31710,31708,false,2008-08-28T05:23:15.067,29,null,false,listview,0,null
1109,36119,36093,false,2008-08-30T16:45:16.007,1,null,false,svn,0,null
1109,36119,36093,false,2008-08-30T16:45:16.007,1,null,false,versioning,0,null
1109,36119,36093,false,2008-08-30T16:45:16.007,1,null,false,photoshop,0,null
737,7796,7720,false,2008-08-11T13:48:31.593,2,null,false,java,0,null
737,7796,7720,false,2008-08-11T13:48:31.593,2,null,false,windows,0,null
737,7796,7720,false,2008-08-11T13:48:31.593,2,null,false,swt,0,null
737,7796,7720,false,2008-08-11T13:48:31.593,2,null,false,executable,0,null
737,7796,7720,false,2008-08-11T13:48:31.593,2,null,false,software-distribution,0,null
383,7799,7719,false,2008-08-11T13:54:46.793,0,null,false,c#,0,null
383,7799,7719,false,2008-08-11T13:54:46.793,0,null,false,.net,0,null
383,7799,7719,false,2008-08-11T13:54:46.793,0,null,false,events,0,null
383,7799,7719,false,2008-08-11T13:54:46.793,0,null,false,windows-mobile,0,null
106,7800,7773,false,2008-08-11T13:55:29.630,10,null,false,asp.net,0,null
106,7800,7773,false,2008-08-11T13:55:29.630,10,null,false,javascript,0,null
900,7801,7758,false,2008-08-11T13:56:55.617,1,null,false,.net,0,null
900,7801,7758,false,2008-08-11T13:56:55.617,1,null,false,wpf,0,null
900,7801,7758,false,2008-08-11T13:56:55.617,1,null,false,silverlight,0,null
900,7801,7758,false,2008-08-11T13:56:55.617,1,null,false,xaml,0,null
900,7801,7758,false,2008-08-11T13:56:55.617,1,null,false,binding,0,null
279,7802,7685,false,2008-08-11T13:57:59.063,6,null,false,algorithm,0,null
279,7802,7685,false,2008-08-11T13:57:59.063,6,null,false,sorting,0,null
279,7802,7685,false,2008-08-11T13:57:59.063,6,null,false,linked-list,0,null
279,7802,7685,false,2008-08-11T13:57:59.063,6,null,false,mergesort,0,null
631,7805,7719,false,2008-08-11T14:02:17.387,0,null,false,c#,0,null
631,7805,7719,false,2008-08-11T14:02:17.387,0,null,false,.net,0,null
631,7805,7719,false,2008-08-11T14:02:17.387,0,null,false,events,0,null
631,7805,7719,false,2008-08-11T14:02:17.387,0,null,false,windows-mobile,0,null
838,27561,27532,false,2008-08-26T08:32:19.997,13,null,false,java,0,null
838,27561,27532,false,2008-08-26T08:32:19.997,13,null,false,colors,0,null
838,27561,27532,false,2008-08-26T08:32:19.997,13,null,false,rgb,0,null
838,27561,27532,false,2008-08-26T08:32:19.997,13,null,false,gradient,0,null
2936,27563,27559,false,2008-08-26T08:36:59.720,1,null,false,vb.net,0,null
2936,27563,27559,false,2008-08-26T08:36:59.720,1,null,false,templates,0,null
2936,27563,27559,false,2008-08-26T08:36:59.720,1,null,false,file,0,null
2936,27563,27559,false,2008-08-26T08:36:59.720,1,null,false,resharper,0,null
2811,27569,27562,false,2008-08-26T08:42:04.793,1,null,false,oracle,0,null
1771,15044,15040,false,2008-08-18T18:29:40.917,5,null,false,ubuntu,0,null
1771,15044,15040,false,2008-08-18T18:29:40.917,5,null,false,vmware,0,null
1771,15044,15040,false,2008-08-18T18:29:40.917,5,null,false,lamp,0,null
1365,15045,15024,false,2008-08-18T18:29:58.310,0,null,false,version-control,0,null
1365,15045,15024,false,2008-08-18T18:29:58.310,0,null,false,bug-tracking,0,null
1365,15045,15024,false,2008-08-18T18:29:58.310,0,null,false,dailybuilds,0,null
202,19434,19433,false,2008-08-21T07:10:45.443,1,null,false,audio,0,null
224,1621,1610,false,2008-08-04T21:54:18.707,85,null,false,sql-server,0,null
192,1624,1610,false,2008-08-04T22:00:53.233,6,null,false,sql-server,0,null
92,1627,1625,false,2008-08-04T22:01:59.580,9,null,false,windows,0,null
92,1627,1625,false,2008-08-04T22:01:59.580,9,null,false,xml,0,null
92,1627,1625,false,2008-08-04T22:01:59.580,9,null,false,linux,0,null
52,1628,1615,false,2008-08-04T22:02:35.180,5,null,false,ruby,1,null
52,1628,1615,false,2008-08-04T22:02:35.180,5,null,false,language-agnostic,1,null
52,1628,1615,false,2008-08-04T22:02:35.180,5,null,false,xfdl,1,null
27,1640,1623,false,2008-08-04T22:14:17.310,4,null,false,visual-studio,0,null
27,1640,1623,false,2008-08-04T22:14:17.310,4,null,false,projects-and-solutions,0,null
1190,10582,10580,false,2008-08-14T02:16:42.283,19,null,false,binding,0,null
1190,10582,10580,false,2008-08-14T02:16:42.283,19,null,false,dynamic-binding,0,null
1190,10582,10580,false,2008-08-14T02:16:42.283,19,null,false,static-binding,0,null
1190,10584,10580,false,2008-08-14T02:21:56.207,3,null,false,binding,1,null
1190,10584,10580,false,2008-08-14T02:21:56.207,3,null,false,dynamic-binding,1,null
1190,10584,10580,false,2008-08-14T02:21:56.207,3,null,false,static-binding,1,null
202,10587,10580,false,2008-08-14T02:24:04.047,69,null,false,binding,2,null
202,10587,10580,false,2008-08-14T02:24:04.047,69,null,false,dynamic-binding,2,null
202,10587,10580,false,2008-08-14T02:24:04.047,69,null,false,static-binding,2,null
493,31712,31708,false,2008-08-28T05:23:30.807,1,null,false,c#,1,null
493,31712,31708,false,2008-08-28T05:23:30.807,1,null,false,linq,1,null
493,31712,31708,false,2008-08-28T05:23:30.807,1,null,false,generics,1,null
493,31712,31708,false,2008-08-28T05:23:30.807,1,null,false,listview,1,null
372,31713,31708,false,2008-08-28T06:21:44.880,3,null,false,c#,0,null
372,31713,31708,false,2008-08-28T06:21:44.880,3,null,false,linq,0,null
372,31713,31708,false,2008-08-28T06:21:44.880,3,null,false,generics,0,null
372,31713,31708,false,2008-08-28T06:21:44.880,3,null,false,listview,0,null
2150,31721,31693,false,2008-08-28T06:32:49.283,1,null,false,c#,0,null
2150,31721,31693,false,2008-08-28T06:32:49.283,1,null,false,java,0,null
2150,31721,31693,false,2008-08-28T06:32:49.283,1,null,false,c++,0,null
2150,31721,31693,false,2008-08-28T06:32:49.283,1,null,false,generics,0,null
2150,31721,31693,false,2008-08-28T06:32:49.283,1,null,false,templates,0,null
1200,39372,39364,false,2008-09-02T12:27:00.203,1,null,false,php,0,null
1200,39372,39364,false,2008-09-02T12:27:00.203,1,null,false,zend-framework,0,null
283,25529,25519,false,2008-08-25T01:11:56.960,8,null,false,asp.net,0,null
283,25529,25519,false,2008-08-25T01:11:56.960,8,null,false,html,0,null
283,25529,25519,false,2008-08-25T01:11:56.960,8,null,false,vb.net,0,null
55,78,4,false,2008-08-01T13:53:06.357,68,null,false,c#,0,null
55,78,4,false,2008-08-01T13:53:06.357,68,null,false,floating-point,0,null
55,78,4,false,2008-08-01T13:53:06.357,68,null,false,type-conversion,0,null
55,78,4,false,2008-08-01T13:53:06.357,68,null,false,double,0,null
55,78,4,false,2008-08-01T13:53:06.357,68,null,false,decimal,0,null
41,81,34,false,2008-08-01T14:03:22.230,15,null,false,arrays,0,null
41,81,34,false,2008-08-01T14:03:22.230,15,null,false,actionscript-3,0,null
41,81,34,false,2008-08-01T14:03:22.230,15,null,false,apache-flex,0,null
905,9233,9228,false,2008-08-12T20:53:40.690,3,null,false,sql-server,0,null
905,9233,9228,false,2008-08-12T20:53:40.690,3,null,false,performance,0,null
905,9233,9228,false,2008-08-12T20:53:40.690,3,null,false,ado.net,0,null
2120,18303,18284,false,2008-08-20T16:17:23.330,1,null,false,language-agnostic,0,null
2120,18303,18284,false,2008-08-20T16:17:23.330,1,null,false,web-applications,0,null
2120,18303,18284,false,2008-08-20T16:17:23.330,1,null,false,resources,0,null
1951,18306,18292,false,2008-08-20T16:21:08.513,3,null,false,windows,0,null
1951,18306,18292,false,2008-08-20T16:21:08.513,3,null,false,deployment,0,null
1951,18306,18292,false,2008-08-20T16:21:08.513,3,null,false,ssh,0,null
1951,18306,18292,false,2008-08-20T16:21:08.513,3,null,false,winscp,0,null
1912,18307,18284,false,2008-08-20T16:21:13.583,10,null,false,language-agnostic,0,null
1912,18307,18284,false,2008-08-20T16:21:13.583,10,null,false,web-applications,0,null
1912,18307,18284,false,2008-08-20T16:21:13.583,10,null,false,resources,0,null
225,1646,1600,false,2008-08-04T22:18:05.460,4,null,false,sql-server,0,null
225,1646,1600,false,2008-08-04T22:18:05.460,4,null,false,sql-server-2008,0,null
52,1647,1615,false,2008-08-04T22:18:47.987,2,null,false,ruby,0,null
52,1647,1615,false,2008-08-04T22:18:47.987,2,null,false,language-agnostic,0,null
52,1647,1615,false,2008-08-04T22:18:47.987,2,null,false,xfdl,0,null
1384652,1649,1644,false,2008-08-04T22:21:17.030,10,null,true,podcast,0,null
72,1651,1625,false,2008-08-04T22:23:14.030,8,null,false,windows,0,null
72,1651,1625,false,2008-08-04T22:23:14.030,8,null,false,xml,0,null
72,1651,1625,false,2008-08-04T22:23:14.030,8,null,false,linux,0,null
117,1653,1625,false,2008-08-04T22:26:04.227,3,null,false,windows,0,null
117,1653,1625,false,2008-08-04T22:26:04.227,3,null,false,xml,0,null
117,1653,1625,false,2008-08-04T22:26:04.227,3,null,false,linux,0,null
199,1654,1644,false,2008-08-04T22:26:29.483,29,null,true,podcast,0,null
814,18313,18305,false,2008-08-20T16:25:29.720,3,null,false,iis,1,null
814,18313,18305,false,2008-08-20T16:25:29.720,3,null,false,webserver,1,null
814,18313,18305,false,2008-08-20T16:25:29.720,3,null,false,web-farm,1,null
419,18315,18305,false,2008-08-20T16:27:04.087,0,null,false,iis,2,null
419,18315,18305,false,2008-08-20T16:27:04.087,0,null,false,webserver,2,null
419,18315,18305,false,2008-08-20T16:27:04.087,0,null,false,web-farm,2,null
1293,18316,18194,false,2008-08-20T16:27:06.970,5,null,false,sql,0,null
1293,18316,18194,false,2008-08-20T16:27:06.970,5,null,false,sql-server,0,null
1293,18316,18194,false,2008-08-20T16:27:06.970,5,null,false,database,0,null
317,18318,18292,false,2008-08-20T16:28:23.660,3,null,false,windows,0,null
317,18318,18292,false,2008-08-20T16:28:23.660,3,null,false,deployment,0,null
317,18318,18292,false,2008-08-20T16:28:23.660,3,null,false,ssh,0,null
317,18318,18292,false,2008-08-20T16:28:23.660,3,null,false,winscp,0,null
770,18322,18298,false,2008-08-20T16:29:50.897,2,null,false,apache-flex,1,null
770,18322,18298,false,2008-08-20T16:29:50.897,2,null,false,air,1,null
1574,33498,33485,false,2008-08-28T21:58:23.677,0,null,false,asp.net,0,null
1574,33498,33485,false,2008-08-28T21:58:23.677,0,null,false,silverlight,0,null
1335,33500,31722,false,2008-08-28T22:00:34.093,17,null,false,javascript,0,null
1335,33500,31722,false,2008-08-28T22:00:34.093,17,null,false,html,0,null
1335,33500,31722,false,2008-08-28T22:00:34.093,17,null,false,diff,0,null
2988,33502,33347,false,2008-08-28T22:00:41.160,7,null,false,javascript,2,null
2988,33502,33347,false,2008-08-28T22:00:41.160,7,null,false,ajax,2,null
2988,33502,33347,false,2008-08-28T22:00:41.160,7,null,false,svg,2,null
1806,33504,33471,false,2008-08-28T22:01:21.703,1,null,false,svn,0,null
1806,33504,33471,false,2008-08-28T22:01:21.703,1,null,false,command-line,0,null
1806,33504,33471,false,2008-08-28T22:01:21.703,1,null,false,merge,0,null
1806,33504,33471,false,2008-08-28T22:01:21.703,1,null,false,conflict,0,null
3488,33507,33469,false,2008-08-28T22:02:53.150,1,null,false,asp.net,0,null
3488,33507,33469,false,2008-08-28T22:02:53.150,1,null,false,caching,0,null
1490,33509,33497,false,2008-08-28T22:02:57.940,3,null,false,c#,0,null
1490,33509,33497,false,2008-08-28T22:02:57.940,3,null,false,java,0,null
1490,33509,33497,false,2008-08-28T22:02:57.940,3,null,false,api,0,null
1490,33509,33497,false,2008-08-28T22:02:57.940,3,null,false,exception,0,null
52,1655,1625,false,2008-08-04T22:27:00.810,2,null,false,windows,0,null
52,1655,1625,false,2008-08-04T22:27:00.810,2,null,false,xml,0,null
52,1655,1625,false,2008-08-04T22:27:00.810,2,null,false,linux,0,null
122,1656,1607,false,2008-08-04T22:28:58.713,5,null,false,php,1,null
122,1656,1607,false,2008-08-04T22:28:58.713,5,null,false,mysql,1,null
122,1656,1607,false,2008-08-04T22:28:58.713,5,null,false,database,1,null
122,1656,1607,false,2008-08-04T22:28:58.713,5,null,false,svn,1,null
122,1656,1607,false,2008-08-04T22:28:58.713,5,null,false,migration,1,null
207,1657,1625,false,2008-08-04T22:30:00.537,4,null,false,windows,0,null
207,1657,1625,false,2008-08-04T22:30:00.537,4,null,false,xml,0,null
207,1657,1625,false,2008-08-04T22:30:00.537,4,null,false,linux,0,null
308,1660,1644,false,2008-08-04T22:35:52.133,91,null,true,podcast,3,null
116,1661,1644,false,2008-08-04T22:36:18.327,19,null,true,podcast,0,null
3,1665,1623,false,2008-08-04T22:42:55.067,7,null,false,visual-studio,0,null
3,1665,1623,false,2008-08-04T22:42:55.067,7,null,false,projects-and-solutions,0,null
216,1666,1607,false,2008-08-04T22:45:11.443,57,null,false,php,2,null
216,1666,1607,false,2008-08-04T22:45:11.443,57,null,false,mysql,2,null
216,1666,1607,false,2008-08-04T22:45:11.443,57,null,false,database,2,null
216,1666,1607,false,2008-08-04T22:45:11.443,57,null,false,svn,2,null
216,1666,1607,false,2008-08-04T22:45:11.443,57,null,false,migration,2,null
3030,33514,33497,false,2008-08-28T22:05:52.130,1,null,false,c#,0,null
3030,33514,33497,false,2008-08-28T22:05:52.130,1,null,false,java,0,null
3030,33514,33497,false,2008-08-28T22:05:52.130,1,null,false,api,0,null
3030,33514,33497,false,2008-08-28T22:05:52.130,1,null,false,exception,0,null
1790,33515,33513,false,2008-08-28T22:06:45.450,8,null,false,version-control,1,null
1790,33515,33513,false,2008-08-28T22:06:45.450,8,null,false,projects,1,null
1790,33515,33513,false,2008-08-28T22:06:45.450,8,null,false,project-hosting,1,null
3474,33516,33438,false,2008-08-28T22:07:04.733,8,null,false,java,0,null
3474,33516,33438,false,2008-08-28T22:07:04.733,8,null,false,database,0,null
3474,33516,33438,false,2008-08-28T22:07:04.733,8,null,false,hibernate,0,null
3474,33516,33438,false,2008-08-28T22:07:04.733,8,null,false,text-files,0,null
327,33517,33510,false,2008-08-28T22:08:02.640,0,null,false,compiled,0,null
327,33517,33510,false,2008-08-28T22:08:02.640,0,null,false,interpreted-language,0,null
459,33519,33459,false,2008-08-28T22:09:06.130,1,null,false,html,0,null
459,33519,33459,false,2008-08-28T22:09:06.130,1,null,false,flash,0,null
356,33520,33513,false,2008-08-28T22:09:36.707,0,null,false,version-control,0,null
356,33520,33513,false,2008-08-28T22:09:36.707,0,null,false,projects,0,null
356,33520,33513,false,2008-08-28T22:09:36.707,0,null,false,project-hosting,0,null
223,33523,33485,false,2008-08-28T22:11:07.267,0,null,false,asp.net,0,null
223,33523,33485,false,2008-08-28T22:11:07.267,0,null,false,silverlight,0,null
327,33528,33513,false,2008-08-28T22:14:11.643,4,null,false,version-control,0,null
327,33528,33513,false,2008-08-28T22:14:11.643,4,null,false,projects,0,null
327,33528,33513,false,2008-08-28T22:14:11.643,4,null,false,project-hosting,0,null
636,18323,18305,false,2008-08-20T16:30:24.920,2,null,false,iis,0,null
636,18323,18305,false,2008-08-20T16:30:24.920,2,null,false,webserver,0,null
636,18323,18305,false,2008-08-20T16:30:24.920,2,null,false,web-farm,0,null
740,18325,18167,false,2008-08-20T16:31:44.887,0,null,false,asp.net,0,null
740,18325,18167,false,2008-08-20T16:31:44.887,0,null,false,sql-server,0,null
2147,18327,18292,false,2008-08-20T16:32:33.900,8,null,false,windows,3,null
2147,18327,18292,false,2008-08-20T16:32:33.900,8,null,false,deployment,3,null
2147,18327,18292,false,2008-08-20T16:32:33.900,8,null,false,ssh,3,null
2147,18327,18292,false,2008-08-20T16:32:33.900,8,null,false,winscp,3,null
1731,18329,18194,false,2008-08-20T16:33:41.027,3,null,false,sql,0,null
1731,18329,18194,false,2008-08-20T16:33:41.027,3,null,false,sql-server,0,null
1731,18329,18194,false,2008-08-20T16:33:41.027,3,null,false,database,0,null
1662,27573,27568,false,2008-08-26T08:43:38.020,3,null,false,simulator,0,null
1662,27573,27568,false,2008-08-26T08:43:38.020,3,null,false,assembly,0,null
267,27574,27570,false,2008-08-26T08:44:28.627,0,null,false,c#,0,null
267,27574,27570,false,2008-08-26T08:44:28.627,0,null,false,file,0,null
267,27574,27570,false,2008-08-26T08:44:28.627,0,null,false,recursion,0,null
2257,27576,27568,false,2008-08-26T08:45:07.407,1,null,false,simulator,0,null
2257,27576,27568,false,2008-08-26T08:45:07.407,1,null,false,assembly,0,null
2937,27579,27562,false,2008-08-26T08:47:39.430,5,null,false,oracle,0,null
2257,27582,27578,false,2008-08-26T08:51:27.593,64,null,false,java,1,null
2257,27582,27578,false,2008-08-26T08:51:27.593,64,null,false,exception,1,null
2257,27582,27578,false,2008-08-26T08:51:27.593,64,null,false,checked-exceptions,1,null
71,33530,33485,false,2008-08-28T22:15:21.983,3,null,false,asp.net,0,null
71,33530,33485,false,2008-08-28T22:15:21.983,3,null,false,silverlight,0,null
71,33532,33529,false,2008-08-28T22:17:45.253,12,null,false,asp.net,3,null
71,33532,33529,false,2008-08-28T22:17:45.253,12,null,false,cookies,3,null
71,33532,33529,false,2008-08-28T22:17:45.253,12,null,false,xss,3,null
71,33532,33529,false,2008-08-28T22:17:45.253,12,null,false,httponly,3,null
356,33533,33485,false,2008-08-28T22:17:54.987,4,null,false,asp.net,0,null
356,33533,33485,false,2008-08-28T22:17:54.987,4,null,false,silverlight,0,null
825,33535,33513,false,2008-08-28T22:18:06.563,2,null,false,version-control,0,null
825,33535,33513,false,2008-08-28T22:18:06.563,2,null,false,projects,0,null
825,33535,33513,false,2008-08-28T22:18:06.563,2,null,false,project-hosting,0,null
357,12267,12243,false,2008-08-15T14:01:08.433,7,null,false,architecture,0,null
357,12267,12243,false,2008-08-15T14:01:08.433,7,null,false,module,0,null
357,12267,12243,false,2008-08-15T14:01:08.433,7,null,false,namespaces,0,null
357,12267,12243,false,2008-08-15T14:01:08.433,7,null,false,legacy,0,null
419,12272,12268,false,2008-08-15T14:04:06.180,2,null,true,.net,0,null
419,12272,12268,false,2008-08-15T14:04:06.180,2,null,true,reflector,0,null
905,12274,12268,false,2008-08-15T14:07:58.543,9,null,true,.net,0,null
905,12274,12268,false,2008-08-15T14:07:58.543,9,null,true,reflector,0,null
987,12279,11,false,2008-08-15T14:20:04.133,12,null,true,c#,0,null
987,12279,11,false,2008-08-15T14:20:04.133,12,null,true,datetime,0,null
987,12279,11,false,2008-08-15T14:20:04.133,12,null,true,time,0,null
987,12279,11,false,2008-08-15T14:20:04.133,12,null,true,datediff,0,null
987,12279,11,false,2008-08-15T14:20:04.133,12,null,true,relative-time-span,0,null
91,3139,3136,false,2008-08-06T07:21:32.430,11,null,false,cron,0,null
91,3139,3136,false,2008-08-06T07:21:32.430,11,null,false,settings,0,null
1490,33539,33403,false,2008-08-28T22:18:58.400,1,null,false,.net,3,null
1490,33539,33403,false,2008-08-28T22:18:58.400,1,null,false,performance,3,null
1490,33539,33403,false,2008-08-28T22:18:58.400,1,null,false,generics,3,null
1490,33539,33403,false,2008-08-28T22:18:58.400,1,null,false,list,3,null
1490,33539,33403,false,2008-08-28T22:18:58.400,1,null,false,memory,3,null
633,33541,33529,false,2008-08-28T22:19:38.587,76,null,false,asp.net,2,null
633,33541,33529,false,2008-08-28T22:19:38.587,76,null,false,cookies,2,null
633,33541,33529,false,2008-08-28T22:19:38.587,76,null,false,xss,2,null
633,33541,33529,false,2008-08-28T22:19:38.587,76,null,false,httponly,2,null
1196,33542,33497,false,2008-08-28T22:19:56.480,1,null,false,c#,0,null
1196,33542,33497,false,2008-08-28T22:19:56.480,1,null,false,java,0,null
1196,33542,33497,false,2008-08-28T22:19:56.480,1,null,false,api,0,null
1196,33542,33497,false,2008-08-28T22:19:56.480,1,null,false,exception,0,null
1219,16400,16363,false,2008-08-19T15:26:01.020,0,null,false,visual-studio,0,null
1219,16400,16363,false,2008-08-19T15:26:01.020,0,null,false,debugging,0,null
1954,16408,16340,false,2008-08-19T15:31:02.757,1,null,false,c#,0,null
1954,16408,16340,false,2008-08-19T15:31:02.757,1,null,false,hash,0,null
3119,33556,33534,false,2008-08-28T22:28:36.413,0,null,false,python,0,null
96,33557,33513,false,2008-08-28T22:29:12.743,2,null,false,version-control,0,null
96,33557,33513,false,2008-08-28T22:29:12.743,2,null,false,projects,0,null
96,33557,33513,false,2008-08-28T22:29:12.743,2,null,false,project-hosting,0,null
1768,33561,33478,false,2008-08-28T22:31:11.507,1,null,false,asp.net,0,null
1768,33561,33478,false,2008-08-28T22:31:11.507,1,null,false,controls,0,null
2774,33563,33534,false,2008-08-28T22:32:40.147,6,null,false,python,1,null
3488,33564,33497,false,2008-08-28T22:32:53.390,15,null,false,c#,0,null
3488,33564,33497,false,2008-08-28T22:32:53.390,15,null,false,java,0,null
3488,33564,33497,false,2008-08-28T22:32:53.390,15,null,false,api,0,null
3488,33564,33497,false,2008-08-28T22:32:53.390,15,null,false,exception,0,null
275,1667,1623,false,2008-08-04T22:45:32.940,18,null,false,visual-studio,2,null
275,1667,1623,false,2008-08-04T22:45:32.940,18,null,false,projects-and-solutions,2,null
230,1670,1607,false,2008-08-04T22:47:46.993,5,null,false,php,1,null
230,1670,1607,false,2008-08-04T22:47:46.993,5,null,false,mysql,1,null
230,1670,1607,false,2008-08-04T22:47:46.993,5,null,false,database,1,null
230,1670,1607,false,2008-08-04T22:47:46.993,5,null,false,svn,1,null
230,1670,1607,false,2008-08-04T22:47:46.993,5,null,false,migration,1,null
91,1672,1669,false,2008-08-04T22:52:00.650,1196,null,true,compiler-construction,4,null
91,1672,1669,false,2008-08-04T22:52:00.650,1196,null,true,language-agnostic,4,null
308,1673,1300,false,2008-08-04T22:52:31.677,15,null,false,.net,0,null
308,1673,1300,false,2008-08-04T22:52:31.677,15,null,false,.net-3.5,0,null
308,1673,1300,false,2008-08-04T22:52:31.677,15,null,false,msbuild,0,null
308,1673,1300,false,2008-08-04T22:52:31.677,15,null,false,nant,0,null
52,1678,1669,false,2008-08-04T22:56:30.767,32,null,true,compiler-construction,1,null
52,1678,1669,false,2008-08-04T22:56:30.767,32,null,true,language-agnostic,1,null
372,27584,27570,false,2008-08-26T08:53:42.380,37,null,false,c#,5,null
372,27584,27570,false,2008-08-26T08:53:42.380,37,null,false,file,5,null
372,27584,27570,false,2008-08-26T08:53:42.380,37,null,false,recursion,5,null
718,27585,27570,false,2008-08-26T08:53:50.867,7,null,false,c#,0,null
718,27585,27570,false,2008-08-26T08:53:50.867,7,null,false,file,0,null
718,27585,27570,false,2008-08-26T08:53:50.867,7,null,false,recursion,0,null
2257,27587,27572,false,2008-08-26T08:55:42.623,1,null,false,java,0,null
2257,27587,27572,false,2008-08-26T08:55:42.623,1,null,false,daemon,0,null
987,27589,27568,false,2008-08-26T08:57:27.563,3,null,false,simulator,0,null
987,27589,27568,false,2008-08-26T08:57:27.563,3,null,false,assembly,0,null
312,30240,30188,false,2008-08-27T14:16:30.067,2,null,false,c#,0,null
312,30240,30188,false,2008-08-27T14:16:30.067,2,null,false,json,0,null
312,30240,30188,false,2008-08-27T14:16:30.067,2,null,false,serialization,0,null
312,30240,30188,false,2008-08-27T14:16:30.067,2,null,false,date,0,null
312,30240,30188,false,2008-08-27T14:16:30.067,2,null,false,castle-monorail,0,null
3163,30241,30184,false,2008-08-27T14:16:50.533,27,null,false,.net,2,null
3163,30241,30184,false,2008-08-27T14:16:50.533,27,null,false,winforms,2,null
1638,33567,33510,false,2008-08-28T22:34:48.753,1,null,false,compiled,0,null
1638,33567,33510,false,2008-08-28T22:34:48.753,1,null,false,interpreted-language,0,null
3259,33570,27288,false,2008-08-28T22:37:10.790,1,null,false,vb.net,0,null
3259,33570,27288,false,2008-08-28T22:37:10.790,1,null,false,excel,0,null
9,33576,33559,false,2008-08-28T22:42:57.173,16,null,false,powershell,1,null
9,33576,33559,false,2008-08-28T22:42:57.173,16,null,false,scripting,1,null
423,6411,6406,false,2008-08-08T21:44:53.863,-1,null,false,c#,0,null
423,6411,6406,false,2008-08-08T21:44:53.863,-1,null,false,.net,0,null
521,6412,6406,false,2008-08-08T21:46:22.053,17,null,false,c#,0,null
521,6412,6406,false,2008-08-08T21:46:22.053,17,null,false,.net,0,null
419,6413,6406,false,2008-08-08T21:48:28.193,3,null,false,c#,0,null
419,6413,6406,false,2008-08-08T21:48:28.193,3,null,false,.net,0,null
521,6415,6414,false,2008-08-08T21:50:09.347,30,null,false,c#,0,null
521,6415,6414,false,2008-08-08T21:50:09.347,30,null,false,loops,0,null
521,6415,6414,false,2008-08-08T21:50:09.347,30,null,false,break,0,null
521,6415,6414,false,2008-08-08T21:50:09.347,30,null,false,enumeration,0,null
521,6415,6414,false,2008-08-08T21:50:09.347,30,null,false,continue,0,null
2954,33580,33510,false,2008-08-28T22:45:33.983,2,null,false,compiled,0,null
2954,33580,33510,false,2008-08-28T22:45:33.983,2,null,false,interpreted-language,0,null
394,33582,33559,false,2008-08-28T22:46:34.903,2,null,false,powershell,0,null
394,33582,33559,false,2008-08-28T22:46:34.903,2,null,false,scripting,0,null
3488,33587,33510,false,2008-08-28T22:51:31.397,1,null,false,compiled,0,null
3488,33587,33510,false,2008-08-28T22:51:31.397,1,null,false,interpreted-language,0,null
810,7816,7773,false,2008-08-11T14:13:11.763,4,null,false,asp.net,0,null
810,7816,7773,false,2008-08-11T14:13:11.763,4,null,false,javascript,0,null
493,7824,7652,false,2008-08-11T14:21:19.843,0,null,false,database,1,null
493,7824,7652,false,2008-08-11T14:21:19.843,0,null,false,linq,1,null
493,7824,7652,false,2008-08-11T14:21:19.843,0,null,false,orm,1,null
164,7829,7651,false,2008-08-11T14:27:46.150,129,null,false,perl,4,null
164,7829,7651,false,2008-08-11T14:27:46.150,129,null,false,arrays,4,null
164,7829,7651,false,2008-08-11T14:27:46.150,129,null,false,unique,4,null
164,7829,7651,false,2008-08-11T14:27:46.150,129,null,false,duplicates,4,null
4192,39376,34486,false,2008-09-02T12:31:25.950,1,null,false,javascript,0,null
4192,39376,34486,false,2008-09-02T12:31:25.950,1,null,false,ajax,0,null
905,39380,39374,false,2008-09-02T12:33:05.743,4,null,false,readability,0,null
202,39382,39374,false,2008-09-02T12:33:35.570,0,null,false,readability,0,null
4213,39383,37271,false,2008-09-02T12:33:48.533,0,null,false,java,0,null
4213,39383,37271,false,2008-09-02T12:33:48.533,0,null,false,persistence,0,null
4213,39383,37271,false,2008-09-02T12:33:48.533,0,null,false,desktop,0,null
4213,39383,37271,false,2008-09-02T12:33:48.533,0,null,false,oop,0,null
1185,39386,39374,false,2008-09-02T12:34:59.030,9,null,false,readability,0,null
1349865,39387,39364,false,2008-09-02T12:35:03.197,3,null,false,php,0,null
1349865,39387,39364,false,2008-09-02T12:35:03.197,3,null,false,zend-framework,0,null
1065,12285,12268,false,2008-08-15T14:24:13.143,6,null,true,.net,0,null
1065,12285,12268,false,2008-08-15T14:24:13.143,6,null,true,reflector,0,null
414,12292,12271,false,2008-08-15T14:31:21.867,0,null,false,visual-studio,0,null
414,12292,12271,false,2008-08-15T14:31:21.867,0,null,false,templates,0,null
,27591,27578,false,2008-08-26T08:57:53.243,-13,null,false,java,2,null
,27591,27578,false,2008-08-26T08:57:53.243,-13,null,false,exception,2,null
,27591,27578,false,2008-08-26T08:57:53.243,-13,null,false,checked-exceptions,2,null
1830,27592,27570,false,2008-08-26T08:58:03.803,1,null,false,c#,0,null
1830,27592,27570,false,2008-08-26T08:58:03.803,1,null,false,file,0,null
1830,27592,27570,false,2008-08-26T08:58:03.803,1,null,false,recursion,0,null
269,27595,27568,false,2008-08-26T09:00:50.600,2,null,false,simulator,0,null
269,27595,27568,false,2008-08-26T09:00:50.600,2,null,false,assembly,0,null
1796,33588,16322,false,2008-08-28T22:52:29.147,7,null,false,linq,0,null
1796,33588,16322,false,2008-08-28T22:52:29.147,7,null,false,linq-to-sql,0,null
1796,33588,16322,false,2008-08-28T22:52:29.147,7,null,false,linq-to-entities,0,null
1796,33588,16322,false,2008-08-28T22:52:29.147,7,null,false,linq-to-objects,0,null
2147,33591,33510,false,2008-08-28T22:55:07.003,1,null,false,compiled,0,null
2147,33591,33510,false,2008-08-28T22:55:07.003,1,null,false,interpreted-language,0,null
1942,39390,39374,false,2008-09-02T12:37:17.963,1,null,false,readability,2,null
202,39393,39389,false,2008-09-02T12:38:31.957,10,null,false,sharepoint,0,null
202,39393,39389,false,2008-09-02T12:38:31.957,10,null,false,moss,0,null
202,39393,39389,false,2008-09-02T12:38:31.957,10,null,false,sharepoint-designer,0,null
832,39394,39374,false,2008-09-02T12:39:12.157,6,null,false,readability,4,null
,1686,1669,false,2008-08-04T23:08:18.603,47,null,true,compiler-construction,2,null
,1686,1669,false,2008-08-04T23:08:18.603,47,null,true,language-agnostic,2,null
230,1687,1683,false,2008-08-04T23:10:05.497,0,null,false,asp.net,2,null
230,1687,1683,false,2008-08-04T23:10:05.497,0,null,false,profile,2,null
905,39398,39331,false,2008-09-02T12:40:24.650,8,null,false,sql,0,null
905,39398,39331,false,2008-09-02T12:40:24.650,8,null,false,performance,0,null
184,39401,39395,false,2008-09-02T12:41:54.070,1,null,false,c#,0,null
184,39401,39395,false,2008-09-02T12:41:54.070,1,null,false,pi,0,null
2018,39404,39395,false,2008-09-02T12:44:04.220,45,null,false,c#,6,null
2018,39404,39395,false,2008-09-02T12:44:04.220,45,null,false,pi,6,null
2018,27600,27567,false,2008-08-26T09:06:33.207,2,null,false,python,0,null
2018,27600,27567,false,2008-08-26T09:06:33.207,2,null,false,translation,0,null
2018,27600,27567,false,2008-08-26T09:06:33.207,2,null,false,pypy,0,null
2025,27603,27599,false,2008-08-26T09:08:45.697,0,null,false,php,0,null
2025,27603,27599,false,2008-08-26T09:08:45.697,0,null,false,unicode,0,null
2025,27603,27599,false,2008-08-26T09:08:45.697,0,null,false,sms,0,null
2025,27603,27599,false,2008-08-26T09:08:45.697,0,null,false,gsm,0,null
77,12295,12294,false,2008-08-15T14:33:25.123,6,null,false,charts,0,null
77,12295,12294,false,2008-08-15T14:33:25.123,6,null,false,timeline,0,null
2948,27609,27581,false,2008-08-26T09:12:42.910,1478,null,true,java,24,null
2948,27609,27581,false,2008-08-26T09:12:42.910,1478,null,true,overriding,24,null
2948,27609,27581,false,2008-08-26T09:12:42.910,1478,null,true,equals,24,null
2948,27609,27581,false,2008-08-26T09:12:42.910,1478,null,true,hashcode,24,null
2194,41926,41908,false,2008-09-03T15:23:00.490,0,null,false,c#,0,null
2194,41926,41908,false,2008-09-03T15:23:00.490,0,null,false,asp.net,0,null
2194,41926,41908,false,2008-09-03T15:23:00.490,0,null,false,winforms,0,null
2194,41926,41908,false,2008-09-03T15:23:00.490,0,null,false,visual-studio,0,null
572,41929,41925,false,2008-09-03T15:23:31.927,3,null,false,database,0,null
3535,44870,44853,false,2008-09-04T21:51:26.010,54,null,false,java,3,null
3535,44870,44853,false,2008-09-04T21:51:26.010,54,null,false,ant,3,null
3535,44870,44853,false,2008-09-04T21:51:26.010,54,null,false,javadoc,3,null
3535,44870,44853,false,2008-09-04T21:51:26.010,54,null,false,classcastexception,3,null
4330,44872,44864,false,2008-09-04T21:53:27.143,2,null,false,html,0,null
4330,44872,44864,false,2008-09-04T21:53:27.143,2,null,false,css,0,null
91,1688,1683,false,2008-08-04T23:10:30.207,0,null,false,asp.net,0,null
91,1688,1683,false,2008-08-04T23:10:30.207,0,null,false,profile,0,null
101,1693,1669,false,2008-08-04T23:13:49.450,26,null,true,compiler-construction,1,null
101,1693,1669,false,2008-08-04T23:13:49.450,26,null,true,language-agnostic,1,null
59,1704,1679,false,2008-08-04T23:32:54.797,3,null,false,statistics,1,null
59,1704,1679,false,2008-08-04T23:32:54.797,3,null,false,spss,1,null
2783,27611,27578,false,2008-08-26T09:13:07.247,1,null,false,java,1,null
2783,27611,27578,false,2008-08-26T09:13:07.247,1,null,false,exception,1,null
2783,27611,27578,false,2008-08-26T09:13:07.247,1,null,false,checked-exceptions,1,null
2971,27614,27607,false,2008-08-26T09:17:59.637,4,null,false,c++,0,null
2971,27614,27607,false,2008-08-26T09:17:59.637,4,null,false,stl,0,null
2260,27619,27607,false,2008-08-26T09:21:00.020,0,null,false,c++,0,null
2260,27619,27607,false,2008-08-26T09:21:00.020,0,null,false,stl,0,null
1968,27620,27607,false,2008-08-26T09:22:30.797,0,null,false,c++,0,null
1968,27620,27607,false,2008-08-26T09:22:30.797,0,null,false,stl,0,null
5,18336,18272,false,2008-08-20T16:36:26.717,5,null,false,sql-server,1,null
5,18336,18272,false,2008-08-20T16:36:26.717,5,null,false,extended-properties,1,null
1190,18344,18290,false,2008-08-20T16:41:15.220,12,null,false,ruby-on-rails,0,null
1190,18344,18290,false,2008-08-20T16:41:15.220,12,null,false,security,0,null
1190,18344,18290,false,2008-08-20T16:41:15.220,12,null,false,deployment,0,null
3055,28546,28526,false,2008-08-26T16:32:31.653,0,null,false,visual-studio-2008,0,null
3055,28546,28526,false,2008-08-26T16:32:31.653,0,null,false,windows-vista,0,null
3002,28547,28530,false,2008-08-26T16:33:30.213,5,null,false,open-source,0,null
3095,28552,28538,false,2008-08-26T16:35:25.887,2,null,false,java,0,null
3095,28552,28538,false,2008-08-26T16:35:25.887,2,null,false,import,0,null
3095,28552,28538,false,2008-08-26T16:35:25.887,2,null,false,export,0,null
1830,28553,28530,false,2008-08-26T16:35:53.750,1,null,false,open-source,4,null
1968,28554,28530,false,2008-08-26T16:36:17.837,3,null,false,open-source,0,null
2998,28561,28530,false,2008-08-26T16:41:25.297,1,null,false,open-source,0,null
2555,33598,33545,false,2008-08-28T23:01:58.843,4,null,false,vb.net,0,null
2555,33598,33545,false,2008-08-28T23:01:58.843,4,null,false,linux,0,null
2555,33598,33545,false,2008-08-28T23:01:58.843,4,null,false,ms-access,0,null
3415,33602,33347,false,2008-08-28T23:06:27.243,2,null,false,javascript,0,null
3415,33602,33347,false,2008-08-28T23:06:27.243,2,null,false,ajax,0,null
3415,33602,33347,false,2008-08-28T23:06:27.243,2,null,false,svg,0,null
384,33603,33301,false,2008-08-28T23:06:55.713,0,null,false,asp.net,0,null
384,33603,33301,false,2008-08-28T23:06:55.713,0,null,false,javascript,0,null
384,33603,33301,false,2008-08-28T23:06:55.713,0,null,false,master-pages,0,null
384,33603,33301,false,2008-08-28T23:06:55.713,0,null,false,onresize,0,null
2676,33604,16330,false,2008-08-28T23:07:28.550,9,null,false,asp.net-mvc,0,null
1196,33605,33577,false,2008-08-28T23:07:32.933,8,null,false,version-control,2,null
1196,33605,33577,false,2008-08-28T23:07:32.933,8,null,false,clearcase,2,null
242,10603,10599,false,2008-08-14T02:56:56.913,2,null,false,html,0,null
708,10605,10604,false,2008-08-14T03:00:29.997,2,null,false,sql-server,0,null
708,10605,10604,false,2008-08-14T03:00:29.997,2,null,false,optimization,0,null
810,10609,10599,false,2008-08-14T03:03:22.033,0,null,false,html,0,null
1318,12302,12294,false,2008-08-15T14:44:32.730,5,null,false,charts,0,null
1318,12302,12294,false,2008-08-15T14:44:32.730,5,null,false,timeline,0,null
905,12303,12297,false,2008-08-15T14:44:45.380,1,null,false,asp.net,0,null
905,12303,12297,false,2008-08-15T14:44:45.380,1,null,false,.net,0,null
905,12303,12297,false,2008-08-15T14:44:45.380,1,null,false,vb.net,0,null
905,12303,12297,false,2008-08-15T14:44:45.380,1,null,false,repeater,0,null
905,12303,12297,false,2008-08-15T14:44:45.380,1,null,false,sitemap,0,null
805,12309,12294,false,2008-08-15T14:47:39.367,1,null,false,charts,0,null
805,12309,12294,false,2008-08-15T14:47:39.367,1,null,false,timeline,0,null
26,18349,18298,false,2008-08-20T16:44:20.987,1,null,false,apache-flex,0,null
26,18349,18298,false,2008-08-20T16:44:20.987,1,null,false,air,0,null
1659,18352,18348,false,2008-08-20T16:47:01.590,9,null,false,.net,0,null
1659,18352,18348,false,2008-08-20T16:47:01.590,9,null,false,wcf,0,null
1659,18352,18348,false,2008-08-20T16:47:01.590,9,null,false,web-services,0,null
619,18359,18324,false,2008-08-20T16:50:47.757,0,null,false,operating-system,0,null
619,18359,18324,false,2008-08-20T16:50:47.757,0,null,false,nasm,0,null
619,18359,18324,false,2008-08-20T16:50:47.757,0,null,false,osdev,0,null
619,18359,18324,false,2008-08-20T16:50:47.757,0,null,false,assembly,0,null
533,18364,18324,false,2008-08-20T16:54:09.823,5,null,false,operating-system,0,null
533,18364,18324,false,2008-08-20T16:54:09.823,5,null,false,nasm,0,null
533,18364,18324,false,2008-08-20T16:54:09.823,5,null,false,osdev,0,null
533,18364,18324,false,2008-08-20T16:54:09.823,5,null,false,assembly,0,null
2957,27623,27599,false,2008-08-26T09:22:41.483,2,null,false,php,0,null
2957,27623,27599,false,2008-08-26T09:22:41.483,2,null,false,unicode,0,null
2957,27623,27599,false,2008-08-26T09:22:41.483,2,null,false,sms,0,null
2957,27623,27599,false,2008-08-26T09:22:41.483,2,null,false,gsm,0,null
2961,27624,27267,false,2008-08-26T09:25:12.333,0,null,false,amazon-s3,0,null
2961,27624,27267,false,2008-08-26T09:25:12.333,0,null,false,buckets,0,null
2971,27625,27621,false,2008-08-26T09:26:18.137,63,null,false,unix,4,null
2971,27625,27621,false,2008-08-26T09:26:18.137,63,null,false,shell,4,null
2947,27626,27568,false,2008-08-26T09:26:43.703,3,null,false,simulator,0,null
2947,27626,27568,false,2008-08-26T09:26:43.703,3,null,false,assembly,0,null
986,27628,27622,false,2008-08-26T09:30:12.260,1,null,false,mfc,0,null
986,27628,27622,false,2008-08-26T09:30:12.260,1,null,false,macros,0,null
986,27628,27622,false,2008-08-26T09:30:12.260,1,null,false,trace,0,null
1968,27629,27578,false,2008-08-26T09:30:18.233,57,null,false,java,6,null
1968,27629,27578,false,2008-08-26T09:30:18.233,57,null,false,exception,6,null
1968,27629,27578,false,2008-08-26T09:30:18.233,57,null,false,checked-exceptions,6,null
92,1713,1711,false,2008-08-04T23:51:07.737,1743,null,true,resources,23,null
137,1718,1383,false,2008-08-04T23:53:16.440,4,null,false,unit-testing,0,null
805,12314,12306,false,2008-08-15T14:50:09.520,1,null,false,c#,2,null
805,12314,12306,false,2008-08-15T14:50:09.520,1,null,false,serialization,2,null
1185,12315,12306,false,2008-08-15T14:50:59.097,2,null,false,c#,0,null
1185,12315,12306,false,2008-08-15T14:50:59.097,2,null,false,serialization,0,null
2957,27632,27622,false,2008-08-26T09:31:32.913,3,null,false,mfc,0,null
2957,27632,27622,false,2008-08-26T09:31:32.913,3,null,false,macros,0,null
2957,27632,27622,false,2008-08-26T09:31:32.913,3,null,false,trace,0,null
872,10613,10595,false,2008-08-14T03:08:02.073,0,null,false,ruby,0,null
1,10614,10610,false,2008-08-14T03:10:22.660,2,null,false,regex,0,null
1,10617,10604,false,2008-08-14T03:13:56.770,6,null,false,sql-server,0,null
1,10617,10604,false,2008-08-14T03:13:56.770,6,null,false,optimization,0,null
522,10619,10610,false,2008-08-14T03:15:59.980,4,null,false,regex,0,null
805,10621,10599,false,2008-08-14T03:16:44.863,3,null,false,html,0,null
1,10623,10616,false,2008-08-14T03:17:18.153,143,null,false,mysql,6,null
1,10623,10616,false,2008-08-14T03:17:18.153,143,null,false,sql-server,6,null
1,10623,10616,false,2008-08-14T03:17:18.153,143,null,false,t-sql,6,null
372,10624,10599,false,2008-08-14T03:18:31.363,0,null,false,html,0,null
1349865,39405,39374,false,2008-09-02T12:44:40.537,4,null,false,readability,0,null
3590,39406,39371,false,2008-09-02T12:44:47.667,1,null,false,database,0,null
3590,39406,39371,false,2008-09-02T12:44:47.667,1,null,false,exception,0,null
3590,39406,39371,false,2008-09-02T12:44:47.667,1,null,false,architecture,0,null
1095,39409,27562,false,2008-09-02T12:46:36.710,2,null,false,oracle,0,null
2313,39410,39403,false,2008-09-02T12:46:57.910,3,null,false,.net,0,null
2313,39410,39403,false,2008-09-02T12:46:57.910,3,null,false,entity-framework,0,null
1284,39414,39371,false,2008-09-02T12:47:59.547,2,null,false,database,0,null
1284,39414,39371,false,2008-09-02T12:47:59.547,2,null,false,exception,0,null
1284,39414,39371,false,2008-09-02T12:47:59.547,2,null,false,architecture,0,null
1199,28563,28559,false,2008-08-26T16:42:27.760,2,null,false,c,0,null
1199,28563,28559,false,2008-08-26T16:42:27.760,2,null,false,python,0,null
3069,28564,28530,false,2008-08-26T16:42:44.233,12,null,false,open-source,0,null
2132,28566,28559,false,2008-08-26T16:42:49.473,1,null,false,c,0,null
2132,28566,28559,false,2008-08-26T16:42:49.473,1,null,false,python,0,null
3102,28568,28559,false,2008-08-26T16:44:42.200,5,null,false,c,0,null
3102,28568,28559,false,2008-08-26T16:44:42.200,5,null,false,python,0,null
269,28569,28542,false,2008-08-26T16:44:42.310,-2,null,false,c,0,null
269,28569,28542,false,2008-08-26T16:44:42.310,-2,null,false,gcc,0,null
269,28569,28542,false,2008-08-26T16:44:42.310,-2,null,false,arm,0,null
269,28569,28542,false,2008-08-26T16:44:42.310,-2,null,false,assembly,0,null
1804,18370,18292,false,2008-08-20T16:58:05.320,51,null,false,windows,6,null
1804,18370,18292,false,2008-08-20T16:58:05.320,51,null,false,deployment,6,null
1804,18370,18292,false,2008-08-20T16:58:05.320,51,null,false,ssh,6,null
1804,18370,18292,false,2008-08-20T16:58:05.320,51,null,false,winscp,6,null
636,18377,18292,false,2008-08-20T17:10:00.643,5,null,false,windows,1,null
636,18377,18292,false,2008-08-20T17:10:00.643,5,null,false,deployment,1,null
636,18377,18292,false,2008-08-20T17:10:00.643,5,null,false,ssh,1,null
636,18377,18292,false,2008-08-20T17:10:00.643,5,null,false,winscp,1,null
,18379,18250,false,2008-08-20T17:12:57.860,0,null,false,date,0,null
,18379,18250,false,2008-08-20T17:12:57.860,0,null,false,executable,0,null
1063,18393,11,false,2008-08-20T17:26:49.357,14,null,true,c#,1,null
1063,18393,11,false,2008-08-20T17:26:49.357,14,null,true,datetime,1,null
1063,18393,11,false,2008-08-20T17:26:49.357,14,null,true,time,1,null
1063,18393,11,false,2008-08-20T17:26:49.357,14,null,true,datediff,1,null
1063,18393,11,false,2008-08-20T17:26:49.357,14,null,true,relative-time-span,1,null
1196,30245,30184,false,2008-08-27T14:17:31.937,5,null,false,.net,0,null
1196,30245,30184,false,2008-08-27T14:17:31.937,5,null,false,winforms,0,null
1782,30246,30230,false,2008-08-27T14:17:51.017,0,null,false,asp.net,0,null
3043,30248,30230,false,2008-08-27T14:18:37.177,0,null,false,asp.net,0,null
1483,30252,30222,false,2008-08-27T14:20:22.163,2,null,false,sql,0,null
1483,30252,30222,false,2008-08-27T14:20:22.163,2,null,false,sql-server,0,null
1483,30252,30222,false,2008-08-27T14:20:22.163,2,null,false,database,0,null
1483,30252,30222,false,2008-08-27T14:20:22.163,2,null,false,t-sql,0,null
414,12320,12304,false,2008-08-15T15:00:16.380,1,null,false,sql-server,0,null
414,12320,12304,false,2008-08-15T15:00:16.380,1,null,false,sql-server-2005,0,null
1192,12325,12268,false,2008-08-15T15:03:04.500,0,null,true,.net,0,null
1192,12325,12268,false,2008-08-15T15:03:04.500,0,null,true,reflector,0,null
767,12342,12306,false,2008-08-15T15:12:43.373,104,null,false,c#,4,null
767,12342,12306,false,2008-08-15T15:12:43.373,104,null,false,serialization,4,null
1463,13530,13524,false,2008-08-17T06:22:37.280,6,null,false,c#,0,null
1463,13530,13524,false,2008-08-17T06:22:37.280,6,null,false,asp.net,0,null
1463,13530,13524,false,2008-08-17T06:22:37.280,6,null,false,gridview,0,null
693,13534,13518,false,2008-08-17T06:36:59.390,1,null,false,firefox,0,null
693,13534,13518,false,2008-08-17T06:36:59.390,1,null,false,browser,0,null
693,13534,13518,false,2008-08-17T06:36:59.390,1,null,false,synchronization,0,null
5,13538,13518,false,2008-08-17T06:46:26.093,0,null,false,firefox,0,null
5,13538,13518,false,2008-08-17T06:46:26.093,0,null,false,browser,0,null
5,13538,13518,false,2008-08-17T06:46:26.093,0,null,false,synchronization,0,null
86,3145,3136,false,2008-08-06T07:43:29.500,5,null,false,cron,0,null
86,3145,3136,false,2008-08-06T07:43:29.500,5,null,false,settings,0,null
445,3146,3144,false,2008-08-06T07:49:32.407,7,null,false,vb.net,1,null
445,3146,3144,false,2008-08-06T07:49:32.407,7,null,false,diff,1,null
391,3149,3144,false,2008-08-06T07:52:42.180,3,null,false,vb.net,0,null
391,3149,3144,false,2008-08-06T07:52:42.180,3,null,false,diff,0,null
1969,28574,28530,false,2008-08-26T16:47:20.367,1,null,false,open-source,0,null
615,4619,4610,false,2008-08-07T12:09:02.007,5,null,false,c#,0,null
615,4619,4610,false,2008-08-07T12:09:02.007,5,null,false,.net,0,null
493,4623,3147,false,2008-08-07T12:14:49.093,4,null,false,.net,1,null
267,4626,4622,false,2008-08-07T12:20:22.827,82,null,false,sql,1,null
91,6417,6414,false,2008-08-08T21:51:35.397,1614,null,false,c#,2,null
91,6417,6414,false,2008-08-08T21:51:35.397,1614,null,false,loops,2,null
91,6417,6414,false,2008-08-08T21:51:35.397,1614,null,false,break,2,null
91,6417,6414,false,2008-08-08T21:51:35.397,1614,null,false,enumeration,2,null
91,6417,6414,false,2008-08-08T21:51:35.397,1614,null,false,continue,2,null
784,6424,6373,false,2008-08-08T22:02:14.830,12,null,false,javascript,0,null
2313,39421,39392,false,2008-09-02T12:51:14.310,0,null,false,asp.net-mvc,0,null
2313,39421,39392,false,2008-09-02T12:51:14.310,0,null,false,xslt,0,null
905,39423,39392,false,2008-09-02T12:51:48.320,6,null,false,asp.net-mvc,2,null
905,39423,39392,false,2008-09-02T12:51:48.320,6,null,false,xslt,2,null
1898,39424,39395,false,2008-09-02T12:52:20.270,25,null,false,c#,4,null
1898,39424,39395,false,2008-09-02T12:52:20.270,25,null,false,pi,4,null
,39428,39371,false,2008-09-02T12:54:23.993,3,null,false,database,0,null
,39428,39371,false,2008-09-02T12:54:23.993,3,null,false,exception,0,null
,39428,39371,false,2008-09-02T12:54:23.993,3,null,false,architecture,0,null
3631,39429,39419,false,2008-09-02T12:55:45.487,12,null,false,c++,3,null
3631,39429,39419,false,2008-09-02T12:55:45.487,12,null,false,winapi,3,null
3631,39429,39419,false,2008-09-02T12:55:45.487,12,null,false,64-bit,3,null
3631,39429,39419,false,2008-09-02T12:55:45.487,12,null,false,dword,3,null
986,39430,39419,false,2008-09-02T12:55:47.700,18,null,false,c++,0,null
986,39430,39419,false,2008-09-02T12:55:47.700,18,null,false,winapi,0,null
986,39430,39419,false,2008-09-02T12:55:47.700,18,null,false,64-bit,0,null
986,39430,39419,false,2008-09-02T12:55:47.700,18,null,false,dword,0,null
71,18394,18216,false,2008-08-20T17:29:19.927,0,null,false,sql,0,null
71,18394,18216,false,2008-08-20T17:29:19.927,0,null,false,database-design,0,null
71,18394,18216,false,2008-08-20T17:29:19.927,0,null,false,stored-procedures,0,null
1865,18395,18167,false,2008-08-20T17:29:23.577,2,null,false,asp.net,0,null
1865,18395,18167,false,2008-08-20T17:29:23.577,2,null,false,sql-server,0,null
1534,18396,18391,false,2008-08-20T17:30:31.470,11,null,false,language-agnostic,0,null
1534,18396,18391,false,2008-08-20T17:30:31.470,11,null,false,firewall,0,null
1084,18397,18324,false,2008-08-20T17:30:46.710,1,null,false,operating-system,1,null
1084,18397,18324,false,2008-08-20T17:30:46.710,1,null,false,nasm,1,null
1084,18397,18324,false,2008-08-20T17:30:46.710,1,null,false,osdev,1,null
1084,18397,18324,false,2008-08-20T17:30:46.710,1,null,false,assembly,1,null
2018,18398,18391,false,2008-08-20T17:30:49.020,3,null,false,language-agnostic,1,null
2018,18398,18391,false,2008-08-20T17:30:49.020,3,null,false,firewall,1,null
872,18406,18265,false,2008-08-20T17:36:55.697,7,null,false,linux,1,null
872,18406,18265,false,2008-08-20T17:36:55.697,7,null,false,unix,1,null
872,18406,18265,false,2008-08-20T17:36:55.697,7,null,false,stack-trace,1,null
872,18406,18265,false,2008-08-20T17:36:55.697,7,null,false,segmentation-fault,1,null
372,37313,37306,false,2008-09-01T00:45:37.137,1,null,false,.net,0,null
372,37313,37306,false,2008-09-01T00:45:37.137,1,null,false,winforms,0,null
372,37313,37306,false,2008-09-01T00:45:37.137,1,null,false,user-interface,0,null
372,37313,37306,false,2008-09-01T00:45:37.137,1,null,false,layout,0,null
372,37313,37306,false,2008-09-01T00:45:37.137,1,null,false,fonts,0,null
3087,37316,37310,false,2008-09-01T00:47:22.907,23,null,false,java,0,null
3087,37316,37310,false,2008-09-01T00:47:22.907,23,null,false,unit-testing,0,null
3087,37316,37310,false,2008-09-01T00:47:22.907,23,null,false,tdd,0,null
2567,25539,25530,false,2008-08-25T01:27:22.663,1,null,false,java,0,null
2567,25539,25530,false,2008-08-25T01:27:22.663,1,null,false,unix,0,null
2567,25539,25530,false,2008-08-25T01:27:22.663,1,null,false,windows-services,0,null
2567,25539,25530,false,2008-08-25T01:27:22.663,1,null,false,daemon,0,null
2667,25540,25532,false,2008-08-25T01:34:37.123,4,null,false,java,0,null
2667,25540,25532,false,2008-08-25T01:34:37.123,4,null,false,model-view-controller,0,null
2667,25540,25532,false,2008-08-25T01:34:37.123,4,null,false,master-pages,0,null
149,25542,25499,false,2008-08-25T01:35:27.340,0,null,false,sql-server-2005,0,null
149,25542,25499,false,2008-08-25T01:35:27.340,0,null,false,visual-c++,0,null
149,25542,25499,false,2008-08-25T01:35:27.340,0,null,false,mfc,0,null
1432,25543,25530,false,2008-08-25T01:38:11.030,18,null,false,java,1,null
1432,25543,25530,false,2008-08-25T01:38:11.030,18,null,false,unix,1,null
1432,25543,25530,false,2008-08-25T01:38:11.030,18,null,false,windows-services,1,null
1432,25543,25530,false,2008-08-25T01:38:11.030,18,null,false,daemon,1,null
4465,44902,44864,false,2008-09-04T22:30:20.690,0,null,false,html,0,null
4465,44902,44864,false,2008-09-04T22:30:20.690,0,null,false,css,0,null
3146,43200,43194,false,2008-09-04T05:02:04.953,1,null,false,c++,0,null
3146,43200,43194,false,2008-09-04T05:02:04.953,1,null,false,visual-studio,0,null
3146,43200,43194,false,2008-09-04T05:02:04.953,1,null,false,gcc,0,null
3146,43200,43194,false,2008-09-04T05:02:04.953,1,null,false,linker,0,null
2844,39431,39391,false,2008-09-02T12:55:59.073,3,null,false,java,0,null
2844,39431,39391,false,2008-09-02T12:55:59.073,3,null,false,http,0,null
2844,39431,39391,false,2008-09-02T12:55:59.073,3,null,false,url,0,null
1942,39434,39392,false,2008-09-02T12:57:08.213,4,null,false,asp.net-mvc,0,null
1942,39434,39392,false,2008-09-02T12:57:08.213,4,null,false,xslt,0,null
188,39437,38987,false,2008-09-02T13:00:46.707,755,null,false,python,5,null
188,39437,38987,false,2008-09-02T13:00:46.707,755,null,false,dictionary,5,null
188,39437,38987,false,2008-09-02T13:00:46.707,755,null,false,merge,5,null
3509,39441,39419,false,2008-09-02T13:02:40.837,70,null,false,c++,4,null
3509,39441,39419,false,2008-09-02T13:02:40.837,70,null,false,winapi,4,null
3509,39441,39419,false,2008-09-02T13:02:40.837,70,null,false,64-bit,4,null
3509,39441,39419,false,2008-09-02T13:02:40.837,70,null,false,dword,4,null
3619,39442,39395,false,2008-09-02T13:03:14.127,0,null,false,c#,2,null
3619,39442,39395,false,2008-09-02T13:03:14.127,0,null,false,pi,2,null
101,1721,1709,false,2008-08-04T23:54:12.817,6,null,false,web-services,0,null
101,1721,1709,false,2008-08-04T23:54:12.817,6,null,false,application-integration,0,null
91,1724,1709,false,2008-08-04T23:56:54.403,3,null,false,web-services,2,null
91,1724,1709,false,2008-08-04T23:56:54.403,3,null,false,application-integration,2,null
275,1733,1709,false,2008-08-05T00:12:35.370,5,null,false,web-services,0,null
275,1733,1709,false,2008-08-05T00:12:35.370,5,null,false,application-integration,0,null
137,1749,1746,false,2008-08-05T00:36:08.350,59,null,false,php,2,null
137,1749,1746,false,2008-08-05T00:36:08.350,59,null,false,regex,2,null
137,1749,1746,false,2008-08-05T00:36:08.350,59,null,false,html-parsing,2,null
137,1749,1746,false,2008-08-05T00:36:08.350,59,null,false,preg-replace,2,null
332,1752,11,false,2008-08-05T00:42:56.853,16,null,true,c#,0,null
332,1752,11,false,2008-08-05T00:42:56.853,16,null,true,datetime,0,null
332,1752,11,false,2008-08-05T00:42:56.853,16,null,true,time,0,null
332,1752,11,false,2008-08-05T00:42:56.853,16,null,true,datediff,0,null
332,1752,11,false,2008-08-05T00:42:56.853,16,null,true,relative-time-span,0,null
1249,21268,21232,false,2008-08-21T21:47:46.943,2,null,false,vb.net,0,null
1249,21268,21232,false,2008-08-21T21:47:46.943,2,null,false,collections,0,null
1249,21268,21232,false,2008-08-21T21:47:46.943,2,null,false,paging,0,null
1908,21270,21262,false,2008-08-21T21:49:38.840,6,null,false,sql-server,0,null
1908,21270,21262,false,2008-08-21T21:49:38.840,6,null,false,sql-server-2005,0,null
1908,21270,21262,false,2008-08-21T21:49:38.840,6,null,false,entity-relationship,0,null
2131,21277,21265,false,2008-08-21T21:53:18.350,7,null,false,variables,2,null
2131,21277,21265,false,2008-08-21T21:53:18.350,7,null,false,floating-point,2,null
2131,21277,21265,false,2008-08-21T21:53:18.350,7,null,false,inequality,2,null
1595,18416,18407,false,2008-08-20T17:40:30.570,16,null,false,c#,0,null
1595,18416,18407,false,2008-08-20T17:40:30.570,16,null,false,logic,0,null
1595,18416,18407,false,2008-08-20T17:40:30.570,16,null,false,boolean-logic,0,null
1790,44908,44903,false,2008-09-04T22:38:57.347,3,null,false,javascript,0,null
1790,44908,44903,false,2008-09-04T22:38:57.347,3,null,false,jquery,0,null
1790,44908,44903,false,2008-09-04T22:38:57.347,3,null,false,dom,0,null
1790,44908,44903,false,2008-09-04T22:38:57.347,3,null,false,html-select,0,null
1790,44910,44909,false,2008-09-04T22:41:00.413,6,null,false,artifacts,0,null
429,44916,44912,false,2008-09-04T22:49:05.997,37,null,false,java,6,null
429,44916,44912,false,2008-09-04T22:49:05.997,37,null,false,delegates,6,null
572,30255,30251,false,2008-08-27T14:21:09.073,1,null,false,html,0,null
572,30255,30251,false,2008-08-27T14:21:09.073,1,null,false,css,0,null
,30259,30251,false,2008-08-27T14:22:16.463,6,null,false,html,5,null
,30259,30251,false,2008-08-27T14:22:16.463,6,null,false,css,5,null
1908,30261,30230,false,2008-08-27T14:22:38.507,1,null,false,asp.net,0,null
372,30262,30251,false,2008-08-27T14:22:47.743,52,null,false,html,4,null
372,30262,30251,false,2008-08-27T14:22:47.743,52,null,false,css,4,null
2695,30263,30251,false,2008-08-27T14:22:49.317,21,null,false,html,1,null
2695,30263,30251,false,2008-08-27T14:22:49.317,21,null,false,css,1,null
1633,30264,30251,false,2008-08-27T14:22:51.580,1,null,false,html,0,null
1633,30264,30251,false,2008-08-27T14:22:51.580,1,null,false,css,0,null
1965,30265,30251,false,2008-08-27T14:23:02.953,4,null,false,html,0,null
1965,30265,30251,false,2008-08-27T14:23:02.953,4,null,false,css,0,null
3043,30266,30251,false,2008-08-27T14:23:03.653,2,null,false,html,0,null
3043,30266,30251,false,2008-08-27T14:23:03.653,2,null,false,css,0,null
2974,27642,27492,false,2008-08-26T09:39:16.717,1,null,false,c++,0,null
2974,27642,27492,false,2008-08-26T09:39:16.717,1,null,false,memory,0,null
2974,27642,27492,false,2008-08-26T09:39:16.717,1,null,false,pointers,0,null
1254,44921,44905,false,2008-09-04T22:51:03.980,107,null,false,c#,5,null
1254,44921,44905,false,2008-09-04T22:51:03.980,107,null,false,switch-statement,5,null
2168,44926,44864,false,2008-09-04T22:53:48.247,0,null,false,html,1,null
2168,44926,44864,false,2008-09-04T22:53:48.247,0,null,false,css,1,null
137,1764,1762,false,2008-08-05T00:57:30.863,1,null,false,php,2,null
137,1764,1762,false,2008-08-05T00:57:30.863,1,null,false,ternary-operator,2,null
307,1765,1760,false,2008-08-05T00:57:48.773,1,null,false,c#,0,null
307,1765,1760,false,2008-08-05T00:57:48.773,1,null,false,.net,0,null
307,1765,1760,false,2008-08-05T00:57:48.773,1,null,false,unit-testing,0,null
307,1765,1760,false,2008-08-05T00:57:48.773,1,null,false,testing,0,null
219,1771,1762,false,2008-08-05T01:03:12.553,41,null,false,php,0,null
219,1771,1762,false,2008-08-05T01:03:12.553,41,null,false,ternary-operator,0,null
313,1776,1600,false,2008-08-05T01:11:30.540,0,null,false,sql-server,0,null
313,1776,1600,false,2008-08-05T01:11:30.540,0,null,false,sql-server-2008,0,null
234,1778,36,false,2008-08-05T01:12:37.527,13,null,false,sql,0,null
234,1778,36,false,2008-08-05T01:12:37.527,13,null,false,sql-server,0,null
234,1778,36,false,2008-08-05T01:12:37.527,13,null,false,datatable,0,null
234,1778,36,false,2008-08-05T01:12:37.527,13,null,false,rdbms,0,null
77,1780,1734,false,2008-08-05T01:14:30.423,13,null,false,python,0,null
77,1780,1734,false,2008-08-05T01:14:30.423,13,null,false,xml,0,null
77,1780,1734,false,2008-08-05T01:14:30.423,13,null,false,database,0,null
77,1780,1734,false,2008-08-05T01:14:30.423,13,null,false,protocol-buffers,0,null
3221,30268,30222,false,2008-08-27T14:23:22.203,9,null,false,sql,2,null
3221,30268,30222,false,2008-08-27T14:23:22.203,9,null,false,sql-server,2,null
3221,30268,30222,false,2008-08-27T14:23:22.203,9,null,false,database,2,null
3221,30268,30222,false,2008-08-27T14:23:22.203,9,null,false,t-sql,2,null
3230,30269,30251,false,2008-08-27T14:23:56.257,8,null,false,html,0,null
3230,30269,30251,false,2008-08-27T14:23:56.257,8,null,false,css,0,null
3043,30271,30251,false,2008-08-27T14:25:11.543,198,null,true,html,10,null
3043,30271,30251,false,2008-08-27T14:25:11.543,198,null,true,css,10,null
,31727,31722,false,2008-08-28T06:42:22.037,-6,null,false,javascript,1,null
,31727,31722,false,2008-08-28T06:42:22.037,-6,null,false,html,1,null
,31727,31722,false,2008-08-28T06:42:22.037,-6,null,false,diff,1,null
257,31728,31722,false,2008-08-28T06:43:29.913,1,null,false,javascript,0,null
257,31728,31722,false,2008-08-28T06:43:29.913,1,null,false,html,0,null
257,31728,31722,false,2008-08-28T06:43:29.913,1,null,false,diff,0,null
3171,31732,31627,false,2008-08-28T06:45:37.973,5,null,false,version-control,0,null
3171,31732,31627,false,2008-08-28T06:45:37.973,5,null,false,visual-sourcesafe,0,null
3498,44927,44905,false,2008-09-04T22:54:32.800,3,null,false,c#,0,null
3498,44927,44905,false,2008-09-04T22:54:32.800,3,null,false,switch-statement,0,null
797,44928,44912,false,2008-09-04T22:54:49.447,170,null,false,java,4,null
797,44928,44912,false,2008-09-04T22:54:49.447,170,null,false,delegates,4,null
3631,44930,44905,false,2008-09-04T22:56:26.900,0,null,false,c#,1,null
3631,44930,44905,false,2008-09-04T22:56:26.900,0,null,false,switch-statement,1,null
493,44932,44917,false,2008-09-04T22:56:56.413,172,null,false,sql,16,null
493,44932,44917,false,2008-09-04T22:56:56.413,172,null,false,join,16,null
4544,44933,44914,false,2008-09-04T22:57:43.557,1,null,false,winforms,0,null
4544,44933,44914,false,2008-09-04T22:57:43.557,1,null,false,performance,0,null
2199,30273,30222,false,2008-08-27T14:26:07.877,6,null,false,sql,0,null
2199,30273,30222,false,2008-08-27T14:26:07.877,6,null,false,sql-server,0,null
2199,30273,30222,false,2008-08-27T14:26:07.877,6,null,false,database,0,null
2199,30273,30222,false,2008-08-27T14:26:07.877,6,null,false,t-sql,0,null
238,30274,30251,false,2008-08-27T14:26:27.500,11,null,false,html,2,null
238,30274,30251,false,2008-08-27T14:26:27.500,11,null,false,css,2,null
1965,30278,30184,false,2008-08-27T14:29:05.683,16,null,false,.net,6,null
1965,30278,30184,false,2008-08-27T14:29:05.683,16,null,false,winforms,6,null
3232,30280,15040,false,2008-08-27T14:29:34.013,2,null,false,ubuntu,0,null
3232,30280,15040,false,2008-08-27T14:29:34.013,2,null,false,vmware,0,null
3232,30280,15040,false,2008-08-27T14:29:34.013,2,null,false,lamp,0,null
4572,44934,44914,false,2008-09-04T23:00:44.690,5,null,false,winforms,0,null
4572,44934,44914,false,2008-09-04T23:00:44.690,5,null,false,performance,0,null
4592,44936,44905,false,2008-09-04T23:01:59.990,0,null,false,c#,0,null
4592,44936,44905,false,2008-09-04T23:01:59.990,0,null,false,switch-statement,0,null
497,44939,44937,false,2008-09-04T23:04:03.837,11,null,false,apache,2,null
497,44939,44937,false,2008-09-04T23:04:03.837,11,null,false,http,2,null
497,44939,44937,false,2008-09-04T23:04:03.837,11,null,false,etag,2,null
536,44941,44905,false,2008-09-04T23:06:06.780,5,null,false,c#,6,null
536,44941,44905,false,2008-09-04T23:06:06.780,5,null,false,switch-statement,6,null
1075,27646,27640,false,2008-08-26T09:46:26.307,2,null,false,c++,3,null
1075,27646,27640,false,2008-08-26T09:46:26.307,2,null,false,qt,3,null
1075,27646,27640,false,2008-08-26T09:46:26.307,2,null,false,mfc,3,null
1304,27651,27640,false,2008-08-26T09:48:34.430,0,null,false,c++,0,null
1304,27651,27640,false,2008-08-26T09:48:34.430,0,null,false,qt,0,null
1304,27651,27640,false,2008-08-26T09:48:34.430,0,null,false,mfc,0,null
3590,39446,39371,false,2008-09-02T13:05:42.747,0,null,false,database,1,null
3590,39446,39371,false,2008-09-02T13:05:42.747,0,null,false,exception,1,null
3590,39446,39371,false,2008-09-02T13:05:42.747,0,null,false,architecture,1,null
,39448,39371,false,2008-09-02T13:06:00.343,7,null,false,database,0,null
,39448,39371,false,2008-09-02T13:06:00.343,7,null,false,exception,0,null
,39448,39371,false,2008-09-02T13:06:00.343,7,null,false,architecture,0,null
1409,39449,39391,false,2008-09-02T13:06:11.263,18,null,false,java,0,null
1409,39449,39391,false,2008-09-02T13:06:11.263,18,null,false,http,0,null
1409,39449,39391,false,2008-09-02T13:06:11.263,18,null,false,url,0,null
905,15050,15024,false,2008-08-18T18:34:50.313,0,null,false,version-control,0,null
905,15050,15024,false,2008-08-18T18:34:50.313,0,null,false,bug-tracking,0,null
905,15050,15024,false,2008-08-18T18:34:50.313,0,null,false,dailybuilds,0,null
50,15054,15040,false,2008-08-18T18:36:19.047,0,null,false,ubuntu,0,null
50,15054,15040,false,2008-08-18T18:36:19.047,0,null,false,vmware,0,null
50,15054,15040,false,2008-08-18T18:36:19.047,0,null,false,lamp,0,null
419,15055,15034,false,2008-08-18T18:36:45.270,0,null,false,visual-studio,0,null
419,15055,15034,false,2008-08-18T18:36:45.270,0,null,false,out-of-memory,0,null
3509,39460,39447,false,2008-09-02T13:09:28.993,1,null,false,c#,0,null
3509,39460,39447,false,2008-09-02T13:09:28.993,1,null,false,windows-mobile,0,null
3509,39460,39447,false,2008-09-02T13:09:28.993,1,null,false,compact-framework,0,null
3509,39460,39447,false,2008-09-02T13:09:28.993,1,null,false,.net-2.0,0,null
3619,39461,39371,false,2008-09-02T13:09:47.903,2,null,false,database,0,null
3619,39461,39371,false,2008-09-02T13:09:47.903,2,null,false,exception,0,null
3619,39461,39371,false,2008-09-02T13:09:47.903,2,null,false,architecture,0,null
3320,39462,39447,false,2008-09-02T13:10:00.100,1,null,false,c#,0,null
3320,39462,39447,false,2008-09-02T13:10:00.100,1,null,false,windows-mobile,0,null
3320,39462,39447,false,2008-09-02T13:10:00.100,1,null,false,compact-framework,0,null
3320,39462,39447,false,2008-09-02T13:10:00.100,1,null,false,.net-2.0,0,null
3590,39463,39438,false,2008-09-02T13:10:26.857,1,null,false,sql-server,0,null
3590,39463,39438,false,2008-09-02T13:10:26.857,1,null,false,database,0,null
3590,39463,39438,false,2008-09-02T13:10:26.857,1,null,false,oracle,0,null
1409,39464,39447,false,2008-09-02T13:10:27.510,0,null,false,c#,0,null
1409,39464,39447,false,2008-09-02T13:10:27.510,0,null,false,windows-mobile,0,null
1409,39464,39447,false,2008-09-02T13:10:27.510,0,null,false,compact-framework,0,null
1409,39464,39447,false,2008-09-02T13:10:27.510,0,null,false,.net-2.0,0,null
4213,39465,39374,false,2008-09-02T13:10:31.050,2,null,false,readability,0,null
5,18423,18407,false,2008-08-20T17:43:57.693,0,null,false,c#,0,null
5,18423,18407,false,2008-08-20T17:43:57.693,0,null,false,logic,0,null
5,18423,18407,false,2008-08-20T17:43:57.693,0,null,false,boolean-logic,0,null
157,18424,18418,false,2008-08-20T17:46:43.630,-2,null,false,python,1,null
157,18424,18418,false,2008-08-20T17:46:43.630,-2,null,false,optimization,1,null
157,18424,18418,false,2008-08-20T17:46:43.630,-2,null,false,set,1,null
157,18424,18418,false,2008-08-20T17:46:43.630,-2,null,false,series,1,null
2120,18430,18418,false,2008-08-20T17:48:56.730,2,null,false,python,0,null
2120,18430,18418,false,2008-08-20T17:48:56.730,2,null,false,optimization,0,null
2120,18430,18418,false,2008-08-20T17:48:56.730,2,null,false,set,0,null
2120,18430,18418,false,2008-08-20T17:48:56.730,2,null,false,series,0,null
1797,18431,18418,false,2008-08-20T17:49:10.427,3,null,false,python,0,null
1797,18431,18418,false,2008-08-20T17:49:10.427,3,null,false,optimization,0,null
1797,18431,18418,false,2008-08-20T17:49:10.427,3,null,false,set,0,null
1797,18431,18418,false,2008-08-20T17:49:10.427,3,null,false,series,0,null
905,15060,15057,false,2008-08-18T18:39:03.080,10,null,false,.net,0,null
905,15060,15057,false,2008-08-18T18:39:03.080,10,null,false,visual-studio,0,null
905,15060,15057,false,2008-08-18T18:39:03.080,10,null,false,refactoring,0,null
,15063,15034,false,2008-08-18T18:40:39.647,1,null,false,visual-studio,0,null
,15063,15034,false,2008-08-18T18:40:39.647,1,null,false,out-of-memory,0,null
1190,15064,15024,false,2008-08-18T18:40:45.793,2,null,false,version-control,0,null
1190,15064,15024,false,2008-08-18T18:40:45.793,2,null,false,bug-tracking,0,null
1190,15064,15024,false,2008-08-18T18:40:45.793,2,null,false,dailybuilds,0,null
1185,15065,15057,false,2008-08-18T18:40:59.397,4,null,false,.net,0,null
1185,15065,15057,false,2008-08-18T18:40:59.397,4,null,false,visual-studio,0,null
1185,15065,15057,false,2008-08-18T18:40:59.397,4,null,false,refactoring,0,null
414,15067,15034,false,2008-08-18T18:41:57.240,7,null,false,visual-studio,0,null
414,15067,15034,false,2008-08-18T18:41:57.240,7,null,false,out-of-memory,0,null
150,15068,15062,false,2008-08-18T18:42:33.730,5,null,false,string,0,null
150,15068,15062,false,2008-08-18T18:42:33.730,5,null,false,powershell,0,null
150,15068,15062,false,2008-08-18T18:42:33.730,5,null,false,function,0,null
150,15068,15062,false,2008-08-18T18:42:33.730,5,null,false,replace,0,null
1117,15069,15015,false,2008-08-18T18:43:14.943,1,null,false,.net,0,null
1117,15069,15015,false,2008-08-18T18:43:14.943,1,null,false,automated-tests,0,null
1117,15069,15015,false,2008-08-18T18:43:14.943,1,null,false,watin,0,null
1597,15071,15066,false,2008-08-18T18:43:32.930,3,null,false,c#,0,null
1597,15071,15066,false,2008-08-18T18:43:32.930,3,null,false,.net,0,null
1597,15071,15066,false,2008-08-18T18:43:32.930,3,null,false,winforms,0,null
1650,15072,15024,false,2008-08-18T18:45:01.027,0,null,false,version-control,0,null
1650,15072,15024,false,2008-08-18T18:45:01.027,0,null,false,bug-tracking,0,null
1650,15072,15024,false,2008-08-18T18:45:01.027,0,null,false,dailybuilds,0,null
404,15076,15066,false,2008-08-18T18:49:05.557,0,null,false,c#,0,null
404,15076,15066,false,2008-08-18T18:49:05.557,0,null,false,.net,0,null
404,15076,15066,false,2008-08-18T18:49:05.557,0,null,false,winforms,0,null
1813,15077,15024,false,2008-08-18T18:49:06.447,1,null,false,version-control,2,null
1813,15077,15024,false,2008-08-18T18:49:06.447,1,null,false,bug-tracking,2,null
1813,15077,15024,false,2008-08-18T18:49:06.447,1,null,false,dailybuilds,2,null
1117,15080,15024,false,2008-08-18T18:54:27.980,2,null,false,version-control,0,null
1117,15080,15024,false,2008-08-18T18:54:27.980,2,null,false,bug-tracking,0,null
1117,15080,15024,false,2008-08-18T18:54:27.980,2,null,false,dailybuilds,0,null
322,15082,15057,false,2008-08-18T18:56:26.073,2,null,false,.net,0,null
322,15082,15057,false,2008-08-18T18:56:26.073,2,null,false,visual-studio,0,null
322,15082,15057,false,2008-08-18T18:56:26.073,2,null,false,refactoring,0,null
51,82,36,false,2008-08-01T14:06:28.560,16,null,false,sql,1,null
51,82,36,false,2008-08-01T14:06:28.560,16,null,false,sql-server,1,null
51,82,36,false,2008-08-01T14:06:28.560,16,null,false,datatable,1,null
51,82,36,false,2008-08-01T14:06:28.560,16,null,false,rdbms,1,null
60,84,16,false,2008-08-01T14:10:55.757,19,null,false,c#,0,null
60,84,16,false,2008-08-01T14:10:55.757,19,null,false,linq,0,null
60,84,16,false,2008-08-01T14:10:55.757,19,null,false,web-services,0,null
60,84,16,false,2008-08-01T14:10:55.757,19,null,false,.net-3.5,0,null
39,86,4,false,2008-08-01T14:23:28.087,152,null,false,c#,0,null
39,86,4,false,2008-08-01T14:23:28.087,152,null,false,floating-point,0,null
39,86,4,false,2008-08-01T14:23:28.087,152,null,false,type-conversion,0,null
39,86,4,false,2008-08-01T14:23:28.087,152,null,false,double,0,null
39,86,4,false,2008-08-01T14:23:28.087,152,null,false,decimal,0,null
59,87,85,false,2008-08-01T14:26:22.793,13,null,false,php,0,null
59,87,85,false,2008-08-01T14:26:22.793,13,null,false,sql,0,null
59,87,85,false,2008-08-01T14:26:22.793,13,null,false,database,0,null
59,87,85,false,2008-08-01T14:26:22.793,13,null,false,flat-file,0,null
999,19440,19412,false,2008-08-21T07:20:31.160,0,null,false,sql,0,null
999,19440,19412,false,2008-08-21T07:20:31.160,0,null,false,random,0,null
227,19443,19442,false,2008-08-21T07:28:37.320,27,null,false,mercurial,4,null
227,19443,19442,false,2008-08-21T07:28:37.320,27,null,false,windows-server-2003,4,null
227,19443,19442,false,2008-08-21T07:28:37.320,27,null,false,hgignore,4,null
1627,19444,19437,false,2008-08-21T07:29:10.390,4,null,false,sql,0,null
1627,19444,19437,false,2008-08-21T07:29:10.390,4,null,false,reporting-services,0,null
905,15092,15015,false,2008-08-18T19:04:51.127,0,null,false,.net,1,null
905,15092,15015,false,2008-08-18T19:04:51.127,0,null,false,automated-tests,1,null
905,15092,15015,false,2008-08-18T19:04:51.127,0,null,false,watin,1,null
1358,15094,15062,false,2008-08-18T19:08:40.353,-4,null,false,string,1,null
1358,15094,15062,false,2008-08-18T19:08:40.353,-4,null,false,powershell,1,null
1358,15094,15062,false,2008-08-18T19:08:40.353,-4,null,false,function,1,null
1358,15094,15062,false,2008-08-18T19:08:40.353,-4,null,false,replace,1,null
,15095,15087,false,2008-08-18T19:09:07.827,0,null,false,sql-server,0,null
,15095,15087,false,2008-08-18T19:09:07.827,0,null,false,ms-access,0,null
,15095,15087,false,2008-08-18T19:09:07.827,0,null,false,sql-server-2005,0,null
,15095,15087,false,2008-08-18T19:09:07.827,0,null,false,ms-access-2000,0,null
2975,27659,27610,false,2008-08-26T09:53:13.093,3,null,false,c#,2,null
2975,27659,27610,false,2008-08-26T09:53:13.093,3,null,false,trace,2,null
1830,27661,27655,false,2008-08-26T09:55:10.967,2,null,false,file,0,null
1830,27661,27655,false,2008-08-26T09:55:10.967,2,null,false,ftp,0,null
1830,27661,27655,false,2008-08-26T09:55:10.967,2,null,false,symlink,0,null
1122,27664,27663,false,2008-08-26T09:56:34.630,5,null,false,database,1,null
1122,27664,27663,false,2008-08-26T09:56:34.630,5,null,false,refactoring,1,null
2954,27668,27643,false,2008-08-26T09:59:23.640,2,null,false,javascript,0,null
2954,27668,27643,false,2008-08-26T09:59:23.640,2,null,false,css,0,null
1316,15099,15087,false,2008-08-18T19:14:53.930,0,null,false,sql-server,0,null
1316,15099,15087,false,2008-08-18T19:14:53.930,0,null,false,ms-access,0,null
1316,15099,15087,false,2008-08-18T19:14:53.930,0,null,false,sql-server-2005,0,null
1316,15099,15087,false,2008-08-18T19:14:53.930,0,null,false,ms-access-2000,0,null
770,15101,15087,false,2008-08-18T19:16:29.230,0,null,false,sql-server,0,null
770,15101,15087,false,2008-08-18T19:16:29.230,0,null,false,ms-access,0,null
770,15101,15087,false,2008-08-18T19:16:29.230,0,null,false,sql-server-2005,0,null
770,15101,15087,false,2008-08-18T19:16:29.230,0,null,false,ms-access-2000,0,null
150,15103,15047,false,2008-08-18T19:17:42.347,1,null,false,.net,0,null
150,15103,15047,false,2008-08-18T19:17:42.347,1,null,false,design-patterns,0,null
150,15103,15047,false,2008-08-18T19:17:42.347,1,null,false,command,0,null
1393,15107,15056,false,2008-08-18T19:23:52.990,0,null,true,visual-studio,1,null
1393,15107,15056,false,2008-08-18T19:23:52.990,0,null,true,automation,1,null
1393,15107,15056,false,2008-08-18T19:23:52.990,0,null,true,macros,1,null
1414,15113,15056,false,2008-08-18T19:27:01.330,5,null,true,visual-studio,0,null
1414,15113,15056,false,2008-08-18T19:27:01.330,5,null,true,automation,0,null
1414,15113,15056,false,2008-08-18T19:27:01.330,5,null,true,macros,0,null
1418,12349,12348,false,2008-08-15T15:18:53.063,35,null,false,php,5,null
1418,12349,12348,false,2008-08-15T15:18:53.063,35,null,false,windows,5,null
1418,12349,12348,false,2008-08-15T15:18:53.063,35,null,false,curl,5,null
936,12350,12348,false,2008-08-15T15:18:58.667,5,null,false,php,2,null
936,12350,12348,false,2008-08-15T15:18:58.667,5,null,false,windows,2,null
936,12350,12348,false,2008-08-15T15:18:58.667,5,null,false,curl,2,null
268,12353,12332,false,2008-08-15T15:19:16.713,8,null,false,c++,0,null
268,12353,12332,false,2008-08-15T15:19:16.713,8,null,false,c,0,null
268,12353,12332,false,2008-08-15T15:19:16.713,8,null,false,program-entry-point,0,null
,43213,43211,false,2008-09-04T05:24:08.380,1,null,false,matlab,0,null
,43213,43211,false,2008-09-04T05:24:08.380,1,null,false,simulink,0,null
,43213,43211,false,2008-09-04T05:24:08.380,1,null,false,xpc-target,0,null
2257,43222,43218,false,2008-09-04T05:36:24.107,12,null,false,asp.net,0,null
2257,43222,43218,false,2008-09-04T05:36:24.107,12,null,false,javascript,0,null
1749,15118,15087,false,2008-08-18T19:34:06.090,0,null,false,sql-server,0,null
1749,15118,15087,false,2008-08-18T19:34:06.090,0,null,false,ms-access,0,null
1749,15118,15087,false,2008-08-18T19:34:06.090,0,null,false,sql-server-2005,0,null
1749,15118,15087,false,2008-08-18T19:34:06.090,0,null,false,ms-access-2000,0,null
1797,15130,15124,false,2008-08-18T19:47:19.073,4,null,false,.net,0,null
1866,25544,25499,false,2008-08-25T01:38:21.293,3,null,false,sql-server-2005,0,null
1866,25544,25499,false,2008-08-25T01:38:21.293,3,null,false,visual-c++,0,null
1866,25544,25499,false,2008-08-25T01:38:21.293,3,null,false,mfc,0,null
1968,39466,39457,false,2008-09-02T13:10:49.973,3,null,false,regex,0,null
905,39467,39447,false,2008-09-02T13:11:08.867,15,null,false,c#,0,null
905,39467,39447,false,2008-09-02T13:11:08.867,15,null,false,windows-mobile,0,null
905,39467,39447,false,2008-09-02T13:11:08.867,15,null,false,compact-framework,0,null
905,39467,39447,false,2008-09-02T13:11:08.867,15,null,false,.net-2.0,0,null
1199,39469,39447,false,2008-09-02T13:11:46.320,1,null,false,c#,0,null
1199,39469,39447,false,2008-09-02T13:11:46.320,1,null,false,windows-mobile,0,null
1199,39469,39447,false,2008-09-02T13:11:46.320,1,null,false,compact-framework,0,null
1199,39469,39447,false,2008-09-02T13:11:46.320,1,null,false,.net-2.0,0,null
823,39472,39365,false,2008-09-02T13:12:55.867,14,null,false,testing,0,null
823,39472,39365,false,2008-09-02T13:12:55.867,14,null,false,web-applications,0,null
823,39472,39365,false,2008-09-02T13:12:55.867,14,null,false,facebook,0,null
2884,34508,34488,false,2008-08-29T15:55:07.460,2,null,false,sql,0,null
2884,34508,34488,false,2008-08-29T15:55:07.460,2,null,false,mysql,0,null
2884,34508,34488,false,2008-08-29T15:55:07.460,2,null,false,database,0,null
1600,15132,15124,false,2008-08-18T19:47:42.223,0,null,false,.net,0,null
,15134,15124,false,2008-08-18T19:50:18.430,1,null,false,.net,0,null
905,15135,15124,false,2008-08-18T19:50:22.297,1,null,false,.net,0,null
1233,15136,15062,false,2008-08-18T19:50:39.350,16,null,false,string,0,null
1233,15136,15062,false,2008-08-18T19:50:39.350,16,null,false,powershell,0,null
1233,15136,15062,false,2008-08-18T19:50:39.350,16,null,false,function,0,null
1233,15136,15062,false,2008-08-18T19:50:39.350,16,null,false,replace,0,null
77,34511,34505,false,2008-08-29T15:56:17.550,0,null,false,c#,0,null
77,34511,34505,false,2008-08-29T15:56:17.550,0,null,false,.net,0,null
3366,34514,34490,false,2008-08-29T15:56:48.347,398,null,false,ruby,3,null
3366,34514,34490,false,2008-08-29T15:56:48.347,398,null,false,hash,3,null
3366,34514,34490,false,2008-08-29T15:56:48.347,398,null,false,sha1,3,null
905,34520,34512,false,2008-08-29T15:58:34.957,258,null,false,multithreading,13,null
905,34520,34512,false,2008-08-29T15:58:34.957,258,null,false,concurrency,13,null
905,34520,34512,false,2008-08-29T15:58:34.957,258,null,false,locking,13,null
905,34520,34512,false,2008-08-29T15:58:34.957,258,null,false,deadlock,13,null
317,34522,34512,false,2008-08-29T15:59:07.077,2,null,false,multithreading,0,null
317,34522,34512,false,2008-08-29T15:59:07.077,2,null,false,concurrency,0,null
317,34522,34512,false,2008-08-29T15:59:07.077,2,null,false,locking,0,null
317,34522,34512,false,2008-08-29T15:59:07.077,2,null,false,deadlock,0,null
3388,39477,18197,false,2008-09-02T13:15:35.157,1,null,false,user-interface,0,null
3388,39477,18197,false,2008-09-02T13:15:35.157,1,null,false,testing,0,null
3388,39477,18197,false,2008-09-02T13:15:35.157,1,null,false,usability,0,null
1968,39478,39468,false,2008-09-02T13:16:15.530,4,null,false,c++,0,null
1968,39478,39468,false,2008-09-02T13:16:15.530,4,null,false,c,0,null
1968,39478,39468,false,2008-09-02T13:16:15.530,4,null,false,vb6,0,null
2098,39479,39468,false,2008-09-02T13:16:30.257,3,null,false,c++,0,null
2098,39479,39468,false,2008-09-02T13:16:30.257,3,null,false,c,0,null
2098,39479,39468,false,2008-09-02T13:16:30.257,3,null,false,vb6,0,null
,22592,22570,false,2008-08-22T15:02:46.300,87,null,false,sql,4,null
,22592,22570,false,2008-08-22T15:02:46.300,87,null,false,sql-server,4,null
,22592,22570,false,2008-08-22T15:02:46.300,87,null,false,t-sql,4,null
,22592,22570,false,2008-08-22T15:02:46.300,87,null,false,datetime,4,null
,22592,22570,false,2008-08-22T15:02:46.300,87,null,false,user-defined-functions,4,null
2272,22593,22590,false,2008-08-22T15:03:07.377,1,null,false,asp.net,0,null
2272,22593,22590,false,2008-08-22T15:03:07.377,1,null,false,iis-6,0,null
2272,22593,22590,false,2008-08-22T15:03:07.377,1,null,false,windows-server-2003,0,null
2272,22593,22590,false,2008-08-22T15:03:07.377,1,null,false,cluster-computing,0,null
2272,22593,22590,false,2008-08-22T15:03:07.377,1,null,false,failover,0,null
2494,22594,22528,false,2008-08-22T15:03:56.203,5,null,false,php,0,null
2494,22594,22528,false,2008-08-22T15:03:56.203,5,null,false,coding-style,0,null
1908,22596,22590,false,2008-08-22T15:04:40.290,0,null,false,asp.net,0,null
1908,22596,22590,false,2008-08-22T15:04:40.290,0,null,false,iis-6,0,null
1908,22596,22590,false,2008-08-22T15:04:40.290,0,null,false,windows-server-2003,0,null
1908,22596,22590,false,2008-08-22T15:04:40.290,0,null,false,cluster-computing,0,null
1908,22596,22590,false,2008-08-22T15:04:40.290,0,null,false,failover,0,null
794,22600,22570,false,2008-08-22T15:06:59.410,2,null,false,sql,0,null
794,22600,22570,false,2008-08-22T15:06:59.410,2,null,false,sql-server,0,null
794,22600,22570,false,2008-08-22T15:06:59.410,2,null,false,t-sql,0,null
794,22600,22570,false,2008-08-22T15:06:59.410,2,null,false,datetime,0,null
794,22600,22570,false,2008-08-22T15:06:59.410,2,null,false,user-defined-functions,0,null
2080,22604,18082,false,2008-08-22T15:08:05.757,14,null,true,javascript,0,null
2080,22604,18082,false,2008-08-22T15:08:05.757,14,null,true,validation,0,null
2080,22604,18082,false,2008-08-22T15:08:05.757,14,null,true,numbers,0,null
1154,22605,22598,false,2008-08-22T15:08:35.193,0,null,false,asp.net,0,null
1154,22605,22598,false,2008-08-22T15:08:35.193,0,null,false,asp.net-mvc,0,null
1875,22609,22607,false,2008-08-22T15:09:25.007,2,null,false,iphone,0,null
1875,22609,22607,false,2008-08-22T15:09:25.007,2,null,false,macos,0,null
1875,22609,22607,false,2008-08-22T15:09:25.007,2,null,false,virtualization,0,null
2797,34525,34476,false,2008-08-29T16:00:47.447,3,null,false,javascript,0,null
2797,34525,34476,false,2008-08-29T16:00:47.447,3,null,false,debugging,0,null
1585,34528,34518,false,2008-08-29T16:01:29.880,5,null,false,algorithm,1,null
1585,34528,34518,false,2008-08-29T16:01:29.880,5,null,false,language-agnostic,1,null
1585,34528,34518,false,2008-08-29T16:01:29.880,5,null,false,sorting,1,null
1585,34528,34518,false,2008-08-29T16:01:29.880,5,null,false,natural-sort,1,null
2328,34529,34519,false,2008-08-29T16:01:36.133,-6,null,false,multithreading,1,null
2328,34529,34519,false,2008-08-29T16:01:36.133,-6,null,false,concurrency,1,null
2328,34529,34519,false,2008-08-29T16:01:36.133,-6,null,false,semaphore,1,null
4225,39480,39374,false,2008-09-02T13:17:09.053,0,null,false,readability,0,null
1554,39481,39447,false,2008-09-02T13:17:10.303,8,null,false,c#,0,null
1554,39481,39447,false,2008-09-02T13:17:10.303,8,null,false,windows-mobile,0,null
1554,39481,39447,false,2008-09-02T13:17:10.303,8,null,false,compact-framework,0,null
1554,39481,39447,false,2008-09-02T13:17:10.303,8,null,false,.net-2.0,0,null
3043,39482,39476,false,2008-09-02T13:17:23.250,443,null,false,c#,0,null
3043,39482,39476,false,2008-09-02T13:17:23.250,443,null,false,yield,0,null
,39483,39476,false,2008-09-02T13:17:36.340,13,null,false,c#,0,null
,39483,39476,false,2008-09-02T13:17:36.340,13,null,false,yield,0,null
1196,39486,39476,false,2008-09-02T13:18:25.493,7,null,false,c#,0,null
1196,39486,39476,false,2008-09-02T13:18:25.493,7,null,false,yield,0,null
2429,39487,39371,false,2008-09-02T13:18:55.120,5,null,false,database,0,null
2429,39487,39371,false,2008-09-02T13:18:55.120,5,null,false,exception,0,null
2429,39487,39371,false,2008-09-02T13:18:55.120,5,null,false,architecture,0,null
1968,39488,39476,false,2008-09-02T13:19:09.533,35,null,false,c#,2,null
1968,39488,39476,false,2008-09-02T13:19:09.533,35,null,false,yield,2,null
2957,27677,27670,false,2008-08-26T10:04:11.647,1,null,false,.net,0,null
2957,27677,27670,false,2008-08-26T10:04:11.647,1,null,false,frameworks,0,null
2957,27677,27670,false,2008-08-26T10:04:11.647,1,null,false,installation,0,null
968,27678,27670,false,2008-08-26T10:05:26.667,0,null,false,.net,0,null
968,27678,27670,false,2008-08-26T10:05:26.667,0,null,false,frameworks,0,null
968,27678,27670,false,2008-08-26T10:05:26.667,0,null,false,installation,0,null
615,27682,27674,false,2008-08-26T10:06:42.517,1,null,false,c#,3,null
615,27682,27674,false,2008-08-26T10:06:42.517,1,null,false,.net,3,null
615,27682,27674,false,2008-08-26T10:06:42.517,1,null,false,winforms,3,null
615,27682,27674,false,2008-08-26T10:06:42.517,1,null,false,user-interface,3,null
615,27682,27674,false,2008-08-26T10:06:42.517,1,null,false,user-controls,3,null
2936,27683,27663,false,2008-08-26T10:07:07.630,1,null,false,database,0,null
2936,27683,27663,false,2008-08-26T10:07:07.630,1,null,false,refactoring,0,null
3002,28580,28559,false,2008-08-26T16:49:52.623,1,null,false,c,0,null
3002,28580,28559,false,2008-08-26T16:49:52.623,1,null,false,python,0,null
1453,28583,28578,false,2008-08-26T16:51:30.157,3,null,false,version-control,0,null
1453,28583,28578,false,2008-08-26T16:51:30.157,3,null,false,refactoring,0,null
1453,28583,28578,false,2008-08-26T16:51:30.157,3,null,false,merge,0,null
1453,28583,28578,false,2008-08-26T16:51:30.157,3,null,false,starteam,0,null
1925,28586,28526,false,2008-08-26T16:51:51.980,0,null,false,visual-studio-2008,0,null
1925,28586,28526,false,2008-08-26T16:51:51.980,0,null,false,windows-vista,0,null
2638,39491,39395,false,2008-09-02T13:20:01.700,4,null,false,c#,0,null
2638,39491,39395,false,2008-09-02T13:20:01.700,4,null,false,pi,0,null
3320,39496,39476,false,2008-09-02T13:23:16.200,951,null,false,c#,8,null
3320,39496,39476,false,2008-09-02T13:23:16.200,951,null,false,yield,8,null
2131,39497,39395,false,2008-09-02T13:24:04.450,-6,null,false,c#,2,null
2131,39497,39395,false,2008-09-02T13:24:04.450,-6,null,false,pi,2,null
,39498,39454,false,2008-09-02T13:24:31.890,2,null,false,wpf,0,null
,39498,39454,false,2008-09-02T13:24:31.890,2,null,false,windows-xp,0,null
,39498,39454,false,2008-09-02T13:24:31.890,2,null,false,3d,0,null
,39498,39454,false,2008-09-02T13:24:31.890,2,null,false,antialiasing,0,null
,39498,39454,false,2008-09-02T13:24:31.890,2,null,false,viewport3d,0,null
893,15145,15139,false,2008-08-18T19:55:13.787,1,null,false,javascript,0,null
893,15145,15139,false,2008-08-18T19:55:13.787,1,null,false,deployment,0,null
893,15145,15139,false,2008-08-18T19:55:13.787,1,null,false,web-applications,0,null
893,15145,15139,false,2008-08-18T19:55:13.787,1,null,false,browser,0,null
414,15149,15142,false,2008-08-18T19:57:57.820,22,null,true,c#,0,null
414,15149,15142,false,2008-08-18T19:57:57.820,22,null,true,sql,0,null
414,15149,15142,false,2008-08-18T19:57:57.820,22,null,true,sql-server,0,null
414,15149,15142,false,2008-08-18T19:57:57.820,22,null,true,stored-procedures,0,null
489,4633,4629,false,2008-08-07T12:29:50.530,4,null,false,c#,0,null
489,4633,4629,false,2008-08-07T12:29:50.530,4,null,false,reflection,0,null
489,4633,4629,false,2008-08-07T12:29:50.530,4,null,false,properties,0,null
489,4633,4629,false,2008-08-07T12:29:50.530,4,null,false,c#-2.0,0,null
619,4634,4622,false,2008-08-07T12:30:18.390,19,null,false,sql,1,null
383,4635,4629,false,2008-08-07T12:30:59.763,0,null,false,c#,0,null
383,4635,4629,false,2008-08-07T12:30:59.763,0,null,false,reflection,0,null
383,4635,4629,false,2008-08-07T12:30:59.763,0,null,false,properties,0,null
383,4635,4629,false,2008-08-07T12:30:59.763,0,null,false,c#-2.0,0,null
34,4636,4629,false,2008-08-07T12:31:07.563,14,null,false,c#,0,null
34,4636,4629,false,2008-08-07T12:31:07.563,14,null,false,reflection,0,null
34,4636,4629,false,2008-08-07T12:31:07.563,14,null,false,properties,0,null
34,4636,4629,false,2008-08-07T12:31:07.563,14,null,false,c#-2.0,0,null
2985,27693,27562,false,2008-08-26T10:17:37.340,4,null,false,oracle,0,null
2978,27694,1625,false,2008-08-26T10:18:16.700,3,null,false,windows,0,null
2978,27694,1625,false,2008-08-26T10:18:16.700,3,null,false,xml,0,null
2978,27694,1625,false,2008-08-26T10:18:16.700,3,null,false,linux,0,null
2975,27696,27695,false,2008-08-26T10:21:58.297,9,null,false,svn,0,null
2975,27696,27695,false,2008-08-26T10:21:58.297,9,null,false,git,0,null
2975,27696,27695,false,2008-08-26T10:21:58.297,9,null,false,version-control,0,null
2975,27696,27695,false,2008-08-26T10:21:58.297,9,null,false,versioning,0,null
2954,27701,27695,false,2008-08-26T10:24:29.650,2,null,false,svn,0,null
2954,27701,27695,false,2008-08-26T10:24:29.650,2,null,false,git,0,null
2954,27701,27695,false,2008-08-26T10:24:29.650,2,null,false,version-control,0,null
2954,27701,27695,false,2008-08-26T10:24:29.650,2,null,false,versioning,0,null
3474,33618,33262,false,2008-08-28T23:16:54.800,157,null,false,java,3,null
3474,33618,33262,false,2008-08-28T23:16:54.800,157,null,false,xml,3,null
3474,33618,33262,false,2008-08-28T23:16:54.800,157,null,false,document,3,null
3474,33618,33262,false,2008-08-28T23:16:54.800,157,null,false,w3c,3,null
3521,33623,33619,false,2008-08-28T23:20:57.003,6,null,false,asp.net,0,null
3521,33623,33619,false,2008-08-28T23:20:57.003,6,null,false,authentication,0,null
234,33628,33619,false,2008-08-28T23:22:58.670,7,null,false,asp.net,0,null
234,33628,33619,false,2008-08-28T23:22:58.670,7,null,false,authentication,0,null
810,15151,15142,false,2008-08-18T20:01:04.100,13,null,true,c#,1,null
810,15151,15142,false,2008-08-18T20:01:04.100,13,null,true,sql,1,null
810,15151,15142,false,2008-08-18T20:01:04.100,13,null,true,sql-server,1,null
810,15151,15142,false,2008-08-18T20:01:04.100,13,null,true,stored-procedures,1,null
1786,15152,15142,false,2008-08-18T20:01:27.237,6,null,true,c#,0,null
1786,15152,15142,false,2008-08-18T20:01:27.237,6,null,true,sql,0,null
1786,15152,15142,false,2008-08-18T20:01:27.237,6,null,true,sql-server,0,null
1786,15152,15142,false,2008-08-18T20:01:27.237,6,null,true,stored-procedures,0,null
1219,15153,15142,false,2008-08-18T20:01:58.937,99,null,true,c#,0,null
1219,15153,15142,false,2008-08-18T20:01:58.937,99,null,true,sql,0,null
1219,15153,15142,false,2008-08-18T20:01:58.937,99,null,true,sql-server,0,null
1219,15153,15142,false,2008-08-18T20:01:58.937,99,null,true,stored-procedures,0,null
1797,15155,15139,false,2008-08-18T20:02:37.140,2,null,false,javascript,0,null
1797,15155,15139,false,2008-08-18T20:02:37.140,2,null,false,deployment,0,null
1797,15155,15139,false,2008-08-18T20:02:37.140,2,null,false,web-applications,0,null
1797,15155,15139,false,2008-08-18T20:02:37.140,2,null,false,browser,0,null
149,15159,15142,false,2008-08-18T20:07:42.433,44,null,true,c#,0,null
149,15159,15142,false,2008-08-18T20:07:42.433,44,null,true,sql,0,null
149,15159,15142,false,2008-08-18T20:07:42.433,44,null,true,sql-server,0,null
149,15159,15142,false,2008-08-18T20:07:42.433,44,null,true,stored-procedures,0,null
3583,39500,39365,false,2008-09-02T13:25:15.760,6,null,false,testing,0,null
3583,39500,39365,false,2008-09-02T13:25:15.760,6,null,false,web-applications,0,null
3583,39500,39365,false,2008-09-02T13:25:15.760,6,null,false,facebook,0,null
572,39501,39374,false,2008-09-02T13:26:18.750,1,null,false,readability,0,null
2833,39502,39233,false,2008-09-02T13:26:36.690,2,null,false,vba,0,null
2833,39502,39233,false,2008-09-02T13:26:36.690,2,null,false,outlook,0,null
2833,39502,39233,false,2008-09-02T13:26:36.690,2,null,false,outlook-2007,0,null
2833,39502,39233,false,2008-09-02T13:26:36.690,2,null,false,filedialog,0,null
2491,39507,39476,false,2008-09-02T13:27:46.767,156,null,false,c#,2,null
2491,39507,39476,false,2008-09-02T13:27:46.767,156,null,false,yield,2,null
,28591,28578,false,2008-08-26T16:53:58.497,3,null,false,version-control,0,null
,28591,28578,false,2008-08-26T16:53:58.497,3,null,false,refactoring,0,null
,28591,28578,false,2008-08-26T16:53:58.497,3,null,false,merge,0,null
,28591,28578,false,2008-08-26T16:53:58.497,3,null,false,starteam,0,null
3069,28594,28538,false,2008-08-26T16:54:45.170,3,null,false,java,0,null
3069,28594,28538,false,2008-08-26T16:54:45.170,3,null,false,import,0,null
3069,28594,28538,false,2008-08-26T16:54:45.170,3,null,false,export,0,null
96,28595,28578,false,2008-08-26T16:55:03.190,1,null,false,version-control,0,null
96,28595,28578,false,2008-08-26T16:55:03.190,1,null,false,refactoring,0,null
96,28595,28578,false,2008-08-26T16:55:03.190,1,null,false,merge,0,null
96,28595,28578,false,2008-08-26T16:55:03.190,1,null,false,starteam,0,null
2894,28597,28590,false,2008-08-26T16:56:22.203,4,null,false,database,0,null
2894,28597,28590,false,2008-08-26T16:56:22.203,4,null,false,resources,0,null
2894,28597,28590,false,2008-08-26T16:56:22.203,4,null,false,database-connection,0,null
1638,28602,28590,false,2008-08-26T16:58:22.387,0,null,false,database,0,null
1638,28602,28590,false,2008-08-26T16:58:22.387,0,null,false,resources,0,null
1638,28602,28590,false,2008-08-26T16:58:22.387,0,null,false,database-connection,0,null
1293,34530,34516,false,2008-08-29T16:01:37.493,3,null,false,c#,2,null
1293,34530,34516,false,2008-08-29T16:01:37.493,3,null,false,comments,2,null
3590,34532,34516,false,2008-08-29T16:01:58.910,3,null,false,c#,2,null
3590,34532,34516,false,2008-08-29T16:01:58.910,3,null,false,comments,2,null
1960,34533,34516,false,2008-08-29T16:02:39.923,43,null,false,c#,4,null
1960,34533,34516,false,2008-08-29T16:02:39.923,43,null,false,comments,4,null
1578,34537,34510,false,2008-08-29T16:03:06.537,40,null,false,multithreading,0,null
1578,34537,34510,false,2008-08-29T16:03:06.537,40,null,false,concurrency,0,null
1578,34537,34510,false,2008-08-29T16:03:06.537,40,null,false,terminology,0,null
1578,34537,34510,false,2008-08-29T16:03:06.537,40,null,false,race-condition,0,null
2957,27703,27695,false,2008-08-26T10:24:40.477,1,null,false,svn,0,null
2957,27703,27695,false,2008-08-26T10:24:40.477,1,null,false,git,0,null
2957,27703,27695,false,2008-08-26T10:24:40.477,1,null,false,version-control,0,null
2957,27703,27695,false,2008-08-26T10:24:40.477,1,null,false,versioning,0,null
2374,27704,27695,false,2008-08-26T10:25:06.760,0,null,false,svn,0,null
2374,27704,27695,false,2008-08-26T10:25:06.760,0,null,false,git,0,null
2374,27704,27695,false,2008-08-26T10:25:06.760,0,null,false,version-control,0,null
2374,27704,27695,false,2008-08-26T10:25:06.760,0,null,false,versioning,0,null
893,27707,27695,false,2008-08-26T10:26:19.643,3,null,false,svn,0,null
893,27707,27695,false,2008-08-26T10:26:19.643,3,null,false,git,0,null
893,27707,27695,false,2008-08-26T10:26:19.643,3,null,false,version-control,0,null
893,27707,27695,false,2008-08-26T10:26:19.643,3,null,false,versioning,0,null
2976,27709,27695,false,2008-08-26T10:27:37.333,0,null,false,svn,0,null
2976,27709,27695,false,2008-08-26T10:27:37.333,0,null,false,git,0,null
2976,27709,27695,false,2008-08-26T10:27:37.333,0,null,false,version-control,0,null
2976,27709,27695,false,2008-08-26T10:27:37.333,0,null,false,versioning,0,null
1968,27710,27700,false,2008-08-26T10:28:34.663,1,null,false,c++,0,null
1968,27710,27700,false,2008-08-26T10:28:34.663,1,null,false,windows,0,null
1968,27710,27700,false,2008-08-26T10:28:34.663,1,null,false,linux,0,null
1968,27710,27700,false,2008-08-26T10:28:34.663,1,null,false,filesystems,0,null
3098,34538,34486,false,2008-08-29T16:03:11.933,13,null,false,javascript,0,null
3098,34538,34486,false,2008-08-29T16:03:11.933,13,null,false,ajax,0,null
437,34539,34486,false,2008-08-29T16:03:13.870,6,null,false,javascript,0,null
437,34539,34486,false,2008-08-29T16:03:13.870,6,null,false,ajax,0,null
3230,39510,38901,false,2008-09-02T13:28:17.263,1,null,false,ruby-on-rails,0,null
3230,39510,38901,false,2008-09-02T13:28:17.263,1,null,false,ruby,0,null
3230,39510,38901,false,2008-09-02T13:28:17.263,1,null,false,authentication,0,null
3230,39510,38901,false,2008-09-02T13:28:17.263,1,null,false,rest,0,null
3230,39510,38901,false,2008-09-02T13:28:17.263,1,null,false,plugins,0,null
238,39512,19,false,2008-09-02T13:28:51.537,127,null,false,performance,5,null
238,39512,19,false,2008-09-02T13:28:51.537,127,null,false,algorithm,5,null
238,39512,19,false,2008-09-02T13:28:51.537,127,null,false,language-agnostic,5,null
238,39512,19,false,2008-09-02T13:28:51.537,127,null,false,unix,5,null
238,39512,19,false,2008-09-02T13:28:51.537,127,null,false,pi,5,null
3295,39513,39053,false,2008-09-02T13:29:15.937,1,null,false,jboss,0,null
3295,39513,39053,false,2008-09-02T13:29:15.937,1,null,false,datasource,0,null
3295,39513,39053,false,2008-09-02T13:29:15.937,1,null,false,jndi,0,null
3295,39513,39053,false,2008-09-02T13:29:15.937,1,null,false,ibatis,0,null
1219,44944,44940,false,2008-09-04T23:07:53.423,1,null,false,.net,0,null
1219,44944,44940,false,2008-09-04T23:07:53.423,1,null,false,cil,0,null
1254,44945,44914,false,2008-09-04T23:08:15.590,2,null,false,winforms,0,null
1254,44945,44914,false,2008-09-04T23:08:15.590,2,null,false,performance,0,null
533,44947,44940,false,2008-09-04T23:09:31.970,20,null,false,.net,1,null
533,44947,44940,false,2008-09-04T23:09:31.970,20,null,false,cil,1,null
909,44949,44942,false,2008-09-04T23:11:57.640,8,null,false,c#,0,null
909,44949,44942,false,2008-09-04T23:11:57.640,8,null,false,generics,0,null
909,44949,44942,false,2008-09-04T23:11:57.640,8,null,false,casting,0,null
533,44950,44942,false,2008-09-04T23:12:16.237,1,null,false,c#,1,null
533,44950,44942,false,2008-09-04T23:12:16.237,1,null,false,generics,1,null
533,44950,44942,false,2008-09-04T23:12:16.237,1,null,false,casting,1,null
3394,44951,44942,false,2008-09-04T23:14:15.110,5,null,false,c#,1,null
3394,44951,44942,false,2008-09-04T23:14:15.110,5,null,false,generics,1,null
3394,44951,44942,false,2008-09-04T23:14:15.110,5,null,false,casting,1,null
619,44952,44937,false,2008-09-04T23:14:20.240,1,null,false,apache,1,null
619,44952,44937,false,2008-09-04T23:14:20.240,1,null,false,http,1,null
619,44952,44937,false,2008-09-04T23:14:20.240,1,null,false,etag,1,null
1595,18433,18418,false,2008-08-20T17:49:29.783,10,null,false,python,2,null
1595,18433,18418,false,2008-08-20T17:49:29.783,10,null,false,optimization,2,null
1595,18433,18418,false,2008-08-20T17:49:29.783,10,null,false,set,2,null
1595,18433,18418,false,2008-08-20T17:49:29.783,10,null,false,series,2,null
2168,18435,18418,false,2008-08-20T17:50:47.003,56,null,false,python,7,null
2168,18435,18418,false,2008-08-20T17:50:47.003,56,null,false,optimization,7,null
2168,18435,18418,false,2008-08-20T17:50:47.003,56,null,false,set,7,null
2168,18435,18418,false,2008-08-20T17:50:47.003,56,null,false,series,7,null
2165,18437,18413,false,2008-08-20T17:51:10.827,0,null,false,sql-server,0,null
1951,18451,18413,false,2008-08-20T17:58:16.190,0,null,false,sql-server,0,null
1968,34541,34505,false,2008-08-29T16:03:42.247,30,null,false,c#,6,null
1968,34541,34505,false,2008-08-29T16:03:42.247,30,null,false,.net,6,null
979,34542,34518,false,2008-08-29T16:03:47.940,5,null,false,algorithm,0,null
979,34542,34518,false,2008-08-29T16:03:47.940,5,null,false,language-agnostic,0,null
979,34542,34518,false,2008-08-29T16:03:47.940,5,null,false,sorting,0,null
979,34542,34518,false,2008-08-29T16:03:47.940,5,null,false,natural-sort,0,null
392,34543,34516,false,2008-08-29T16:04:10.730,1,null,false,c#,0,null
392,34543,34516,false,2008-08-29T16:04:10.730,1,null,false,comments,0,null
2284,34546,34512,false,2008-08-29T16:04:43.600,12,null,false,multithreading,1,null
2284,34546,34512,false,2008-08-29T16:04:43.600,12,null,false,concurrency,1,null
2284,34546,34512,false,2008-08-29T16:04:43.600,12,null,false,locking,1,null
2284,34546,34512,false,2008-08-29T16:04:43.600,12,null,false,deadlock,1,null
3269,34547,34463,false,2008-08-29T16:04:44.177,5,null,false,winapi,1,null
3269,34547,34463,false,2008-08-29T16:04:44.177,5,null,false,rsync,1,null
3269,34547,34463,false,2008-08-29T16:04:44.177,5,null,false,porting,1,null
887,39518,39474,false,2008-09-02T13:33:01.607,32,null,false,c++,4,null
887,39518,39474,false,2008-09-02T13:33:01.607,32,null,false,c,4,null
887,39518,39474,false,2008-09-02T13:33:01.607,32,null,false,visual-studio-2008,4,null
887,39518,39474,false,2008-09-02T13:33:01.607,32,null,false,intellisense,4,null
,39519,39454,false,2008-09-02T13:33:22.150,0,null,false,wpf,0,null
,39519,39454,false,2008-09-02T13:33:22.150,0,null,false,windows-xp,0,null
,39519,39454,false,2008-09-02T13:33:22.150,0,null,false,3d,0,null
,39519,39454,false,2008-09-02T13:33:22.150,0,null,false,antialiasing,0,null
,39519,39454,false,2008-09-02T13:33:22.150,0,null,false,viewport3d,0,null
1968,31758,31693,false,2008-08-28T07:11:00.550,61,null,false,c#,4,null
1968,31758,31693,false,2008-08-28T07:11:00.550,61,null,false,java,4,null
1968,31758,31693,false,2008-08-28T07:11:00.550,61,null,false,c++,4,null
1968,31758,31693,false,2008-08-28T07:11:00.550,61,null,false,generics,4,null
1968,31758,31693,false,2008-08-28T07:11:00.550,61,null,false,templates,4,null
2973,34548,34524,false,2008-08-29T16:04:47.797,79,null,false,multithreading,0,null
2973,34548,34524,false,2008-08-29T16:04:47.797,79,null,false,concurrency,0,null
2973,34548,34524,false,2008-08-29T16:04:47.797,79,null,false,mutex,0,null
142,34550,34510,false,2008-08-29T16:05:23.100,1657,null,false,multithreading,20,null
142,34550,34510,false,2008-08-29T16:05:23.100,1657,null,false,concurrency,20,null
142,34550,34510,false,2008-08-29T16:05:23.100,1657,null,false,terminology,20,null
142,34550,34510,false,2008-08-29T16:05:23.100,1657,null,false,race-condition,20,null
1975282,34551,34524,false,2008-08-29T16:05:38.747,120,null,false,multithreading,2,null
1975282,34551,34524,false,2008-08-29T16:05:38.747,120,null,false,concurrency,2,null
1975282,34551,34524,false,2008-08-29T16:05:38.747,120,null,false,mutex,2,null
2894,34556,34524,false,2008-08-29T16:06:26.857,271,null,false,multithreading,6,null
2894,34556,34524,false,2008-08-29T16:06:26.857,271,null,false,concurrency,6,null
2894,34556,34524,false,2008-08-29T16:06:26.857,271,null,false,mutex,6,null
274,34558,34524,false,2008-08-29T16:07:15.387,2933,null,false,multithreading,11,null
274,34558,34524,false,2008-08-29T16:07:15.387,2933,null,false,concurrency,11,null
274,34558,34524,false,2008-08-29T16:07:15.387,2933,null,false,mutex,11,null
1965,39526,39474,false,2008-09-02T13:36:33.547,2,null,false,c++,0,null
1965,39526,39474,false,2008-09-02T13:36:33.547,2,null,false,c,0,null
1965,39526,39474,false,2008-09-02T13:36:33.547,2,null,false,visual-studio-2008,0,null
1965,39526,39474,false,2008-09-02T13:36:33.547,2,null,false,intellisense,0,null
3743,39529,13540,false,2008-09-02T13:37:56.477,1,null,false,sql,0,null
3743,39529,13540,false,2008-09-02T13:37:56.477,1,null,false,sql-server,0,null
3743,39529,13540,false,2008-09-02T13:37:56.477,1,null,false,stored-procedures,0,null
3743,39529,13540,false,2008-09-02T13:37:56.477,1,null,false,upsert,0,null
986,39534,39474,false,2008-09-02T13:41:26.873,1,null,false,c++,0,null
986,39534,39474,false,2008-09-02T13:41:26.873,1,null,false,c,0,null
986,39534,39474,false,2008-09-02T13:41:26.873,1,null,false,visual-studio-2008,0,null
986,39534,39474,false,2008-09-02T13:41:26.873,1,null,false,intellisense,0,null
893,27713,27700,false,2008-08-26T10:32:45.947,1,null,false,c++,0,null
893,27713,27700,false,2008-08-26T10:32:45.947,1,null,false,windows,0,null
893,27713,27700,false,2008-08-26T10:32:45.947,1,null,false,linux,0,null
893,27713,27700,false,2008-08-26T10:32:45.947,1,null,false,filesystems,0,null
2957,27717,27700,false,2008-08-26T10:35:41.120,1,null,false,c++,0,null
2957,27717,27700,false,2008-08-26T10:35:41.120,1,null,false,windows,0,null
2957,27717,27700,false,2008-08-26T10:35:41.120,1,null,false,linux,0,null
2957,27717,27700,false,2008-08-26T10:35:41.120,1,null,false,filesystems,0,null
2963,27727,27695,false,2008-08-26T10:47:05.117,6,null,false,svn,1,null
2963,27727,27695,false,2008-08-26T10:47:05.117,6,null,false,git,1,null
2963,27727,27695,false,2008-08-26T10:47:05.117,6,null,false,version-control,1,null
2963,27727,27695,false,2008-08-26T10:47:05.117,6,null,false,versioning,1,null
2617,24455,24451,false,2008-08-23T18:22:08.933,1,null,false,language-agnostic,1,null
2617,24455,24451,false,2008-08-23T18:22:08.933,1,null,false,goto,1,null
2928,31768,31572,false,2008-08-28T07:16:35.153,15,null,false,.net,2,null
2928,31768,31572,false,2008-08-28T07:16:35.153,15,null,false,networking,2,null
2928,31768,31572,false,2008-08-28T07:16:35.153,15,null,false,tcp,2,null
2928,31768,31572,false,2008-08-28T07:16:35.153,15,null,false,udp,2,null
974,31778,31693,false,2008-08-28T07:22:31.113,1,null,false,c#,0,null
974,31778,31693,false,2008-08-28T07:22:31.113,1,null,false,java,0,null
974,31778,31693,false,2008-08-28T07:22:31.113,1,null,false,c++,0,null
974,31778,31693,false,2008-08-28T07:22:31.113,1,null,false,generics,0,null
974,31778,31693,false,2008-08-28T07:22:31.113,1,null,false,templates,0,null
1975282,31782,31581,false,2008-08-28T07:23:25.433,7,null,false,c#,0,null
1975282,31782,31581,false,2008-08-28T07:23:25.433,7,null,false,.net,0,null
1975282,31782,31581,false,2008-08-28T07:23:25.433,7,null,false,multithreading,0,null
1975282,31782,31581,false,2008-08-28T07:23:25.433,7,null,false,timer,0,null
842,31783,31572,false,2008-08-28T07:24:02.827,10,null,false,.net,1,null
842,31783,31572,false,2008-08-28T07:24:02.827,10,null,false,networking,1,null
842,31783,31572,false,2008-08-28T07:24:02.827,10,null,false,tcp,1,null
842,31783,31572,false,2008-08-28T07:24:02.827,10,null,false,udp,1,null
2695,31784,31572,false,2008-08-28T07:24:24.120,0,null,false,.net,0,null
2695,31784,31572,false,2008-08-28T07:24:24.120,0,null,false,networking,0,null
2695,31784,31572,false,2008-08-28T07:24:24.120,0,null,false,tcp,0,null
2695,31784,31572,false,2008-08-28T07:24:24.120,0,null,false,udp,0,null
2018,39542,39533,false,2008-09-02T13:45:10.203,6,null,false,virtualization,1,null
1908,39543,39392,false,2008-09-02T13:45:10.470,7,null,false,asp.net-mvc,0,null
1908,39543,39392,false,2008-09-02T13:45:10.470,7,null,false,xslt,0,null
267,39544,39541,false,2008-09-02T13:45:55.617,0,null,false,.net,0,null
267,39544,39541,false,2008-09-02T13:45:55.617,0,null,false,vb6,0,null
267,39544,39541,false,2008-09-02T13:45:55.617,0,null,false,vb6-migration,0,null
267,39544,39541,false,2008-09-02T13:45:55.617,0,null,false,control-array,0,null
305,39545,39536,false,2008-09-02T13:46:02.557,1,null,false,php,0,null
305,39545,39536,false,2008-09-02T13:46:02.557,1,null,false,ruby,0,null
305,39545,39536,false,2008-09-02T13:46:02.557,1,null,false,database,0,null
305,39545,39536,false,2008-09-02T13:46:02.557,1,null,false,mysql,0,null
305,39548,39541,false,2008-09-02T13:49:00.710,4,null,false,.net,0,null
305,39548,39541,false,2008-09-02T13:49:00.710,4,null,false,vb6,0,null
305,39548,39541,false,2008-09-02T13:49:00.710,4,null,false,vb6-migration,0,null
305,39548,39541,false,2008-09-02T13:49:00.710,4,null,false,control-array,0,null
4185,39551,39533,false,2008-09-02T13:50:17.087,0,null,false,virtualization,0,null
1965,39552,39541,false,2008-09-02T13:50:48.490,1,null,false,.net,0,null
1965,39552,39541,false,2008-09-02T13:50:48.490,1,null,false,vb6,0,null
1965,39552,39541,false,2008-09-02T13:50:48.490,1,null,false,vb6-migration,0,null
1965,39552,39541,false,2008-09-02T13:50:48.490,1,null,false,control-array,0,null
1801,22614,22598,false,2008-08-22T15:09:58.747,0,null,false,asp.net,0,null
1801,22614,22598,false,2008-08-22T15:09:58.747,0,null,false,asp.net-mvc,0,null
1968,22624,22617,false,2008-08-22T15:12:41.613,156,null,false,python,0,null
1968,22624,22617,false,2008-08-22T15:12:41.613,156,null,false,string-formatting,0,null
1344,27732,27729,false,2008-08-26T10:50:53.453,1,null,false,apache-flex,0,null
1344,27732,27729,false,2008-08-26T10:50:53.453,1,null,false,macos,0,null
2822,27735,27695,false,2008-08-26T10:52:31.203,4,null,false,svn,0,null
2822,27735,27695,false,2008-08-26T10:52:31.203,4,null,false,git,0,null
2822,27735,27695,false,2008-08-26T10:52:31.203,4,null,false,version-control,0,null
2822,27735,27695,false,2008-08-26T10:52:31.203,4,null,false,versioning,0,null
1710,27736,27726,false,2008-08-26T10:53:10.423,7,null,false,c#,0,null
1710,27736,27726,false,2008-08-26T10:53:10.423,7,null,false,expression,0,null
1075,27739,27711,false,2008-08-26T10:54:25.427,3,null,false,c#,0,null
1075,27739,27711,false,2008-08-26T10:54:25.427,3,null,false,asp.net,0,null
1075,27739,27711,false,2008-08-26T10:54:25.427,3,null,false,linq,0,null
1075,27739,27711,false,2008-08-26T10:54:25.427,3,null,false,gridview,0,null
1851,27744,27711,false,2008-08-26T11:00:06.320,0,null,false,c#,0,null
1851,27744,27711,false,2008-08-26T11:00:06.320,0,null,false,asp.net,0,null
1851,27744,27711,false,2008-08-26T11:00:06.320,0,null,false,linq,0,null
1851,27744,27711,false,2008-08-26T11:00:06.320,0,null,false,gridview,0,null
2973,34560,34519,false,2008-08-29T16:07:55.183,18,null,false,multithreading,2,null
2973,34560,34519,false,2008-08-29T16:07:55.183,18,null,false,concurrency,2,null
2973,34560,34519,false,2008-08-29T16:07:55.183,18,null,false,semaphore,2,null
2695,34562,34510,false,2008-08-29T16:07:57.913,48,null,false,multithreading,3,null
2695,34562,34510,false,2008-08-29T16:07:57.913,48,null,false,concurrency,3,null
2695,34562,34510,false,2008-08-29T16:07:57.913,48,null,false,terminology,3,null
2695,34562,34510,false,2008-08-29T16:07:57.913,48,null,false,race-condition,3,null
1968,34564,34536,false,2008-08-29T16:08:41.047,0,null,false,javascript,0,null
1968,34564,34536,false,2008-08-29T16:08:41.047,0,null,false,jquery,0,null
1968,34564,34536,false,2008-08-29T16:08:41.047,0,null,false,html,0,null
1968,34564,34536,false,2008-08-29T16:08:41.047,0,null,false,css,0,null
1559,34566,34505,false,2008-08-29T16:09:29.690,5,null,false,c#,1,null
1559,34566,34505,false,2008-08-29T16:09:29.690,5,null,false,.net,1,null
1968,39553,39541,false,2008-09-02T13:50:54.917,2,null,false,.net,1,null
1968,39553,39541,false,2008-09-02T13:50:54.917,2,null,false,vb6,1,null
1968,39553,39541,false,2008-09-02T13:50:54.917,2,null,false,vb6-migration,1,null
1968,39553,39541,false,2008-09-02T13:50:54.917,2,null,false,control-array,1,null
1709,39555,39536,false,2008-09-02T13:51:29.673,0,null,false,php,0,null
1709,39555,39536,false,2008-09-02T13:51:29.673,0,null,false,ruby,0,null
1709,39555,39536,false,2008-09-02T13:51:29.673,0,null,false,database,0,null
1709,39555,39536,false,2008-09-02T13:51:29.673,0,null,false,mysql,0,null
2429,39556,39541,false,2008-09-02T13:51:33.183,5,null,false,.net,0,null
2429,39556,39541,false,2008-09-02T13:51:33.183,5,null,false,vb6,0,null
2429,39556,39541,false,2008-09-02T13:51:33.183,5,null,false,vb6-migration,0,null
2429,39556,39541,false,2008-09-02T13:51:33.183,5,null,false,control-array,0,null
2418,39559,18172,false,2008-09-02T13:51:57.083,2,null,false,windows,0,null
2418,39559,18172,false,2008-09-02T13:51:57.083,2,null,false,vb6,0,null
2418,39559,18172,false,2008-09-02T13:51:57.083,2,null,false,network-programming,0,null
2418,39559,18172,false,2008-09-02T13:51:57.083,2,null,false,wireless,0,null
2418,39559,18172,false,2008-09-02T13:51:57.083,2,null,false,intermittent,0,null
194,39560,39533,false,2008-09-02T13:52:26.147,-1,null,false,virtualization,0,null
1219,44953,44909,false,2008-09-04T23:14:40.240,1,null,false,artifacts,0,null
2975,44954,44942,false,2008-09-04T23:16:00.050,157,null,false,c#,0,null
2975,44954,44942,false,2008-09-04T23:16:00.050,157,null,false,generics,0,null
2975,44954,44942,false,2008-09-04T23:16:00.050,157,null,false,casting,0,null
4285,44956,44905,false,2008-09-04T23:16:22.933,0,null,false,c#,0,null
4285,44956,44905,false,2008-09-04T23:16:22.933,0,null,false,switch-statement,0,null
486,44958,44917,false,2008-09-04T23:23:25.460,159,null,false,sql,1,null
486,44958,44917,false,2008-09-04T23:23:25.460,159,null,false,join,1,null
356,33633,33630,false,2008-08-28T23:28:51.603,0,null,false,windows,0,null
356,33633,33630,false,2008-08-28T23:28:51.603,0,null,false,memory,0,null
356,33633,33630,false,2008-08-28T23:28:51.603,0,null,false,.net-2.0,0,null
356,33633,33630,false,2008-08-28T23:28:51.603,0,null,false,64-bit,0,null
356,33633,33630,false,2008-08-28T23:28:51.603,0,null,false,hardware,0,null
2098,33635,33630,false,2008-08-28T23:29:42.070,6,null,false,windows,0,null
2098,33635,33630,false,2008-08-28T23:29:42.070,6,null,false,memory,0,null
2098,33635,33630,false,2008-08-28T23:29:42.070,6,null,false,.net-2.0,0,null
2098,33635,33630,false,2008-08-28T23:29:42.070,6,null,false,64-bit,0,null
2098,33635,33630,false,2008-08-28T23:29:42.070,6,null,false,hardware,0,null
2654,33636,33630,false,2008-08-28T23:29:45.720,0,null,false,windows,0,null
2654,33636,33630,false,2008-08-28T23:29:45.720,0,null,false,memory,0,null
2654,33636,33630,false,2008-08-28T23:29:45.720,0,null,false,.net-2.0,0,null
2654,33636,33630,false,2008-08-28T23:29:45.720,0,null,false,64-bit,0,null
2654,33636,33630,false,2008-08-28T23:29:45.720,0,null,false,hardware,0,null
2213,33639,33630,false,2008-08-28T23:31:21.223,1,null,false,windows,0,null
2213,33639,33630,false,2008-08-28T23:31:21.223,1,null,false,memory,0,null
2213,33639,33630,false,2008-08-28T23:31:21.223,1,null,false,.net-2.0,0,null
2213,33639,33630,false,2008-08-28T23:31:21.223,1,null,false,64-bit,0,null
2213,33639,33630,false,2008-08-28T23:31:21.223,1,null,false,hardware,0,null
459,33642,33637,false,2008-08-28T23:32:23.060,12,null,false,gps,1,null
459,33642,33637,false,2008-08-28T23:32:23.060,12,null,false,mobile-phones,1,null
3347,39563,39533,false,2008-09-02T13:53:12.900,8,null,false,virtualization,2,null
4071,39565,39533,false,2008-09-02T13:53:27.517,0,null,false,virtualization,1,null
3619,39566,39395,false,2008-09-02T13:53:47.577,0,null,false,c#,0,null
3619,39566,39395,false,2008-09-02T13:53:47.577,0,null,false,pi,0,null
3832,39568,39473,false,2008-09-02T13:54:29.247,9,null,false,cuda,2,null
3832,39568,39473,false,2008-09-02T13:54:29.247,9,null,false,raytracing,2,null
2998,27747,27621,false,2008-08-26T11:02:36.717,14,null,false,unix,7,null
2998,27747,27621,false,2008-08-26T11:02:36.717,14,null,false,shell,7,null
2131,27749,27700,false,2008-08-26T11:02:41.227,3,null,false,c++,0,null
2131,27749,27700,false,2008-08-26T11:02:41.227,3,null,false,windows,0,null
2131,27749,27700,false,2008-08-26T11:02:41.227,3,null,false,linux,0,null
2131,27749,27700,false,2008-08-26T11:02:41.227,3,null,false,filesystems,0,null
2822,27750,27742,false,2008-08-26T11:03:32.957,8,null,false,c#,1,null
2822,27750,27742,false,2008-08-26T11:03:32.957,8,null,false,crash,1,null
2822,27750,27742,false,2008-08-26T11:03:32.957,8,null,false,memory-dump,1,null
1968,27751,27726,false,2008-08-26T11:03:34.687,6,null,false,c#,0,null
1968,27751,27726,false,2008-08-26T11:03:34.687,6,null,false,expression,0,null
,43225,43223,false,2008-09-04T05:46:17.467,0,null,false,matlab,0,null
,43225,43223,false,2008-09-04T05:46:17.467,0,null,false,simulink,0,null
,43225,43223,false,2008-09-04T05:46:17.467,0,null,false,xpc-target,0,null
2915,43228,43223,false,2008-09-04T05:55:28.803,2,null,false,matlab,0,null
2915,43228,43223,false,2008-09-04T05:55:28.803,2,null,false,simulink,0,null
2915,43228,43223,false,2008-09-04T05:55:28.803,2,null,false,xpc-target,0,null
370899,27752,27643,false,2008-08-26T11:03:59.867,1,null,false,javascript,0,null
370899,27752,27643,false,2008-08-26T11:03:59.867,1,null,false,css,0,null
2009,27755,27745,false,2008-08-26T11:06:09.173,171,null,true,regex,17,null
2009,27755,27745,false,2008-08-26T11:06:09.173,171,null,true,language-agnostic,17,null
2009,27755,27745,false,2008-08-26T11:06:09.173,171,null,true,url,17,null
631,7840,7719,false,2008-08-11T14:45:05.957,0,null,false,c#,0,null
631,7840,7719,false,2008-08-11T14:45:05.957,0,null,false,.net,0,null
631,7840,7719,false,2008-08-11T14:45:05.957,0,null,false,events,0,null
631,7840,7719,false,2008-08-11T14:45:05.957,0,null,false,windows-mobile,0,null
900,7844,7758,false,2008-08-11T14:58:21.593,1,null,false,.net,0,null
900,7844,7758,false,2008-08-11T14:58:21.593,1,null,false,wpf,0,null
900,7844,7758,false,2008-08-11T14:58:21.593,1,null,false,silverlight,0,null
900,7844,7758,false,2008-08-11T14:58:21.593,1,null,false,xaml,0,null
900,7844,7758,false,2008-08-11T14:58:21.593,1,null,false,binding,0,null
905,34573,34505,false,2008-08-29T16:11:24.240,4,null,false,c#,0,null
905,34573,34505,false,2008-08-29T16:11:24.240,4,null,false,.net,0,null
3619,34574,34524,false,2008-08-29T16:11:28.077,29,null,false,multithreading,1,null
3619,34574,34524,false,2008-08-29T16:11:28.077,29,null,false,concurrency,1,null
3619,34574,34524,false,2008-08-29T16:11:28.077,29,null,false,mutex,1,null
3575,34578,34510,false,2008-08-29T16:12:09.120,20,null,false,multithreading,0,null
3575,34578,34510,false,2008-08-29T16:12:09.120,20,null,false,concurrency,0,null
3575,34578,34510,false,2008-08-29T16:12:09.120,20,null,false,terminology,0,null
3575,34578,34510,false,2008-08-29T16:12:09.120,20,null,false,race-condition,0,null
4050,39569,39533,false,2008-09-02T13:54:44.050,3,null,false,virtualization,1,null
1908,39570,39541,false,2008-09-02T13:54:51.680,0,null,false,.net,0,null
1908,39570,39541,false,2008-09-02T13:54:51.680,0,null,false,vb6,0,null
1908,39570,39541,false,2008-09-02T13:54:51.680,0,null,false,vb6-migration,0,null
1908,39570,39541,false,2008-09-02T13:54:51.680,0,null,false,control-array,0,null
1060,39571,39517,false,2008-09-02T13:54:57.030,1,null,false,sql,0,null
1060,39571,39517,false,2008-09-02T13:54:57.030,1,null,false,database,0,null
1060,39571,39517,false,2008-09-02T13:54:57.030,1,null,false,postgresql,0,null
1060,39571,39517,false,2008-09-02T13:54:57.030,1,null,false,trusted-vs-untrusted,0,null
1965,39573,39561,false,2008-09-02T13:55:19.960,31,null,false,visual-studio,0,null
2090,39574,39561,false,2008-09-02T13:55:30.960,267,null,false,visual-studio,3,null
100,13544,13537,false,2008-08-17T07:00:23.787,8,null,false,compiler-construction,0,null
100,13544,13537,false,2008-08-17T07:00:23.787,8,null,false,language-agnostic,0,null
100,13544,13537,false,2008-08-17T07:00:23.787,8,null,false,bootstrapping,0,null
116,13546,13537,false,2008-08-17T07:00:39.310,23,null,false,compiler-construction,0,null
116,13546,13537,false,2008-08-17T07:00:39.310,23,null,false,language-agnostic,0,null
116,13546,13537,false,2008-08-17T07:00:39.310,23,null,false,bootstrapping,0,null
1249,13547,13537,false,2008-08-17T07:01:08.340,4,null,false,compiler-construction,1,null
1249,13547,13537,false,2008-08-17T07:01:08.340,4,null,false,language-agnostic,1,null
1249,13547,13537,false,2008-08-17T07:01:08.340,4,null,false,bootstrapping,1,null
958,13548,13537,false,2008-08-17T07:06:30.577,3,null,false,compiler-construction,0,null
958,13548,13537,false,2008-08-17T07:06:30.577,3,null,false,language-agnostic,0,null
958,13548,13537,false,2008-08-17T07:06:30.577,3,null,false,bootstrapping,0,null
1942,41935,41857,false,2008-09-03T15:28:53.753,3,null,false,performance,0,null
1942,41935,41857,false,2008-09-03T15:28:53.753,3,null,false,testing,0,null
1942,41935,41857,false,2008-09-03T15:28:53.753,3,null,false,web-applications,0,null
1942,41935,41857,false,2008-09-03T15:28:53.753,3,null,false,benchmarking,0,null
3525,39579,39395,false,2008-09-02T13:57:49.377,1,null,false,c#,0,null
3525,39579,39395,false,2008-09-02T13:57:49.377,1,null,false,pi,0,null
1830,39580,39561,false,2008-09-02T13:57:54.213,4,null,false,visual-studio,0,null
,39584,39438,false,2008-09-02T14:00:06.207,2,null,false,sql-server,0,null
,39584,39438,false,2008-09-02T14:00:06.207,2,null,false,database,0,null
,39584,39438,false,2008-09-02T14:00:06.207,2,null,false,oracle,0,null
341,3151,3144,false,2008-08-06T07:58:13.557,7,null,false,vb.net,0,null
341,3151,3144,false,2008-08-06T07:58:13.557,7,null,false,diff,0,null
51,3152,3147,false,2008-08-06T08:02:10.867,2,null,false,.net,1,null
192,3155,3147,false,2008-08-06T08:08:20.557,3,null,false,.net,0,null
3624,34582,34565,false,2008-08-29T16:13:42.050,97,null,false,ruby,2,null
3624,34582,34565,false,2008-08-29T16:13:42.050,97,null,false,random,2,null
2429,39586,39561,false,2008-09-02T14:01:00.430,11,null,false,visual-studio,1,null
2257,39587,39562,false,2008-09-02T14:01:01.867,6,null,false,database,0,null
2257,39587,39562,false,2008-09-02T14:01:01.867,6,null,false,jakarta-ee,0,null
2257,39587,39562,false,2008-09-02T14:01:01.867,6,null,false,web-applications,0,null
2257,39587,39562,false,2008-09-02T14:01:01.867,6,null,false,multilingual,0,null
4140,39589,39474,false,2008-09-02T14:01:50.430,4,null,false,c++,2,null
4140,39589,39474,false,2008-09-02T14:01:50.430,4,null,false,c,2,null
4140,39589,39474,false,2008-09-02T14:01:50.430,4,null,false,visual-studio-2008,2,null
4140,39589,39474,false,2008-09-02T14:01:50.430,4,null,false,intellisense,2,null
1578,39590,39474,false,2008-09-02T14:02:01.240,27,null,false,c++,3,null
1578,39590,39474,false,2008-09-02T14:02:01.240,27,null,false,c,3,null
1578,39590,39474,false,2008-09-02T14:02:01.240,27,null,false,visual-studio-2008,3,null
1578,39590,39474,false,2008-09-02T14:02:01.240,27,null,false,intellisense,3,null
3381,39591,39585,false,2008-09-02T14:03:08.163,8,null,false,web-services,0,null
3381,39591,39585,false,2008-09-02T14:03:08.163,8,null,false,soap,0,null
3381,39591,39585,false,2008-09-02T14:03:08.163,8,null,false,wsdl,0,null
1944,39593,39536,false,2008-09-02T14:03:46.040,0,null,false,php,0,null
1944,39593,39536,false,2008-09-02T14:03:46.040,0,null,false,ruby,0,null
1944,39593,39536,false,2008-09-02T14:03:46.040,0,null,false,database,0,null
1944,39593,39536,false,2008-09-02T14:03:46.040,0,null,false,mysql,0,null
2822,34586,34571,false,2008-08-29T16:14:19.943,829,null,true,java,9,null
2822,34586,34571,false,2008-08-29T16:14:19.943,829,null,true,unit-testing,9,null
2822,34586,34571,false,2008-08-29T16:14:19.943,829,null,true,junit,9,null
2822,34586,34571,false,2008-08-29T16:14:19.943,829,null,true,tdd,9,null
1384652,34587,34581,false,2008-08-29T16:14:25.247,3,null,false,html,2,null
1384652,34587,34581,false,2008-08-29T16:14:25.247,3,null,false,css,2,null
1384652,34587,34581,false,2008-08-29T16:14:25.247,3,null,false,css-float,2,null
1384652,34587,34581,false,2008-08-29T16:14:25.247,3,null,false,internet-explorer-6,2,null
3305,34590,34571,false,2008-08-29T16:14:54.637,155,null,true,java,5,null
3305,34590,34571,false,2008-08-29T16:14:54.637,155,null,true,unit-testing,5,null
3305,34590,34571,false,2008-08-29T16:14:54.637,155,null,true,junit,5,null
3305,34590,34571,false,2008-08-29T16:14:54.637,155,null,true,tdd,5,null
1596,34591,34506,false,2008-08-29T16:14:57.600,2,null,false,c++,0,null
1596,34591,34506,false,2008-08-29T16:14:57.600,2,null,false,virtual-functions,0,null
572,34594,34571,false,2008-08-29T16:15:30.127,68,null,true,java,2,null
572,34594,34571,false,2008-08-29T16:15:30.127,68,null,true,unit-testing,2,null
572,34594,34571,false,2008-08-29T16:15:30.127,68,null,true,junit,2,null
572,34594,34571,false,2008-08-29T16:15:30.127,68,null,true,tdd,2,null
986,27759,27745,false,2008-08-26T11:10:16.497,5,null,false,regex,0,null
986,27759,27745,false,2008-08-26T11:10:16.497,5,null,false,language-agnostic,0,null
986,27759,27745,false,2008-08-26T11:10:16.497,5,null,false,url,0,null
2009,27763,27758,false,2008-08-26T11:12:47.317,2,null,false,.net,1,null
2009,27763,27758,false,2008-08-26T11:12:47.317,2,null,false,attributes,1,null
2822,27764,27758,false,2008-08-26T11:13:06.240,0,null,false,.net,0,null
2822,27764,27758,false,2008-08-26T11:13:06.240,0,null,false,attributes,0,null
986,27765,27758,false,2008-08-26T11:13:41.793,0,null,false,.net,2,null
986,27765,27758,false,2008-08-26T11:13:41.793,0,null,false,attributes,2,null
2936,27766,27758,false,2008-08-26T11:13:53.773,0,null,false,.net,2,null
2936,27766,27758,false,2008-08-26T11:13:53.773,0,null,false,attributes,2,null
968,27767,27758,false,2008-08-26T11:13:56.630,0,null,false,.net,0,null
968,27767,27758,false,2008-08-26T11:13:56.630,0,null,false,attributes,0,null
1851,27768,27745,false,2008-08-26T11:17:28.727,6,null,false,regex,1,null
1851,27768,27745,false,2008-08-26T11:17:28.727,6,null,false,language-agnostic,1,null
1851,27768,27745,false,2008-08-26T11:17:28.727,6,null,false,url,1,null
40,16410,16403,false,2008-08-19T15:31:59.277,1,null,false,html,0,null
40,16410,16403,false,2008-08-19T15:31:59.277,1,null,false,whitespace,0,null
1951,16412,16403,false,2008-08-19T15:33:49.630,7,null,false,html,0,null
1951,16412,16403,false,2008-08-19T15:33:49.630,7,null,false,whitespace,0,null
303,6435,6430,false,2008-08-08T22:20:28.973,5,null,false,winforms,0,null
571,6436,6373,false,2008-08-08T22:20:46.540,0,null,false,javascript,0,null
292,46121,33262,false,2008-09-05T15:57:59.983,9,null,false,java,0,null
292,46121,33262,false,2008-09-05T15:57:59.983,9,null,false,xml,0,null
292,46121,33262,false,2008-09-05T15:57:59.983,9,null,false,document,0,null
292,46121,33262,false,2008-09-05T15:57:59.983,9,null,false,w3c,0,null
3163,30285,30239,false,2008-08-27T14:31:47.487,68,null,false,c#,2,null
3163,30285,30239,false,2008-08-27T14:31:47.487,68,null,false,wpf,2,null
3163,30285,30239,false,2008-08-27T14:31:47.487,68,null,false,icons,2,null
3163,30285,30239,false,2008-08-27T14:31:47.487,68,null,false,menuitem,2,null
900,30287,30239,false,2008-08-27T14:32:40.263,23,null,false,c#,3,null
900,30287,30239,false,2008-08-27T14:32:40.263,23,null,false,wpf,3,null
900,30287,30239,false,2008-08-27T14:32:40.263,23,null,false,icons,3,null
900,30287,30239,false,2008-08-27T14:32:40.263,23,null,false,menuitem,3,null
3242,30292,30288,false,2008-08-27T14:34:52.673,11,null,false,coldfusion,2,null
1799,21279,21265,false,2008-08-21T21:54:28.050,0,null,false,variables,0,null
1799,21279,21265,false,2008-08-21T21:54:28.050,0,null,false,floating-point,0,null
1799,21279,21265,false,2008-08-21T21:54:28.050,0,null,false,inequality,0,null
1014,21283,21274,false,2008-08-21T21:55:16.613,4,null,false,html,0,null
1014,21283,21274,false,2008-08-21T21:55:16.613,4,null,false,editor,0,null
2213,21285,21274,false,2008-08-21T21:55:59.607,11,null,false,html,0,null
2213,21285,21274,false,2008-08-21T21:55:59.607,11,null,false,editor,0,null
512,21286,21274,false,2008-08-21T21:56:08.997,9,null,false,html,0,null
512,21286,21274,false,2008-08-21T21:56:08.997,9,null,false,editor,0,null
1975282,21287,21280,false,2008-08-21T21:56:11.290,2,null,false,c#,3,null
1975282,21287,21280,false,2008-08-21T21:56:11.290,2,null,false,sql,3,null
1975282,21287,21280,false,2008-08-21T21:56:11.290,2,null,false,linq,3,null
2131,21291,21265,false,2008-08-21T21:59:00.253,0,null,false,variables,1,null
2131,21291,21265,false,2008-08-21T21:59:00.253,0,null,false,floating-point,1,null
2131,21291,21265,false,2008-08-21T21:59:00.253,0,null,false,inequality,1,null
1965,21292,21280,false,2008-08-21T21:59:00.457,40,null,false,c#,7,null
1965,21292,21280,false,2008-08-21T21:59:00.457,40,null,false,sql,7,null
1965,21292,21280,false,2008-08-21T21:59:00.457,40,null,false,linq,7,null
2688,28603,28577,false,2008-08-26T16:58:31.793,1,null,false,c#,1,null
2688,28603,28577,false,2008-08-26T16:58:31.793,1,null,false,architecture,1,null
2688,28603,28577,false,2008-08-26T16:58:31.793,1,null,false,localization,1,null
2688,28603,28577,false,2008-08-26T16:58:31.793,1,null,false,globalization,1,null
3069,28604,28588,false,2008-08-26T16:58:58.233,5,null,false,linux,1,null
3069,28604,28588,false,2008-08-26T16:58:58.233,5,null,false,ubuntu,1,null
3069,28604,28588,false,2008-08-26T16:58:58.233,5,null,false,openid,1,null
,28606,28577,false,2008-08-26T16:59:21.620,1,null,false,c#,1,null
,28606,28577,false,2008-08-26T16:59:21.620,1,null,false,architecture,1,null
,28606,28577,false,2008-08-26T16:59:21.620,1,null,false,localization,1,null
,28606,28577,false,2008-08-26T16:59:21.620,1,null,false,globalization,1,null
1508,28608,28590,false,2008-08-26T16:59:49.747,2,null,false,database,0,null
1508,28608,28590,false,2008-08-26T16:59:49.747,2,null,false,resources,0,null
1508,28608,28590,false,2008-08-26T16:59:49.747,2,null,false,database-connection,0,null
3098,28611,28538,false,2008-08-26T17:01:16.420,0,null,false,java,0,null
3098,28611,28538,false,2008-08-26T17:01:16.420,0,null,false,import,0,null
3098,28611,28538,false,2008-08-26T17:01:16.420,0,null,false,export,0,null
2009,28612,28590,false,2008-08-26T17:02:28.850,1,null,false,database,0,null
2009,28612,28590,false,2008-08-26T17:02:28.850,1,null,false,resources,0,null
2009,28612,28590,false,2008-08-26T17:02:28.850,1,null,false,database-connection,0,null
1968,27769,27757,false,2008-08-26T11:17:38.617,19,null,false,c#,4,null
1968,27769,27757,false,2008-08-26T11:17:38.617,19,null,false,.net,4,null
1968,27769,27757,false,2008-08-26T11:17:38.617,19,null,false,resources,4,null
33,27773,27757,false,2008-08-26T11:21:34.333,218,null,false,c#,1,null
33,27773,27757,false,2008-08-26T11:21:34.333,218,null,false,.net,1,null
33,27773,27757,false,2008-08-26T11:21:34.333,218,null,false,resources,1,null
2644,27775,27745,false,2008-08-26T11:23:45.403,0,null,false,regex,0,null
2644,27775,27745,false,2008-08-26T11:23:45.403,0,null,false,language-agnostic,0,null
2644,27775,27745,false,2008-08-26T11:23:45.403,0,null,false,url,0,null
2386,24465,24451,false,2008-08-23T18:30:20.927,-1,null,false,language-agnostic,10,null
2386,24465,24451,false,2008-08-23T18:30:20.927,-1,null,false,goto,10,null
2564,24466,24451,false,2008-08-23T18:30:28.413,8,null,false,language-agnostic,3,null
2564,24466,24451,false,2008-08-23T18:30:28.413,8,null,false,goto,3,null
1220,39594,39583,false,2008-09-02T14:04:09.347,3,null,false,database,1,null
1220,39594,39583,false,2008-09-02T14:04:09.347,3,null,false,architecture,1,null
1220,39594,39583,false,2008-09-02T14:04:09.347,3,null,false,transactions,1,null
1726,39595,39564,false,2008-09-02T14:05:26.397,4,null,false,php,0,null
1726,39595,39564,false,2008-09-02T14:05:26.397,4,null,false,authentication,0,null
1726,39595,39564,false,2008-09-02T14:05:26.397,4,null,false,integration,0,null
1726,39595,39564,false,2008-09-02T14:05:26.397,4,null,false,mediawiki-extensions,0,null
4069,39597,39485,false,2008-09-02T14:06:30.997,1,null,false,signal-processing,0,null
543,39599,39399,false,2008-09-02T14:06:51.133,1,null,false,java,0,null
543,39599,39399,false,2008-09-02T14:06:51.133,1,null,false,jsp,0,null
543,39599,39399,false,2008-09-02T14:06:51.133,1,null,false,struts2,0,null
543,39599,39399,false,2008-09-02T14:06:51.133,1,null,false,struts,0,null
1695,39600,39476,false,2008-09-02T14:06:52.493,-5,null,false,c#,2,null
1695,39600,39476,false,2008-09-02T14:06:52.493,-5,null,false,yield,2,null
83,40118,40116,false,2008-09-02T17:36:39.960,38,null,false,asp.net,1,null
83,40118,40116,false,2008-09-02T17:36:39.960,38,null,false,ajax,1,null
83,40118,40116,false,2008-09-02T17:36:39.960,38,null,false,.net-3.5,1,null
770,16416,16402,false,2008-08-19T15:35:27.163,2,null,false,windows,0,null
770,16416,16402,false,2008-08-19T15:35:27.163,2,null,false,batch-file,0,null
770,16416,16402,false,2008-08-19T15:35:27.163,2,null,false,installation,0,null
1025,16417,16403,false,2008-08-19T15:36:44.710,2,null,false,html,0,null
1025,16417,16403,false,2008-08-19T15:36:44.710,2,null,false,whitespace,0,null
1659,16420,16406,false,2008-08-19T15:39:20.230,1,null,false,frameworks,0,null
1659,16420,16406,false,2008-08-19T15:39:20.230,1,null,false,entity,0,null
1959,16421,16403,false,2008-08-19T15:39:58.807,1,null,false,html,0,null
1959,16421,16403,false,2008-08-19T15:39:58.807,1,null,false,whitespace,0,null
72,16422,16413,false,2008-08-19T15:40:15.593,3,null,false,string,0,null
72,16422,16413,false,2008-08-19T15:40:15.593,3,null,false,parsing,0,null
72,16422,16413,false,2008-08-19T15:40:15.593,3,null,false,sql-server-2005,0,null
72,16422,16413,false,2008-08-19T15:40:15.593,3,null,false,street-address,0,null
51,16423,16413,false,2008-08-19T15:40:18.917,6,null,false,string,0,null
51,16423,16413,false,2008-08-19T15:40:18.917,6,null,false,parsing,0,null
51,16423,16413,false,2008-08-19T15:40:18.917,6,null,false,sql-server-2005,0,null
51,16423,16413,false,2008-08-19T15:40:18.917,6,null,false,street-address,0,null
1730,16427,16403,false,2008-08-19T15:43:17.990,0,null,false,html,0,null
1730,16427,16403,false,2008-08-19T15:43:17.990,0,null,false,whitespace,0,null
1165587,16431,15133,false,2008-08-19T15:45:17.330,15,null,false,visual-studio,1,null
1165587,16431,15133,false,2008-08-19T15:45:17.330,15,null,false,winforms,1,null
1165587,16431,15133,false,2008-08-19T15:45:17.330,15,null,false,internationalization,1,null
1165587,16431,15133,false,2008-08-19T15:45:17.330,15,null,false,vsx,1,null
1165587,16431,15133,false,2008-08-19T15:45:17.330,15,null,false,extensibility,1,null
2697,34598,34571,false,2008-08-29T16:16:20.047,242,null,true,java,3,null
2697,34598,34571,false,2008-08-29T16:16:20.047,242,null,true,unit-testing,3,null
2697,34598,34571,false,2008-08-29T16:16:20.047,242,null,true,junit,3,null
2697,34598,34571,false,2008-08-29T16:16:20.047,242,null,true,tdd,3,null
2973,34603,34512,false,2008-08-29T16:19:17.077,38,null,false,multithreading,1,null
2973,34603,34512,false,2008-08-29T16:19:17.077,38,null,false,concurrency,1,null
2973,34603,34512,false,2008-08-29T16:19:17.077,38,null,false,locking,1,null
2973,34603,34512,false,2008-08-29T16:19:17.077,38,null,false,deadlock,1,null
2964,34606,34595,false,2008-08-29T16:20:05.467,4,null,false,algorithm,3,null
2964,34606,34595,false,2008-08-29T16:20:05.467,4,null,false,language-agnostic,3,null
2964,34606,34595,false,2008-08-29T16:20:05.467,4,null,false,hash,3,null
1199,18452,18448,false,2008-08-20T17:58:43.740,0,null,false,c#,0,null
1199,18452,18448,false,2008-08-20T17:58:43.740,0,null,false,web-services,0,null
1199,18452,18448,false,2008-08-20T17:58:43.740,0,null,false,security,0,null
1199,18452,18448,false,2008-08-20T17:58:43.740,0,null,false,encryption,0,null
1862,18454,18413,false,2008-08-20T18:00:17.030,0,null,false,sql-server,0,null
1453,18456,18421,false,2008-08-20T18:02:14.637,12,null,false,c#,1,null
1453,18456,18421,false,2008-08-20T18:02:14.637,12,null,false,.net,1,null
22,18463,18419,false,2008-08-20T18:05:41.057,2,null,false,apache-flex,0,null
22,18463,18419,false,2008-08-20T18:05:41.057,2,null,false,actionscript-3,0,null
1199,18466,18448,false,2008-08-20T18:06:20.307,1,null,false,c#,0,null
1199,18466,18448,false,2008-08-20T18:06:20.307,1,null,false,web-services,0,null
1199,18466,18448,false,2008-08-20T18:06:20.307,1,null,false,security,0,null
1199,18466,18448,false,2008-08-20T18:06:20.307,1,null,false,encryption,0,null
4050,40121,40090,false,2008-09-02T17:38:58.987,20,null,false,c#,0,null
4050,40121,40090,false,2008-09-02T17:38:58.987,20,null,false,overloading,0,null
122,40124,40119,false,2008-09-02T17:39:50.530,4,null,false,java,0,null
122,40124,40119,false,2008-09-02T17:39:50.530,4,null,false,memory,0,null
122,40124,40119,false,2008-09-02T17:39:50.530,4,null,false,memory-leaks,0,null
122,40124,40119,false,2008-09-02T17:39:50.530,4,null,false,jhat,0,null
2688,40128,40107,false,2008-09-02T17:41:07.140,0,null,false,c#,0,null
2688,40128,40107,false,2008-09-02T17:41:07.140,0,null,false,reflection,0,null
2688,40128,40107,false,2008-09-02T17:41:07.140,0,null,false,enums,0,null
2688,40128,40107,false,2008-09-02T17:41:07.140,0,null,false,attributes,0,null
3641,40131,40107,false,2008-09-02T17:44:12.487,0,null,false,c#,0,null
3641,40131,40107,false,2008-09-02T17:44:12.487,0,null,false,reflection,0,null
3641,40131,40107,false,2008-09-02T17:44:12.487,0,null,false,enums,0,null
3641,40131,40107,false,2008-09-02T17:44:12.487,0,null,false,attributes,0,null
581,6442,6414,false,2008-08-08T22:33:31.020,404,null,false,c#,0,null
581,6442,6414,false,2008-08-08T22:33:31.020,404,null,false,loops,0,null
581,6442,6414,false,2008-08-08T22:33:31.020,404,null,false,break,0,null
581,6442,6414,false,2008-08-08T22:33:31.020,404,null,false,enumeration,0,null
581,6442,6414,false,2008-08-08T22:33:31.020,404,null,false,continue,0,null
91,6445,6440,false,2008-08-08T22:35:06.417,21,null,false,.net,0,null
91,6445,6440,false,2008-08-08T22:35:06.417,21,null,false,redistributable,0,null
726,6446,6414,false,2008-08-08T22:35:46.757,20,null,false,c#,0,null
726,6446,6414,false,2008-08-08T22:35:46.757,20,null,false,loops,0,null
726,6446,6414,false,2008-08-08T22:35:46.757,20,null,false,break,0,null
726,6446,6414,false,2008-08-08T22:35:46.757,20,null,false,enumeration,0,null
726,6446,6414,false,2008-08-08T22:35:46.757,20,null,false,continue,0,null
2957,27781,27779,false,2008-08-26T11:30:50.067,7,null,false,c++,1,null
2957,27781,27779,false,2008-08-26T11:30:50.067,7,null,false,c,1,null
2957,27781,27779,false,2008-08-26T11:30:50.067,7,null,false,mfc,1,null
619,27783,27499,false,2008-08-26T11:31:37.257,1,null,false,database,0,null
619,27783,27499,false,2008-08-26T11:31:37.257,1,null,false,deadlock,0,null
619,27783,27499,false,2008-08-26T11:31:37.257,1,null,false,terminology,0,null
1344,27785,27745,false,2008-08-26T11:34:49.463,0,null,false,regex,0,null
1344,27785,27745,false,2008-08-26T11:34:49.463,0,null,false,language-agnostic,0,null
1344,27785,27745,false,2008-08-26T11:34:49.463,0,null,false,url,0,null
1450,27787,27743,false,2008-08-26T11:35:41.070,0,null,false,ruby-on-rails,0,null
1450,27787,27743,false,2008-08-26T11:35:41.070,0,null,false,ruby,0,null
1450,27787,27743,false,2008-08-26T11:35:41.070,0,null,false,mongrel,0,null
123,27789,27779,false,2008-08-26T11:36:50.083,3,null,false,c++,0,null
123,27789,27779,false,2008-08-26T11:36:50.083,3,null,false,c,0,null
123,27789,27779,false,2008-08-26T11:36:50.083,3,null,false,mfc,0,null
319,39601,39564,false,2008-09-02T14:08:04.330,0,null,false,php,0,null
319,39601,39564,false,2008-09-02T14:08:04.330,0,null,false,authentication,0,null
319,39601,39564,false,2008-09-02T14:08:04.330,0,null,false,integration,0,null
319,39601,39564,false,2008-09-02T14:08:04.330,0,null,false,mediawiki-extensions,0,null
2257,39602,39576,false,2008-09-02T14:08:12.333,226,null,false,sql,11,null
2257,39602,39576,false,2008-09-02T14:08:12.333,226,null,false,oracle,11,null
2257,39602,39576,false,2008-09-02T14:08:12.333,226,null,false,sql-insert,11,null
2257,39602,39576,false,2008-09-02T14:08:12.333,226,null,false,oracle9i,11,null
3525,39603,39585,false,2008-09-02T14:08:20.180,1,null,false,web-services,0,null
3525,39603,39585,false,2008-09-02T14:08:20.180,1,null,false,soap,0,null
3525,39603,39585,false,2008-09-02T14:08:20.180,1,null,false,wsdl,0,null
854,39605,39583,false,2008-09-02T14:08:27.137,21,null,false,database,0,null
854,39605,39583,false,2008-09-02T14:08:27.137,21,null,false,architecture,0,null
854,39605,39583,false,2008-09-02T14:08:27.137,21,null,false,transactions,0,null
3314,33645,33630,false,2008-08-28T23:33:29.033,0,null,false,windows,0,null
3314,33645,33630,false,2008-08-28T23:33:29.033,0,null,false,memory,0,null
3314,33645,33630,false,2008-08-28T23:33:29.033,0,null,false,.net-2.0,0,null
3314,33645,33630,false,2008-08-28T23:33:29.033,0,null,false,64-bit,0,null
3314,33645,33630,false,2008-08-28T23:33:29.033,0,null,false,hardware,0,null
3069,33646,33471,false,2008-08-28T23:33:34.150,1,null,false,svn,0,null
3069,33646,33471,false,2008-08-28T23:33:34.150,1,null,false,command-line,0,null
3069,33646,33471,false,2008-08-28T23:33:34.150,1,null,false,merge,0,null
3069,33646,33471,false,2008-08-28T23:33:34.150,1,null,false,conflict,0,null
3087,33651,33497,false,2008-08-28T23:36:12.693,0,null,false,c#,0,null
3087,33651,33497,false,2008-08-28T23:36:12.693,0,null,false,java,0,null
3087,33651,33497,false,2008-08-28T23:36:12.693,0,null,false,api,0,null
3087,33651,33497,false,2008-08-28T23:36:12.693,0,null,false,exception,0,null
3069,33653,33619,false,2008-08-28T23:36:37.373,1,null,false,asp.net,0,null
3069,33653,33619,false,2008-08-28T23:36:37.373,1,null,false,authentication,0,null
3521,33656,33638,false,2008-08-28T23:38:10.893,3,null,false,database,0,null
3521,33656,33638,false,2008-08-28T23:38:10.893,3,null,false,version-control,0,null
3521,33656,33638,false,2008-08-28T23:38:10.893,3,null,false,testing,0,null
3521,33656,33638,false,2008-08-28T23:38:10.893,3,null,false,build-process,0,null
1834,33659,33630,false,2008-08-28T23:40:25.040,1,null,false,windows,0,null
1834,33659,33630,false,2008-08-28T23:40:25.040,1,null,false,memory,0,null
1834,33659,33630,false,2008-08-28T23:40:25.040,1,null,false,.net-2.0,0,null
1834,33659,33630,false,2008-08-28T23:40:25.040,1,null,false,64-bit,0,null
1834,33659,33630,false,2008-08-28T23:40:25.040,1,null,false,hardware,0,null
821,9241,9228,false,2008-08-12T21:07:35.233,2,null,false,sql-server,0,null
821,9241,9228,false,2008-08-12T21:07:35.233,2,null,false,performance,0,null
821,9241,9228,false,2008-08-12T21:07:35.233,2,null,false,ado.net,0,null
1693,25563,25546,false,2008-08-25T02:02:24.327,4,null,false,synchronization,0,null
1693,25563,25546,false,2008-08-25T02:02:24.327,4,null,false,security,0,null
1693,25563,25546,false,2008-08-25T02:02:24.327,4,null,false,rsync,0,null
2600,25564,25546,false,2008-08-25T02:04:26.880,1,null,false,synchronization,1,null
2600,25564,25546,false,2008-08-25T02:04:26.880,1,null,false,security,1,null
2600,25564,25546,false,2008-08-25T02:04:26.880,1,null,false,rsync,1,null
,25565,25550,false,2008-08-25T02:05:22.213,0,null,false,pdf,1,null
,25565,25550,false,2008-08-25T02:05:22.213,0,null,false,import,1,null
1693,25567,25561,false,2008-08-25T02:06:33.740,0,null,false,regex,0,null
1693,25567,25561,false,2008-08-25T02:06:33.740,0,null,false,.net-2.0,0,null
952,25569,25561,false,2008-08-25T02:09:28.053,0,null,false,regex,0,null
952,25569,25561,false,2008-08-25T02:09:28.053,0,null,false,.net-2.0,0,null
55,25572,25566,false,2008-08-25T02:11:36.143,3,null,false,sorting,0,null
55,25572,25566,false,2008-08-25T02:11:36.143,3,null,false,big-o,0,null
541,6451,6440,false,2008-08-08T22:58:45.760,5,null,false,.net,0,null
541,6451,6440,false,2008-08-08T22:58:45.760,5,null,false,redistributable,0,null
243,6452,6440,false,2008-08-08T22:59:48.473,1,null,false,.net,0,null
243,6452,6440,false,2008-08-08T22:59:48.473,1,null,false,redistributable,0,null
489,6453,6440,false,2008-08-08T23:00:49.343,12,null,false,.net,0,null
489,6453,6440,false,2008-08-08T23:00:49.343,12,null,false,redistributable,0,null
726,6454,85,false,2008-08-08T23:00:54.507,51,null,false,php,4,null
726,6454,85,false,2008-08-08T23:00:54.507,51,null,false,sql,4,null
726,6454,85,false,2008-08-08T23:00:54.507,51,null,false,database,4,null
726,6454,85,false,2008-08-08T23:00:54.507,51,null,false,flat-file,4,null
137,6456,6441,false,2008-08-08T23:01:17.050,3,null,false,javascript,0,null
137,6456,6441,false,2008-08-08T23:01:17.050,3,null,false,html,0,null
137,6456,6441,false,2008-08-08T23:01:17.050,3,null,false,radio-button,0,null
733,30301,30286,false,2008-08-27T14:38:02.573,5,null,false,asp.net,1,null
733,30301,30286,false,2008-08-27T14:38:02.573,5,null,false,user-controls,1,null
1028,7853,7846,false,2008-08-11T15:13:14.107,3,null,false,xml,0,null
572,7858,7662,false,2008-08-11T15:23:32.027,14,null,false,database,1,null
572,7858,7662,false,2008-08-11T15:23:32.027,14,null,false,database-design,1,null
572,7858,7662,false,2008-08-11T15:23:32.027,14,null,false,language-agnostic,1,null
572,7858,7662,false,2008-08-11T15:23:32.027,14,null,false,naming-conventions,1,null
832,7861,7846,false,2008-08-11T15:28:08.990,1,null,false,xml,0,null
1024,7863,7851,false,2008-08-11T15:30:23.667,1,null,false,php,0,null
1024,7863,7851,false,2008-08-11T15:30:23.667,1,null,false,unix,0,null
414,9246,9231,false,2008-08-12T21:11:53.400,2,null,false,backup,0,null
414,9246,9231,false,2008-08-12T21:11:53.400,2,null,false,offsite,0,null
414,9247,9228,false,2008-08-12T21:13:21.850,0,null,false,sql-server,0,null
414,9247,9228,false,2008-08-12T21:13:21.850,0,null,false,performance,0,null
414,9247,9228,false,2008-08-12T21:13:21.850,0,null,false,ado.net,0,null
72,9249,9231,false,2008-08-12T21:14:16.170,5,null,false,backup,0,null
72,9249,9231,false,2008-08-12T21:14:16.170,5,null,false,offsite,0,null
960,9250,9240,false,2008-08-12T21:16:50.987,0,null,false,architecture,0,null
,9251,9240,false,2008-08-12T21:18:44.650,0,null,false,architecture,0,null
803,9252,9231,false,2008-08-12T21:19:50.013,2,null,false,backup,0,null
803,9252,9231,false,2008-08-12T21:19:50.013,2,null,false,offsite,0,null
658,36128,36122,false,2008-08-30T16:51:04.573,2,null,false,algorithm,0,null
658,36128,36122,false,2008-08-30T16:51:04.573,2,null,false,string,0,null
658,36128,36122,false,2008-08-30T16:51:04.573,2,null,false,optimization,0,null
1450,36131,36101,false,2008-08-30T16:55:17.993,5,null,false,javascript,0,null
1450,36131,36101,false,2008-08-30T16:55:17.993,5,null,false,html,0,null
1450,36131,36101,false,2008-08-30T16:55:17.993,5,null,false,ruby-on-rails,0,null
1450,36131,36101,false,2008-08-30T16:55:17.993,5,null,false,ruby,0,null
658,36133,36114,false,2008-08-30T16:59:39.967,1,null,false,c++,0,null
863,36138,36127,false,2008-08-30T17:02:35.183,1,null,false,visual-studio,0,null
863,36138,36127,false,2008-08-30T17:02:35.183,1,null,false,visual-c++,0,null
863,36138,36127,false,2008-08-30T17:02:35.183,1,null,false,pdb-files,0,null
863,36138,36127,false,2008-08-30T17:02:35.183,1,null,false,crashrpt,0,null
1970,36141,33459,false,2008-08-30T17:03:26.523,0,null,false,html,0,null
1970,36141,33459,false,2008-08-30T17:03:26.523,0,null,false,flash,0,null
75,39607,39576,false,2008-09-02T14:08:58.273,16,null,false,sql,0,null
75,39607,39576,false,2008-09-02T14:08:58.273,16,null,false,oracle,0,null
75,39607,39576,false,2008-09-02T14:08:58.273,16,null,false,sql-insert,0,null
75,39607,39576,false,2008-09-02T14:08:58.273,16,null,false,oracle9i,0,null
3583,39608,39564,false,2008-09-02T14:09:47.633,1,null,false,php,0,null
3583,39608,39564,false,2008-09-02T14:09:47.633,1,null,false,authentication,0,null
3583,39608,39564,false,2008-09-02T14:09:47.633,1,null,false,integration,0,null
3583,39608,39564,false,2008-09-02T14:09:47.633,1,null,false,mediawiki-extensions,0,null
3590,39610,39438,false,2008-09-02T14:10:50.267,0,null,false,sql-server,0,null
3590,39610,39438,false,2008-09-02T14:10:50.267,0,null,false,database,0,null
3590,39610,39438,false,2008-09-02T14:10:50.267,0,null,false,oracle,0,null
4140,39613,39583,false,2008-09-02T14:10:56.210,7,null,false,database,1,null
4140,39613,39583,false,2008-09-02T14:10:56.210,7,null,false,architecture,1,null
4140,39613,39583,false,2008-09-02T14:10:56.210,7,null,false,transactions,1,null
83,12362,12297,false,2008-08-15T15:25:15.547,0,null,false,asp.net,0,null
83,12362,12297,false,2008-08-15T15:25:15.547,0,null,false,.net,0,null
83,12362,12297,false,2008-08-15T15:25:15.547,0,null,false,vb.net,0,null
83,12362,12297,false,2008-08-15T15:25:15.547,0,null,false,repeater,0,null
83,12362,12297,false,2008-08-15T15:25:15.547,0,null,false,sitemap,0,null
77,12364,12294,false,2008-08-15T15:25:44.503,0,null,false,charts,0,null
77,12364,12294,false,2008-08-15T15:25:44.503,0,null,false,timeline,0,null
35,12367,12319,false,2008-08-15T15:26:26.920,0,null,false,c++,2,null
35,12367,12319,false,2008-08-15T15:26:26.920,0,null,false,winapi,2,null
35,12367,12319,false,2008-08-15T15:26:26.920,0,null,false,macos,2,null
35,12367,12319,false,2008-08-15T15:26:26.920,0,null,false,porting,2,null
35,12367,12319,false,2008-08-15T15:26:26.920,0,null,false,fopen,2,null
905,12373,12297,false,2008-08-15T15:28:40.987,1,null,false,asp.net,0,null
905,12373,12297,false,2008-08-15T15:28:40.987,1,null,false,.net,0,null
905,12373,12297,false,2008-08-15T15:28:40.987,1,null,false,vb.net,0,null
905,12373,12297,false,2008-08-15T15:28:40.987,1,null,false,repeater,0,null
905,12373,12297,false,2008-08-15T15:28:40.987,1,null,false,sitemap,0,null
394,33661,33594,false,2008-08-28T23:40:43.680,0,null,false,winapi,2,null
394,33661,33594,false,2008-08-28T23:40:43.680,0,null,false,windows-nt,2,null
3002,33663,33534,false,2008-08-28T23:41:55.720,30,null,false,python,0,null
3488,33666,33638,false,2008-08-28T23:45:32.063,1,null,false,database,1,null
3488,33666,33638,false,2008-08-28T23:45:32.063,1,null,false,version-control,1,null
3488,33666,33638,false,2008-08-28T23:45:32.063,1,null,false,testing,1,null
3488,33666,33638,false,2008-08-28T23:45:32.063,1,null,false,build-process,1,null
9,33667,33664,false,2008-08-28T23:46:23.387,9,null,false,linq-to-sql,0,null
3069,33668,33438,false,2008-08-28T23:46:49.907,0,null,false,java,1,null
3069,33668,33438,false,2008-08-28T23:46:49.907,0,null,false,database,1,null
3069,33668,33438,false,2008-08-28T23:46:49.907,0,null,false,hibernate,1,null
3069,33668,33438,false,2008-08-28T23:46:49.907,0,null,false,text-files,1,null
1880,33669,31567,false,2008-08-28T23:47:08.283,1,null,false,c#,0,null
1880,33669,31567,false,2008-08-28T23:47:08.283,1,null,false,.net,0,null
1880,33669,31567,false,2008-08-28T23:47:08.283,1,null,false,reflection,0,null
3043,39614,39541,false,2008-09-02T14:11:27.583,3,null,false,.net,0,null
3043,39614,39541,false,2008-09-02T14:11:27.583,3,null,false,vb6,0,null
3043,39614,39541,false,2008-09-02T14:11:27.583,3,null,false,vb6-migration,0,null
3043,39614,39541,false,2008-09-02T14:11:27.583,3,null,false,control-array,0,null
3869,39619,39533,false,2008-09-02T14:13:47.250,27,null,false,virtualization,1,null
1450,39621,39567,false,2008-09-02T14:14:08.340,153,null,false,ruby,11,null
1450,39621,39567,false,2008-09-02T14:14:08.340,153,null,false,arrays,11,null
1450,39621,39567,false,2008-09-02T14:14:08.340,153,null,false,hashmap,11,null
363,10625,10564,false,2008-08-14T03:18:32.830,16,null,false,windows,1,null
363,10625,10564,false,2008-08-14T03:18:32.830,16,null,false,git,1,null
363,10625,10564,false,2008-08-14T03:18:32.830,16,null,false,cygwin,1,null
363,10625,10564,false,2008-08-14T03:18:32.830,16,null,false,editor,1,null
372,10628,10616,false,2008-08-14T03:20:06.040,6,null,false,mysql,0,null
372,10628,10616,false,2008-08-14T03:20:06.040,6,null,false,sql-server,0,null
372,10628,10616,false,2008-08-14T03:20:06.040,6,null,false,t-sql,0,null
872,10631,10610,false,2008-08-14T03:25:26.263,1,null,false,regex,0,null
116,13549,13537,false,2008-08-17T07:07:05.037,7,null,false,compiler-construction,1,null
116,13549,13537,false,2008-08-17T07:07:05.037,7,null,false,language-agnostic,1,null
116,13549,13537,false,2008-08-17T07:07:05.037,7,null,false,bootstrapping,1,null
872,13552,13537,false,2008-08-17T07:20:55.103,114,null,false,compiler-construction,0,null
872,13552,13537,false,2008-08-17T07:20:55.103,114,null,false,language-agnostic,0,null
872,13552,13537,false,2008-08-17T07:20:55.103,114,null,false,bootstrapping,0,null
3719,39625,39567,false,2008-09-02T14:16:01.363,10,null,false,ruby,3,null
3719,39625,39567,false,2008-09-02T14:16:01.363,10,null,false,arrays,3,null
3719,39625,39567,false,2008-09-02T14:16:01.363,10,null,false,hashmap,3,null
1709,39629,39567,false,2008-09-02T14:16:35.120,0,null,false,ruby,0,null
1709,39629,39567,false,2008-09-02T14:16:35.120,0,null,false,arrays,0,null
1709,39629,39567,false,2008-09-02T14:16:35.120,0,null,false,hashmap,0,null
83,15161,15024,false,2008-08-18T20:09:28.093,0,null,false,version-control,0,null
83,15161,15024,false,2008-08-18T20:09:28.093,0,null,false,bug-tracking,0,null
83,15161,15024,false,2008-08-18T20:09:28.093,0,null,false,dailybuilds,0,null
1533,15162,15142,false,2008-08-18T20:10:20.197,4,null,true,c#,1,null
1533,15162,15142,false,2008-08-18T20:10:20.197,4,null,true,sql,1,null
1533,15162,15142,false,2008-08-18T20:10:20.197,4,null,true,sql-server,1,null
1533,15162,15142,false,2008-08-18T20:10:20.197,4,null,true,stored-procedures,1,null
1600,15167,15139,false,2008-08-18T20:12:46.747,5,null,false,javascript,0,null
1600,15167,15139,false,2008-08-18T20:12:46.747,5,null,false,deployment,0,null
1600,15167,15139,false,2008-08-18T20:12:46.747,5,null,false,web-applications,0,null
1600,15167,15139,false,2008-08-18T20:12:46.747,5,null,false,browser,0,null
615,10638,10635,false,2008-08-14T03:41:33.003,114,null,false,powershell,7,null
708,10639,10634,false,2008-08-14T03:43:04.777,9,null,false,msbuild,1,null
708,10639,10634,false,2008-08-14T03:43:04.777,9,null,false,build-process,1,null
708,10639,10634,false,2008-08-14T03:43:04.777,9,null,false,build-automation,1,null
708,10639,10634,false,2008-08-14T03:43:04.777,9,null,false,nant,1,null
49,10640,10635,false,2008-08-14T03:47:47.857,5,null,false,powershell,0,null
1220,10641,10634,false,2008-08-14T03:49:42.190,1,null,false,msbuild,0,null
1220,10641,10634,false,2008-08-14T03:49:42.190,1,null,false,build-process,0,null
1220,10641,10634,false,2008-08-14T03:49:42.190,1,null,false,build-automation,0,null
1220,10641,10634,false,2008-08-14T03:49:42.190,1,null,false,nant,0,null
372,10645,10634,false,2008-08-14T03:53:09.687,0,null,false,msbuild,0,null
372,10645,10634,false,2008-08-14T03:53:09.687,0,null,false,build-process,0,null
372,10645,10634,false,2008-08-14T03:53:09.687,0,null,false,build-automation,0,null
372,10645,10634,false,2008-08-14T03:53:09.687,0,null,false,nant,0,null
718,10646,10610,false,2008-08-14T03:53:27.237,4,null,false,regex,0,null
990,13554,13540,false,2008-08-17T07:22:43.960,63,null,false,sql,1,null
990,13554,13540,false,2008-08-17T07:22:43.960,63,null,false,sql-server,1,null
990,13554,13540,false,2008-08-17T07:22:43.960,63,null,false,stored-procedures,1,null
990,13554,13540,false,2008-08-17T07:22:43.960,63,null,false,upsert,1,null
5,13555,13540,false,2008-08-17T07:24:48.200,8,null,false,sql,2,null
5,13555,13540,false,2008-08-17T07:24:48.200,8,null,false,sql-server,2,null
5,13555,13540,false,2008-08-17T07:24:48.200,8,null,false,stored-procedures,2,null
5,13555,13540,false,2008-08-17T07:24:48.200,8,null,false,upsert,2,null
714,13562,12319,false,2008-08-17T08:43:14.877,5,null,false,c++,1,null
714,13562,12319,false,2008-08-17T08:43:14.877,5,null,false,winapi,1,null
714,13562,12319,false,2008-08-17T08:43:14.877,5,null,false,macos,1,null
714,13562,12319,false,2008-08-17T08:43:14.877,5,null,false,porting,1,null
714,13562,12319,false,2008-08-17T08:43:14.877,5,null,false,fopen,1,null
619,39634,39517,false,2008-09-02T14:17:55.990,3,null,false,sql,0,null
619,39634,39517,false,2008-09-02T14:17:55.990,3,null,false,database,0,null
619,39634,39517,false,2008-09-02T14:17:55.990,3,null,false,postgresql,0,null
619,39634,39517,false,2008-09-02T14:17:55.990,3,null,false,trusted-vs-untrusted,0,null
2562,39635,39585,false,2008-09-02T14:18:09.780,1,null,false,web-services,0,null
2562,39635,39585,false,2008-09-02T14:18:09.780,1,null,false,soap,0,null
2562,39635,39585,false,2008-09-02T14:18:09.780,1,null,false,wsdl,0,null
4142,39636,39615,false,2008-09-02T14:18:32.260,7,null,false,command-line,1,null
4142,39636,39615,false,2008-09-02T14:18:32.260,7,null,false,windows-xp,1,null
4142,39636,39615,false,2008-09-02T14:18:32.260,7,null,false,batch-file,1,null
,10648,10604,false,2008-08-14T03:54:38.873,0,null,false,sql-server,0,null
,10648,10604,false,2008-08-14T03:54:38.873,0,null,false,optimization,0,null
1220,10649,10644,false,2008-08-14T03:55:21.617,1,null,false,c#,3,null
1220,10649,10644,false,2008-08-14T03:55:21.617,1,null,false,.net,3,null
1220,10649,10644,false,2008-08-14T03:55:21.617,1,null,false,profiling,3,null
1220,10649,10644,false,2008-08-14T03:55:21.617,1,null,false,profiler,3,null
263,10650,10644,false,2008-08-14T03:57:36.963,4,null,false,c#,1,null
263,10650,10644,false,2008-08-14T03:57:36.963,4,null,false,.net,1,null
263,10650,10644,false,2008-08-14T03:57:36.963,4,null,false,profiling,1,null
263,10650,10644,false,2008-08-14T03:57:36.963,4,null,false,profiler,1,null
805,10651,10644,false,2008-08-14T03:59:30.673,40,null,false,c#,1,null
805,10651,10644,false,2008-08-14T03:59:30.673,40,null,false,.net,1,null
805,10651,10644,false,2008-08-14T03:59:30.673,40,null,false,profiling,1,null
805,10651,10644,false,2008-08-14T03:59:30.673,40,null,false,profiler,1,null
49,10652,10644,false,2008-08-14T04:00:15.993,29,null,false,c#,3,null
49,10652,10644,false,2008-08-14T04:00:15.993,29,null,false,.net,3,null
49,10652,10644,false,2008-08-14T04:00:15.993,29,null,false,profiling,3,null
49,10652,10644,false,2008-08-14T04:00:15.993,29,null,false,profiler,3,null
718,10655,10644,false,2008-08-14T04:01:56.410,35,null,false,c#,6,null
718,10655,10644,false,2008-08-14T04:01:56.410,35,null,false,.net,6,null
718,10655,10644,false,2008-08-14T04:01:56.410,35,null,false,profiling,6,null
718,10655,10644,false,2008-08-14T04:01:56.410,35,null,false,profiler,6,null
810,10656,10644,false,2008-08-14T04:04:26.887,7,null,false,c#,0,null
810,10656,10644,false,2008-08-14T04:04:26.887,7,null,false,.net,0,null
810,10656,10644,false,2008-08-14T04:04:26.887,7,null,false,profiling,0,null
810,10656,10644,false,2008-08-14T04:04:26.887,7,null,false,profiler,0,null
805,10657,10634,false,2008-08-14T04:06:00.847,0,null,false,msbuild,1,null
805,10657,10634,false,2008-08-14T04:06:00.847,0,null,false,build-process,1,null
805,10657,10634,false,2008-08-14T04:06:00.847,0,null,false,build-automation,1,null
805,10657,10634,false,2008-08-14T04:06:00.847,0,null,false,nant,1,null
1220,10659,10658,false,2008-08-14T04:09:48.813,74,null,false,c#,0,null
1220,10659,10658,false,2008-08-14T04:09:48.813,74,null,false,asp.net,0,null
1220,10659,10658,false,2008-08-14T04:09:48.813,74,null,false,icalendar,0,null
1968,24475,24451,false,2008-08-23T18:40:03.697,35,null,false,language-agnostic,16,null
1968,24475,24451,false,2008-08-23T18:40:03.697,35,null,false,goto,16,null
2069,24476,24451,false,2008-08-23T18:42:33.003,282,null,false,language-agnostic,17,null
2069,24476,24451,false,2008-08-23T18:42:33.003,282,null,false,goto,17,null
536,24477,24468,false,2008-08-23T18:42:49.883,5,null,false,.net,1,null
536,24477,24468,false,2008-08-23T18:42:49.883,5,null,false,security,1,null
1431,13568,6371,false,2008-08-17T09:38:38.570,14,null,false,mysql,0,null
1431,13568,6371,false,2008-08-17T09:38:38.570,14,null,false,svn,0,null
1109,13571,13569,false,2008-08-17T09:55:03.420,57,null,false,php,0,null
1109,13571,13569,false,2008-08-17T09:55:03.420,57,null,false,mysql,0,null
1109,13571,13569,false,2008-08-17T09:55:03.420,57,null,false,pdo,0,null
1109,13571,13569,false,2008-08-17T09:55:03.420,57,null,false,mysqli,0,null
1109,13571,13569,false,2008-08-17T09:55:03.420,57,null,false,database-abstraction,0,null
1370,13574,13518,false,2008-08-17T10:04:18.923,0,null,false,firefox,0,null
1370,13574,13518,false,2008-08-17T10:04:18.923,0,null,false,browser,0,null
1370,13574,13518,false,2008-08-17T10:04:18.923,0,null,false,synchronization,0,null
,9257,9240,false,2008-08-12T21:28:05.753,0,null,false,architecture,0,null
230,9258,9240,false,2008-08-12T21:28:09.823,5,null,false,architecture,0,null
414,9259,9231,false,2008-08-12T21:28:13.570,1,null,false,backup,0,null
414,9259,9231,false,2008-08-12T21:28:13.570,1,null,false,offsite,0,null
1124,9260,9231,false,2008-08-12T21:29:01.243,8,null,false,backup,1,null
1124,9260,9231,false,2008-08-12T21:29:01.243,8,null,false,offsite,1,null
832,9263,9228,false,2008-08-12T21:32:20.643,-3,null,false,sql-server,0,null
832,9263,9228,false,2008-08-12T21:32:20.643,-3,null,false,performance,0,null
832,9263,9228,false,2008-08-12T21:32:20.643,-3,null,false,ado.net,0,null
267,4637,4629,false,2008-08-07T12:31:18.530,51,null,false,c#,5,null
267,4637,4629,false,2008-08-07T12:31:18.530,51,null,false,reflection,5,null
267,4637,4629,false,2008-08-07T12:31:18.530,51,null,false,properties,5,null
267,4637,4629,false,2008-08-07T12:31:18.530,51,null,false,c#-2.0,5,null
34,4639,4627,false,2008-08-07T12:32:22.023,1,null,false,asp.net,0,null
34,4639,4627,false,2008-08-07T12:32:22.023,1,null,false,.net-3.5,0,null
489,4642,4627,false,2008-08-07T12:35:04.670,0,null,false,asp.net,0,null
489,4642,4627,false,2008-08-07T12:35:04.670,0,null,false,.net-3.5,0,null
267,4646,4627,false,2008-08-07T12:39:04.363,2,null,false,asp.net,2,null
267,4646,4627,false,2008-08-07T12:39:04.363,2,null,false,.net-3.5,2,null
51,4649,4627,false,2008-08-07T12:41:49.897,5,null,false,asp.net,0,null
51,4649,4627,false,2008-08-07T12:41:49.897,5,null,false,.net-3.5,0,null
3267,44966,44909,false,2008-09-04T23:26:47.810,1,null,false,artifacts,0,null
909,44969,44961,false,2008-09-04T23:28:05.340,2,null,false,haskell,2,null
909,44969,44961,false,2008-09-04T23:28:05.340,2,null,false,f#,2,null
909,44969,44961,false,2008-09-04T23:28:05.340,2,null,false,functional-programming,2,null
909,44969,44961,false,2008-09-04T23:28:05.340,2,null,false,language-comparisons,2,null
4613,44970,44905,false,2008-09-04T23:28:34.857,0,null,false,c#,0,null
4613,44970,44905,false,2008-09-04T23:28:34.857,0,null,false,switch-statement,0,null
2562,44971,44909,false,2008-09-04T23:28:49.020,6,null,false,artifacts,1,null
4247,39640,39564,false,2008-09-02T14:20:09.277,1,null,false,php,0,null
4247,39640,39564,false,2008-09-02T14:20:09.277,1,null,false,authentication,0,null
4247,39640,39564,false,2008-09-02T14:20:09.277,1,null,false,integration,0,null
4247,39640,39564,false,2008-09-02T14:20:09.277,1,null,false,mediawiki-extensions,0,null
1695,39641,39567,false,2008-09-02T14:20:27.640,-1,null,false,ruby,0,null
1695,39641,39567,false,2008-09-02T14:20:27.640,-1,null,false,arrays,0,null
1695,39641,39567,false,2008-09-02T14:20:27.640,-1,null,false,hashmap,0,null
572,39649,39564,false,2008-09-02T14:22:18.930,0,null,false,php,0,null
572,39649,39564,false,2008-09-02T14:22:18.930,0,null,false,authentication,0,null
572,39649,39564,false,2008-09-02T14:22:18.930,0,null,false,integration,0,null
572,39649,39564,false,2008-09-02T14:22:18.930,0,null,false,mediawiki-extensions,0,null
2469,39650,39374,false,2008-09-02T14:22:26.107,0,null,false,readability,0,null
968,19447,19436,false,2008-08-21T07:31:42.600,1,null,false,asp.net,0,null
259,19451,19433,false,2008-08-21T07:39:46.450,1,null,false,audio,0,null
486,19452,19388,false,2008-08-21T07:45:22.397,1,null,false,php,0,null
486,19452,19388,false,2008-08-21T07:45:22.397,1,null,false,language-features,0,null
486,19452,19388,false,2008-08-21T07:45:22.397,1,null,false,goto,0,null
1726,19453,19409,false,2008-08-21T07:47:00.007,12,null,false,gnu-assembler,4,null
1726,19453,19409,false,2008-08-21T07:47:00.007,12,null,false,assembly,4,null
960,7866,7846,false,2008-08-11T15:31:11.183,3,null,false,xml,0,null
1028,7869,7846,false,2008-08-11T15:33:56.733,1,null,false,xml,0,null
,39652,39615,false,2008-09-02T14:23:40.003,3,null,false,command-line,0,null
,39652,39615,false,2008-09-02T14:23:40.003,3,null,false,windows-xp,0,null
,39652,39615,false,2008-09-02T14:23:40.003,3,null,false,batch-file,0,null
1219,39654,39628,false,2008-09-02T14:24:33.540,4,null,false,database,0,null
1219,39654,39628,false,2008-09-02T14:24:33.540,4,null,false,architecture,0,null
986,39656,39615,false,2008-09-02T14:25:00.310,108,null,false,command-line,3,null
986,39656,39615,false,2008-09-02T14:25:00.310,108,null,false,windows-xp,3,null
986,39656,39615,false,2008-09-02T14:25:00.310,108,null,false,batch-file,3,null
2603,39659,39104,false,2008-09-02T14:26:07.033,36,null,false,python,4,null
2603,39659,39104,false,2008-09-02T14:26:07.033,36,null,false,distutils,4,null
1989,41938,41925,false,2008-09-03T15:29:47.730,1,null,false,database,1,null
3714,41942,41869,false,2008-09-03T15:30:53.593,0,null,false,sql-server,0,null
3714,41942,41869,false,2008-09-03T15:30:53.593,0,null,false,transactions,0,null
3714,41942,41869,false,2008-09-03T15:30:53.593,0,null,false,bulkinsert,0,null
1786,41944,41908,false,2008-09-03T15:31:43.933,1,null,false,c#,0,null
1786,41944,41908,false,2008-09-03T15:31:43.933,1,null,false,asp.net,0,null
1786,41944,41908,false,2008-09-03T15:31:43.933,1,null,false,winforms,0,null
1786,41944,41908,false,2008-09-03T15:31:43.933,1,null,false,visual-studio,0,null
1324220,41946,41925,false,2008-09-03T15:32:31.403,58,null,false,database,4,null
2974,41947,41839,false,2008-09-03T15:32:49.423,2,null,false,testing,0,null
2974,41947,41839,false,2008-09-03T15:32:49.423,2,null,false,integration-testing,0,null
1425,33670,79,false,2008-08-28T23:47:09.780,4,null,false,eclipse,0,null
1425,33670,79,false,2008-08-28T23:47:09.780,4,null,false,svn,0,null
1425,33670,79,false,2008-08-28T23:47:09.780,4,null,false,aptana,0,null
1425,33670,79,false,2008-08-28T23:47:09.780,4,null,false,subclipse,0,null
3525,33671,1711,false,2008-08-28T23:47:12.153,7,null,true,resources,0,null
3467,33673,33475,false,2008-08-28T23:50:19.587,0,null,false,python,0,null
3467,33673,33475,false,2008-08-28T23:50:19.587,0,null,false,ssh,0,null
9,33677,33334,false,2008-08-28T23:53:10.967,1,null,false,.net,2,null
9,33677,33334,false,2008-08-28T23:53:10.967,1,null,false,app-config,2,null
2975,33683,33334,false,2008-08-28T23:57:57.460,2,null,false,.net,0,null
2975,33683,33334,false,2008-08-28T23:57:57.460,2,null,false,app-config,0,null
2185,39660,39536,false,2008-09-02T14:26:46.547,0,null,false,php,0,null
2185,39660,39536,false,2008-09-02T14:26:46.547,0,null,false,ruby,0,null
2185,39660,39536,false,2008-09-02T14:26:46.547,0,null,false,database,0,null
2185,39660,39536,false,2008-09-02T14:26:46.547,0,null,false,mysql,0,null
2666,39664,39615,false,2008-09-02T14:28:51.457,326,null,false,command-line,5,null
2666,39664,39615,false,2008-09-02T14:28:51.457,326,null,false,windows-xp,5,null
2666,39664,39615,false,2008-09-02T14:28:51.457,326,null,false,batch-file,5,null
1196,39667,39661,false,2008-09-02T14:30:50.517,0,null,false,.net,0,null
1196,39667,39661,false,2008-09-02T14:30:50.517,0,null,false,sql-server,0,null
797,10660,10586,false,2008-08-14T04:13:24.717,4,null,false,java,0,null
797,10660,10586,false,2008-08-14T04:13:24.717,4,null,false,xml,0,null
797,10660,10586,false,2008-08-14T04:13:24.717,4,null,false,stax,0,null
493,10664,10644,false,2008-08-14T04:26:03.193,2,null,false,c#,0,null
493,10664,10644,false,2008-08-14T04:26:03.193,2,null,false,.net,0,null
493,10664,10644,false,2008-08-14T04:26:03.193,2,null,false,profiling,0,null
493,10664,10644,false,2008-08-14T04:26:03.193,2,null,false,profiler,0,null
157,1788,1711,false,2008-08-05T01:25:46.643,8,null,true,resources,0,null
77,1789,1709,false,2008-08-05T01:26:14.550,3,null,false,web-services,0,null
77,1789,1709,false,2008-08-05T01:26:14.550,3,null,false,application-integration,0,null
307,1793,1600,false,2008-08-05T01:31:16.583,3,null,false,sql-server,0,null
307,1793,1600,false,2008-08-05T01:31:16.583,3,null,false,sql-server-2008,0,null
117,1794,1790,false,2008-08-05T01:32:34.990,2,null,false,svn,1,null
117,1794,1790,false,2008-08-05T01:32:34.990,2,null,false,version-control,1,null
357,1798,1709,false,2008-08-05T01:34:40.900,3,null,false,web-services,0,null
357,1798,1709,false,2008-08-05T01:34:40.900,3,null,false,application-integration,0,null
332,1803,1746,false,2008-08-05T01:39:36.460,8,null,false,php,0,null
332,1803,1746,false,2008-08-05T01:39:36.460,8,null,false,regex,0,null
332,1803,1746,false,2008-08-05T01:39:36.460,8,null,false,html-parsing,0,null
332,1803,1746,false,2008-08-05T01:39:36.460,8,null,false,preg-replace,0,null
292,1806,1790,false,2008-08-05T01:44:13.033,0,null,false,svn,2,null
292,1806,1790,false,2008-08-05T01:44:13.033,0,null,false,version-control,2,null
2474,36143,36139,false,2008-08-30T17:04:40.093,40,null,false,python,1,null
2474,36143,36139,false,2008-08-30T17:04:40.093,40,null,false,string,1,null
2474,36143,36139,false,2008-08-30T17:04:40.093,40,null,false,sorting,1,null
1739,36155,36114,false,2008-08-30T17:10:08.037,2,null,false,c++,0,null
1694,36156,36139,false,2008-08-30T17:10:12.687,582,null,false,python,8,null
1694,36156,36139,false,2008-08-30T17:10:12.687,582,null,false,string,8,null
1694,36156,36139,false,2008-08-30T17:10:12.687,582,null,false,sorting,8,null
1758,30305,30286,false,2008-08-27T14:39:16.407,5,null,false,asp.net,0,null
1758,30305,30286,false,2008-08-27T14:39:16.407,5,null,false,user-controls,0,null
1195872,30308,30286,false,2008-08-27T14:41:16.387,0,null,false,asp.net,0,null
1195872,30308,30286,false,2008-08-27T14:41:16.387,0,null,false,user-controls,0,null
,89,79,false,2008-08-01T14:41:01.110,7,null,false,eclipse,0,null
,89,79,false,2008-08-01T14:41:01.110,7,null,false,svn,0,null
,89,79,false,2008-08-01T14:41:01.110,7,null,false,aptana,0,null
,89,79,false,2008-08-01T14:41:01.110,7,null,false,subclipse,0,null
61,92,90,false,2008-08-01T14:45:37.403,15,null,false,svn,0,null
61,92,90,false,2008-08-01T14:45:37.403,15,null,false,tortoisesvn,0,null
61,92,90,false,2008-08-01T14:45:37.403,15,null,false,branch,0,null
61,92,90,false,2008-08-01T14:45:37.403,15,null,false,branching-and-merging,0,null
25,93,88,false,2008-08-01T14:46:53.097,4,null,false,linux,0,null
25,93,88,false,2008-08-01T14:46:53.097,4,null,false,winapi,0,null
25,93,88,false,2008-08-01T14:46:53.097,4,null,false,visual-c++,0,null
25,93,88,false,2008-08-01T14:46:53.097,4,null,false,unix,0,null
25,93,88,false,2008-08-01T14:46:53.097,4,null,false,timer,0,null
2089740,98,88,false,2008-08-01T14:53:47.497,63,null,false,linux,5,null
2089740,98,88,false,2008-08-01T14:53:47.497,63,null,false,winapi,5,null
2089740,98,88,false,2008-08-01T14:53:47.497,63,null,false,visual-c++,5,null
2089740,98,88,false,2008-08-01T14:53:47.497,63,null,false,unix,5,null
2089740,98,88,false,2008-08-01T14:53:47.497,63,null,false,timer,5,null
25,99,88,false,2008-08-01T14:55:08.477,9,null,false,linux,0,null
25,99,88,false,2008-08-01T14:55:08.477,9,null,false,winapi,0,null
25,99,88,false,2008-08-01T14:55:08.477,9,null,false,visual-c++,0,null
25,99,88,false,2008-08-01T14:55:08.477,9,null,false,unix,0,null
25,99,88,false,2008-08-01T14:55:08.477,9,null,false,timer,0,null
72,103,13,false,2008-08-01T15:11:59.987,56,null,false,html,3,null
72,103,13,false,2008-08-01T15:11:59.987,56,null,false,browser,3,null
72,103,13,false,2008-08-01T15:11:59.987,56,null,false,timezone,3,null
72,103,13,false,2008-08-01T15:11:59.987,56,null,false,user-agent,3,null
72,103,13,false,2008-08-01T15:11:59.987,56,null,false,timezone-offset,3,null
35,12376,12368,false,2008-08-15T15:30:57.393,1,null,false,.net,0,null
35,12376,12368,false,2008-08-15T15:30:57.393,1,null,false,memory,0,null
35,12376,12368,false,2008-08-15T15:30:57.393,1,null,false,dispose,0,null
77,12377,12368,false,2008-08-15T15:32:02.413,3,null,false,.net,0,null
77,12377,12368,false,2008-08-15T15:32:02.413,3,null,false,memory,0,null
77,12377,12368,false,2008-08-15T15:32:02.413,3,null,false,dispose,0,null
905,12380,12368,false,2008-08-15T15:32:40.337,0,null,false,.net,0,null
905,12380,12368,false,2008-08-15T15:32:40.337,0,null,false,memory,0,null
905,12380,12368,false,2008-08-15T15:32:40.337,0,null,false,dispose,0,null
889,10675,10532,false,2008-08-14T04:46:37.817,0,null,false,php,0,null
889,10675,10532,false,2008-08-14T04:46:37.817,0,null,false,postgresql,0,null
872,10676,10668,false,2008-08-14T04:46:37.850,12,null,false,c,0,null
872,10676,10668,false,2008-08-14T04:46:37.850,12,null,false,macos,0,null
872,10676,10668,false,2008-08-14T04:46:37.850,12,null,false,memory,0,null
872,10676,10668,false,2008-08-14T04:46:37.850,12,null,false,ptrace,0,null
872,10684,10680,false,2008-08-14T04:59:55.607,22,null,false,c,0,null
872,10684,10680,false,2008-08-14T04:59:55.607,22,null,false,linux,0,null
383,3159,3157,false,2008-08-06T08:19:29.677,1,null,false,apache,0,null
383,3159,3157,false,2008-08-06T08:19:29.677,1,null,false,.htaccess,0,null
383,3159,3157,false,2008-08-06T08:19:29.677,1,null,false,mod-rewrite,0,null
265,3161,3157,false,2008-08-06T08:26:56.667,1,null,false,apache,0,null
265,3161,3157,false,2008-08-06T08:26:56.667,1,null,false,.htaccess,0,null
265,3161,3157,false,2008-08-06T08:26:56.667,1,null,false,mod-rewrite,0,null
342,3162,3150,false,2008-08-06T08:28:14.620,2,null,false,c++,0,null
342,3162,3150,false,2008-08-06T08:28:14.620,2,null,false,unit-testing,0,null
342,3162,3150,false,2008-08-06T08:28:14.620,2,null,false,testing,0,null
342,3162,3150,false,2008-08-06T08:28:14.620,2,null,false,visual-studio-2008,0,null
342,3162,3150,false,2008-08-06T08:28:14.620,2,null,false,frameworks,0,null
51,39671,39648,false,2008-09-02T14:32:57.047,0,null,false,visual-studio,0,null
51,39671,39648,false,2008-09-02T14:32:57.047,0,null,false,gui-designer,0,null
999,39672,39536,false,2008-09-02T14:33:01.977,6,null,false,php,0,null
999,39672,39536,false,2008-09-02T14:33:01.977,6,null,false,ruby,0,null
999,39672,39536,false,2008-09-02T14:33:01.977,6,null,false,database,0,null
999,39672,39536,false,2008-09-02T14:33:01.977,6,null,false,mysql,0,null
2025,30313,30307,false,2008-08-27T14:42:38.677,1,null,false,php,0,null
2025,30313,30307,false,2008-08-27T14:42:38.677,1,null,false,directory,0,null
2284,30317,30251,false,2008-08-27T14:43:17.740,4,null,false,html,0,null
2284,30317,30251,false,2008-08-27T14:43:17.740,4,null,false,css,0,null
2598,30322,30318,false,2008-08-27T14:44:29.953,2,null,true,user-interface,0,null
2598,30322,30318,false,2008-08-27T14:44:29.953,2,null,true,shell,0,null
2598,30322,30318,false,2008-08-27T14:44:29.953,2,null,true,terminal,0,null
533,44976,44973,false,2008-09-04T23:32:07.640,1,null,false,rubygems,2,null
533,44976,44973,false,2008-09-04T23:32:07.640,1,null,false,ironruby,2,null
1990,44977,44917,false,2008-09-04T23:33:25.967,6,null,false,sql,0,null
1990,44977,44917,false,2008-09-04T23:33:25.967,6,null,false,join,0,null
3146,44979,44965,false,2008-09-04T23:33:40.583,1,null,true,haskell,2,null
3146,44979,44965,false,2008-09-04T23:33:40.583,1,null,true,functional-programming,2,null
3146,44979,44965,false,2008-09-04T23:33:40.583,1,null,true,monads,2,null
3146,44979,44965,false,2008-09-04T23:33:40.583,1,null,true,terminology,2,null
3267,44981,44917,false,2008-09-04T23:38:08.997,3,null,false,sql,2,null
3267,44981,44917,false,2008-09-04T23:38:08.997,3,null,false,join,2,null
4646,44982,44917,false,2008-09-04T23:39:08.933,7,null,false,sql,1,null
4646,44982,44917,false,2008-09-04T23:39:08.933,7,null,false,join,1,null
358,1820,1760,false,2008-08-05T02:07:50.257,3,null,false,c#,0,null
358,1820,1760,false,2008-08-05T02:07:50.257,3,null,false,.net,0,null
358,1820,1760,false,2008-08-05T02:07:50.257,3,null,false,unit-testing,0,null
358,1820,1760,false,2008-08-05T02:07:50.257,3,null,false,testing,0,null
308,1821,1760,false,2008-08-05T02:15:24.873,55,null,false,c#,3,null
308,1821,1760,false,2008-08-05T02:15:24.873,55,null,false,.net,3,null
308,1821,1760,false,2008-08-05T02:15:24.873,55,null,false,unit-testing,3,null
308,1821,1760,false,2008-08-05T02:15:24.873,55,null,false,testing,3,null
205,1824,1644,false,2008-08-05T02:21:00.463,62,null,true,podcast,4,null
3139,31788,31711,false,2008-08-28T07:28:09.430,1,null,false,javascript,0,null
3139,31788,31711,false,2008-08-28T07:28:09.430,1,null,false,virtual-earth,0,null
2954,31796,31794,false,2008-08-28T07:33:35.317,9,null,false,c#,0,null
2954,31796,31794,false,2008-08-28T07:33:35.317,9,null,false,.net,0,null
2954,31796,31794,false,2008-08-28T07:33:35.317,9,null,false,.net-2.0,0,null
2933,36165,36152,false,2008-08-30T17:16:39.083,2,null,false,ubiquity,0,null
3288,36166,36152,false,2008-08-30T17:16:56.197,2,null,false,ubiquity,0,null
2536,36167,36129,false,2008-08-30T17:17:25.913,3,null,false,design-patterns,2,null
3114,36171,36093,false,2008-08-30T17:20:02.273,1,null,false,svn,0,null
3114,36171,36093,false,2008-08-30T17:20:02.273,1,null,false,versioning,0,null
3114,36171,36093,false,2008-08-30T17:20:02.273,1,null,false,photoshop,0,null
960,9264,9240,false,2008-08-12T21:34:47.127,1,null,false,architecture,0,null
1370,13579,13454,false,2008-08-17T10:28:00.967,-4,null,false,python,0,null
1370,13579,13454,false,2008-08-17T10:28:00.967,-4,null,false,string,0,null
1370,13579,13454,false,2008-08-17T10:28:00.967,-4,null,false,escaping,0,null
1407,13580,13561,false,2008-08-17T10:30:14.317,2,null,false,asp.net,0,null
1407,13580,13561,false,2008-08-17T10:30:14.317,2,null,false,asp.net-mvc,0,null
1407,13580,13561,false,2008-08-17T10:30:14.317,2,null,false,user-controls,0,null
1534,13581,13578,false,2008-08-17T10:33:36.400,1,null,false,windows,0,null
234,10685,10604,false,2008-08-14T05:00:51.767,0,null,false,sql-server,0,null
234,10685,10604,false,2008-08-14T05:00:51.767,0,null,false,optimization,0,null
122,10686,10680,false,2008-08-14T05:03:17.707,15,null,false,c,0,null
122,10686,10680,false,2008-08-14T05:03:17.707,15,null,false,linux,0,null
234,10687,10610,false,2008-08-14T05:03:34.303,-1,null,false,regex,0,null
486,10689,10532,false,2008-08-14T05:11:13.930,2,null,false,php,0,null
486,10689,10532,false,2008-08-14T05:11:13.930,2,null,false,postgresql,0,null
1265,10700,10532,false,2008-08-14T05:31:03.327,0,null,false,php,0,null
1265,10700,10532,false,2008-08-14T05:31:03.327,0,null,false,postgresql,0,null
1220,10705,11,false,2008-08-14T05:43:45.330,100,null,true,c#,5,null
1220,10705,11,false,2008-08-14T05:43:45.330,100,null,true,datetime,5,null
1220,10705,11,false,2008-08-14T05:43:45.330,100,null,true,time,5,null
1220,10705,11,false,2008-08-14T05:43:45.330,100,null,true,datediff,5,null
1220,10705,11,false,2008-08-14T05:43:45.330,100,null,true,relative-time-span,5,null
234,44986,44973,false,2008-09-04T23:45:04.270,6,null,false,rubygems,0,null
234,44986,44973,false,2008-09-04T23:45:04.270,6,null,false,ironruby,0,null
,44987,44980,false,2008-09-04T23:45:27.653,-4,null,false,c#,1,null
,44987,44980,false,2008-09-04T23:45:27.653,-4,null,false,windows,1,null
507,44991,44989,false,2008-09-04T23:51:26.003,21,null,false,c#,0,null
507,44991,44989,false,2008-09-04T23:51:26.003,21,null,false,linq,0,null
4642,44995,44961,false,2008-09-04T23:54:34.247,127,null,false,haskell,13,null
4642,44995,44961,false,2008-09-04T23:54:34.247,127,null,false,f#,13,null
4642,44995,44961,false,2008-09-04T23:54:34.247,127,null,false,functional-programming,13,null
4642,44995,44961,false,2008-09-04T23:54:34.247,127,null,false,language-comparisons,13,null
3394,39677,39648,false,2008-09-02T14:36:19.550,1,null,false,visual-studio,0,null
3394,39677,39648,false,2008-09-02T14:36:19.550,1,null,false,gui-designer,0,null
1219,39679,39661,false,2008-09-02T14:36:38.473,0,null,false,.net,0,null
1219,39679,39661,false,2008-09-02T14:36:38.473,0,null,false,sql-server,0,null
4213,39680,39288,false,2008-09-02T14:36:58.690,5,null,false,business-logic-layer,1,null
2870,39683,39628,false,2008-09-02T14:38:46.893,2,null,false,database,0,null
2870,39683,39628,false,2008-09-02T14:38:46.893,2,null,false,architecture,0,null
1902010,30324,30319,false,2008-08-27T14:46:09.527,63,null,false,javascript,0,null
1902010,30324,30319,false,2008-08-27T14:46:09.527,63,null,false,html,0,null
1902010,30324,30319,false,2008-08-27T14:46:09.527,63,null,false,noscript,0,null
1453,30325,30321,false,2008-08-27T14:46:11.400,3,null,false,vb.net,0,null
1453,30325,30321,false,2008-08-27T14:46:11.400,3,null,false,resources,0,null
1965,30326,30321,false,2008-08-27T14:46:16.750,6,null,false,vb.net,0,null
1965,30326,30321,false,2008-08-27T14:46:16.750,6,null,false,resources,0,null
1975282,30330,30319,false,2008-08-27T14:46:56.717,1,null,false,javascript,0,null
1975282,30330,30319,false,2008-08-27T14:46:56.717,1,null,false,html,0,null
1975282,30330,30319,false,2008-08-27T14:46:56.717,1,null,false,noscript,0,null
2025,30331,30319,false,2008-08-27T14:47:04.097,0,null,false,javascript,0,null
2025,30331,30319,false,2008-08-27T14:47:04.097,0,null,false,html,0,null
2025,30331,30319,false,2008-08-27T14:47:04.097,0,null,false,noscript,0,null
1196,30338,30321,false,2008-08-27T14:48:51.220,0,null,false,vb.net,0,null
1196,30338,30321,false,2008-08-27T14:48:51.220,0,null,false,resources,0,null
31505,30339,30286,false,2008-08-27T14:49:00.627,0,null,false,asp.net,0,null
31505,30339,30286,false,2008-08-27T14:49:00.627,0,null,false,user-controls,0,null
198,10713,10586,false,2008-08-14T05:52:27.730,3,null,false,java,0,null
198,10713,10586,false,2008-08-14T05:52:27.730,3,null,false,xml,0,null
198,10713,10586,false,2008-08-14T05:52:27.730,3,null,false,stax,0,null
380,10714,10670,false,2008-08-14T05:53:40.397,0,null,false,c#,1,null
380,10714,10670,false,2008-08-14T05:53:40.397,0,null,false,.net-3.5,1,null
380,10714,10670,false,2008-08-14T05:53:40.397,0,null,false,.net-2.0,1,null
380,10714,10670,false,2008-08-14T05:53:40.397,0,null,false,remoting,1,null
380,10714,10670,false,2008-08-14T05:53:40.397,0,null,false,rpc,1,null
1043,10726,10634,false,2008-08-14T06:07:42.770,1,null,false,msbuild,0,null
1043,10726,10634,false,2008-08-14T06:07:42.770,1,null,false,build-process,0,null
1043,10726,10634,false,2008-08-14T06:07:42.770,1,null,false,build-automation,0,null
1043,10726,10634,false,2008-08-14T06:07:42.770,1,null,false,nant,0,null
571,10729,10658,false,2008-08-14T06:10:00.863,0,null,false,c#,0,null
571,10729,10658,false,2008-08-14T06:10:00.863,0,null,false,asp.net,0,null
571,10729,10658,false,2008-08-14T06:10:00.863,0,null,false,icalendar,0,null
1220,10730,10727,false,2008-08-14T06:10:22.983,4,null,false,sql,1,null
1220,10730,10727,false,2008-08-14T06:10:22.983,4,null,false,cursors,1,null
4114,39685,27242,false,2008-09-02T14:39:21.853,6,null,false,javascript,0,null
4114,39685,27242,false,2008-09-02T14:39:21.853,6,null,false,jquery,0,null
4114,39685,27242,false,2008-09-02T14:39:21.853,6,null,false,review,0,null
,39694,39053,false,2008-09-02T14:42:44.713,0,null,false,jboss,0,null
,39694,39053,false,2008-09-02T14:42:44.713,0,null,false,datasource,0,null
,39694,39053,false,2008-09-02T14:42:44.713,0,null,false,jndi,0,null
,39694,39053,false,2008-09-02T14:42:44.713,0,null,false,ibatis,0,null
1028,7879,7873,false,2008-08-11T15:50:05.950,0,null,false,asp.net,0,null
1028,7879,7873,false,2008-08-11T15:50:05.950,0,null,false,webforms,0,null
1028,7886,7880,false,2008-08-11T15:58:06.980,17,null,false,c++,1,null
1028,7886,7880,false,2008-08-11T15:58:06.980,17,null,false,file,1,null
1028,7886,7880,false,2008-08-11T15:58:06.980,17,null,false,io,1,null
493,10732,10727,false,2008-08-14T06:10:46.197,8,null,false,sql,0,null
493,10732,10727,false,2008-08-14T06:10:46.197,8,null,false,cursors,0,null
493,10734,10731,false,2008-08-14T06:12:31.013,1,null,false,sql-server,1,null
493,10734,10731,false,2008-08-14T06:12:31.013,1,null,false,security,1,null
493,10734,10731,false,2008-08-14T06:12:31.013,1,null,false,passwords,1,null
571,10737,10634,false,2008-08-14T06:14:26.970,31,null,false,msbuild,1,null
571,10737,10634,false,2008-08-14T06:14:26.970,31,null,false,build-process,1,null
571,10737,10634,false,2008-08-14T06:14:26.970,31,null,false,build-automation,1,null
571,10737,10634,false,2008-08-14T06:14:26.970,31,null,false,nant,1,null
116,10745,10731,false,2008-08-14T06:20:30.187,1,null,false,sql-server,0,null
116,10745,10731,false,2008-08-14T06:20:30.187,1,null,false,security,0,null
116,10745,10731,false,2008-08-14T06:20:30.187,1,null,false,passwords,0,null
61,107,104,false,2008-08-01T15:19:25.900,13,null,false,.net,0,null
61,107,104,false,2008-08-01T15:19:25.900,13,null,false,performance,0,null
61,107,104,false,2008-08-01T15:19:25.900,13,null,false,memory-leaks,0,null
61,107,104,false,2008-08-01T15:19:25.900,13,null,false,com-interop,0,null
1220,10756,10752,false,2008-08-14T06:32:30.317,15,null,false,unit-testing,0,null
1220,10756,10752,false,2008-08-14T06:32:30.317,15,null,false,integration-testing,0,null
372,10758,10752,false,2008-08-14T06:34:05.853,18,null,false,unit-testing,3,null
372,10758,10752,false,2008-08-14T06:34:05.853,18,null,false,integration-testing,3,null
202,10760,10752,false,2008-08-14T06:36:58.140,3,null,false,unit-testing,0,null
202,10760,10752,false,2008-08-14T06:36:58.140,3,null,false,integration-testing,0,null
571,10761,10752,false,2008-08-14T06:37:17.407,4,null,false,unit-testing,0,null
571,10761,10752,false,2008-08-14T06:37:17.407,4,null,false,integration-testing,0,null
1069,10762,10752,false,2008-08-14T06:37:59.870,1,null,false,unit-testing,0,null
1069,10762,10752,false,2008-08-14T06:37:59.870,1,null,false,integration-testing,0,null
528,10764,10731,false,2008-08-14T06:39:42.627,0,null,false,sql-server,0,null
528,10764,10731,false,2008-08-14T06:39:42.627,0,null,false,security,0,null
528,10764,10731,false,2008-08-14T06:39:42.627,0,null,false,passwords,0,null
1265,10766,10731,false,2008-08-14T06:41:12.330,3,null,false,sql-server,1,null
1265,10766,10731,false,2008-08-14T06:41:12.330,3,null,false,security,1,null
1265,10766,10731,false,2008-08-14T06:41:12.330,3,null,false,passwords,1,null
699,10769,10752,false,2008-08-14T06:47:54.093,4,null,false,unit-testing,0,null
699,10769,10752,false,2008-08-14T06:47:54.093,4,null,false,integration-testing,0,null
122,10770,10680,false,2008-08-14T06:51:23.337,0,null,false,c,0,null
122,10770,10680,false,2008-08-14T06:51:23.337,0,null,false,linux,0,null
1266,10775,1644,false,2008-08-14T07:03:07.277,0,null,true,podcast,0,null
2257,39699,39674,false,2008-09-02T14:44:41.653,1,null,false,sql-server,0,null
2257,39699,39674,false,2008-09-02T14:44:41.653,1,null,false,t-sql,0,null
2257,39699,39674,false,2008-09-02T14:44:41.653,1,null,false,text,0,null
2257,39699,39674,false,2008-09-02T14:44:41.653,1,null,false,cursors,0,null
2241,39700,39662,false,2008-09-02T14:45:31.043,0,null,false,tfs,0,null
4213,39706,39628,false,2008-09-02T14:48:55.417,2,null,false,database,0,null
4213,39706,39628,false,2008-09-02T14:48:55.417,2,null,false,architecture,0,null
3043,39708,39628,false,2008-09-02T14:51:23.430,1,null,false,database,0,null
3043,39708,39628,false,2008-09-02T14:51:23.430,1,null,false,architecture,0,null
893,10779,10731,false,2008-08-14T07:13:19.597,1,null,false,sql-server,0,null
893,10779,10731,false,2008-08-14T07:13:19.597,1,null,false,security,0,null
893,10779,10731,false,2008-08-14T07:13:19.597,1,null,false,passwords,0,null
1075,10780,1644,false,2008-08-14T07:15:24.600,1,null,true,podcast,0,null
5,10783,10604,false,2008-08-14T07:23:00.933,1,null,false,sql-server,0,null
5,10783,10604,false,2008-08-14T07:23:00.933,1,null,false,optimization,0,null
999,10785,10727,false,2008-08-14T07:34:12.470,2,null,false,sql,0,null
999,10785,10727,false,2008-08-14T07:34:12.470,2,null,false,cursors,0,null
2029,39709,39661,false,2008-09-02T14:51:36.317,3,null,false,.net,1,null
2029,39709,39661,false,2008-09-02T14:51:36.317,3,null,false,sql-server,1,null
4177,39711,39457,false,2008-09-02T14:53:00.400,1,null,false,regex,0,null
1612,39713,39691,false,2008-09-02T14:53:55.640,2,null,true,javascript,2,null
1612,39713,39691,false,2008-09-02T14:53:55.640,2,null,true,unit-testing,2,null
133,39715,39712,false,2008-09-02T14:55:37.430,3,null,false,visual-studio,0,null
133,39715,39712,false,2008-09-02T14:55:37.430,3,null,false,formatting,0,null
4219,39716,39712,false,2008-09-02T14:56:08.973,3,null,false,visual-studio,0,null
4219,39716,39712,false,2008-09-02T14:56:08.973,3,null,false,formatting,0,null
3347,39719,39661,false,2008-09-02T14:56:37.350,0,null,false,.net,0,null
3347,39719,39661,false,2008-09-02T14:56:37.350,0,null,false,sql-server,0,null
3631,39720,39525,false,2008-09-02T14:56:47.753,1,null,false,c++,0,null
3631,39720,39525,false,2008-09-02T14:56:47.753,1,null,false,error-handling,0,null
3631,39720,39525,false,2008-09-02T14:56:47.753,1,null,false,api-design,0,null
3631,39720,39525,false,2008-09-02T14:56:47.753,1,null,false,error-logging,0,null
481,10786,10782,false,2008-08-14T07:34:47.073,5,null,false,asp.net,0,null
481,10786,10782,false,2008-08-14T07:34:47.073,5,null,false,iis-7,0,null
481,10786,10782,false,2008-08-14T07:34:47.073,5,null,false,.net-2.0,0,null
936,10789,10644,false,2008-08-14T07:50:47.743,0,null,false,c#,0,null
936,10789,10644,false,2008-08-14T07:50:47.743,0,null,false,.net,0,null
936,10789,10644,false,2008-08-14T07:50:47.743,0,null,false,profiling,0,null
936,10789,10644,false,2008-08-14T07:50:47.743,0,null,false,profiler,0,null
872,10796,10680,false,2008-08-14T08:09:47.563,1,null,false,c,0,null
872,10796,10680,false,2008-08-14T08:09:47.563,1,null,false,linux,0,null
91,10797,10793,false,2008-08-14T08:11:14.503,0,null,false,asp.net,0,null
91,10797,10793,false,2008-08-14T08:11:14.503,0,null,false,exception,0,null
91,10797,10793,false,2008-08-14T08:11:14.503,0,null,false,user-controls,0,null
4177,39721,39712,false,2008-09-02T14:57:47.067,0,null,false,visual-studio,0,null
4177,39721,39712,false,2008-09-02T14:57:47.067,0,null,false,formatting,0,null
4262,39723,39691,false,2008-09-02T14:59:23.007,5,null,true,javascript,0,null
4262,39723,39691,false,2008-09-02T14:59:23.007,5,null,true,unit-testing,0,null
1196,39729,39712,false,2008-09-02T15:00:59.350,0,null,false,visual-studio,0,null
1196,39729,39712,false,2008-09-02T15:00:59.350,0,null,false,formatting,0,null
1965,39733,39727,false,2008-09-02T15:02:10.377,2,null,false,c#,0,null
1965,39733,39727,false,2008-09-02T15:02:10.377,2,null,false,.net,0,null
1965,39733,39727,false,2008-09-02T15:02:10.377,2,null,false,namespaces,0,null
1676,39736,39712,false,2008-09-02T15:02:34.840,0,null,false,visual-studio,0,null
1676,39736,39712,false,2008-09-02T15:02:34.840,0,null,false,formatting,0,null
4116,39745,39712,false,2008-09-02T15:05:58.450,1,null,false,visual-studio,0,null
4116,39745,39712,false,2008-09-02T15:05:58.450,1,null,false,formatting,0,null
905,10812,10793,false,2008-08-14T08:42:16.733,0,null,false,asp.net,0,null
905,10812,10793,false,2008-08-14T08:42:16.733,0,null,false,exception,0,null
905,10812,10793,false,2008-08-14T08:42:16.733,0,null,false,user-controls,0,null
188,10814,10599,false,2008-08-14T08:48:50.027,0,null,false,html,0,null
832,10815,10793,false,2008-08-14T08:51:47.853,4,null,false,asp.net,0,null
832,10815,10793,false,2008-08-14T08:51:47.853,4,null,false,exception,0,null
832,10815,10793,false,2008-08-14T08:51:47.853,4,null,false,user-controls,0,null
832,10817,10752,false,2008-08-14T08:59:28.557,47,null,false,unit-testing,0,null
832,10817,10752,false,2008-08-14T08:59:28.557,47,null,false,integration-testing,0,null
1030,10818,10727,false,2008-08-14T08:59:38.023,3,null,false,sql,0,null
1030,10818,10727,false,2008-08-14T08:59:38.023,3,null,false,cursors,0,null
3776,40138,40119,false,2008-09-02T17:46:46.223,0,null,false,java,0,null
3776,40138,40119,false,2008-09-02T17:46:46.223,0,null,false,memory,0,null
3776,40138,40119,false,2008-09-02T17:46:46.223,0,null,false,memory-leaks,0,null
3776,40138,40119,false,2008-09-02T17:46:46.223,0,null,false,jhat,0,null
1521,39748,39632,false,2008-09-02T15:07:49.040,8,null,false,xml,0,null
1521,39748,39632,false,2008-09-02T15:07:49.040,8,null,false,xsd,0,null
770,39750,39615,false,2008-09-02T15:10:46.333,4,null,false,command-line,0,null
770,39750,39615,false,2008-09-02T15:10:46.333,4,null,false,windows-xp,0,null
770,39750,39615,false,2008-09-02T15:10:46.333,4,null,false,batch-file,0,null
1190,39751,39742,false,2008-09-02T15:10:51.667,1,null,false,svn,0,null
1190,39751,39742,false,2008-09-02T15:10:51.667,1,null,false,git,0,null
1190,39751,39742,false,2008-09-02T15:10:51.667,1,null,false,version-control,0,null
2900,39760,39663,false,2008-09-02T15:13:44.093,9,null,false,python,0,null
2900,39760,39663,false,2008-09-02T15:13:44.093,9,null,false,udp,0,null
2900,39760,39663,false,2008-09-02T15:13:44.093,9,null,false,bit,0,null
2900,39760,39663,false,2008-09-02T15:13:44.093,9,null,false,bit-fields,0,null
5,10820,10731,false,2008-08-14T09:03:47.627,10,null,false,sql-server,0,null
5,10820,10731,false,2008-08-14T09:03:47.627,10,null,false,security,0,null
5,10820,10731,false,2008-08-14T09:03:47.627,10,null,false,passwords,0,null
905,10823,10822,false,2008-08-14T09:13:44.143,2,null,false,.net,0,null
905,10823,10822,false,2008-08-14T09:13:44.143,2,null,false,database,0,null
905,10823,10822,false,2008-08-14T09:13:44.143,2,null,false,connection,0,null
905,10823,10822,false,2008-08-14T09:13:44.143,2,null,false,connection-string,0,null
383,10824,10822,false,2008-08-14T09:13:45.797,11,null,false,.net,0,null
383,10824,10822,false,2008-08-14T09:13:45.797,11,null,false,database,0,null
383,10824,10822,false,2008-08-14T09:13:45.797,11,null,false,connection,0,null
383,10824,10822,false,2008-08-14T09:13:45.797,11,null,false,connection-string,0,null
993,10826,10825,false,2008-08-14T09:16:03.530,40,null,false,sql-server,3,null
993,10826,10825,false,2008-08-14T09:16:03.530,40,null,false,database,3,null
993,10826,10825,false,2008-08-14T09:16:03.530,40,null,false,t-sql,3,null
993,10826,10825,false,2008-08-14T09:16:03.530,40,null,false,datetime,3,null
3171,39764,39746,false,2008-09-02T15:14:54.153,1,null,false,mercurial,1,null
3171,39764,39746,false,2008-09-02T15:14:54.153,1,null,false,tortoisehg,1,null
3171,39764,39746,false,2008-09-02T15:14:54.153,1,null,false,vista64,1,null
1965,39765,39744,false,2008-09-02T15:15:07.057,2,null,false,vb.net,0,null
1965,39765,39744,false,2008-09-02T15:15:07.057,2,null,false,configuration-files,0,null
1965,39765,39744,false,2008-09-02T15:15:07.057,2,null,false,.net-1.1,0,null
543,39766,39639,false,2008-09-02T15:15:45.790,1,null,false,java,0,null
543,39766,39639,false,2008-09-02T15:15:45.790,1,null,false,spring,0,null
543,39766,39639,false,2008-09-02T15:15:45.790,1,null,false,spring-aop,0,null
3997,39769,33497,false,2008-09-02T15:16:34.447,1,null,false,c#,0,null
3997,39769,33497,false,2008-09-02T15:16:34.447,1,null,false,java,0,null
3997,39769,33497,false,2008-09-02T15:16:34.447,1,null,false,api,0,null
3997,39769,33497,false,2008-09-02T15:16:34.447,1,null,false,exception,0,null
960,10828,10825,false,2008-08-14T09:18:37.783,1,null,false,sql-server,0,null
960,10828,10825,false,2008-08-14T09:18:37.783,1,null,false,database,0,null
960,10828,10825,false,2008-08-14T09:18:37.783,1,null,false,t-sql,0,null
960,10828,10825,false,2008-08-14T09:18:37.783,1,null,false,datetime,0,null
714,10829,10668,false,2008-08-14T09:19:08.283,1,null,false,c,2,null
714,10829,10668,false,2008-08-14T09:19:08.283,1,null,false,macos,2,null
714,10829,10668,false,2008-08-14T09:19:08.283,1,null,false,memory,2,null
714,10829,10668,false,2008-08-14T09:19:08.283,1,null,false,ptrace,2,null
993,10830,10825,false,2008-08-14T09:19:16.067,4,null,false,sql-server,0,null
993,10830,10825,false,2008-08-14T09:19:16.067,4,null,false,database,0,null
993,10830,10825,false,2008-08-14T09:19:16.067,4,null,false,t-sql,0,null
993,10830,10825,false,2008-08-14T09:19:16.067,4,null,false,datetime,0,null
51,10832,10825,false,2008-08-14T09:19:55.190,8,null,false,sql-server,0,null
51,10832,10825,false,2008-08-14T09:19:55.190,8,null,false,database,0,null
51,10832,10825,false,2008-08-14T09:19:55.190,8,null,false,t-sql,0,null
51,10832,10825,false,2008-08-14T09:19:55.190,8,null,false,datetime,0,null
383,10833,10825,false,2008-08-14T09:20:36.843,3,null,false,sql-server,1,null
383,10833,10825,false,2008-08-14T09:20:36.843,3,null,false,database,1,null
383,10833,10825,false,2008-08-14T09:20:36.843,3,null,false,t-sql,1,null
383,10833,10825,false,2008-08-14T09:20:36.843,3,null,false,datetime,1,null
372,10834,10825,false,2008-08-14T09:22:54.547,1,null,false,sql-server,0,null
372,10834,10825,false,2008-08-14T09:22:54.547,1,null,false,database,0,null
372,10834,10825,false,2008-08-14T09:22:54.547,1,null,false,t-sql,0,null
372,10834,10825,false,2008-08-14T09:22:54.547,1,null,false,datetime,0,null
1178,10835,10825,false,2008-08-14T09:23:23.390,4,null,false,sql-server,0,null
1178,10835,10825,false,2008-08-14T09:23:23.390,4,null,false,database,0,null
1178,10835,10825,false,2008-08-14T09:23:23.390,4,null,false,t-sql,0,null
1178,10835,10825,false,2008-08-14T09:23:23.390,4,null,false,datetime,0,null
,10838,6369,false,2008-08-14T09:27:30.793,4,null,false,sql,0,null
,10838,6369,false,2008-08-14T09:27:30.793,4,null,false,sap-ase,0,null
224,10844,10825,false,2008-08-14T09:42:14.537,20,null,false,sql-server,0,null
224,10844,10825,false,2008-08-14T09:42:14.537,20,null,false,database,0,null
224,10844,10825,false,2008-08-14T09:42:14.537,20,null,false,t-sql,0,null
224,10844,10825,false,2008-08-14T09:42:14.537,20,null,false,datetime,0,null
2915,39776,39771,false,2008-09-02T15:19:17.450,536,null,false,language-agnostic,24,null
2915,39776,39771,false,2008-09-02T15:19:17.450,536,null,false,guid,24,null
4174,39778,39758,false,2008-09-02T15:19:33.970,14,null,false,google-chrome,3,null
1219,39779,39771,false,2008-09-02T15:19:43.270,31,null,false,language-agnostic,3,null
1219,39779,39771,false,2008-09-02T15:19:43.270,31,null,false,guid,3,null
987,10854,10644,false,2008-08-14T10:03:47.380,7,null,false,c#,0,null
987,10854,10644,false,2008-08-14T10:03:47.380,7,null,false,.net,0,null
987,10854,10644,false,2008-08-14T10:03:47.380,7,null,false,profiling,0,null
987,10854,10644,false,2008-08-14T10:03:47.380,7,null,false,profiler,0,null
372,10856,10855,false,2008-08-14T10:10:55.917,75,null,false,c#,0,null
372,10856,10855,false,2008-08-14T10:10:55.917,75,null,false,.net,0,null
372,10856,10855,false,2008-08-14T10:10:55.917,75,null,false,linq,0,null
372,10856,10855,false,2008-08-14T10:10:55.917,75,null,false,datatable,0,null
372,10856,10855,false,2008-08-14T10:10:55.917,75,null,false,.net-3.5,0,null
489,10857,10855,false,2008-08-14T10:11:08.787,17,null,false,c#,3,null
489,10857,10855,false,2008-08-14T10:11:08.787,17,null,false,.net,3,null
489,10857,10855,false,2008-08-14T10:11:08.787,17,null,false,linq,3,null
489,10857,10855,false,2008-08-14T10:11:08.787,17,null,false,datatable,3,null
489,10857,10855,false,2008-08-14T10:11:08.787,17,null,false,.net-3.5,3,null
3394,39781,39771,false,2008-09-02T15:20:01.677,77,null,false,language-agnostic,1,null
3394,39781,39771,false,2008-09-02T15:20:01.677,77,null,false,guid,1,null
2361,39782,39771,false,2008-09-02T15:20:10.880,7,null,false,language-agnostic,0,null
2361,39782,39771,false,2008-09-02T15:20:10.880,7,null,false,guid,0,null
3114,39783,39728,false,2008-09-02T15:20:26.997,1,null,false,visual-studio-2008,0,null
3114,39783,39728,false,2008-09-02T15:20:26.997,1,null,false,tfs,0,null
3114,39783,39728,false,2008-09-02T15:20:26.997,1,null,false,msbuild,0,null
3114,39783,39728,false,2008-09-02T15:20:26.997,1,null,false,visual-studio-2005,0,null
3114,39783,39728,false,2008-09-02T15:20:26.997,1,null,false,tfs-migration,0,null
1968,39784,39771,false,2008-09-02T15:20:44.140,9,null,false,language-agnostic,0,null
1968,39784,39771,false,2008-09-02T15:20:44.140,9,null,false,guid,0,null
3171,39786,39770,false,2008-09-02T15:20:54.060,7,null,false,svn,0,null
3171,39786,39770,false,2008-09-02T15:20:54.060,7,null,false,tags,0,null
3171,39786,39770,false,2008-09-02T15:20:54.060,7,null,false,cvs,0,null
3631,39788,39771,false,2008-09-02T15:21:20.037,30,null,false,language-agnostic,1,null
3631,39788,39771,false,2008-09-02T15:21:20.037,30,null,false,guid,1,null
486,10861,10752,false,2008-08-14T10:26:18.613,5,null,false,unit-testing,0,null
486,10861,10752,false,2008-08-14T10:26:18.613,5,null,false,integration-testing,0,null
431,10862,10860,false,2008-08-14T10:27:50.500,1,null,false,.net,0,null
431,10862,10860,false,2008-08-14T10:27:50.500,1,null,false,n-tier-architecture,0,null
615,10863,10860,false,2008-08-14T10:28:08.673,0,null,false,.net,0,null
615,10863,10860,false,2008-08-14T10:28:08.673,0,null,false,n-tier-architecture,0,null
905,10864,10860,false,2008-08-14T10:28:20.810,0,null,false,.net,0,null
905,10864,10860,false,2008-08-14T10:28:20.810,0,null,false,n-tier-architecture,0,null
31505,10866,10860,false,2008-08-14T10:28:43.070,3,null,false,.net,0,null
31505,10866,10860,false,2008-08-14T10:28:43.070,3,null,false,n-tier-architecture,0,null
372,10869,10860,false,2008-08-14T10:30:51.773,0,null,false,.net,0,null
372,10869,10860,false,2008-08-14T10:30:51.773,0,null,false,n-tier-architecture,0,null
4161,39789,39770,false,2008-09-02T15:21:59.410,1,null,false,svn,0,null
4161,39789,39770,false,2008-09-02T15:21:59.410,1,null,false,tags,0,null
4161,39789,39770,false,2008-09-02T15:21:59.410,1,null,false,cvs,0,null
997,39790,39674,false,2008-09-02T15:22:03.467,2,null,false,sql-server,0,null
997,39790,39674,false,2008-09-02T15:22:03.467,2,null,false,t-sql,0,null
997,39790,39674,false,2008-09-02T15:22:03.467,2,null,false,text,0,null
997,39790,39674,false,2008-09-02T15:22:03.467,2,null,false,cursors,0,null
2047,39791,39648,false,2008-09-02T15:22:44.073,43,null,false,visual-studio,5,null
2047,39791,39648,false,2008-09-02T15:22:44.073,43,null,false,gui-designer,5,null
31505,10873,10872,false,2008-08-14T10:36:04.350,3,null,false,language-agnostic,1,null
1075,10875,10860,false,2008-08-14T10:38:04.677,5,null,false,.net,1,null
1075,10875,10860,false,2008-08-14T10:38:04.677,5,null,false,n-tier-architecture,1,null
4263,39794,39758,false,2008-09-02T15:24:36.847,1,null,false,google-chrome,0,null
3394,39795,39758,false,2008-09-02T15:24:47.313,2,null,false,google-chrome,0,null
2095,39797,39772,false,2008-09-02T15:25:30.477,6,null,false,encryption,0,null
2095,39797,39772,false,2008-09-02T15:25:30.477,6,null,false,web-applications,0,null
2095,39797,39772,false,2008-09-02T15:25:30.477,6,null,false,privacy,0,null
832,39800,39758,false,2008-09-02T15:26:57.527,0,null,false,google-chrome,0,null
2954,31798,31790,false,2008-08-28T07:36:29.363,1,null,false,wcf,0,null
2954,31798,31790,false,2008-08-28T07:36:29.363,1,null,false,web-services,0,null
2374,31801,31794,false,2008-08-28T07:36:57.867,0,null,false,c#,0,null
2374,31801,31794,false,2008-08-28T07:36:57.867,0,null,false,.net,0,null
2374,31801,31794,false,2008-08-28T07:36:57.867,0,null,false,.net-2.0,0,null
2954,31806,31790,false,2008-08-28T07:40:35.517,1,null,false,wcf,0,null
2954,31806,31790,false,2008-08-28T07:40:35.517,1,null,false,web-services,0,null
541,31808,31790,false,2008-08-28T07:43:27.710,0,null,false,wcf,0,null
541,31808,31790,false,2008-08-28T07:43:27.710,0,null,false,web-services,0,null
2562,31809,31790,false,2008-08-28T07:43:55.977,18,null,false,wcf,0,null
2562,31809,31790,false,2008-08-28T07:43:55.977,18,null,false,web-services,0,null
493,31810,31799,false,2008-08-28T07:45:11.467,4,null,false,xml,0,null
493,31810,31799,false,2008-08-28T07:45:11.467,4,null,false,inheritance,0,null
493,31810,31799,false,2008-08-28T07:45:11.467,4,null,false,serialization,0,null
493,31810,31799,false,2008-08-28T07:45:11.467,4,null,false,.net-2.0,0,null
2963,31813,30318,false,2008-08-28T07:47:58.743,2,null,false,user-interface,0,null
2963,31813,30318,false,2008-08-28T07:47:58.743,2,null,false,shell,0,null
2963,31813,30318,false,2008-08-28T07:47:58.743,2,null,false,terminal,0,null
2954,31814,31627,false,2008-08-28T07:51:25.443,2,null,false,version-control,0,null
2954,31814,31627,false,2008-08-28T07:51:25.443,2,null,false,visual-sourcesafe,0,null
2954,31820,31818,false,2008-08-28T07:56:15.760,21,null,false,sql-server,0,null
1968,31821,31693,false,2008-08-28T07:57:39.547,14,null,false,c#,1,null
1968,31821,31693,false,2008-08-28T07:57:39.547,14,null,false,java,1,null
1968,31821,31693,false,2008-08-28T07:57:39.547,14,null,false,c++,1,null
1968,31821,31693,false,2008-08-28T07:57:39.547,14,null,false,generics,1,null
1968,31821,31693,false,2008-08-28T07:57:39.547,14,null,false,templates,1,null
580,31824,31799,false,2008-08-28T07:59:32.897,1,null,false,xml,0,null
580,31824,31799,false,2008-08-28T07:59:32.897,1,null,false,inheritance,0,null
580,31824,31799,false,2008-08-28T07:59:32.897,1,null,false,serialization,0,null
580,31824,31799,false,2008-08-28T07:59:32.897,1,null,false,.net-2.0,0,null
2562,31825,31800,false,2008-08-28T07:59:53.457,4,null,false,language-agnostic,1,null
2562,31825,31800,false,2008-08-28T07:59:53.457,4,null,false,http,1,null
2562,31825,31800,false,2008-08-28T07:59:53.457,4,null,false,rest,1,null
2169,31831,1453,false,2008-08-28T08:10:48.643,6,null,false,php,0,null
2169,31831,1453,false,2008-08-28T08:10:48.643,6,null,false,parameters,0,null
2169,31831,1453,false,2008-08-28T08:10:48.643,6,null,false,error-handling,0,null
987,31833,31581,false,2008-08-28T08:12:24.270,29,null,false,c#,6,null
987,31833,31581,false,2008-08-28T08:12:24.270,29,null,false,.net,6,null
987,31833,31581,false,2008-08-28T08:12:24.270,29,null,false,multithreading,6,null
987,31833,31581,false,2008-08-28T08:12:24.270,29,null,false,timer,6,null
1070,31835,31627,false,2008-08-28T08:17:23.947,2,null,false,version-control,0,null
1070,31835,31627,false,2008-08-28T08:17:23.947,2,null,false,visual-sourcesafe,0,null
1090,31838,31794,false,2008-08-28T08:19:39.057,1,null,false,c#,0,null
1090,31838,31794,false,2008-08-28T08:19:39.057,1,null,false,.net,0,null
1090,31838,31794,false,2008-08-28T08:19:39.057,1,null,false,.net-2.0,0,null
86,31841,31826,false,2008-08-28T08:21:00.880,3,null,false,xml,0,null
86,31841,31826,false,2008-08-28T08:21:00.880,3,null,false,algorithm,0,null
86,31841,31826,false,2008-08-28T08:21:00.880,3,null,false,performance,0,null
2658,31846,31800,false,2008-08-28T08:26:01.710,2,null,false,language-agnostic,0,null
2658,31846,31800,false,2008-08-28T08:26:01.710,2,null,false,http,0,null
2658,31846,31800,false,2008-08-28T08:26:01.710,2,null,false,rest,0,null
797,31852,31840,false,2008-08-28T08:37:16.053,127,null,false,java,3,null
797,31852,31840,false,2008-08-28T08:37:16.053,127,null,false,logging,3,null
797,31852,31840,false,2008-08-28T08:37:16.053,127,null,false,log4j,3,null
797,31852,31840,false,2008-08-28T08:37:16.053,127,null,false,java.util.logging,3,null
341,31857,31598,false,2008-08-28T08:38:57.747,2,null,false,eclipse,0,null
341,31857,31598,false,2008-08-28T08:38:57.747,2,null,false,testing,0,null
341,31857,31598,false,2008-08-28T08:38:57.747,2,null,false,rcp,0,null
2679,31858,31847,false,2008-08-28T08:40:19.400,13,null,false,xml,0,null
2679,31858,31847,false,2008-08-28T08:40:19.400,13,null,false,xsd,0,null
2679,31858,31847,false,2008-08-28T08:40:19.400,13,null,false,schema,0,null
86,31861,31840,false,2008-08-28T08:43:45.163,3,null,false,java,0,null
86,31861,31840,false,2008-08-28T08:43:45.163,3,null,false,logging,0,null
86,31861,31840,false,2008-08-28T08:43:45.163,3,null,false,log4j,0,null
86,31861,31840,false,2008-08-28T08:43:45.163,3,null,false,java.util.logging,0,null
2658,31862,31559,false,2008-08-28T08:43:54.990,0,null,false,c#,0,null
2658,31862,31559,false,2008-08-28T08:43:54.990,0,null,false,windows,0,null
2658,31862,31559,false,2008-08-28T08:43:54.990,0,null,false,orm,0,null
2658,31862,31559,false,2008-08-28T08:43:54.990,0,null,false,devexpress,0,null
2658,31862,31559,false,2008-08-28T08:43:54.990,0,null,false,xpo,0,null
1143,31863,31581,false,2008-08-28T08:46:29.463,0,null,false,c#,0,null
1143,31863,31581,false,2008-08-28T08:46:29.463,0,null,false,.net,0,null
1143,31863,31581,false,2008-08-28T08:46:29.463,0,null,false,multithreading,0,null
1143,31863,31581,false,2008-08-28T08:46:29.463,0,null,false,timer,0,null
1853,31866,31693,false,2008-08-28T08:52:04.270,6,null,false,c#,1,null
1853,31866,31693,false,2008-08-28T08:52:04.270,6,null,false,java,1,null
1853,31866,31693,false,2008-08-28T08:52:04.270,6,null,false,c++,1,null
1853,31866,31693,false,2008-08-28T08:52:04.270,6,null,false,generics,1,null
1853,31866,31693,false,2008-08-28T08:52:04.270,6,null,false,templates,1,null
872,9277,9240,false,2008-08-12T21:52:01.570,0,null,false,architecture,0,null
1043,9278,9272,false,2008-08-12T21:55:08.087,12,null,false,version-control,0,null
1043,9278,9272,false,2008-08-12T21:55:08.087,12,null,false,language-agnostic,0,null
1043,9278,9272,false,2008-08-12T21:55:08.087,12,null,false,perforce,0,null
3153,36178,36127,false,2008-08-30T17:24:48.733,0,null,false,visual-studio,0,null
3153,36178,36127,false,2008-08-30T17:24:48.733,0,null,false,visual-c++,0,null
3153,36178,36127,false,2008-08-30T17:24:48.733,0,null,false,pdb-files,0,null
3153,36178,36127,false,2008-08-30T17:24:48.733,0,null,false,crashrpt,0,null
2902,36181,36122,false,2008-08-30T17:25:14.910,1,null,false,algorithm,0,null
2902,36181,36122,false,2008-08-30T17:25:14.910,1,null,false,string,0,null
2902,36181,36122,false,2008-08-30T17:25:14.910,1,null,false,optimization,0,null
1075,10876,10872,false,2008-08-14T10:42:16.460,1,null,false,language-agnostic,0,null
1143,10878,10872,false,2008-08-14T10:42:36.227,6,null,false,language-agnostic,0,null
832,10882,10872,false,2008-08-14T10:50:21.420,8,null,false,language-agnostic,0,null
,30350,30281,false,2008-08-27T14:52:33.583,2,null,false,java,0,null
,30350,30281,false,2008-08-27T14:52:33.583,2,null,false,frameworks,0,null
,30350,30281,false,2008-08-27T14:52:33.583,2,null,false,seam,0,null
305,30351,30307,false,2008-08-27T14:52:52.147,0,null,false,php,0,null
305,30351,30307,false,2008-08-27T14:52:52.147,0,null,false,directory,0,null
1554,30353,30302,false,2008-08-27T14:54:33.687,5,null,false,c#,0,null
1554,30353,30302,false,2008-08-27T14:54:33.687,5,null,false,asp.net,0,null
1554,30353,30302,false,2008-08-27T14:54:33.687,5,null,false,asp.net-mvc,0,null
1554,30353,30302,false,2008-08-27T14:54:33.687,5,null,false,routes,0,null
1249,30355,30318,false,2008-08-27T14:55:01.317,0,null,false,user-interface,0,null
1249,30355,30318,false,2008-08-27T14:55:01.317,0,null,false,shell,0,null
1249,30355,30318,false,2008-08-27T14:55:01.317,0,null,false,terminal,0,null
2684,30356,30297,false,2008-08-27T14:55:37.430,1,null,false,email,0,null
2684,30356,30297,false,2008-08-27T14:55:37.430,1,null,false,hotfix,0,null
1000,10887,10877,false,2008-08-14T11:01:30.880,31,null,false,html,1,null
1000,10887,10877,false,2008-08-14T11:01:30.880,31,null,false,css,1,null
1000,10887,10877,false,2008-08-14T11:01:30.880,31,null,false,html-lists,1,null
1000,10887,10877,false,2008-08-14T11:01:30.880,31,null,false,roman-numerals,1,null
383,10889,10877,false,2008-08-14T11:03:49.830,1,null,false,html,5,null
383,10889,10877,false,2008-08-14T11:03:49.830,1,null,false,css,5,null
383,10889,10877,false,2008-08-14T11:03:49.830,1,null,false,html-lists,5,null
383,10889,10877,false,2008-08-14T11:03:49.830,1,null,false,roman-numerals,5,null
1199,10890,10880,false,2008-08-14T11:04:13.680,16,null,false,c++,0,null
1199,10890,10880,false,2008-08-14T11:04:13.680,16,null,false,emacs,0,null
1233,30359,30318,false,2008-08-27T14:56:37.850,0,null,false,user-interface,0,null
1233,30359,30318,false,2008-08-27T14:56:37.850,0,null,false,shell,0,null
1233,30359,30318,false,2008-08-27T14:56:37.850,0,null,false,terminal,0,null
1902010,30360,30346,false,2008-08-27T14:56:46.193,5,null,false,html,0,null
1902010,30360,30346,false,2008-08-27T14:56:46.193,5,null,false,css,0,null
1902010,30360,30346,false,2008-08-27T14:56:46.193,5,null,false,xhtml,0,null
1902010,30360,30346,false,2008-08-27T14:56:46.193,5,null,false,internet-explorer-6,0,null
3251,30361,30318,false,2008-08-27T14:57:14.087,2,null,false,user-interface,0,null
3251,30361,30318,false,2008-08-27T14:57:14.087,2,null,false,shell,0,null
3251,30361,30318,false,2008-08-27T14:57:14.087,2,null,false,terminal,0,null
2025,30363,30307,false,2008-08-27T14:57:21.700,0,null,false,php,0,null
2025,30363,30307,false,2008-08-27T14:57:21.700,0,null,false,directory,0,null
,30365,30319,false,2008-08-27T14:57:44.197,0,null,false,javascript,0,null
,30365,30319,false,2008-08-27T14:57:44.197,0,null,false,html,0,null
,30365,30319,false,2008-08-27T14:57:44.197,0,null,false,noscript,0,null
2114,30368,30297,false,2008-08-27T14:58:21.603,1,null,false,email,0,null
2114,30368,30297,false,2008-08-27T14:58:21.603,1,null,false,hotfix,0,null
3210,30369,30211,false,2008-08-27T14:58:23.257,0,null,false,windows,1,null
3210,30369,30211,false,2008-08-27T14:58:23.257,0,null,false,vbscript,1,null
3210,30369,30211,false,2008-08-27T14:58:23.257,0,null,false,batch-file,1,null
3210,30369,30211,false,2008-08-27T14:58:23.257,0,null,false,zip,1,null
3210,30369,30211,false,2008-08-27T14:58:23.257,0,null,false,scripting,1,null
2122,36184,36108,false,2008-08-30T17:28:01.893,26,null,false,wpf,2,null
2122,36184,36108,false,2008-08-30T17:28:01.893,26,null,false,user-interface,2,null
2122,36184,36108,false,2008-08-30T17:28:01.893,26,null,false,layout,2,null
3631,36188,36127,false,2008-08-30T17:34:25.030,0,null,false,visual-studio,0,null
3631,36188,36127,false,2008-08-30T17:34:25.030,0,null,false,visual-c++,0,null
3631,36188,36127,false,2008-08-30T17:34:25.030,0,null,false,pdb-files,0,null
3631,36188,36127,false,2008-08-30T17:34:25.030,0,null,false,crashrpt,0,null
,36190,36109,false,2008-08-30T17:37:17.800,0,null,false,unix,0,null
,36190,36109,false,2008-08-30T17:37:17.800,0,null,false,shell,0,null
,36190,36109,false,2008-08-30T17:37:17.800,0,null,false,wine,0,null
2541,36191,36183,false,2008-08-30T17:40:39.960,20,null,false,javascript,0,null
2541,36191,36183,false,2008-08-30T17:40:39.960,20,null,false,regex,0,null
905,10893,10855,false,2008-08-14T11:07:52.613,54,null,false,c#,5,null
905,10893,10855,false,2008-08-14T11:07:52.613,54,null,false,.net,5,null
905,10893,10855,false,2008-08-14T11:07:52.613,54,null,false,linq,5,null
905,10893,10855,false,2008-08-14T11:07:52.613,54,null,false,datatable,5,null
905,10893,10855,false,2008-08-14T11:07:52.613,54,null,false,.net-3.5,5,null
842,10896,10872,false,2008-08-14T11:09:46.027,2,null,false,language-agnostic,0,null
198,10900,10616,false,2008-08-14T11:24:57.133,3,null,false,mysql,0,null
198,10900,10616,false,2008-08-14T11:24:57.133,3,null,false,sql-server,0,null
198,10900,10616,false,2008-08-14T11:24:57.133,3,null,false,t-sql,0,null
1804,30371,30318,false,2008-08-27T15:01:14.593,1,null,false,user-interface,1,null
1804,30371,30318,false,2008-08-27T15:01:14.593,1,null,false,shell,1,null
1804,30371,30318,false,2008-08-27T15:01:14.593,1,null,false,terminal,1,null
60,30372,30230,false,2008-08-27T15:02:12.157,1,null,false,asp.net,0,null
305,30375,30307,false,2008-08-27T15:03:41.343,0,null,false,php,0,null
305,30375,30307,false,2008-08-27T15:03:41.343,0,null,false,directory,0,null
2443,30378,30354,false,2008-08-27T15:05:45.830,2,null,false,vb6,2,null
2443,30378,30354,false,2008-08-27T15:05:45.830,2,null,false,memory-leaks,2,null
2684,30382,30354,false,2008-08-27T15:07:40.707,2,null,false,vb6,2,null
2684,30382,30354,false,2008-08-27T15:07:40.707,2,null,false,memory-leaks,2,null
615,10904,10901,false,2008-08-14T11:28:23.570,1,null,false,c#,0,null
615,10904,10901,false,2008-08-14T11:28:23.570,1,null,false,c++,0,null
615,10904,10901,false,2008-08-14T11:28:23.570,1,null,false,winforms,0,null
615,10904,10901,false,2008-08-14T11:28:23.570,1,null,false,mfc,0,null
615,10904,10901,false,2008-08-14T11:28:23.570,1,null,false,user-interface,0,null
905,10906,10905,false,2008-08-14T11:32:45.137,0,null,false,c#,0,null
905,10906,10905,false,2008-08-14T11:32:45.137,0,null,false,.net,0,null
905,10906,10905,false,2008-08-14T11:32:45.137,0,null,false,winforms,0,null
615,10907,10905,false,2008-08-14T11:33:21.377,22,null,false,c#,1,null
615,10907,10905,false,2008-08-14T11:33:21.377,22,null,false,.net,1,null
615,10907,10905,false,2008-08-14T11:33:21.377,22,null,false,winforms,1,null
1075,10909,10901,false,2008-08-14T11:36:47.173,0,null,false,c#,0,null
1075,10909,10901,false,2008-08-14T11:36:47.173,0,null,false,c++,0,null
1075,10909,10901,false,2008-08-14T11:36:47.173,0,null,false,winforms,0,null
1075,10909,10901,false,2008-08-14T11:36:47.173,0,null,false,mfc,0,null
1075,10909,10901,false,2008-08-14T11:36:47.173,0,null,false,user-interface,0,null
891,10911,10901,false,2008-08-14T11:40:53.373,2,null,false,c#,3,null
891,10911,10901,false,2008-08-14T11:40:53.373,2,null,false,c++,3,null
891,10911,10901,false,2008-08-14T11:40:53.373,2,null,false,winforms,3,null
891,10911,10901,false,2008-08-14T11:40:53.373,2,null,false,mfc,3,null
891,10911,10901,false,2008-08-14T11:40:53.373,2,null,false,user-interface,3,null
1042,10914,10891,false,2008-08-14T11:49:25.883,2,null,false,sql-server,0,null
1042,10914,10891,false,2008-08-14T11:49:25.883,2,null,false,mfc,0,null
905,10916,10793,false,2008-08-14T11:56:38.053,1,null,false,asp.net,0,null
905,10916,10793,false,2008-08-14T11:56:38.053,1,null,false,exception,0,null
905,10916,10793,false,2008-08-14T11:56:38.053,1,null,false,user-controls,0,null
636,10918,10901,false,2008-08-14T12:04:56.460,2,null,false,c#,0,null
636,10918,10901,false,2008-08-14T12:04:56.460,2,null,false,c++,0,null
636,10918,10901,false,2008-08-14T12:04:56.460,2,null,false,winforms,0,null
636,10918,10901,false,2008-08-14T12:04:56.460,2,null,false,mfc,0,null
636,10918,10901,false,2008-08-14T12:04:56.460,2,null,false,user-interface,0,null
905,10922,10919,false,2008-08-14T12:16:03.770,12,null,false,sql-server,0,null
905,10922,10919,false,2008-08-14T12:16:03.770,12,null,false,fillfactor,0,null
209,10924,10752,false,2008-08-14T12:19:55.603,2,null,false,unit-testing,0,null
209,10924,10752,false,2008-08-14T12:19:55.603,2,null,false,integration-testing,0,null
1030,10951,10919,false,2008-08-14T12:49:32.597,2,null,false,sql-server,0,null
1030,10951,10919,false,2008-08-14T12:49:32.597,2,null,false,fillfactor,0,null
,10956,10949,false,2008-08-14T12:56:06.640,1,null,false,c#,0,null
,10956,10949,false,2008-08-14T12:56:06.640,1,null,false,.net,0,null
,10956,10949,false,2008-08-14T12:56:06.640,1,null,false,unit-testing,0,null
733,10969,10935,false,2008-08-14T13:03:10.447,2,null,false,exception,0,null
733,10969,10935,false,2008-08-14T13:03:10.447,2,null,false,com,0,null
733,10969,10935,false,2008-08-14T13:03:10.447,2,null,false,dll,0,null
733,10969,10935,false,2008-08-14T13:03:10.447,2,null,false,trace,0,null
493,10973,10727,false,2008-08-14T13:05:04.733,2,null,false,sql,0,null
493,10973,10727,false,2008-08-14T13:05:04.733,2,null,false,cursors,0,null
275,10988,10933,false,2008-08-14T13:20:05.280,3,null,false,.net,2,null
275,10988,10933,false,2008-08-14T13:20:05.280,3,null,false,asp.net,2,null
275,10988,10933,false,2008-08-14T13:20:05.280,3,null,false,svn,2,null
1297,10993,10915,false,2008-08-14T13:23:43.993,0,null,false,c#,0,null
1297,10993,10915,false,2008-08-14T13:23:43.993,0,null,false,nhibernate,0,null
493,10996,10915,false,2008-08-14T13:25:49.340,0,null,false,c#,0,null
493,10996,10915,false,2008-08-14T13:25:49.340,0,null,false,nhibernate,0,null
381,11000,10985,false,2008-08-14T13:28:17.243,0,null,false,c++,0,null
381,11000,10985,false,2008-08-14T13:28:17.243,0,null,false,stack,0,null
381,11000,10985,false,2008-08-14T13:28:17.243,0,null,false,heap-memory,0,null
1169,11002,10901,false,2008-08-14T13:30:47.177,2,null,false,c#,2,null
1169,11002,10901,false,2008-08-14T13:30:47.177,2,null,false,c++,2,null
1169,11002,10901,false,2008-08-14T13:30:47.177,2,null,false,winforms,2,null
1169,11002,10901,false,2008-08-14T13:30:47.177,2,null,false,mfc,2,null
1169,11002,10901,false,2008-08-14T13:30:47.177,2,null,false,user-interface,2,null
1236,11003,10985,false,2008-08-14T13:31:05.587,11,null,false,c++,0,null
1236,11003,10985,false,2008-08-14T13:31:05.587,11,null,false,stack,0,null
1236,11003,10985,false,2008-08-14T13:31:05.587,11,null,false,heap-memory,0,null
372,27796,27758,false,2008-08-26T11:41:54.253,0,null,false,.net,0,null
372,27796,27758,false,2008-08-26T11:41:54.253,0,null,false,attributes,0,null
2796,27811,27640,false,2008-08-26T11:50:35.247,8,null,false,c++,1,null
2796,27811,27640,false,2008-08-26T11:50:35.247,8,null,false,qt,1,null
2796,27811,27640,false,2008-08-26T11:50:35.247,8,null,false,mfc,1,null
481,13584,13561,false,2008-08-17T11:02:40.617,1,null,false,asp.net,0,null
481,13584,13561,false,2008-08-17T11:02:40.617,1,null,false,asp.net-mvc,0,null
481,13584,13561,false,2008-08-17T11:02:40.617,1,null,false,user-controls,0,null
86,13585,4544,false,2008-08-17T11:09:03.753,2,null,false,javascript,0,null
86,13585,4544,false,2008-08-17T11:09:03.753,2,null,false,firefox,0,null
86,13585,4544,false,2008-08-17T11:09:03.753,2,null,false,delicious-api,0,null
192,13590,13589,false,2008-08-17T11:49:10.397,2,null,false,asp.net,0,null
192,13590,13589,false,2008-08-17T11:49:10.397,2,null,false,ajax,0,null
1042,11004,10901,false,2008-08-14T13:32:29.810,9,null,false,c#,3,null
1042,11004,10901,false,2008-08-14T13:32:29.810,9,null,false,c++,3,null
1042,11004,10901,false,2008-08-14T13:32:29.810,9,null,false,winforms,3,null
1042,11004,10901,false,2008-08-14T13:32:29.810,9,null,false,mfc,3,null
1042,11004,10901,false,2008-08-14T13:32:29.810,9,null,false,user-interface,3,null
75,11005,10990,false,2008-08-14T13:32:55.473,48,null,false,php,5,null
75,11005,10990,false,2008-08-14T13:32:55.473,48,null,false,apache,5,null
75,11005,10990,false,2008-08-14T13:32:55.473,48,null,false,upload,5,null
987,11011,10985,false,2008-08-14T13:35:29.087,-1,null,false,c++,0,null
987,11011,10985,false,2008-08-14T13:35:29.087,-1,null,false,stack,0,null
987,11011,10985,false,2008-08-14T13:35:29.087,-1,null,false,heap-memory,0,null
755,11014,10985,false,2008-08-14T13:37:17.680,8,null,false,c++,3,null
755,11014,10985,false,2008-08-14T13:37:17.680,8,null,false,stack,3,null
755,11014,10985,false,2008-08-14T13:37:17.680,8,null,false,heap-memory,3,null
200,11017,10999,false,2008-08-14T13:39:12.793,0,null,false,visual-studio,1,null
200,11017,10999,false,2008-08-14T13:39:12.793,0,null,false,tfs,1,null
2818,30383,30354,false,2008-08-27T15:07:44.703,2,null,false,vb6,0,null
2818,30383,30354,false,2008-08-27T15:07:44.703,2,null,false,memory-leaks,0,null
2590,30384,30373,false,2008-08-27T15:07:51.783,4,null,true,c++,0,null
2590,30384,30373,false,2008-08-27T15:07:51.783,4,null,true,stl,0,null
269,30391,30373,false,2008-08-27T15:09:09.987,8,null,true,c++,0,null
269,30391,30373,false,2008-08-27T15:09:09.987,8,null,true,stl,0,null
72,30394,30379,false,2008-08-27T15:10:21.497,1,null,false,iis,0,null
72,30394,30379,false,2008-08-27T15:10:21.497,1,null,false,replication,0,null
72,30394,30379,false,2008-08-27T15:10:21.497,1,null,false,webserver,0,null
2025,46126,46124,false,2008-09-05T15:59:02.397,11,null,false,css,1,null
2025,46126,46124,false,2008-09-05T15:59:02.397,11,null,false,browser,1,null
2025,46126,46124,false,2008-09-05T15:59:02.397,11,null,false,conditional-statements,1,null
,46128,15142,false,2008-09-05T16:01:03.500,11,null,true,c#,1,null
,46128,15142,false,2008-09-05T16:01:03.500,11,null,true,sql,1,null
,46128,15142,false,2008-09-05T16:01:03.500,11,null,true,sql-server,1,null
,46128,15142,false,2008-09-05T16:01:03.500,11,null,true,stored-procedures,1,null
905,46129,46080,false,2008-09-05T16:01:23.187,82,null,false,svn,6,null
905,46129,46080,false,2008-09-05T16:01:23.187,82,null,false,tortoisesvn,6,null
1577190,46138,46079,false,2008-09-05T16:05:04.677,12,null,false,asp.net,0,null
1577190,46138,46079,false,2008-09-05T16:05:04.677,12,null,false,javascript,0,null
1577190,46138,46079,false,2008-09-05T16:05:04.677,12,null,false,jquery,0,null
1577190,46138,46079,false,2008-09-05T16:05:04.677,12,null,false,webforms,0,null
1577190,46138,46079,false,2008-09-05T16:05:04.677,12,null,false,.net-1.1,0,null
3347,46139,46079,false,2008-09-05T16:05:08.797,0,null,false,asp.net,0,null
3347,46139,46079,false,2008-09-05T16:05:08.797,0,null,false,javascript,0,null
3347,46139,46079,false,2008-09-05T16:05:08.797,0,null,false,jquery,0,null
3347,46139,46079,false,2008-09-05T16:05:08.797,0,null,false,webforms,0,null
3347,46139,46079,false,2008-09-05T16:05:08.797,0,null,false,.net-1.1,0,null
96,46141,46125,false,2008-09-05T16:06:18.917,41,null,false,xml,2,null
96,46141,46125,false,2008-09-05T16:06:18.917,41,null,false,xpath,2,null
1196,46142,46130,false,2008-09-05T16:06:29.527,4,null,false,c#,1,null
1196,46142,46130,false,2008-09-05T16:06:29.527,4,null,false,.net,1,null
1196,46142,46130,false,2008-09-05T16:06:29.527,4,null,false,linq,1,null
1196,46142,46130,false,2008-09-05T16:06:29.527,4,null,false,lambda,1,null
4702,46143,46074,false,2008-09-05T16:07:40.693,6,null,false,php,0,null
4702,46143,46074,false,2008-09-05T16:07:40.693,6,null,false,hosting,0,null
4702,46143,46074,false,2008-09-05T16:07:40.693,6,null,false,dns,0,null
305,46148,46079,false,2008-09-05T16:08:22.580,5,null,false,asp.net,1,null
305,46148,46079,false,2008-09-05T16:08:22.580,5,null,false,javascript,1,null
305,46148,46079,false,2008-09-05T16:08:22.580,5,null,false,jquery,1,null
305,46148,46079,false,2008-09-05T16:08:22.580,5,null,false,webforms,1,null
305,46148,46079,false,2008-09-05T16:08:22.580,5,null,false,.net-1.1,1,null
1348,43229,43224,false,2008-09-04T05:55:58.117,31,null,false,c#,5,null
1348,43229,43224,false,2008-09-04T05:55:58.117,31,null,false,math,5,null
1348,43229,43224,false,2008-09-04T05:55:58.117,31,null,false,graph,5,null
3479,43238,43196,false,2008-09-04T06:06:37.997,4,null,false,virtual-pc,0,null
3479,43238,43196,false,2008-09-04T06:06:37.997,4,null,false,hyper-v,0,null
2915,43239,43224,false,2008-09-04T06:07:00.727,19,null,false,c#,3,null
2915,43239,43224,false,2008-09-04T06:07:00.727,19,null,false,math,3,null
2915,43239,43224,false,2008-09-04T06:07:00.727,19,null,false,graph,3,null
4161,43244,43211,false,2008-09-04T06:16:16.770,1,null,false,matlab,0,null
4161,43244,43211,false,2008-09-04T06:16:16.770,1,null,false,simulink,0,null
4161,43244,43211,false,2008-09-04T06:16:16.770,1,null,false,xpc-target,0,null
493,43245,43180,false,2008-09-04T06:20:56.200,12,null,false,operating-system,0,null
493,43245,43180,false,2008-09-04T06:20:56.200,12,null,false,kernel,0,null
493,43245,43180,false,2008-09-04T06:20:56.200,12,null,false,osdev,0,null
4177,43246,43194,false,2008-09-04T06:22:44.167,1,null,false,c++,0,null
4177,43246,43194,false,2008-09-04T06:22:44.167,1,null,false,visual-studio,0,null
4177,43246,43194,false,2008-09-04T06:22:44.167,1,null,false,gcc,0,null
4177,43246,43194,false,2008-09-04T06:22:44.167,1,null,false,linker,0,null
1733,43247,43194,false,2008-09-04T06:25:37.887,1,null,false,c++,0,null
1733,43247,43194,false,2008-09-04T06:25:37.887,1,null,false,visual-studio,0,null
1733,43247,43194,false,2008-09-04T06:25:37.887,1,null,false,gcc,0,null
1733,43247,43194,false,2008-09-04T06:25:37.887,1,null,false,linker,0,null
718,43248,43180,false,2008-09-04T06:25:45.190,4,null,false,operating-system,2,null
718,43248,43180,false,2008-09-04T06:25:45.190,4,null,false,kernel,2,null
718,43248,43180,false,2008-09-04T06:25:45.190,4,null,false,osdev,2,null
71,18469,18460,false,2008-08-20T18:09:05.400,5,null,false,asp.net,0,null
71,18469,18460,false,2008-08-20T18:09:05.400,5,null,false,authorization,0,null
770,18471,18413,false,2008-08-20T18:09:39.160,5,null,false,sql-server,0,null
1975282,18474,18465,false,2008-08-20T18:11:09.857,5,null,false,.net,0,null
1975282,18474,18465,false,2008-08-20T18:11:09.857,5,null,false,parsing,0,null
1710,19455,19454,false,2008-08-21T07:54:12.670,19,null,false,c#,0,null
1710,19455,19454,false,2008-08-21T07:54:12.670,19,null,false,xml,0,null
1710,19455,19454,false,2008-08-21T07:54:12.670,19,null,false,serialization,0,null
1710,19455,19454,false,2008-08-21T07:54:12.670,19,null,false,coding-style,0,null
1710,19455,19454,false,2008-08-21T07:54:12.670,19,null,false,.net-attributes,0,null
1384652,19457,19445,false,2008-08-21T07:57:55.720,0,null,false,content-management-system,0,null
1384652,19457,19445,false,2008-08-21T07:57:55.720,0,null,false,content-management,0,null
1384652,19457,19445,false,2008-08-21T07:57:55.720,0,null,false,ecm,0,null
2567,25574,25566,false,2008-08-25T02:18:43.413,0,null,false,sorting,0,null
2567,25574,25566,false,2008-08-25T02:18:43.413,0,null,false,big-o,0,null
828,25583,25552,false,2008-08-25T02:36:04.963,43,null,false,java,9,null
828,25583,25552,false,2008-08-25T02:36:04.963,43,null,false,memory,9,null
828,25583,25552,false,2008-08-25T02:36:04.963,43,null,false,resources,9,null
828,25583,25552,false,2008-08-25T02:36:04.963,43,null,false,system,9,null
1196,25591,25561,false,2008-08-25T02:44:24.567,0,null,false,regex,0,null
1196,25591,25561,false,2008-08-25T02:44:24.567,0,null,false,.net-2.0,0,null
149,25595,25561,false,2008-08-25T02:51:18.920,0,null,false,regex,0,null
149,25595,25561,false,2008-08-25T02:51:18.920,0,null,false,.net-2.0,0,null
2405,25596,25552,false,2008-08-25T02:53:21.287,210,null,false,java,5,null
2405,25596,25552,false,2008-08-25T02:53:21.287,210,null,false,memory,5,null
2405,25596,25552,false,2008-08-25T02:53:21.287,210,null,false,resources,5,null
2405,25596,25552,false,2008-08-25T02:53:21.287,210,null,false,system,5,null
1117,25597,25561,false,2008-08-25T02:53:26.793,3,null,false,regex,0,null
1117,25597,25561,false,2008-08-25T02:53:26.793,3,null,false,.net-2.0,0,null
13,25598,24451,false,2008-08-25T02:53:37.603,15,null,false,language-agnostic,1,null
13,25598,24451,false,2008-08-25T02:53:37.603,15,null,false,goto,1,null
205,24480,24468,false,2008-08-23T18:45:22.480,0,null,false,.net,0,null
205,24480,24468,false,2008-08-23T18:45:22.480,0,null,false,security,0,null
2626,24484,24468,false,2008-08-23T18:50:09.863,2,null,false,.net,0,null
2626,24484,24468,false,2008-08-23T18:50:09.863,2,null,false,security,0,null
2617,24485,24481,false,2008-08-23T18:50:17.213,-3,null,false,database,1,null
2617,24485,24481,false,2008-08-23T18:50:17.213,-3,null,false,internationalization,1,null
2617,24485,24481,false,2008-08-23T18:50:17.213,-3,null,false,globalization,1,null
2617,24485,24481,false,2008-08-23T18:50:17.213,-3,null,false,street-address,1,null
2627,24498,24496,false,2008-08-23T19:03:06.900,27,null,false,model-view-controller,2,null
2627,24498,24496,false,2008-08-23T19:03:06.900,27,null,false,mvp,2,null
2627,24498,24496,false,2008-08-23T19:03:06.900,27,null,false,passive-view,2,null
2627,24498,24496,false,2008-08-23T19:03:06.900,27,null,false,architectural-patterns,2,null
536,24499,21207,false,2008-08-23T19:03:18.913,56,null,false,java,4,null
536,24499,21207,false,2008-08-23T19:03:18.913,56,null,false,db4o,4,null
2131,24501,24481,false,2008-08-23T19:04:38.800,25,null,false,database,6,null
2131,24501,24481,false,2008-08-23T19:04:38.800,25,null,false,internationalization,6,null
2131,24501,24481,false,2008-08-23T19:04:38.800,25,null,false,globalization,6,null
2131,24501,24481,false,2008-08-23T19:04:38.800,25,null,false,street-address,6,null
1344,24507,24496,false,2008-08-23T19:08:12.550,4,null,false,model-view-controller,0,null
1344,24507,24496,false,2008-08-23T19:08:12.550,4,null,false,mvp,0,null
1344,24507,24496,false,2008-08-23T19:08:12.550,4,null,false,passive-view,0,null
1344,24507,24496,false,2008-08-23T19:08:12.550,4,null,false,architectural-patterns,0,null
1600,24509,24496,false,2008-08-23T19:09:49.957,4,null,false,model-view-controller,0,null
1600,24509,24496,false,2008-08-23T19:09:49.957,4,null,false,mvp,0,null
1600,24509,24496,false,2008-08-23T19:09:49.957,4,null,false,passive-view,0,null
1600,24509,24496,false,2008-08-23T19:09:49.957,4,null,false,architectural-patterns,0,null
1969,24510,24495,false,2008-08-23T19:10:02.423,6,null,false,java,0,null
1969,24510,24495,false,2008-08-23T19:10:02.423,6,null,false,struts,0,null
1969,24510,24495,false,2008-08-23T19:10:02.423,6,null,false,velocity,0,null
2361,24511,24451,false,2008-08-23T19:10:30.753,30,null,false,language-agnostic,7,null
2361,24511,24451,false,2008-08-23T19:10:30.753,30,null,false,goto,7,null
2349,30398,30354,false,2008-08-27T15:11:41.993,4,null,false,vb6,0,null
2349,30398,30354,false,2008-08-27T15:11:41.993,4,null,false,memory-leaks,0,null
3254,30404,17,false,2008-08-27T15:13:31.693,11,null,false,mysql,1,null
3254,30404,17,false,2008-08-27T15:13:31.693,11,null,false,database,1,null
3254,30404,17,false,2008-08-27T15:13:31.693,11,null,false,binary-data,1,null
3254,30404,17,false,2008-08-27T15:13:31.693,11,null,false,data-storage,1,null
999,30406,30222,false,2008-08-27T15:13:39.010,0,null,false,sql,1,null
999,30406,30222,false,2008-08-27T15:13:39.010,0,null,false,sql-server,1,null
999,30406,30222,false,2008-08-27T15:13:39.010,0,null,false,database,1,null
999,30406,30222,false,2008-08-27T15:13:39.010,0,null,false,t-sql,1,null
2284,30412,30373,false,2008-08-27T15:15:18.460,16,null,true,c++,0,null
2284,30412,30373,false,2008-08-27T15:15:18.460,16,null,true,stl,0,null
36,110,104,false,2008-08-01T15:23:33.817,7,null,false,.net,0,null
36,110,104,false,2008-08-01T15:23:33.817,7,null,false,performance,0,null
36,110,104,false,2008-08-01T15:23:33.817,7,null,false,memory-leaks,0,null
36,110,104,false,2008-08-01T15:23:33.817,7,null,false,com-interop,0,null
146270,111,108,false,2008-08-01T15:27:23.093,39,null,false,windows,2,null
146270,111,108,false,2008-08-01T15:27:23.093,39,null,false,svn,2,null
146270,111,108,false,2008-08-01T15:27:23.093,39,null,false,64-bit,2,null
34,112,104,false,2008-08-01T15:28:12.543,112,null,false,.net,6,null
34,112,104,false,2008-08-01T15:28:12.543,112,null,false,performance,6,null
34,112,104,false,2008-08-01T15:28:12.543,112,null,false,memory-leaks,6,null
34,112,104,false,2008-08-01T15:28:12.543,112,null,false,com-interop,6,null
60,113,108,false,2008-08-01T15:32:11.337,9,null,false,windows,1,null
60,113,108,false,2008-08-01T15:32:11.337,9,null,false,svn,1,null
60,113,108,false,2008-08-01T15:32:11.337,9,null,false,64-bit,1,null
17,114,108,false,2008-08-01T15:32:42.473,11,null,false,windows,0,null
17,114,108,false,2008-08-01T15:32:42.473,11,null,false,svn,0,null
17,114,108,false,2008-08-01T15:32:42.473,11,null,false,64-bit,0,null
58,116,108,false,2008-08-01T15:34:43.873,6,null,false,windows,0,null
58,116,108,false,2008-08-01T15:34:43.873,6,null,false,svn,0,null
58,116,108,false,2008-08-01T15:34:43.873,6,null,false,64-bit,0,null
26,124,80,false,2008-08-01T16:09:47.687,20,null,false,apache-flex,1,null
26,124,80,false,2008-08-01T16:09:47.687,20,null,false,actionscript-3,1,null
26,124,80,false,2008-08-01T16:09:47.687,20,null,false,air,1,null
35,127,126,false,2008-08-01T16:13:47.600,66,null,false,java,3,null
35,127,126,false,2008-08-01T16:13:47.600,66,null,false,php,3,null
35,127,126,false,2008-08-01T16:13:47.600,66,null,false,oop,3,null
35,127,126,false,2008-08-01T16:13:47.600,66,null,false,theory,3,null
26,128,126,false,2008-08-01T16:19:04.283,20,null,false,java,2,null
26,128,126,false,2008-08-01T16:19:04.283,20,null,false,php,2,null
26,128,126,false,2008-08-01T16:19:04.283,20,null,false,oop,2,null
26,128,126,false,2008-08-01T16:19:04.283,20,null,false,theory,2,null
194,16436,16432,false,2008-08-19T15:49:57.010,1,null,true,c#,0,null
194,16436,16432,false,2008-08-19T15:49:57.010,1,null,true,string,0,null
194,16436,16432,false,2008-08-19T15:49:57.010,1,null,true,coding-style,0,null
194,16436,16432,false,2008-08-19T15:49:57.010,1,null,true,string.format,0,null
1951,16437,16432,false,2008-08-19T15:50:34.933,2,null,true,c#,0,null
1951,16437,16432,false,2008-08-19T15:50:34.933,2,null,true,string,0,null
1951,16437,16432,false,2008-08-19T15:50:34.933,2,null,true,coding-style,0,null
1951,16437,16432,false,2008-08-19T15:50:34.933,2,null,true,string.format,0,null
,16438,16432,false,2008-08-19T15:50:44.170,7,null,true,c#,0,null
,16438,16432,false,2008-08-19T15:50:44.170,7,null,true,string,0,null
,16438,16432,false,2008-08-19T15:50:44.170,7,null,true,coding-style,0,null
,16438,16432,false,2008-08-19T15:50:44.170,7,null,true,string.format,0,null
,16441,16432,false,2008-08-19T15:51:26.537,2,null,true,c#,0,null
,16441,16432,false,2008-08-19T15:51:26.537,2,null,true,string,0,null
,16441,16432,false,2008-08-19T15:51:26.537,2,null,true,coding-style,0,null
,16441,16432,false,2008-08-19T15:51:26.537,2,null,true,string.format,0,null
4249,39802,39792,false,2008-09-02T15:27:12.457,5,null,false,php,0,null
4249,39802,39792,false,2008-09-02T15:27:12.457,5,null,false,sql,0,null
4249,39802,39792,false,2008-09-02T15:27:12.457,5,null,false,where-clause,0,null
29,39803,39771,false,2008-09-02T15:27:15.233,25,null,false,language-agnostic,1,null
29,39803,39771,false,2008-09-02T15:27:15.233,25,null,false,guid,1,null
75,39804,39792,false,2008-09-02T15:27:25.903,0,null,false,php,0,null
75,39804,39792,false,2008-09-02T15:27:25.903,0,null,false,sql,0,null
75,39804,39792,false,2008-09-02T15:27:25.903,0,null,false,where-clause,0,null
1960,39805,39792,false,2008-09-02T15:29:02.887,1,null,false,php,0,null
1960,39805,39792,false,2008-09-02T15:29:02.887,1,null,false,sql,0,null
1960,39805,39792,false,2008-09-02T15:29:02.887,1,null,false,where-clause,0,null
3583,39806,39772,false,2008-09-02T15:29:08.473,-1,null,false,encryption,0,null
3583,39806,39772,false,2008-09-02T15:29:08.473,-1,null,false,web-applications,0,null
3583,39806,39772,false,2008-09-02T15:29:08.473,-1,null,false,privacy,0,null
497,39807,39792,false,2008-09-02T15:29:18.770,9,null,false,php,0,null
497,39807,39792,false,2008-09-02T15:29:18.770,9,null,false,sql,0,null
497,39807,39792,false,2008-09-02T15:29:18.770,9,null,false,where-clause,0,null
1293,39808,39792,false,2008-09-02T15:29:18.893,0,null,false,php,0,null
1293,39808,39792,false,2008-09-02T15:29:18.893,0,null,false,sql,0,null
1293,39808,39792,false,2008-09-02T15:29:18.893,0,null,false,where-clause,0,null
350,39809,39792,false,2008-09-02T15:29:25.477,0,null,false,php,0,null
350,39809,39792,false,2008-09-02T15:29:25.477,0,null,false,sql,0,null
350,39809,39792,false,2008-09-02T15:29:25.477,0,null,false,where-clause,0,null
2169,39811,39792,false,2008-09-02T15:30:53.413,5,null,false,php,0,null
2169,39811,39792,false,2008-09-02T15:30:53.413,5,null,false,sql,0,null
2169,39811,39792,false,2008-09-02T15:30:53.413,5,null,false,where-clause,0,null
115,39812,39772,false,2008-09-02T15:32:19.493,4,null,false,encryption,0,null
115,39812,39772,false,2008-09-02T15:32:19.493,4,null,false,web-applications,0,null
115,39812,39772,false,2008-09-02T15:32:19.493,4,null,false,privacy,0,null
4083,39814,39662,false,2008-09-02T15:33:37.463,0,null,false,tfs,0,null
834,39815,39772,false,2008-09-02T15:33:41.143,1,null,false,encryption,0,null
834,39815,39772,false,2008-09-02T15:33:41.143,1,null,false,web-applications,0,null
834,39815,39772,false,2008-09-02T15:33:41.143,1,null,false,privacy,0,null
497,39818,39758,false,2008-09-02T15:34:49.020,5,null,false,google-chrome,0,null
1293,39820,39780,false,2008-09-02T15:36:04.727,4,null,false,sql-server,1,null
1293,39820,39780,false,2008-09-02T15:36:04.727,4,null,false,ssis,1,null
2503,22627,22598,false,2008-08-22T15:13:13.577,2,null,false,asp.net,0,null
2503,22627,22598,false,2008-08-22T15:13:13.577,2,null,false,asp.net-mvc,0,null
77,22628,22623,false,2008-08-22T15:13:25.197,279,null,false,c#,5,null
77,22628,22623,false,2008-08-22T15:13:25.197,279,null,false,.net,5,null
77,22628,22623,false,2008-08-22T15:13:25.197,279,null,false,exception,5,null
77,22628,22623,false,2008-08-22T15:13:25.197,279,null,false,rethrow,5,null
736,22630,22617,false,2008-08-22T15:13:45.667,5,null,false,python,0,null
736,22630,22617,false,2008-08-22T15:13:45.667,5,null,false,string-formatting,0,null
1975,22635,22598,false,2008-08-22T15:14:04.977,1,null,false,asp.net,0,null
1975,22635,22598,false,2008-08-22T15:14:04.977,1,null,false,asp.net-mvc,0,null
1975282,22637,22577,false,2008-08-22T15:15:30.497,0,null,false,search,0,null
1975282,22637,22577,false,2008-08-22T15:15:30.497,0,null,false,safari,0,null
2701,36194,36129,false,2008-08-30T17:43:12.090,3,null,false,design-patterns,0,null
3153,36203,36127,false,2008-08-30T17:49:23.980,0,null,false,visual-studio,0,null
3153,36203,36127,false,2008-08-30T17:49:23.980,0,null,false,visual-c++,0,null
3153,36203,36127,false,2008-08-30T17:49:23.980,0,null,false,pdb-files,0,null
3153,36203,36127,false,2008-08-30T17:49:23.980,0,null,false,crashrpt,0,null
1960,22639,22623,false,2008-08-22T15:15:55.833,22,null,false,c#,0,null
1960,22639,22623,false,2008-08-22T15:15:55.833,22,null,false,.net,0,null
1960,22639,22623,false,2008-08-22T15:15:55.833,22,null,false,exception,0,null
1960,22639,22623,false,2008-08-22T15:15:55.833,22,null,false,rethrow,0,null
2199,22640,22570,false,2008-08-22T15:16:00.980,22,null,false,sql,0,null
2199,22640,22570,false,2008-08-22T15:16:00.980,22,null,false,sql-server,0,null
2199,22640,22570,false,2008-08-22T15:16:00.980,22,null,false,t-sql,0,null
2199,22640,22570,false,2008-08-22T15:16:00.980,22,null,false,datetime,0,null
2199,22640,22570,false,2008-08-22T15:16:00.980,22,null,false,user-defined-functions,0,null
1432,22641,22590,false,2008-08-22T15:16:24.287,0,null,false,asp.net,0,null
1432,22641,22590,false,2008-08-22T15:16:24.287,0,null,false,iis-6,0,null
1432,22641,22590,false,2008-08-22T15:16:24.287,0,null,false,windows-server-2003,0,null
1432,22641,22590,false,2008-08-22T15:16:24.287,0,null,false,cluster-computing,0,null
1432,22641,22590,false,2008-08-22T15:16:24.287,0,null,false,failover,0,null
1409,22646,22607,false,2008-08-22T15:17:48.010,1,null,false,iphone,0,null
1409,22646,22607,false,2008-08-22T15:17:48.010,1,null,false,macos,0,null
1409,22646,22607,false,2008-08-22T15:17:48.010,1,null,false,virtualization,0,null
736,22648,22623,false,2008-08-22T15:18:24.767,14,null,false,c#,2,null
736,22648,22623,false,2008-08-22T15:18:24.767,14,null,false,.net,2,null
736,22648,22623,false,2008-08-22T15:18:24.767,14,null,false,exception,2,null
736,22648,22623,false,2008-08-22T15:18:24.767,14,null,false,rethrow,2,null
1573,22649,22623,false,2008-08-22T15:18:25.577,107,null,false,c#,3,null
1573,22649,22623,false,2008-08-22T15:18:25.577,107,null,false,.net,3,null
1573,22649,22623,false,2008-08-22T15:18:25.577,107,null,false,exception,3,null
1573,22649,22623,false,2008-08-22T15:18:25.577,107,null,false,rethrow,3,null
1226,22650,22623,false,2008-08-22T15:19:15.840,3,null,false,c#,3,null
1226,22650,22623,false,2008-08-22T15:19:15.840,3,null,false,.net,3,null
1226,22650,22623,false,2008-08-22T15:19:15.840,3,null,false,exception,3,null
1226,22650,22623,false,2008-08-22T15:19:15.840,3,null,false,rethrow,3,null
3713,36210,36093,false,2008-08-30T17:58:20.247,2,null,false,svn,0,null
3713,36210,36093,false,2008-08-30T17:58:20.247,2,null,false,versioning,0,null
3713,36210,36093,false,2008-08-30T17:58:20.247,2,null,false,photoshop,0,null
1875,22653,22590,false,2008-08-22T15:20:19.673,1,null,false,asp.net,0,null
1875,22653,22590,false,2008-08-22T15:20:19.673,1,null,false,iis-6,0,null
1875,22653,22590,false,2008-08-22T15:20:19.673,1,null,false,windows-server-2003,0,null
1875,22653,22590,false,2008-08-22T15:20:19.673,1,null,false,cluster-computing,0,null
1875,22653,22590,false,2008-08-22T15:20:19.673,1,null,false,failover,0,null
1432,22654,22607,false,2008-08-22T15:20:20.597,2,null,false,iphone,2,null
1432,22654,22607,false,2008-08-22T15:20:20.597,2,null,false,macos,2,null
1432,22654,22607,false,2008-08-22T15:20:20.597,2,null,false,virtualization,2,null
1349,22656,22570,false,2008-08-22T15:22:51.087,1,null,false,sql,0,null
1349,22656,22570,false,2008-08-22T15:22:51.087,1,null,false,sql-server,0,null
1349,22656,22570,false,2008-08-22T15:22:51.087,1,null,false,t-sql,0,null
1349,22656,22570,false,2008-08-22T15:22:51.087,1,null,false,datetime,0,null
1349,22656,22570,false,2008-08-22T15:22:51.087,1,null,false,user-defined-functions,0,null
1585,36216,36144,false,2008-08-30T18:07:48.367,0,null,false,javascript,0,null
1585,36216,36144,false,2008-08-30T18:07:48.367,0,null,false,firefox,0,null
1585,36216,36144,false,2008-08-30T18:07:48.367,0,null,false,xul,0,null
1585,36216,36144,false,2008-08-30T18:07:48.367,0,null,false,ubiquity,0,null
3560,36220,36139,false,2008-08-30T18:10:45.193,8,null,false,python,0,null
3560,36220,36139,false,2008-08-30T18:10:45.193,8,null,false,string,0,null
3560,36220,36139,false,2008-08-30T18:10:45.193,8,null,false,sorting,0,null
1432,30416,30337,false,2008-08-27T15:16:14.853,1,null,false,java,0,null
1432,30416,30337,false,2008-08-27T15:16:14.853,1,null,false,deployment,0,null
3114,30420,30373,false,2008-08-27T15:17:15.537,76,null,true,c++,5,null
3114,30420,30373,false,2008-08-27T15:17:15.537,76,null,true,stl,5,null
565,30422,30346,false,2008-08-27T15:17:25.117,0,null,false,html,0,null
565,30422,30346,false,2008-08-27T15:17:25.117,0,null,false,css,0,null
565,30422,30346,false,2008-08-27T15:17:25.117,0,null,false,xhtml,0,null
565,30422,30346,false,2008-08-27T15:17:25.117,0,null,false,internet-explorer-6,0,null
2963,30424,30337,false,2008-08-27T15:18:51.570,1,null,false,java,0,null
2963,30424,30337,false,2008-08-27T15:18:51.570,1,null,false,deployment,0,null
1968,30426,30373,false,2008-08-27T15:21:23.903,3,null,true,c++,0,null
1968,30426,30373,false,2008-08-27T15:21:23.903,3,null,true,stl,0,null
77,30432,30430,false,2008-08-27T15:24:20.887,3,null,false,c#,0,null
77,30432,30430,false,2008-08-27T15:24:20.887,3,null,false,.net,0,null
77,30432,30430,false,2008-08-27T15:24:20.887,3,null,false,visual-studio,0,null
77,30432,30430,false,2008-08-27T15:24:20.887,3,null,false,.net-3.5,0,null
77,30432,30430,false,2008-08-27T15:24:20.887,3,null,false,.net-2.0,0,null
3189,30436,30318,false,2008-08-27T15:24:42.430,5,null,false,user-interface,0,null
3189,30436,30318,false,2008-08-27T15:24:42.430,5,null,false,shell,0,null
3189,30436,30318,false,2008-08-27T15:24:42.430,5,null,false,terminal,0,null
2993,30437,30430,false,2008-08-27T15:24:55.207,1,null,false,c#,0,null
2993,30437,30430,false,2008-08-27T15:24:55.207,1,null,false,.net,0,null
2993,30437,30430,false,2008-08-27T15:24:55.207,1,null,false,visual-studio,0,null
2993,30437,30430,false,2008-08-27T15:24:55.207,1,null,false,.net-3.5,0,null
2993,30437,30430,false,2008-08-27T15:24:55.207,1,null,false,.net-2.0,0,null
3018,30441,30430,false,2008-08-27T15:25:27.593,1,null,false,c#,0,null
3018,30441,30430,false,2008-08-27T15:25:27.593,1,null,false,.net,0,null
3018,30441,30430,false,2008-08-27T15:25:27.593,1,null,false,visual-studio,0,null
3018,30441,30430,false,2008-08-27T15:25:27.593,1,null,false,.net-3.5,0,null
3018,30441,30430,false,2008-08-27T15:25:27.593,1,null,false,.net-2.0,0,null
648,30442,30430,false,2008-08-27T15:25:46.657,4,null,false,c#,0,null
648,30442,30430,false,2008-08-27T15:25:46.657,4,null,false,.net,0,null
648,30442,30430,false,2008-08-27T15:25:46.657,4,null,false,visual-studio,0,null
648,30442,30430,false,2008-08-27T15:25:46.657,4,null,false,.net-3.5,0,null
648,30442,30430,false,2008-08-27T15:25:46.657,4,null,false,.net-2.0,0,null
1968,30445,30354,false,2008-08-27T15:27:05.903,9,null,false,vb6,1,null
1968,30445,30354,false,2008-08-27T15:27:05.903,9,null,false,memory-leaks,1,null
722,16444,16413,false,2008-08-19T15:52:05.397,121,null,false,string,3,null
722,16444,16413,false,2008-08-19T15:52:05.397,121,null,false,parsing,3,null
722,16444,16413,false,2008-08-19T15:52:05.397,121,null,false,sql-server-2005,3,null
722,16444,16413,false,2008-08-19T15:52:05.397,121,null,false,street-address,3,null
805,16446,16413,false,2008-08-19T15:52:48.313,1,null,false,string,0,null
805,16446,16413,false,2008-08-19T15:52:48.313,1,null,false,parsing,0,null
805,16446,16413,false,2008-08-19T15:52:48.313,1,null,false,sql-server-2005,0,null
805,16446,16413,false,2008-08-19T15:52:48.313,1,null,false,street-address,0,null
5,16448,16340,false,2008-08-19T15:53:28.983,4,null,false,c#,2,null
5,16448,16340,false,2008-08-19T15:53:28.983,4,null,false,hash,2,null
1908,16449,16432,false,2008-08-19T15:53:59.060,5,null,true,c#,1,null
1908,16449,16432,false,2008-08-19T15:53:59.060,5,null,true,string,1,null
1908,16449,16432,false,2008-08-19T15:53:59.060,5,null,true,coding-style,1,null
1908,16449,16432,false,2008-08-19T15:53:59.060,5,null,true,string.format,1,null
1573,16452,16432,false,2008-08-19T15:55:01.273,5,null,true,c#,0,null
1573,16452,16432,false,2008-08-19T15:55:01.273,5,null,true,string,0,null
1573,16452,16432,false,2008-08-19T15:55:01.273,5,null,true,coding-style,0,null
1573,16452,16432,false,2008-08-19T15:55:01.273,5,null,true,string.format,0,null
1318,16453,16434,false,2008-08-19T15:55:28.263,1,null,false,testing,0,null
1318,16453,16434,false,2008-08-19T15:55:28.263,1,null,false,numerical,0,null
733,16454,16413,false,2008-08-19T15:55:41.303,5,null,false,string,0,null
733,16454,16413,false,2008-08-19T15:55:41.303,5,null,false,parsing,0,null
733,16454,16413,false,2008-08-19T15:55:41.303,5,null,false,sql-server-2005,0,null
733,16454,16413,false,2008-08-19T15:55:41.303,5,null,false,street-address,0,null
541,16455,16432,false,2008-08-19T15:56:23.377,9,null,true,c#,0,null
541,16455,16432,false,2008-08-19T15:56:23.377,9,null,true,string,0,null
541,16455,16432,false,2008-08-19T15:56:23.377,9,null,true,coding-style,0,null
541,16455,16432,false,2008-08-19T15:56:23.377,9,null,true,string.format,0,null
1962,16457,16432,false,2008-08-19T15:57:20.567,1,null,true,c#,0,null
1962,16457,16432,false,2008-08-19T15:57:20.567,1,null,true,string,0,null
1962,16457,16432,false,2008-08-19T15:57:20.567,1,null,true,coding-style,0,null
1962,16457,16432,false,2008-08-19T15:57:20.567,1,null,true,string.format,0,null
740,16461,16447,false,2008-08-19T15:58:06.463,4,null,false,sql,0,null
740,16461,16447,false,2008-08-19T15:58:06.463,4,null,false,asp-classic,0,null
740,16461,16447,false,2008-08-19T15:58:06.463,4,null,false,vbscript,0,null
740,16461,16447,false,2008-08-19T15:58:06.463,4,null,false,sybase,0,null
1968,16463,16432,false,2008-08-19T15:59:21.623,4,null,true,c#,0,null
1968,16463,16432,false,2008-08-19T15:59:21.623,4,null,true,string,0,null
1968,16463,16432,false,2008-08-19T15:59:21.623,4,null,true,coding-style,0,null
1968,16463,16432,false,2008-08-19T15:59:21.623,4,null,true,string.format,0,null
1951,16464,16460,false,2008-08-19T15:59:41.640,1,null,false,.net,0,null
51,16465,16447,false,2008-08-19T15:59:47.833,4,null,false,sql,0,null
51,16465,16447,false,2008-08-19T15:59:47.833,4,null,false,asp-classic,0,null
51,16465,16447,false,2008-08-19T15:59:47.833,4,null,false,vbscript,0,null
51,16465,16447,false,2008-08-19T15:59:47.833,4,null,false,sybase,0,null
31505,16466,16460,false,2008-08-19T16:00:46.550,1,null,false,.net,0,null
5,16468,16460,false,2008-08-19T16:01:11.543,0,null,false,.net,0,null
1490,16470,16402,false,2008-08-19T16:01:41.323,0,null,false,windows,0,null
1490,16470,16402,false,2008-08-19T16:01:41.323,0,null,false,batch-file,0,null
1490,16470,16402,false,2008-08-19T16:01:41.323,0,null,false,installation,0,null
194,16471,16432,false,2008-08-19T16:02:27.967,6,null,true,c#,3,null
194,16471,16432,false,2008-08-19T16:02:27.967,6,null,true,string,3,null
194,16471,16432,false,2008-08-19T16:02:27.967,6,null,true,coding-style,3,null
194,16471,16432,false,2008-08-19T16:02:27.967,6,null,true,string.format,3,null
1404,39823,39739,false,2008-09-02T15:37:58.403,0,null,false,asp.net,2,null
1404,39823,39739,false,2008-09-02T15:37:58.403,0,null,false,visual-studio,2,null
1404,39823,39739,false,2008-09-02T15:37:58.403,0,null,false,debugging,2,null
1404,39823,39739,false,2008-09-02T15:37:58.403,0,null,false,asp-classic,2,null
3590,39825,39792,false,2008-09-02T15:39:06.840,0,null,false,php,0,null
3590,39825,39792,false,2008-09-02T15:39:06.840,0,null,false,sql,0,null
3590,39825,39792,false,2008-09-02T15:39:06.840,0,null,false,where-clause,0,null
1116,39827,39824,false,2008-09-02T15:40:06.997,0,null,false,debugging,0,null
1116,39827,39824,false,2008-09-02T15:40:06.997,0,null,false,exception,0,null
1116,39827,39824,false,2008-09-02T15:40:06.997,0,null,false,ide,0,null
1116,39827,39824,false,2008-09-02T15:40:06.997,0,null,false,try-catch,0,null
29,39828,39121,false,2008-09-02T15:40:08.993,7,null,false,testing,0,null
29,39828,39121,false,2008-09-02T15:40:08.993,7,null,false,beta,0,null
4231,39831,39824,false,2008-09-02T15:40:32.860,3,null,false,debugging,0,null
4231,39831,39824,false,2008-09-02T15:40:32.860,3,null,false,exception,0,null
4231,39831,39824,false,2008-09-02T15:40:32.860,3,null,false,ide,0,null
4231,39831,39824,false,2008-09-02T15:40:32.860,3,null,false,try-catch,0,null
2176,39832,39824,false,2008-09-02T15:41:12.907,11,null,false,debugging,1,null
2176,39832,39824,false,2008-09-02T15:41:12.907,11,null,false,exception,1,null
2176,39832,39824,false,2008-09-02T15:41:12.907,11,null,false,ide,1,null
2176,39832,39824,false,2008-09-02T15:41:12.907,11,null,false,try-catch,1,null
3880,39833,39824,false,2008-09-02T15:41:22.123,1,null,false,debugging,0,null
3880,39833,39824,false,2008-09-02T15:41:22.123,1,null,false,exception,0,null
3880,39833,39824,false,2008-09-02T15:41:22.123,1,null,false,ide,0,null
3880,39833,39824,false,2008-09-02T15:41:22.123,1,null,false,try-catch,0,null
17,39834,39824,false,2008-09-02T15:41:39.503,1,null,false,debugging,0,null
17,39834,39824,false,2008-09-02T15:41:39.503,1,null,false,exception,0,null
17,39834,39824,false,2008-09-02T15:41:39.503,1,null,false,ide,0,null
17,39834,39824,false,2008-09-02T15:41:39.503,1,null,false,try-catch,0,null
,16472,16413,false,2008-08-19T16:03:28.387,6,null,false,string,0,null
,16472,16413,false,2008-08-19T16:03:28.387,6,null,false,parsing,0,null
,16472,16413,false,2008-08-19T16:03:28.387,6,null,false,sql-server-2005,0,null
,16472,16413,false,2008-08-19T16:03:28.387,6,null,false,street-address,0,null
1960,16474,16447,false,2008-08-19T16:03:52.160,2,null,false,sql,0,null
1960,16474,16447,false,2008-08-19T16:03:52.160,2,null,false,asp-classic,0,null
1960,16474,16447,false,2008-08-19T16:03:52.160,2,null,false,vbscript,0,null
1960,16474,16447,false,2008-08-19T16:03:52.160,2,null,false,sybase,0,null
479,16475,16413,false,2008-08-19T16:04:45.340,17,null,false,string,0,null
479,16475,16413,false,2008-08-19T16:04:45.340,17,null,false,parsing,0,null
479,16475,16413,false,2008-08-19T16:04:45.340,17,null,false,sql-server-2005,0,null
479,16475,16413,false,2008-08-19T16:04:45.340,17,null,false,street-address,0,null
1310,16478,16451,false,2008-08-19T16:06:09.003,0,null,false,java,0,null
1310,16478,16451,false,2008-08-19T16:06:09.003,0,null,false,.net,0,null
1310,16478,16451,false,2008-08-19T16:06:09.003,0,null,false,apache-axis,0,null
1310,16478,16451,false,2008-08-19T16:06:09.003,0,null,false,ws-security,0,null
1310,16478,16451,false,2008-08-19T16:06:09.003,0,null,false,wse,0,null
1367,16480,16432,false,2008-08-19T16:06:37.880,4,null,true,c#,0,null
1367,16480,16432,false,2008-08-19T16:06:37.880,4,null,true,string,0,null
1367,16480,16432,false,2008-08-19T16:06:37.880,4,null,true,coding-style,0,null
1367,16480,16432,false,2008-08-19T16:06:37.880,4,null,true,string.format,0,null
2554,39837,39753,false,2008-09-02T15:42:47.223,0,null,false,php,0,null
2554,39837,39753,false,2008-09-02T15:42:47.223,0,null,false,connection-pooling,0,null
2773,39840,39824,false,2008-09-02T15:44:34.147,1,null,false,debugging,2,null
2773,39840,39824,false,2008-09-02T15:44:34.147,1,null,false,exception,2,null
2773,39840,39824,false,2008-09-02T15:44:34.147,1,null,false,ide,2,null
2773,39840,39824,false,2008-09-02T15:44:34.147,1,null,false,try-catch,2,null
17,39841,39824,false,2008-09-02T15:44:40.870,0,null,false,debugging,0,null
17,39841,39824,false,2008-09-02T15:44:40.870,0,null,false,exception,0,null
17,39841,39824,false,2008-09-02T15:44:40.870,0,null,false,ide,0,null
17,39841,39824,false,2008-09-02T15:44:40.870,0,null,false,try-catch,0,null
234,33689,31865,false,2008-08-29T00:08:04.380,1,null,false,security,0,null
234,33689,31865,false,2008-08-29T00:08:04.380,1,null,false,internet-explorer,0,null
234,33689,31865,false,2008-08-29T00:08:04.380,1,null,false,activex,0,null
234,33689,31865,false,2008-08-29T00:08:04.380,1,null,false,intranet,0,null
1223,41949,41925,false,2008-09-03T15:34:52.070,1,null,false,database,1,null
2628,41955,41925,false,2008-09-03T15:37:05.450,1,null,false,database,0,null
4144,41956,41925,false,2008-09-03T15:38:25.650,6,null,false,database,0,null
1223,41958,41934,false,2008-09-03T15:39:02.637,0,null,false,eclipse,0,null
1223,41958,41934,false,2008-09-03T15:39:02.637,0,null,false,svn,0,null
986,41959,41934,false,2008-09-03T15:40:51.993,8,null,false,eclipse,2,null
986,41959,41934,false,2008-09-03T15:40:51.993,8,null,false,svn,2,null
268,41960,41948,false,2008-09-03T15:42:01.787,81,null,false,javascript,5,null
268,41960,41948,false,2008-09-03T15:42:01.787,81,null,false,date,5,null
160,18475,18460,false,2008-08-20T18:12:40.277,-1,null,false,asp.net,1,null
160,18475,18460,false,2008-08-20T18:12:40.277,-1,null,false,authorization,1,null
71,18476,18465,false,2008-08-20T18:12:54.300,1,null,false,.net,0,null
71,18476,18465,false,2008-08-20T18:12:54.300,1,null,false,parsing,0,null
794,18477,18465,false,2008-08-20T18:12:58.590,1,null,false,.net,0,null
794,18477,18465,false,2008-08-20T18:12:58.590,1,null,false,parsing,0,null
805,18478,18413,false,2008-08-20T18:13:34.423,0,null,false,sql-server,0,null
1130097,18484,18448,false,2008-08-20T18:15:46.133,9,null,false,c#,0,null
1130097,18484,18448,false,2008-08-20T18:15:46.133,9,null,false,web-services,0,null
1130097,18484,18448,false,2008-08-20T18:15:46.133,9,null,false,security,0,null
1130097,18484,18448,false,2008-08-20T18:15:46.133,9,null,false,encryption,0,null
1293,18485,18413,false,2008-08-20T18:16:05.650,0,null,false,sql-server,0,null
1975282,18487,18450,false,2008-08-20T18:17:22.277,4,null,false,.net,0,null
1975282,18487,18450,false,2008-08-20T18:17:22.277,4,null,false,mono,0,null
1965,18488,18450,false,2008-08-20T18:17:32.510,39,null,false,.net,2,null
1965,18488,18450,false,2008-08-20T18:17:32.510,39,null,false,mono,2,null
1242,18490,18119,false,2008-08-20T18:18:02.273,3,null,false,oop,0,null
1242,18490,18119,false,2008-08-20T18:18:02.273,3,null,false,delphi,0,null
1683,18492,18448,false,2008-08-20T18:18:38.530,0,null,false,c#,0,null
1683,18492,18448,false,2008-08-20T18:18:38.530,0,null,false,web-services,0,null
1683,18492,18448,false,2008-08-20T18:18:38.530,0,null,false,security,0,null
1683,18492,18448,false,2008-08-20T18:18:38.530,0,null,false,encryption,0,null
394,18497,18418,false,2008-08-20T18:20:33.970,2,null,false,python,3,null
394,18497,18418,false,2008-08-20T18:20:33.970,2,null,false,optimization,3,null
394,18497,18418,false,2008-08-20T18:20:33.970,2,null,false,set,3,null
394,18497,18418,false,2008-08-20T18:20:33.970,2,null,false,series,3,null
5,18500,18450,false,2008-08-20T18:21:49.800,65,null,false,.net,0,null
5,18500,18450,false,2008-08-20T18:21:49.800,65,null,false,mono,0,null
1219,18501,18450,false,2008-08-20T18:21:50.660,1,null,false,.net,0,null
1219,18501,18450,false,2008-08-20T18:21:50.660,1,null,false,mono,0,null
350,18502,18432,false,2008-08-20T18:22:11.453,1,null,false,reporting-services,0,null
1097,18503,18413,false,2008-08-20T18:22:11.610,2,null,false,sql-server,0,null
1242,18516,18291,false,2008-08-20T18:26:09.400,40,null,false,delphi,0,null
1242,18516,18291,false,2008-08-20T18:26:09.400,40,null,false,unit-testing,0,null
1242,18516,18291,false,2008-08-20T18:26:09.400,40,null,false,delphi-7,0,null
1242,18516,18291,false,2008-08-20T18:26:09.400,40,null,false,delphi-2006,0,null
1975282,18520,18505,false,2008-08-20T18:27:57.273,2,null,false,c#,0,null
1975282,18520,18505,false,2008-08-20T18:27:57.273,2,null,false,.net,0,null
1975282,18520,18505,false,2008-08-20T18:27:57.273,2,null,false,windows,0,null
1975282,18520,18505,false,2008-08-20T18:27:57.273,2,null,false,winapi,0,null
1130097,18521,18505,false,2008-08-20T18:28:09.990,1,null,false,c#,0,null
1130097,18521,18505,false,2008-08-20T18:28:09.990,1,null,false,.net,0,null
1130097,18521,18505,false,2008-08-20T18:28:09.990,1,null,false,windows,0,null
1130097,18521,18505,false,2008-08-20T18:28:09.990,1,null,false,winapi,0,null
1862,18522,18413,false,2008-08-20T18:28:38.973,0,null,false,sql-server,0,null
905,18523,18465,false,2008-08-20T18:28:41.983,15,null,false,.net,0,null
905,18523,18465,false,2008-08-20T18:28:41.983,15,null,false,parsing,0,null
111,18525,18465,false,2008-08-20T18:30:46.253,3,null,false,.net,0,null
111,18525,18465,false,2008-08-20T18:30:46.253,3,null,false,parsing,0,null
1862,25601,25561,false,2008-08-25T02:57:23.727,0,null,false,regex,0,null
1862,25601,25561,false,2008-08-25T02:57:23.727,0,null,false,.net-2.0,0,null
1196,25602,25561,false,2008-08-25T02:57:40.480,0,null,false,regex,0,null
1196,25602,25561,false,2008-08-25T02:57:40.480,0,null,false,.net-2.0,0,null
1190,25605,25566,false,2008-08-25T03:00:59.100,2,null,false,sorting,0,null
1190,25605,25566,false,2008-08-25T03:00:59.100,2,null,false,big-o,0,null
2995,40140,40122,false,2008-09-02T17:47:54.397,1,null,false,.net,0,null
2995,40140,40122,false,2008-09-02T17:47:54.397,1,null,false,wcf,0,null
2995,40140,40122,false,2008-09-02T17:47:54.397,1,null,false,web-services,0,null
2995,40140,40122,false,2008-09-02T17:47:54.397,1,null,false,exception,0,null
832,40142,40132,false,2008-09-02T17:48:04.193,6,null,false,c#,0,null
1790,40143,38998,false,2008-09-02T17:48:10.307,1,null,false,c#,0,null
1790,40143,38998,false,2008-09-02T17:48:10.307,1,null,false,.net,0,null
1790,40143,38998,false,2008-09-02T17:48:10.307,1,null,false,javascript,0,null
1790,40143,38998,false,2008-09-02T17:48:10.307,1,null,false,html,0,null
1790,40143,38998,false,2008-09-02T17:48:10.307,1,null,false,css,0,null
4165,40146,40119,false,2008-09-02T17:48:30.337,5,null,false,java,0,null
4165,40146,40119,false,2008-09-02T17:48:30.337,5,null,false,memory,0,null
4165,40146,40119,false,2008-09-02T17:48:30.337,5,null,false,memory-leaks,0,null
4165,40146,40119,false,2008-09-02T17:48:30.337,5,null,false,jhat,0,null
905,40148,40075,false,2008-09-02T17:49:54.080,36,null,false,c#,2,null
905,40148,40075,false,2008-09-02T17:49:54.080,36,null,false,functional-programming,2,null
905,40148,40075,false,2008-09-02T17:49:54.080,36,null,false,extension-methods,2,null
2701,45003,44999,false,2008-09-05T00:00:07.417,0,null,false,c#,0,null
2701,45003,44999,false,2008-09-05T00:00:07.417,0,null,false,query-string,0,null
1196,31873,31870,false,2008-08-28T09:02:13.060,128,null,false,xslt,1,null
2774,31874,1746,false,2008-08-28T09:02:43.480,32,null,false,php,0,null
2774,31874,1746,false,2008-08-28T09:02:43.480,32,null,false,regex,0,null
2774,31874,1746,false,2008-08-28T09:02:43.480,32,null,false,html-parsing,0,null
2774,31874,1746,false,2008-08-28T09:02:43.480,32,null,false,preg-replace,0,null
2597,31878,31870,false,2008-08-28T09:04:39.700,6,null,false,xslt,0,null
986,31879,31637,false,2008-08-28T09:05:18.107,1,null,false,.net,0,null
986,31879,31637,false,2008-08-28T09:05:18.107,1,null,false,metadata,0,null
986,31879,31637,false,2008-08-28T09:05:18.107,1,null,false,decompiling,0,null
1175,13596,13594,false,2008-08-17T12:04:27.247,6,null,false,html,0,null
1175,13596,13594,false,2008-08-17T12:04:27.247,6,null,false,browser,0,null
745,13598,13454,false,2008-08-17T12:15:13.170,13,null,false,python,0,null
745,13598,13454,false,2008-08-17T12:15:13.170,13,null,false,string,0,null
745,13598,13454,false,2008-08-17T12:15:13.170,13,null,false,escaping,0,null
1026,13600,13578,false,2008-08-17T12:24:51.310,4,null,false,windows,0,null
615,13602,13599,false,2008-08-17T12:28:36.230,5,null,false,c#,0,null
615,13602,13599,false,2008-08-17T12:28:36.230,5,null,false,enums,0,null
615,13602,13599,false,2008-08-17T12:28:36.230,5,null,false,human-readable,0,null
893,13605,13586,false,2008-08-17T12:39:58.860,6,null,false,performance,0,null
893,13605,13586,false,2008-08-17T12:39:58.860,6,null,false,language-agnostic,0,null
893,13605,13586,false,2008-08-17T12:39:58.860,6,null,false,language-features,0,null
893,13605,13586,false,2008-08-17T12:39:58.860,6,null,false,interpreted-language,0,null
893,13608,13454,false,2008-08-17T12:55:25.100,3,null,false,python,0,null
893,13608,13454,false,2008-08-17T12:55:25.100,3,null,false,string,0,null
893,13608,13454,false,2008-08-17T12:55:25.100,3,null,false,escaping,0,null
1585,13609,13607,false,2008-08-17T12:58:57.013,1,null,false,c++,0,null
1585,13609,13607,false,2008-08-17T12:58:57.013,1,null,false,user-interface,0,null
1585,13609,13607,false,2008-08-17T12:58:57.013,1,null,false,playstation-portable,0,null
1559,13610,13599,false,2008-08-17T13:00:10.487,2,null,false,c#,0,null
1559,13610,13599,false,2008-08-17T13:00:10.487,2,null,false,enums,0,null
1559,13610,13599,false,2008-08-17T13:00:10.487,2,null,false,human-readable,0,null
194,13611,13599,false,2008-08-17T13:01:02.030,4,null,false,c#,1,null
194,13611,13599,false,2008-08-17T13:01:02.030,4,null,false,enums,1,null
194,13611,13599,false,2008-08-17T13:01:02.030,4,null,false,human-readable,1,null
1344,13612,13607,false,2008-08-17T13:03:00.653,1,null,false,c++,0,null
1344,13612,13607,false,2008-08-17T13:03:00.653,1,null,false,user-interface,0,null
1344,13612,13607,false,2008-08-17T13:03:00.653,1,null,false,playstation-portable,0,null
49,13613,13599,false,2008-08-17T13:10:20.513,19,null,false,c#,0,null
49,13613,13599,false,2008-08-17T13:10:20.513,19,null,false,enums,0,null
49,13613,13599,false,2008-08-17T13:10:20.513,19,null,false,human-readable,0,null
1491,13618,13607,false,2008-08-17T13:18:18.673,2,null,false,c++,0,null
1491,13618,13607,false,2008-08-17T13:18:18.673,2,null,false,user-interface,0,null
1491,13618,13607,false,2008-08-17T13:18:18.673,2,null,false,playstation-portable,0,null
2148,39851,39753,false,2008-09-02T15:49:14.120,14,null,false,php,1,null
2148,39851,39753,false,2008-09-02T15:49:14.120,14,null,false,connection-pooling,1,null
2894,39852,39780,false,2008-09-02T15:49:19.953,0,null,false,sql-server,0,null
2894,39852,39780,false,2008-09-02T15:49:19.953,0,null,false,ssis,0,null
393028,39853,39758,false,2008-09-02T15:49:28.563,0,null,false,google-chrome,0,null
4249,39857,39855,false,2008-09-02T15:51:59.603,0,null,false,xhtml,0,null
4249,39857,39855,false,2008-09-02T15:51:59.603,0,null,false,embed,0,null
4249,39857,39855,false,2008-09-02T15:51:59.603,0,null,false,powerpoint,0,null
3207,39858,38987,false,2008-09-02T15:52:07.777,442,null,false,python,2,null
3207,39858,38987,false,2008-09-02T15:52:07.777,442,null,false,dictionary,2,null
3207,39858,38987,false,2008-09-02T15:52:07.777,442,null,false,merge,2,null
116,1840,1829,false,2008-08-05T02:54:54.577,9,null,false,python,0,null
275,1843,1836,false,2008-08-05T03:00:24.750,28,null,false,c#,2,null
275,1843,1836,false,2008-08-05T03:00:24.750,28,null,false,winapi,2,null
275,1843,1836,false,2008-08-05T03:00:24.750,28,null,false,mouse,2,null
87,1849,1836,false,2008-08-05T03:07:41.523,3,null,false,c#,0,null
87,1849,1836,false,2008-08-05T03:07:41.523,3,null,false,winapi,0,null
87,1849,1836,false,2008-08-05T03:07:41.523,3,null,false,mouse,0,null
116,1852,1829,false,2008-08-05T03:11:55.570,10,null,false,python,0,null
2089740,1856,1848,false,2008-08-05T03:24:27.840,14,null,false,c#,0,null
2089740,1856,1848,false,2008-08-05T03:24:27.840,14,null,false,image,0,null
2089740,1856,1848,false,2008-08-05T03:24:27.840,14,null,false,image-processing,0,null
2089740,1856,1848,false,2008-08-05T03:24:27.840,14,null,false,artificial-intelligence,0,null
2089740,1857,1854,false,2008-08-05T03:27:03.760,1265,null,false,python,10,null
2089740,1857,1854,false,2008-08-05T03:27:03.760,1265,null,false,operating-system,10,null
2089740,1857,1854,false,2008-08-05T03:27:03.760,1265,null,false,cross-platform,10,null
2089740,1857,1854,false,2008-08-05T03:27:03.760,1265,null,false,platform-agnostic,10,null
30,1870,1829,false,2008-08-05T03:51:57.737,4,null,false,python,0,null
216,1871,1854,false,2008-08-05T03:57:22.327,221,null,false,python,4,null
216,1871,1854,false,2008-08-05T03:57:22.327,221,null,false,operating-system,4,null
216,1871,1854,false,2008-08-05T03:57:22.327,221,null,false,cross-platform,4,null
216,1871,1854,false,2008-08-05T03:57:22.327,221,null,false,platform-agnostic,4,null
30,1875,1873,false,2008-08-05T04:08:18.983,3,null,false,asp.net,0,null
30,1875,1873,false,2008-08-05T04:08:18.983,3,null,false,javascript,0,null
30,1875,1873,false,2008-08-05T04:08:18.983,3,null,false,anchor,0,null
30,1875,1873,false,2008-08-05T04:08:18.983,3,null,false,quotes,0,null
116,1879,1854,false,2008-08-05T04:13:53.870,149,null,false,python,2,null
116,1879,1854,false,2008-08-05T04:13:53.870,149,null,false,operating-system,2,null
116,1879,1854,false,2008-08-05T04:13:53.870,149,null,false,cross-platform,2,null
116,1879,1854,false,2008-08-05T04:13:53.870,149,null,false,platform-agnostic,2,null
26,1881,1873,false,2008-08-05T04:19:36.853,1,null,false,asp.net,0,null
26,1881,1873,false,2008-08-05T04:19:36.853,1,null,false,javascript,0,null
26,1881,1873,false,2008-08-05T04:19:36.853,1,null,false,anchor,0,null
26,1881,1873,false,2008-08-05T04:19:36.853,1,null,false,quotes,0,null
50,1885,1829,false,2008-08-05T04:28:03.747,0,null,false,python,0,null
275,1886,1873,false,2008-08-05T04:28:21.983,32,null,false,asp.net,2,null
275,1886,1873,false,2008-08-05T04:28:21.983,32,null,false,javascript,2,null
275,1886,1873,false,2008-08-05T04:28:21.983,32,null,false,anchor,2,null
275,1886,1873,false,2008-08-05T04:28:21.983,32,null,false,quotes,2,null
160,1894,1607,false,2008-08-05T04:36:13.340,4,null,false,php,0,null
160,1894,1607,false,2008-08-05T04:36:13.340,4,null,false,mysql,0,null
160,1894,1607,false,2008-08-05T04:36:13.340,4,null,false,database,0,null
160,1894,1607,false,2008-08-05T04:36:13.340,4,null,false,svn,0,null
160,1894,1607,false,2008-08-05T04:36:13.340,4,null,false,migration,0,null
172,1904,1644,false,2008-08-05T04:49:15.030,7,null,true,podcast,0,null
50,1905,1898,false,2008-08-05T04:49:26.480,2,null,false,c#,1,null
50,1905,1898,false,2008-08-05T04:49:26.480,2,null,false,vb.net,1,null
50,1905,1898,false,2008-08-05T04:49:26.480,2,null,false,file,1,null
50,1905,1898,false,2008-08-05T04:49:26.480,2,null,false,csv,1,null
50,1905,1898,false,2008-08-05T04:49:26.480,2,null,false,import,1,null
1414,34617,34536,false,2008-08-29T16:21:23.857,5,null,false,javascript,0,null
1414,34617,34536,false,2008-08-29T16:21:23.857,5,null,false,jquery,0,null
1414,34617,34536,false,2008-08-29T16:21:23.857,5,null,false,html,0,null
1414,34617,34536,false,2008-08-29T16:21:23.857,5,null,false,css,0,null
1412,34621,34510,false,2008-08-29T16:21:41.577,47,null,false,multithreading,2,null
1412,34621,34510,false,2008-08-29T16:21:41.577,47,null,false,concurrency,2,null
1412,34621,34510,false,2008-08-29T16:21:41.577,47,null,false,terminology,2,null
1412,34621,34510,false,2008-08-29T16:21:41.577,47,null,false,race-condition,2,null
3442,43252,43218,false,2008-09-04T06:35:18.613,4,null,false,asp.net,0,null
3442,43252,43218,false,2008-09-04T06:35:18.613,4,null,false,javascript,0,null
1853,43256,41934,false,2008-09-04T06:51:33.597,2,null,false,eclipse,0,null
1853,43256,41934,false,2008-09-04T06:51:33.597,2,null,false,svn,0,null
615,43260,43249,false,2008-09-04T06:55:28.237,11,null,false,sql-server,2,null
615,43260,43249,false,2008-09-04T06:55:28.237,11,null,false,t-sql,2,null
615,43260,43249,false,2008-09-04T06:55:28.237,11,null,false,stored-procedures,2,null
954,43262,43259,false,2008-09-04T07:05:11.553,3,null,false,sql-server,0,null
954,43262,43259,false,2008-09-04T07:05:11.553,3,null,false,database,0,null
2902,43263,43249,false,2008-09-04T07:05:13.957,3,null,false,sql-server,0,null
2902,43263,43249,false,2008-09-04T07:05:13.957,3,null,false,t-sql,0,null
2902,43263,43249,false,2008-09-04T07:05:13.957,3,null,false,stored-procedures,0,null
3509,43264,43259,false,2008-09-04T07:05:39.523,3,null,false,sql-server,0,null
3509,43264,43259,false,2008-09-04T07:05:39.523,3,null,false,database,0,null
4192,43273,43259,false,2008-09-04T07:22:03.290,0,null,false,sql-server,0,null
4192,43273,43259,false,2008-09-04T07:22:03.290,0,null,false,database,0,null
1554,43275,43267,false,2008-09-04T07:22:08.907,2,null,false,windows,0,null
1554,43275,43267,false,2008-09-04T07:22:08.907,2,null,false,command-line,0,null
1554,43275,43267,false,2008-09-04T07:22:08.907,2,null,false,console,0,null
1554,43275,43267,false,2008-09-04T07:22:08.907,2,null,false,cmd,0,null
3827,43277,43267,false,2008-09-04T07:23:20.590,2,null,false,windows,0,null
3827,43277,43267,false,2008-09-04T07:23:20.590,2,null,false,command-line,0,null
3827,43277,43267,false,2008-09-04T07:23:20.590,2,null,false,console,0,null
3827,43277,43267,false,2008-09-04T07:23:20.590,2,null,false,cmd,0,null
130278,43281,43267,false,2008-09-04T07:26:26.040,1,null,false,windows,1,null
130278,43281,43267,false,2008-09-04T07:26:26.040,1,null,false,command-line,1,null
130278,43281,43267,false,2008-09-04T07:26:26.040,1,null,false,console,1,null
130278,43281,43267,false,2008-09-04T07:26:26.040,1,null,false,cmd,1,null
3897,43286,43267,false,2008-09-04T07:32:25.280,1,null,false,windows,0,null
3897,43286,43267,false,2008-09-04T07:32:25.280,1,null,false,command-line,0,null
3897,43286,43267,false,2008-09-04T07:32:25.280,1,null,false,console,0,null
3897,43286,43267,false,2008-09-04T07:32:25.280,1,null,false,cmd,0,null
4192,43287,43218,false,2008-09-04T07:32:36.260,0,null,false,asp.net,0,null
4192,43287,43218,false,2008-09-04T07:32:36.260,0,null,false,javascript,0,null
2095,43288,43253,false,2008-09-04T07:32:43.937,10,null,false,c++,0,null
2095,43288,43253,false,2008-09-04T07:32:43.937,10,null,false,exception,0,null
2095,43288,43253,false,2008-09-04T07:32:43.937,10,null,false,gcc,0,null
2095,43288,43253,false,2008-09-04T07:32:43.937,10,null,false,visual-c++,0,null
2095,43288,43253,false,2008-09-04T07:32:43.937,10,null,false,profiling,0,null
2948,43292,43253,false,2008-09-04T07:38:09.743,8,null,false,c++,1,null
2948,43292,43253,false,2008-09-04T07:38:09.743,8,null,false,exception,1,null
2948,43292,43253,false,2008-09-04T07:38:09.743,8,null,false,gcc,1,null
2948,43292,43253,false,2008-09-04T07:38:09.743,8,null,false,visual-c++,1,null
2948,43292,43253,false,2008-09-04T07:38:09.743,8,null,false,profiling,1,null
4192,43295,43291,false,2008-09-04T07:42:13.663,5,null,false,php,0,null
4192,43295,43291,false,2008-09-04T07:42:13.663,5,null,false,variable-types,0,null
1733,43297,43253,false,2008-09-04T07:42:41.307,2,null,false,c++,0,null
1733,43297,43253,false,2008-09-04T07:42:41.307,2,null,false,exception,0,null
1733,43297,43253,false,2008-09-04T07:42:41.307,2,null,false,gcc,0,null
1733,43297,43253,false,2008-09-04T07:42:41.307,2,null,false,visual-c++,0,null
1733,43297,43253,false,2008-09-04T07:42:41.307,2,null,false,profiling,0,null
1265,36224,36144,false,2008-08-30T18:16:47.877,3,null,false,javascript,0,null
1265,36224,36144,false,2008-08-30T18:16:47.877,3,null,false,firefox,0,null
1265,36224,36144,false,2008-08-30T18:16:47.877,3,null,false,xul,0,null
1265,36224,36144,false,2008-08-30T18:16:47.877,3,null,false,ubiquity,0,null
755,11018,10985,false,2008-08-14T13:39:54.787,4,null,false,c++,0,null
755,11018,10985,false,2008-08-14T13:39:54.787,4,null,false,stack,0,null
755,11018,10985,false,2008-08-14T13:39:54.787,4,null,false,heap-memory,0,null
863,11019,10935,false,2008-08-14T13:40:05.987,1,null,false,exception,0,null
863,11019,10935,false,2008-08-14T13:40:05.987,1,null,false,com,0,null
863,11019,10935,false,2008-08-14T13:40:05.987,1,null,false,dll,0,null
863,11019,10935,false,2008-08-14T13:40:05.987,1,null,false,trace,0,null
267,11022,10985,false,2008-08-14T13:41:58.543,0,null,false,c++,0,null
267,11022,10985,false,2008-08-14T13:41:58.543,0,null,false,stack,0,null
267,11022,10985,false,2008-08-14T13:41:58.543,0,null,false,heap-memory,0,null
17,11023,10515,false,2008-08-14T13:42:07.827,1,null,false,php,0,null
17,11023,10515,false,2008-08-14T13:42:07.827,1,null,false,windows,0,null
17,11023,10515,false,2008-08-14T13:42:07.827,1,null,false,iis,0,null
17,11023,10515,false,2008-08-14T13:42:07.827,1,null,false,portability,0,null
17,11023,10515,false,2008-08-14T13:42:07.827,1,null,false,lamp,0,null
312,11025,10990,false,2008-08-14T13:43:36.653,1,null,false,php,0,null
312,11025,10990,false,2008-08-14T13:43:36.653,1,null,false,apache,0,null
312,11025,10990,false,2008-08-14T13:43:36.653,1,null,false,upload,0,null
1309,11029,10990,false,2008-08-14T13:45:04.903,16,null,false,php,0,null
1309,11029,10990,false,2008-08-14T13:45:04.903,16,null,false,apache,0,null
1309,11029,10990,false,2008-08-14T13:45:04.903,16,null,false,upload,0,null
17,11031,11028,false,2008-08-14T13:46:23.790,2,null,false,sql,0,null
238,4650,4638,false,2008-08-07T12:42:06.683,4,null,false,windows,1,null
238,4650,4638,false,2008-08-07T12:42:06.683,4,null,false,winapi,1,null
238,4650,4638,false,2008-08-07T12:42:06.683,4,null,false,moniker,1,null
93,4657,4629,false,2008-08-07T12:47:19.887,7,null,false,c#,0,null
93,4657,4629,false,2008-08-07T12:47:19.887,7,null,false,reflection,0,null
93,4657,4629,false,2008-08-07T12:47:19.887,7,null,false,properties,0,null
93,4657,4629,false,2008-08-07T12:47:19.887,7,null,false,c#-2.0,0,null
267,4659,4612,false,2008-08-07T12:48:29.557,0,null,false,c#,0,null
267,4659,4612,false,2008-08-07T12:48:29.557,0,null,false,performance,0,null
267,4659,4612,false,2008-08-07T12:48:29.557,0,null,false,compiler-construction,0,null
267,4662,4638,false,2008-08-07T12:52:04.087,3,null,false,windows,0,null
267,4662,4638,false,2008-08-07T12:52:04.087,3,null,false,winapi,0,null
267,4662,4638,false,2008-08-07T12:52:04.087,3,null,false,moniker,0,null
287,4663,4617,false,2008-08-07T12:53:17.597,0,null,false,version-control,0,null
287,4663,4617,false,2008-08-07T12:53:17.597,0,null,false,mercurial,0,null
287,4663,4617,false,2008-08-07T12:53:17.597,0,null,false,dvcs,0,null
1,11034,10999,false,2008-08-14T13:48:02.523,2,null,false,visual-studio,2,null
1,11034,10999,false,2008-08-14T13:48:02.523,2,null,false,tfs,2,null
383,11035,11028,false,2008-08-14T13:48:30.777,1,null,false,sql,0,null
960,11038,11028,false,2008-08-14T13:50:39.430,1,null,false,sql,0,null
905,11041,11028,false,2008-08-14T13:51:24.250,1,null,false,sql,0,null
267,11044,11028,false,2008-08-14T13:53:33.963,4,null,false,sql,0,null
863,11048,10926,false,2008-08-14T13:55:29.920,0,null,false,apache-flex,0,null
863,11048,10926,false,2008-08-14T13:55:29.920,0,null,false,actionscript-3,0,null
863,11048,10926,false,2008-08-14T13:55:29.920,0,null,false,e4x,0,null
267,11049,11043,false,2008-08-14T13:55:54.100,31,null,false,sql,2,null
267,11049,11043,false,2008-08-14T13:55:54.100,31,null,false,alias,2,null
673,11050,11043,false,2008-08-14T13:56:07.517,1,null,false,sql,0,null
673,11050,11043,false,2008-08-14T13:56:07.517,1,null,false,alias,0,null
149,11053,11043,false,2008-08-14T13:56:45.207,31,null,false,sql,3,null
149,11053,11043,false,2008-08-14T13:56:45.207,31,null,false,alias,3,null
810,11056,11043,false,2008-08-14T13:57:33.957,1,null,false,sql,0,null
810,11056,11043,false,2008-08-14T13:57:33.957,1,null,false,alias,0,null
26,11057,11043,false,2008-08-14T13:57:54.813,3,null,false,sql,0,null
26,11057,11043,false,2008-08-14T13:57:54.813,3,null,false,alias,0,null
230,4666,4664,false,2008-08-07T12:55:17.653,4,null,false,c#,1,null
230,4666,4664,false,2008-08-07T12:55:17.653,4,null,false,.net,1,null
230,4666,4664,false,2008-08-07T12:55:17.653,4,null,false,namespaces,1,null
383,4668,4665,false,2008-08-07T12:57:07.540,0,null,false,windows,1,null
383,4668,4665,false,2008-08-07T12:57:07.540,0,null,false,testing,1,null
227,4669,4664,false,2008-08-07T12:57:13.390,7,null,false,c#,0,null
227,4669,4664,false,2008-08-07T12:57:13.390,7,null,false,.net,0,null
227,4669,4664,false,2008-08-07T12:57:13.390,7,null,false,namespaces,0,null
34,4671,4664,false,2008-08-07T12:58:13.997,37,null,false,c#,1,null
34,4671,4664,false,2008-08-07T12:58:13.997,37,null,false,.net,1,null
34,4671,4664,false,2008-08-07T12:58:13.997,37,null,false,namespaces,1,null
267,4672,4664,false,2008-08-07T12:58:21.267,89,null,false,c#,3,null
267,4672,4664,false,2008-08-07T12:58:21.267,89,null,false,.net,3,null
267,4672,4664,false,2008-08-07T12:58:21.267,89,null,false,namespaces,3,null
1109,11059,10926,false,2008-08-14T13:58:33.923,1,null,false,apache-flex,0,null
1109,11059,10926,false,2008-08-14T13:58:33.923,1,null,false,actionscript-3,0,null
1109,11059,10926,false,2008-08-14T13:58:33.923,1,null,false,e4x,0,null
767,11061,11045,false,2008-08-14T13:59:21.643,18,null,false,excel,1,null
767,11061,11045,false,2008-08-14T13:59:21.643,18,null,false,vba,1,null
767,11061,11045,false,2008-08-14T13:59:21.643,18,null,false,user-defined-functions,1,null
905,11064,11043,false,2008-08-14T14:00:26.570,8,null,false,sql,6,null
905,11064,11043,false,2008-08-14T14:00:26.570,8,null,false,alias,6,null
1314,11069,10949,false,2008-08-14T14:01:59.097,2,null,false,c#,0,null
1314,11069,10949,false,2008-08-14T14:01:59.097,2,null,false,.net,0,null
1314,11069,10949,false,2008-08-14T14:01:59.097,2,null,false,unit-testing,0,null
75,4675,4665,false,2008-08-07T12:59:49.033,1,null,false,windows,0,null
75,4675,4665,false,2008-08-07T12:59:49.033,1,null,false,testing,0,null
588,4678,4665,false,2008-08-07T13:00:17.940,1,null,false,windows,0,null
588,4678,4665,false,2008-08-07T13:00:17.940,1,null,false,testing,0,null
287,4682,4670,false,2008-08-07T13:05:01.783,1,null,false,version-control,2,null
287,4682,4670,false,2008-08-07T13:05:01.783,1,null,false,dvcs,2,null
486,4683,4519,false,2008-08-07T13:05:26.993,1,null,false,unix,1,null
486,4683,4519,false,2008-08-07T13:05:26.993,1,null,false,vpn,1,null
486,4683,4519,false,2008-08-07T13:05:26.993,1,null,false,xming,1,null
410,4686,4677,false,2008-08-07T13:06:34.777,8,null,false,ruby,0,null
410,4686,4677,false,2008-08-07T13:06:34.777,8,null,false,design-patterns,0,null
410,4686,4677,false,2008-08-07T13:06:34.777,8,null,false,singleton,0,null
267,4687,4665,false,2008-08-07T13:07:12.747,3,null,false,windows,0,null
267,4687,4665,false,2008-08-07T13:07:12.747,3,null,false,testing,0,null
2168,31884,31875,false,2008-08-28T09:09:22.073,2,null,false,python,1,null
2168,31884,31875,false,2008-08-28T09:09:22.073,2,null,false,design-patterns,1,null
2168,31884,31875,false,2008-08-28T09:09:22.073,2,null,false,singleton,1,null
1532,31886,31870,false,2008-08-28T09:10:04.133,15,null,false,xslt,1,null
3355,31887,31875,false,2008-08-28T09:10:12.743,435,null,false,python,22,null
3355,31887,31875,false,2008-08-28T09:10:12.743,435,null,false,design-patterns,22,null
3355,31887,31875,false,2008-08-28T09:10:12.743,435,null,false,singleton,22,null
3308,31889,31637,false,2008-08-28T09:11:01.213,0,null,false,.net,0,null
3308,31889,31637,false,2008-08-28T09:11:01.213,0,null,false,metadata,0,null
3308,31889,31637,false,2008-08-28T09:11:01.213,0,null,false,decompiling,0,null
3205,31890,31882,false,2008-08-28T09:13:09.413,4,null,false,.net,0,null
3205,31890,31882,false,2008-08-28T09:13:09.413,4,null,false,security,0,null
3205,31890,31882,false,2008-08-28T09:13:09.413,4,null,false,obfuscation,0,null
2168,31893,31882,false,2008-08-28T09:13:35.183,3,null,false,.net,0,null
2168,31893,31882,false,2008-08-28T09:13:35.183,3,null,false,security,0,null
2168,31893,31882,false,2008-08-28T09:13:35.183,3,null,false,obfuscation,0,null
1908,31894,31870,false,2008-08-28T09:13:45.090,8,null,false,xslt,0,null
383,31895,31882,false,2008-08-28T09:14:05.370,8,null,false,.net,0,null
383,31895,31882,false,2008-08-28T09:14:05.370,8,null,false,security,0,null
383,31895,31882,false,2008-08-28T09:14:05.370,8,null,false,obfuscation,0,null
234,31896,31865,false,2008-08-28T09:14:14.247,4,null,false,security,0,null
234,31896,31865,false,2008-08-28T09:14:14.247,4,null,false,internet-explorer,0,null
234,31896,31865,false,2008-08-28T09:14:14.247,4,null,false,activex,0,null
234,31896,31865,false,2008-08-28T09:14:14.247,4,null,false,intranet,0,null
419,6465,6441,false,2008-08-08T23:21:24.777,1,null,false,javascript,0,null
419,6465,6441,false,2008-08-08T23:21:24.777,1,null,false,html,0,null
419,6465,6441,false,2008-08-08T23:21:24.777,1,null,false,radio-button,0,null
573,6468,6467,false,2008-08-08T23:26:55.827,80,null,false,unix,3,null
573,6468,6467,false,2008-08-08T23:26:55.827,80,null,false,shell,3,null
573,6468,6467,false,2008-08-08T23:26:55.827,80,null,false,date,3,null
573,6468,6467,false,2008-08-08T23:26:55.827,80,null,false,math,3,null
573,6468,6467,false,2008-08-08T23:26:55.827,80,null,false,scripting,3,null
527,6471,6467,false,2008-08-08T23:33:24.503,6,null,false,unix,0,null
527,6471,6467,false,2008-08-08T23:33:24.503,6,null,false,shell,0,null
527,6471,6467,false,2008-08-08T23:33:24.503,6,null,false,date,0,null
527,6471,6467,false,2008-08-08T23:33:24.503,6,null,false,math,0,null
527,6471,6467,false,2008-08-08T23:33:24.503,6,null,false,scripting,0,null
572,41964,41925,false,2008-09-03T15:43:46.730,1,null,false,database,0,null
2889,41965,41908,false,2008-09-03T15:45:23.417,0,null,false,c#,0,null
2889,41965,41908,false,2008-09-03T15:45:23.417,0,null,false,asp.net,0,null
2889,41965,41908,false,2008-09-03T15:45:23.417,0,null,false,winforms,0,null
2889,41965,41908,false,2008-09-03T15:45:23.417,0,null,false,visual-studio,0,null
2628,41966,41948,false,2008-09-03T15:46:14.290,0,null,false,javascript,1,null
2628,41966,41948,false,2008-09-03T15:46:14.290,0,null,false,date,1,null
225,22662,22570,false,2008-08-22T15:27:02.123,0,null,false,sql,0,null
225,22662,22570,false,2008-08-22T15:27:02.123,0,null,false,sql-server,0,null
225,22662,22570,false,2008-08-22T15:27:02.123,0,null,false,t-sql,0,null
225,22662,22570,false,2008-08-22T15:27:02.123,0,null,false,datetime,0,null
225,22662,22570,false,2008-08-22T15:27:02.123,0,null,false,user-defined-functions,0,null
2474,22663,22566,false,2008-08-22T15:27:15.633,9,null,false,perl,6,null
2474,22663,22566,false,2008-08-22T15:27:15.633,9,null,false,file-io,6,null
2474,22663,22566,false,2008-08-22T15:27:15.633,9,null,false,filesystems,6,null
164,22666,22607,false,2008-08-22T15:29:14.223,12,null,false,iphone,2,null
164,22666,22607,false,2008-08-22T15:29:14.223,12,null,false,macos,2,null
164,22666,22607,false,2008-08-22T15:29:14.223,12,null,false,virtualization,2,null
116,9280,9272,false,2008-08-12T21:56:45.180,50,null,false,version-control,6,null
116,9280,9272,false,2008-08-12T21:56:45.180,50,null,false,language-agnostic,6,null
116,9280,9272,false,2008-08-12T21:56:45.180,50,null,false,perforce,6,null
194,9283,9231,false,2008-08-12T22:11:07.040,1,null,false,backup,0,null
194,9283,9231,false,2008-08-12T22:11:07.040,1,null,false,offsite,0,null
346,9287,9279,false,2008-08-12T22:14:46.830,19,null,false,linux,5,null
346,9287,9279,false,2008-08-12T22:14:46.830,19,null,false,macos,5,null
346,9287,9279,false,2008-08-12T22:14:46.830,19,null,false,ssh,5,null
346,9287,9279,false,2008-08-12T22:14:46.830,19,null,false,sftp,5,null
1063,9288,9279,false,2008-08-12T22:17:34.297,2,null,false,linux,0,null
1063,9288,9279,false,2008-08-12T22:17:34.297,2,null,false,macos,0,null
1063,9288,9279,false,2008-08-12T22:17:34.297,2,null,false,ssh,0,null
1063,9288,9279,false,2008-08-12T22:17:34.297,2,null,false,sftp,0,null
3043,41974,41948,false,2008-09-03T15:51:56.570,5,null,false,javascript,2,null
3043,41974,41948,false,2008-09-03T15:51:56.570,5,null,false,date,2,null
1373,22673,22623,false,2008-08-22T15:32:21.440,3,null,false,c#,0,null
1373,22673,22623,false,2008-08-22T15:32:21.440,3,null,false,.net,0,null
1373,22673,22623,false,2008-08-22T15:32:21.440,3,null,false,exception,0,null
1373,22673,22623,false,2008-08-22T15:32:21.440,3,null,false,rethrow,0,null
1494,22678,22566,false,2008-08-22T15:36:02.163,1,null,false,perl,0,null
1494,22678,22566,false,2008-08-22T15:36:02.163,1,null,false,file-io,0,null
1494,22678,22566,false,2008-08-22T15:36:02.163,1,null,false,filesystems,0,null
1595,22682,22676,false,2008-08-22T15:38:22.330,564,null,false,python,8,null
1595,22682,22676,false,2008-08-22T15:38:22.330,564,null,false,http,8,null
1595,22682,22676,false,2008-08-22T15:38:22.330,564,null,false,urllib,8,null
986,22684,22674,false,2008-08-22T15:40:00.580,5,null,false,windows-vista,0,null
986,22684,22674,false,2008-08-22T15:40:00.580,5,null,false,windows-xp,0,null
636,22688,22687,false,2008-08-22T15:43:18.590,0,null,false,ssh,0,null
636,22688,22687,false,2008-08-22T15:43:18.590,0,null,false,cvs,0,null
636,22688,22687,false,2008-08-22T15:43:18.590,0,null,false,tortoisecvs,0,null
636,22688,22687,false,2008-08-22T15:43:18.590,0,null,false,plink,0,null
2343,21293,9231,false,2008-08-21T21:59:06.620,0,null,false,backup,0,null
2343,21293,9231,false,2008-08-21T21:59:06.620,0,null,false,offsite,0,null
1538,21296,21288,false,2008-08-21T22:00:12.747,18,null,false,c#,1,null
1538,21296,21288,false,2008-08-21T22:00:12.747,18,null,false,.net,1,null
1538,21296,21288,false,2008-08-21T22:00:12.747,18,null,false,dependency-injection,1,null
1538,21296,21288,false,2008-08-21T22:00:12.747,18,null,false,inversion-of-control,1,null
1341,21297,21294,false,2008-08-21T22:00:13.887,9,null,false,javascript,1,null
1341,21297,21294,false,2008-08-21T22:00:13.887,9,null,false,file,1,null
1341,21297,21294,false,2008-08-21T22:00:13.887,9,null,false,import,1,null
1341,21297,21294,false,2008-08-21T22:00:13.887,9,null,false,include,1,null
2328,21298,21265,false,2008-08-21T22:00:37.397,3,null,false,variables,0,null
2328,21298,21265,false,2008-08-21T22:00:37.397,3,null,false,floating-point,0,null
2328,21298,21265,false,2008-08-21T22:00:37.397,3,null,false,inequality,0,null
680,21299,21274,false,2008-08-21T22:01:27.660,3,null,false,html,0,null
680,21299,21274,false,2008-08-21T22:01:27.660,3,null,false,editor,0,null
77,21300,21294,false,2008-08-21T22:01:29.437,-1,null,false,javascript,1,null
77,21300,21294,false,2008-08-21T22:01:29.437,-1,null,false,file,1,null
77,21300,21294,false,2008-08-21T22:01:29.437,-1,null,false,import,1,null
77,21300,21294,false,2008-08-21T22:01:29.437,-1,null,false,include,1,null
331,21304,9231,false,2008-08-21T22:02:59.933,2,null,false,backup,0,null
331,21304,9231,false,2008-08-21T22:02:59.933,2,null,false,offsite,0,null
1799,21307,21265,false,2008-08-21T22:05:05.497,0,null,false,variables,0,null
1799,21307,21265,false,2008-08-21T22:05:05.497,0,null,false,floating-point,0,null
1799,21307,21265,false,2008-08-21T22:05:05.497,0,null,false,inequality,0,null
512,21310,21288,false,2008-08-21T22:06:23.090,4,null,false,c#,0,null
512,21310,21288,false,2008-08-21T22:06:23.090,4,null,false,.net,0,null
512,21310,21288,false,2008-08-21T22:06:23.090,4,null,false,dependency-injection,0,null
512,21310,21288,false,2008-08-21T22:06:23.090,4,null,false,inversion-of-control,0,null
312,21311,21294,false,2008-08-21T22:06:42.967,19,null,false,javascript,2,null
312,21311,21294,false,2008-08-21T22:06:42.967,19,null,false,file,2,null
312,21311,21294,false,2008-08-21T22:06:42.967,19,null,false,import,2,null
312,21311,21294,false,2008-08-21T22:06:42.967,19,null,false,include,2,null
2131,21312,21265,false,2008-08-21T22:07:11.700,0,null,false,variables,0,null
2131,21312,21265,false,2008-08-21T22:07:11.700,0,null,false,floating-point,0,null
2131,21312,21265,false,2008-08-21T22:07:11.700,0,null,false,inequality,0,null
2213,21315,21288,false,2008-08-21T22:07:37.050,2,null,false,c#,0,null
2213,21315,21288,false,2008-08-21T22:07:37.050,2,null,false,.net,0,null
2213,21315,21288,false,2008-08-21T22:07:37.050,2,null,false,dependency-injection,0,null
2213,21315,21288,false,2008-08-21T22:07:37.050,2,null,false,inversion-of-control,0,null
2131,21317,21265,false,2008-08-21T22:09:05.957,0,null,false,variables,0,null
2131,21317,21265,false,2008-08-21T22:09:05.957,0,null,false,floating-point,0,null
2131,21317,21265,false,2008-08-21T22:09:05.957,0,null,false,inequality,0,null
1490,21318,21265,false,2008-08-21T22:09:43.053,0,null,false,variables,1,null
1490,21318,21265,false,2008-08-21T22:09:43.053,0,null,false,floating-point,1,null
1490,21318,21265,false,2008-08-21T22:09:43.053,0,null,false,inequality,1,null
792,21320,21294,false,2008-08-21T22:10:08.760,2,null,false,javascript,1,null
792,21320,21294,false,2008-08-21T22:10:08.760,2,null,false,file,1,null
792,21320,21294,false,2008-08-21T22:10:08.760,2,null,false,import,1,null
792,21320,21294,false,2008-08-21T22:10:08.760,2,null,false,include,1,null
,21322,21303,false,2008-08-21T22:10:59.647,92,null,false,c++,4,null
,21322,21303,false,2008-08-21T22:10:59.647,92,null,false,constructor,4,null
,21322,21303,false,2008-08-21T22:10:59.647,92,null,false,destructor,4,null
2131,21323,21265,false,2008-08-21T22:11:27.837,0,null,false,variables,0,null
2131,21323,21265,false,2008-08-21T22:11:27.837,0,null,false,floating-point,0,null
2131,21323,21265,false,2008-08-21T22:11:27.837,0,null,false,inequality,0,null
1494,21324,21303,false,2008-08-21T22:11:43.327,4,null,false,c++,0,null
1494,21324,21303,false,2008-08-21T22:11:43.327,4,null,false,constructor,0,null
1494,21324,21303,false,2008-08-21T22:11:43.327,4,null,false,destructor,0,null
1367,21326,21303,false,2008-08-21T22:12:21.453,36,null,false,c++,1,null
1367,21326,21303,false,2008-08-21T22:12:21.453,36,null,false,constructor,1,null
1367,21326,21303,false,2008-08-21T22:12:21.453,36,null,false,destructor,1,null
2131,21327,21303,false,2008-08-21T22:12:26.697,2,null,false,c++,0,null
2131,21327,21303,false,2008-08-21T22:12:26.697,2,null,false,constructor,0,null
2131,21327,21303,false,2008-08-21T22:12:26.697,2,null,false,destructor,0,null
1538,21331,21280,false,2008-08-21T22:18:05.217,5,null,false,c#,0,null
1538,21331,21280,false,2008-08-21T22:18:05.217,5,null,false,sql,0,null
1538,21331,21280,false,2008-08-21T22:18:05.217,5,null,false,linq,0,null
2328,21337,21265,false,2008-08-21T22:20:37.300,0,null,false,variables,1,null
2328,21337,21265,false,2008-08-21T22:20:37.300,0,null,false,floating-point,1,null
2328,21337,21265,false,2008-08-21T22:20:37.300,0,null,false,inequality,1,null
51,3178,3164,false,2008-08-06T08:44:34.820,2,null,false,c#,3,null
51,3178,3164,false,2008-08-06T08:44:34.820,2,null,false,asp.net,3,null
51,3178,3164,false,2008-08-06T08:44:34.820,2,null,false,.net,3,null
51,3178,3164,false,2008-08-06T08:44:34.820,2,null,false,path,3,null
51,3178,3164,false,2008-08-06T08:44:34.820,2,null,false,mappath,3,null
383,3185,3163,false,2008-08-06T08:50:13.373,2,null,false,apache-flex,0,null
383,3185,3163,false,2008-08-06T08:50:13.373,2,null,false,actionscript-3,0,null
91,3188,3180,false,2008-08-06T08:52:51.980,35,null,false,fogbugz,0,null
383,3194,3163,false,2008-08-06T09:00:31.483,1,null,false,apache-flex,0,null
383,3194,3163,false,2008-08-06T09:00:31.483,1,null,false,actionscript-3,0,null
1107,21348,21288,false,2008-08-21T22:29:16.000,359,null,false,c#,7,null
1107,21348,21288,false,2008-08-21T22:29:16.000,359,null,false,.net,7,null
1107,21348,21288,false,2008-08-21T22:29:16.000,359,null,false,dependency-injection,7,null
1107,21348,21288,false,2008-08-21T22:29:16.000,359,null,false,inversion-of-control,7,null
2257,21356,21347,false,2008-08-21T22:38:12.593,1,null,false,windows-mobile,0,null
2257,21366,21353,false,2008-08-21T22:45:02.903,6,null,false,sql-server,0,null
2257,21366,21353,false,2008-08-21T22:45:02.903,6,null,false,batch-file,0,null
2257,21366,21353,false,2008-08-21T22:45:02.903,6,null,false,command-line,0,null
2257,21366,21353,false,2008-08-21T22:45:02.903,6,null,false,scripting,0,null
2257,21366,21353,false,2008-08-21T22:45:02.903,6,null,false,batch-processing,0,null
1432,18529,18524,false,2008-08-20T18:34:07.197,83,null,false,java,3,null
1432,18529,18524,false,2008-08-20T18:34:07.197,83,null,false,string,3,null
1432,18529,18524,false,2008-08-20T18:34:07.197,83,null,false,collections,3,null
1432,18529,18524,false,2008-08-20T18:34:07.197,83,null,false,integer,3,null
1432,18535,18450,false,2008-08-20T18:36:50.623,2,null,false,.net,0,null
1432,18535,18450,false,2008-08-20T18:36:50.623,2,null,false,mono,0,null
1975282,18539,18533,false,2008-08-20T18:38:04.177,21,null,false,c#,2,null
1975282,18539,18533,false,2008-08-20T18:38:04.177,21,null,false,.net,2,null
1975282,18539,18533,false,2008-08-20T18:38:04.177,21,null,false,sql,2,null
1975282,18539,18533,false,2008-08-20T18:38:04.177,21,null,false,dataset,2,null
922,18541,18450,false,2008-08-20T18:38:48.950,1,null,false,.net,0,null
922,18541,18450,false,2008-08-20T18:38:48.950,1,null,false,mono,0,null
1242,18543,104,false,2008-08-20T18:39:25.953,5,null,false,.net,0,null
1242,18543,104,false,2008-08-20T18:39:25.953,5,null,false,performance,0,null
1242,18543,104,false,2008-08-20T18:39:25.953,5,null,false,memory-leaks,0,null
1242,18543,104,false,2008-08-20T18:39:25.953,5,null,false,com-interop,0,null
1559,13621,13434,false,2008-08-17T13:20:43.723,1,null,false,.net,0,null
1559,13621,13434,false,2008-08-17T13:20:43.723,1,null,false,reflection,0,null
1559,13621,13434,false,2008-08-17T13:20:43.723,1,null,false,callstack,0,null
1527,13622,13537,false,2008-08-17T13:21:16.500,3,null,false,compiler-construction,0,null
1527,13622,13537,false,2008-08-17T13:21:16.500,3,null,false,language-agnostic,0,null
1527,13622,13537,false,2008-08-17T13:21:16.500,3,null,false,bootstrapping,0,null
533,13627,13586,false,2008-08-17T13:33:17.053,3,null,false,performance,0,null
533,13627,13586,false,2008-08-17T13:33:17.053,3,null,false,language-agnostic,0,null
533,13627,13586,false,2008-08-17T13:33:17.053,3,null,false,language-features,0,null
533,13627,13586,false,2008-08-17T13:33:17.053,3,null,false,interpreted-language,0,null
1491,13632,13586,false,2008-08-17T13:41:11.327,1,null,false,performance,0,null
1491,13632,13586,false,2008-08-17T13:41:11.327,1,null,false,language-agnostic,0,null
1491,13632,13586,false,2008-08-17T13:41:11.327,1,null,false,language-features,0,null
1491,13632,13586,false,2008-08-17T13:41:11.327,1,null,false,interpreted-language,0,null
372,13635,13615,false,2008-08-17T13:46:20.833,9,null,false,c#,5,null
372,13635,13615,false,2008-08-17T13:46:20.833,9,null,false,validation,5,null
372,13635,13615,false,2008-08-17T13:46:20.833,9,null,false,enums,5,null
33,13641,13599,false,2008-08-17T13:57:07.190,0,null,false,c#,0,null
33,13641,13599,false,2008-08-17T13:57:07.190,0,null,false,enums,0,null
33,13641,13599,false,2008-08-17T13:57:07.190,0,null,false,human-readable,0,null
,13648,13647,false,2008-08-17T14:20:42.137,3,null,false,c#,0,null
,13648,13647,false,2008-08-17T14:20:42.137,3,null,false,php,0,null
1559,13649,12368,false,2008-08-17T14:22:44.940,6,null,false,.net,0,null
1559,13649,12368,false,2008-08-17T14:22:44.940,6,null,false,memory,0,null
1559,13649,12368,false,2008-08-17T14:22:44.940,6,null,false,dispose,0,null
212,13651,13615,false,2008-08-17T14:40:04.500,0,null,false,c#,3,null
212,13651,13615,false,2008-08-17T14:40:04.500,0,null,false,validation,3,null
212,13651,13615,false,2008-08-17T14:40:04.500,0,null,false,enums,3,null
275,13657,13655,false,2008-08-17T14:52:09.513,3,null,false,.net,0,null
268,13658,13647,false,2008-08-17T14:57:13.823,0,null,false,c#,0,null
268,13658,13647,false,2008-08-17T14:57:13.823,0,null,false,php,0,null
1611,13659,13594,false,2008-08-17T14:58:25.257,3,null,false,html,0,null
1611,13659,13594,false,2008-08-17T14:58:25.257,3,null,false,browser,0,null
200,13663,13647,false,2008-08-17T15:05:51.170,2,null,false,c#,0,null
200,13663,13647,false,2008-08-17T15:05:51.170,2,null,false,php,0,null
1200,13665,13620,false,2008-08-17T15:10:24.843,45,null,false,php,5,null
1200,13665,13620,false,2008-08-17T15:10:24.843,45,null,false,optimization,5,null
1200,13665,13620,false,2008-08-17T15:10:24.843,45,null,false,performance,5,null
849,13668,13550,false,2008-08-17T15:21:50.513,1,null,false,case-tools,0,null
1614,13673,13550,false,2008-08-17T15:32:34.517,0,null,false,case-tools,0,null
1612,13677,10533,false,2008-08-17T15:39:50.480,1,null,false,regex,0,null
1612,13677,10533,false,2008-08-17T15:39:50.480,1,null,false,perl,0,null
1532,13680,13620,false,2008-08-17T15:44:57.443,18,null,false,php,1,null
1532,13680,13620,false,2008-08-17T15:44:57.443,18,null,false,optimization,1,null
1532,13680,13620,false,2008-08-17T15:44:57.443,18,null,false,performance,1,null
1491,13688,13678,false,2008-08-17T15:55:24.627,6,null,false,robotics,0,null
1491,13688,13678,false,2008-08-17T15:55:24.627,6,null,false,labview,0,null
1491,13688,13678,false,2008-08-17T15:55:24.627,6,null,false,graphical-language,0,null
,13690,11,false,2008-08-17T15:56:26.810,11,null,true,c#,0,null
,13690,11,false,2008-08-17T15:56:26.810,11,null,true,datetime,0,null
,13690,11,false,2008-08-17T15:56:26.810,11,null,true,time,0,null
,13690,11,false,2008-08-17T15:56:26.810,11,null,true,datediff,0,null
,13690,11,false,2008-08-17T15:56:26.810,11,null,true,relative-time-span,0,null
1614,13693,13678,false,2008-08-17T15:59:08.287,1,null,false,robotics,0,null
1614,13693,13678,false,2008-08-17T15:59:08.287,1,null,false,labview,0,null
1614,13693,13678,false,2008-08-17T15:59:08.287,1,null,false,graphical-language,0,null
905,13697,13599,false,2008-08-17T16:05:16.417,12,null,false,c#,0,null
905,13697,13599,false,2008-08-17T16:05:16.417,12,null,false,enums,0,null
905,13697,13599,false,2008-08-17T16:05:16.417,12,null,false,human-readable,0,null
1491,13703,13678,false,2008-08-17T16:18:10.947,4,null,false,robotics,1,null
1491,13703,13678,false,2008-08-17T16:18:10.947,4,null,false,labview,1,null
1491,13703,13678,false,2008-08-17T16:18:10.947,4,null,false,graphical-language,1,null
905,13706,13704,false,2008-08-17T16:25:40.573,3,null,false,.net,0,null
905,13706,13704,false,2008-08-17T16:25:40.573,3,null,false,asp.net,0,null
905,13706,13704,false,2008-08-17T16:25:40.573,3,null,false,asp.net-mvc,0,null
905,13706,13704,false,2008-08-17T16:25:40.573,3,null,false,webforms,0,null
1612,13707,13594,false,2008-08-17T16:28:13.720,0,null,false,html,0,null
1612,13707,13594,false,2008-08-17T16:28:13.720,0,null,false,browser,0,null
305,13712,13708,false,2008-08-17T16:42:28.527,1,null,false,wordpress,0,null
305,13712,13708,false,2008-08-17T16:42:28.527,1,null,false,themes,0,null
1043,13713,13708,false,2008-08-17T16:46:44.337,4,null,false,wordpress,0,null
1043,13713,13708,false,2008-08-17T16:46:44.337,4,null,false,themes,0,null
1117,13714,13704,false,2008-08-17T16:49:18.980,0,null,false,.net,0,null
1117,13714,13704,false,2008-08-17T16:49:18.980,0,null,false,asp.net,0,null
1117,13714,13704,false,2008-08-17T16:49:18.980,0,null,false,asp.net-mvc,0,null
1117,13714,13704,false,2008-08-17T16:49:18.980,0,null,false,webforms,0,null
51,13719,13708,false,2008-08-17T16:55:33.820,8,null,false,wordpress,0,null
51,13719,13708,false,2008-08-17T16:55:33.820,8,null,false,themes,0,null
307,13723,13718,false,2008-08-17T16:56:26.313,2,null,false,asp.net,0,null
541,13726,13704,false,2008-08-17T17:01:50.593,2,null,false,.net,0,null
541,13726,13704,false,2008-08-17T17:01:50.593,2,null,false,asp.net,0,null
541,13726,13704,false,2008-08-17T17:01:50.593,2,null,false,asp.net-mvc,0,null
541,13726,13704,false,2008-08-17T17:01:50.593,2,null,false,webforms,0,null
872,28614,28590,false,2008-08-26T17:03:06.273,10,null,false,database,0,null
872,28614,28590,false,2008-08-26T17:03:06.273,10,null,false,resources,0,null
872,28614,28590,false,2008-08-26T17:03:06.273,10,null,false,database-connection,0,null
1968,28617,28605,false,2008-08-26T17:03:36.867,1,null,false,c++,0,null
1968,28617,28605,false,2008-08-26T17:03:36.867,1,null,false,c,0,null
1968,28617,28605,false,2008-08-26T17:03:36.867,1,null,false,ide,0,null
1968,28617,28605,false,2008-08-26T17:03:36.867,1,null,false,compiler-construction,0,null
269,28618,28605,false,2008-08-26T17:03:41.390,11,null,false,c++,0,null
269,28618,28605,false,2008-08-26T17:03:41.390,11,null,false,c,0,null
269,28618,28605,false,2008-08-26T17:03:41.390,11,null,false,ide,0,null
269,28618,28605,false,2008-08-26T17:03:41.390,11,null,false,compiler-construction,0,null
1638,28619,28605,false,2008-08-26T17:03:48.067,3,null,false,c++,0,null
1638,28619,28605,false,2008-08-26T17:03:48.067,3,null,false,c,0,null
1638,28619,28605,false,2008-08-26T17:03:48.067,3,null,false,ide,0,null
1638,28619,28605,false,2008-08-26T17:03:48.067,3,null,false,compiler-construction,0,null
2915,28621,28605,false,2008-08-26T17:04:10.517,9,null,false,c++,0,null
2915,28621,28605,false,2008-08-26T17:04:10.517,9,null,false,c,0,null
2915,28621,28605,false,2008-08-26T17:04:10.517,9,null,false,ide,0,null
2915,28621,28605,false,2008-08-26T17:04:10.517,9,null,false,compiler-construction,0,null
974,37318,37310,false,2008-09-01T00:49:18.517,0,null,false,java,0,null
974,37318,37310,false,2008-09-01T00:49:18.517,0,null,false,unit-testing,0,null
974,37318,37310,false,2008-09-01T00:49:18.517,0,null,false,tdd,0,null
372,37319,37317,false,2008-09-01T00:51:15.800,0,null,false,c#,0,null
372,37319,37317,false,2008-09-01T00:51:15.800,0,null,false,.net,0,null
372,37319,37317,false,2008-09-01T00:51:15.800,0,null,false,winforms,0,null
2066,37320,37317,false,2008-09-01T00:51:33.473,1,null,false,c#,0,null
2066,37320,37317,false,2008-09-01T00:51:33.473,1,null,false,.net,0,null
2066,37320,37317,false,2008-09-01T00:51:33.473,1,null,false,winforms,0,null
615,6483,6369,false,2008-08-09T00:05:04.847,0,null,false,sql,0,null
615,6483,6369,false,2008-08-09T00:05:04.847,0,null,false,sap-ase,0,null
384,6489,6373,false,2008-08-09T00:29:38.633,-4,null,false,javascript,1,null
737,6496,6392,false,2008-08-09T00:46:46.260,30,null,false,java,3,null
737,6496,6392,false,2008-08-09T00:46:46.260,30,null,false,linux,3,null
737,6496,6392,false,2008-08-09T00:46:46.260,30,null,false,timezone,3,null
304,6502,6392,false,2008-08-09T01:01:17.587,0,null,false,java,0,null
304,6502,6392,false,2008-08-09T01:01:17.587,0,null,false,linux,0,null
304,6502,6392,false,2008-08-09T01:01:17.587,0,null,false,timezone,0,null
488,6503,4582,false,2008-08-09T01:03:18.317,14,null,false,video,0,null
488,6503,4582,false,2008-08-09T01:03:18.317,14,null,false,compression,0,null
488,6503,4582,false,2008-08-09T01:03:18.317,14,null,false,dct,0,null
384,6508,6499,false,2008-08-09T01:12:26.863,2,null,false,javascript,0,null
60,45008,45004,false,2008-09-05T00:06:05.843,208,null,false,css,1,null
60,45008,45004,false,2008-09-05T00:06:05.843,208,null,false,css-selectors,1,null
3535,45009,44912,false,2008-09-05T00:07:23.903,0,null,false,java,5,null
3535,45009,44912,false,2008-09-05T00:07:23.903,0,null,false,delegates,5,null
96,40149,40132,false,2008-09-02T17:50:18.290,0,null,false,c#,0,null
2170,40153,40122,false,2008-09-02T17:51:34.027,2,null,false,.net,0,null
2170,40153,40122,false,2008-09-02T17:51:34.027,2,null,false,wcf,0,null
2170,40153,40122,false,2008-09-02T17:51:34.027,2,null,false,web-services,0,null
2170,40153,40122,false,2008-09-02T17:51:34.027,2,null,false,exception,0,null
1265,40156,40133,false,2008-09-02T17:53:01.620,2,null,false,apache,0,null
1265,40156,40133,false,2008-09-02T17:53:01.620,2,null,false,templates,0,null
1265,40156,40133,false,2008-09-02T17:53:01.620,2,null,false,filtering,0,null
1265,40156,40133,false,2008-09-02T17:53:01.620,2,null,false,ssi,0,null
619,40158,40151,false,2008-09-02T17:53:36.690,3,null,false,javascript,0,null
619,40158,40151,false,2008-09-02T17:53:36.690,3,null,false,jquery,0,null
619,40158,40151,false,2008-09-02T17:53:36.690,3,null,false,html,0,null
619,40158,40151,false,2008-09-02T17:53:36.690,3,null,false,internet-explorer,0,null
1455,40160,40107,false,2008-09-02T17:53:54.100,0,null,false,c#,0,null
1455,40160,40107,false,2008-09-02T17:53:54.100,0,null,false,reflection,0,null
1455,40160,40107,false,2008-09-02T17:53:54.100,0,null,false,enums,0,null
1455,40160,40107,false,2008-09-02T17:53:54.100,0,null,false,attributes,0,null
672,40163,40132,false,2008-09-02T17:55:34.940,0,null,false,c#,0,null
4219,40164,40122,false,2008-09-02T17:55:36.937,0,null,false,.net,0,null
4219,40164,40122,false,2008-09-02T17:55:36.937,0,null,false,wcf,0,null
4219,40164,40122,false,2008-09-02T17:55:36.937,0,null,false,web-services,0,null
4219,40164,40122,false,2008-09-02T17:55:36.937,0,null,false,exception,0,null
3641,40165,40161,false,2008-09-02T17:55:52.550,9,null,false,c#,1,null
3641,40165,40161,false,2008-09-02T17:55:52.550,9,null,false,parsing,1,null
1343,25618,25566,false,2008-08-25T03:23:09.280,0,null,false,sorting,0,null
1343,25618,25566,false,2008-08-25T03:23:09.280,0,null,false,big-o,0,null
2754,25622,25561,false,2008-08-25T03:33:47.303,4,null,false,regex,0,null
2754,25622,25561,false,2008-08-25T03:33:47.303,4,null,false,.net-2.0,0,null
1384,25627,25546,false,2008-08-25T03:41:29.173,0,null,false,synchronization,0,null
1384,25627,25546,false,2008-08-25T03:41:29.173,0,null,false,security,0,null
1384,25627,25546,false,2008-08-25T03:41:29.173,0,null,false,rsync,0,null
4287,40167,40125,false,2008-09-02T17:57:34.917,2,null,false,javascript,0,null
4287,40167,40125,false,2008-09-02T17:57:34.917,2,null,false,firefox,0,null
4287,40167,40125,false,2008-09-02T17:57:34.917,2,null,false,plugins,0,null
4287,40167,40125,false,2008-09-02T17:57:34.917,2,null,false,xul,0,null
1965,40170,40122,false,2008-09-02T17:59:04.307,3,null,false,.net,0,null
1965,40170,40122,false,2008-09-02T17:59:04.307,3,null,false,wcf,0,null
1965,40170,40122,false,2008-09-02T17:59:04.307,3,null,false,web-services,0,null
1965,40170,40122,false,2008-09-02T17:59:04.307,3,null,false,exception,0,null
573,25628,25546,false,2008-08-25T03:41:36.520,0,null,false,synchronization,0,null
573,25628,25546,false,2008-08-25T03:41:36.520,0,null,false,security,0,null
573,25628,25546,false,2008-08-25T03:41:36.520,0,null,false,rsync,0,null
716,25631,25550,false,2008-08-25T03:48:40.640,3,null,false,pdf,1,null
716,25631,25550,false,2008-08-25T03:48:40.640,3,null,false,import,1,null
568,25644,25637,false,2008-08-25T04:08:28.970,96,null,false,java,2,null
568,25644,25637,false,2008-08-25T04:08:28.970,96,null,false,cross-platform,2,null
568,25644,25637,false,2008-08-25T04:08:28.970,96,null,false,shutdown,2,null
4272,40172,38948,false,2008-09-02T18:01:24.597,1,null,false,php,0,null
4272,40172,38948,false,2008-09-02T18:01:24.597,1,null,false,struts,0,null
3880,40178,40171,false,2008-09-02T18:06:22.353,0,null,false,asp-classic,0,null
3880,40178,40171,false,2008-09-02T18:06:22.353,0,null,false,compression,0,null
3880,40178,40171,false,2008-09-02T18:06:22.353,0,null,false,windows-ce,0,null
3880,40178,40171,false,2008-09-02T18:06:22.353,0,null,false,jpeg,0,null
2590,40179,40169,false,2008-09-02T18:06:41.043,10,null,false,sql,0,null
2590,40179,40169,false,2008-09-02T18:06:41.043,10,null,false,sql-server,0,null
2590,40179,40169,false,2008-09-02T18:06:41.043,10,null,false,database,0,null
2590,40179,40169,false,2008-09-02T18:06:41.043,10,null,false,database-design,0,null
2590,40179,40169,false,2008-09-02T18:06:41.043,10,null,false,crystal-reports,0,null
905,40180,40161,false,2008-09-02T18:07:14.410,25,null,false,c#,2,null
905,40180,40161,false,2008-09-02T18:07:14.410,25,null,false,parsing,2,null
2260,40182,40112,false,2008-09-02T18:07:18.467,0,null,false,ms-access,0,null
2260,40182,40112,false,2008-09-02T18:07:18.467,0,null,false,image,0,null
1975282,22690,22674,false,2008-08-22T15:43:33.597,1,null,false,windows-vista,0,null
1975282,22690,22674,false,2008-08-22T15:43:33.597,1,null,false,windows-xp,0,null
986,22692,22687,false,2008-08-22T15:44:05.530,2,null,false,ssh,0,null
986,22692,22687,false,2008-08-22T15:44:05.530,2,null,false,cvs,0,null
986,22692,22687,false,2008-08-22T15:44:05.530,2,null,false,tortoisecvs,0,null
986,22692,22687,false,2008-08-22T15:44:05.530,2,null,false,plink,0,null
1432,22700,22687,false,2008-08-22T15:47:14.697,9,null,false,ssh,1,null
1432,22700,22687,false,2008-08-22T15:47:14.697,9,null,false,cvs,1,null
1432,22700,22687,false,2008-08-22T15:47:14.697,9,null,false,tortoisecvs,1,null
1432,22700,22687,false,2008-08-22T15:47:14.697,9,null,false,plink,1,null
305,22702,22687,false,2008-08-22T15:48:25.707,0,null,false,ssh,0,null
305,22702,22687,false,2008-08-22T15:48:25.707,0,null,false,cvs,0,null
305,22702,22687,false,2008-08-22T15:48:25.707,0,null,false,tortoisecvs,0,null
305,22702,22687,false,2008-08-22T15:48:25.707,0,null,false,plink,0,null
1453,22705,22694,false,2008-08-22T15:48:54.927,0,null,false,dependency-management,0,null
2148,22714,22694,false,2008-08-22T15:53:29.253,1,null,false,dependency-management,0,null
317,22715,22708,false,2008-08-22T15:53:47.503,45,null,false,algorithm,5,null
317,22715,22708,false,2008-08-22T15:53:47.503,45,null,false,excel,5,null
317,22715,22708,false,2008-08-22T15:53:47.503,45,null,false,language-agnostic,5,null
1960,22716,22694,false,2008-08-22T15:54:38.967,0,null,false,dependency-management,0,null
2509,22718,1669,false,2008-08-22T15:57:16.420,5,null,true,compiler-construction,0,null
2509,22718,1669,false,2008-08-22T15:57:16.420,5,null,true,language-agnostic,0,null
722,7887,7884,false,2008-08-11T15:58:48.507,5,null,false,t-sql,0,null
722,7887,7884,false,2008-08-11T15:58:48.507,5,null,false,indexing,0,null
722,7887,7884,false,2008-08-11T15:58:48.507,5,null,false,inequality,0,null
872,7888,7880,false,2008-08-11T15:59:48.303,44,null,false,c++,3,null
872,7888,7880,false,2008-08-11T15:59:48.303,44,null,false,file,3,null
872,7888,7880,false,2008-08-11T15:59:48.303,44,null,false,io,3,null
1028,7890,7884,false,2008-08-11T16:01:42.200,31,null,false,t-sql,0,null
1028,7890,7884,false,2008-08-11T16:01:42.200,31,null,false,indexing,0,null
1028,7890,7884,false,2008-08-11T16:01:42.200,31,null,false,inequality,0,null
740,7892,7884,false,2008-08-11T16:02:43.710,44,null,false,t-sql,2,null
740,7892,7884,false,2008-08-11T16:02:43.710,44,null,false,indexing,2,null
740,7892,7884,false,2008-08-11T16:02:43.710,44,null,false,inequality,2,null
72,7894,7851,false,2008-08-11T16:05:07.310,2,null,false,php,0,null
72,7894,7851,false,2008-08-11T16:05:07.310,2,null,false,unix,0,null
268,7896,7880,false,2008-08-11T16:07:31.330,-3,null,false,c++,1,null
268,7896,7880,false,2008-08-11T16:07:31.330,-3,null,false,file,1,null
268,7896,7880,false,2008-08-11T16:07:31.330,-3,null,false,io,1,null
940,22719,22708,false,2008-08-22T15:58:03.157,-1,null,false,algorithm,0,null
940,22719,22708,false,2008-08-22T15:58:03.157,-1,null,false,excel,0,null
940,22719,22708,false,2008-08-22T15:58:03.157,-1,null,false,language-agnostic,0,null
30,22721,22676,false,2008-08-22T15:58:17.757,172,null,false,python,5,null
30,22721,22676,false,2008-08-22T15:58:17.757,172,null,false,http,5,null
30,22721,22676,false,2008-08-22T15:58:17.757,172,null,false,urllib,5,null
1975,22722,22704,false,2008-08-22T15:58:41.987,6,null,false,performance,0,null
1975,22722,22704,false,2008-08-22T15:58:41.987,6,null,false,oracle,0,null
1975,22722,22704,false,2008-08-22T15:58:41.987,6,null,false,web-applications,0,null
145,22723,22676,false,2008-08-22T15:58:52.077,15,null,false,python,0,null
145,22723,22676,false,2008-08-22T15:58:52.077,15,null,false,http,0,null
145,22723,22676,false,2008-08-22T15:58:52.077,15,null,false,urllib,0,null
2134,22731,22674,false,2008-08-22T16:02:49.137,20,null,false,windows-vista,0,null
2134,22731,22674,false,2008-08-22T16:02:49.137,20,null,false,windows-xp,0,null
722,7908,7864,false,2008-08-11T16:22:52.967,2,null,false,ruby-on-rails,1,null
722,7908,7864,false,2008-08-11T16:22:52.967,2,null,false,design-patterns,1,null
722,7908,7864,false,2008-08-11T16:22:52.967,2,null,false,oop,1,null
722,7908,7864,false,2008-08-11T16:22:52.967,2,null,false,activerecord,1,null
230,7918,7676,false,2008-08-11T16:30:34.870,0,null,false,sql-server,0,null
266,7922,7913,false,2008-08-11T16:34:31.027,3,null,false,svn,0,null
266,7922,7913,false,2008-08-11T16:34:31.027,3,null,false,hook,0,null
266,7922,7913,false,2008-08-11T16:34:31.027,3,null,false,post-commit,0,null
266,7922,7913,false,2008-08-11T16:34:31.027,3,null,false,post-commit-hook,0,null
72,7924,7913,false,2008-08-11T16:35:18.887,31,null,false,svn,0,null
72,7924,7913,false,2008-08-11T16:35:18.887,31,null,false,hook,0,null
72,7924,7913,false,2008-08-11T16:35:18.887,31,null,false,post-commit,0,null
72,7924,7913,false,2008-08-11T16:35:18.887,31,null,false,post-commit-hook,0,null
842,7928,7913,false,2008-08-11T16:38:34.323,1,null,false,svn,0,null
842,7928,7913,false,2008-08-11T16:38:34.323,1,null,false,hook,0,null
842,7928,7913,false,2008-08-11T16:38:34.323,1,null,false,post-commit,0,null
842,7928,7913,false,2008-08-11T16:38:34.323,1,null,false,post-commit-hook,0,null
729,7931,7913,false,2008-08-11T16:39:47.363,0,null,false,svn,1,null
729,7931,7913,false,2008-08-11T16:39:47.363,0,null,false,hook,1,null
729,7931,7913,false,2008-08-11T16:39:47.363,0,null,false,post-commit,1,null
729,7931,7913,false,2008-08-11T16:39:47.363,0,null,false,post-commit-hook,1,null
889,7934,7917,false,2008-08-11T16:44:23.923,0,null,false,mysql,0,null
889,7934,7917,false,2008-08-11T16:44:23.923,0,null,false,regex,0,null
889,7934,7917,false,2008-08-11T16:44:23.923,0,null,false,string,0,null
740,7935,7933,false,2008-08-11T16:44:29.493,0,null,false,t-sql,0,null
740,7935,7933,false,2008-08-11T16:44:29.493,0,null,false,sysobjects,0,null
1030,7936,7933,false,2008-08-11T16:44:54.483,1,null,false,t-sql,0,null
1030,7936,7933,false,2008-08-11T16:44:54.483,1,null,false,sysobjects,0,null
116,33690,33619,false,2008-08-29T00:10:00.053,3,null,false,asp.net,0,null
116,33690,33619,false,2008-08-29T00:10:00.053,3,null,false,authentication,0,null
1797,33693,33638,false,2008-08-29T00:15:26.890,0,null,false,database,0,null
1797,33693,33638,false,2008-08-29T00:15:26.890,0,null,false,version-control,0,null
1797,33693,33638,false,2008-08-29T00:15:26.890,0,null,false,testing,0,null
1797,33693,33638,false,2008-08-29T00:15:26.890,0,null,false,build-process,0,null
3126,33694,33386,false,2008-08-29T00:17:35.667,0,null,false,debugging,0,null
3126,33694,33386,false,2008-08-29T00:17:35.667,0,null,false,embedded,0,null
3525,33695,1644,false,2008-08-29T00:19:20.513,0,null,true,podcast,0,null
1950,33698,33630,false,2008-08-29T00:24:22.390,5,null,false,windows,2,null
1950,33698,33630,false,2008-08-29T00:24:22.390,5,null,false,memory,2,null
1950,33698,33630,false,2008-08-29T00:24:22.390,5,null,false,.net-2.0,2,null
1950,33698,33630,false,2008-08-29T00:24:22.390,5,null,false,64-bit,2,null
1950,33698,33630,false,2008-08-29T00:24:22.390,5,null,false,hardware,2,null
195,43300,43289,false,2008-09-04T07:45:18.850,8,null,false,c#,0,null
195,43300,43289,false,2008-09-04T07:45:18.850,8,null,false,.net,0,null
195,43300,43289,false,2008-09-04T07:45:18.850,8,null,false,arrays,0,null
195,43300,43289,false,2008-09-04T07:45:18.850,8,null,false,performance,0,null
195,43300,43289,false,2008-09-04T07:45:18.850,8,null,false,j#,0,null
2114,43303,43289,false,2008-09-04T07:45:49.100,1,null,false,c#,1,null
2114,43303,43289,false,2008-09-04T07:45:49.100,1,null,false,.net,1,null
2114,43303,43289,false,2008-09-04T07:45:49.100,1,null,false,arrays,1,null
2114,43303,43289,false,2008-09-04T07:45:49.100,1,null,false,performance,1,null
2114,43303,43289,false,2008-09-04T07:45:49.100,1,null,false,j#,1,null
4071,43304,43194,false,2008-09-04T07:46:12.703,4,null,false,c++,0,null
4071,43304,43194,false,2008-09-04T07:46:12.703,4,null,false,visual-studio,0,null
4071,43304,43194,false,2008-09-04T07:46:12.703,4,null,false,gcc,0,null
4071,43304,43194,false,2008-09-04T07:46:12.703,4,null,false,linker,0,null
1790,43305,43289,false,2008-09-04T07:48:48.093,32,null,false,c#,0,null
1790,43305,43289,false,2008-09-04T07:48:48.093,32,null,false,.net,0,null
1790,43305,43289,false,2008-09-04T07:48:48.093,32,null,false,arrays,0,null
1790,43305,43289,false,2008-09-04T07:48:48.093,32,null,false,performance,0,null
1790,43305,43289,false,2008-09-04T07:48:48.093,32,null,false,j#,0,null
1377,43308,43291,false,2008-09-04T07:50:14.907,0,null,false,php,0,null
1377,43308,43291,false,2008-09-04T07:50:14.907,0,null,false,variable-types,0,null
1196,43310,43289,false,2008-09-04T07:53:14.043,719,null,false,c#,12,null
1196,43310,43289,false,2008-09-04T07:53:14.043,719,null,false,.net,12,null
1196,43310,43289,false,2008-09-04T07:53:14.043,719,null,false,arrays,12,null
1196,43310,43289,false,2008-09-04T07:53:14.043,719,null,false,performance,12,null
1196,43310,43289,false,2008-09-04T07:53:14.043,719,null,false,j#,12,null
1627,18544,18505,false,2008-08-20T18:40:18.460,1,null,false,c#,0,null
1627,18544,18505,false,2008-08-20T18:40:18.460,1,null,false,.net,0,null
1627,18544,18505,false,2008-08-20T18:40:18.460,1,null,false,windows,0,null
1627,18544,18505,false,2008-08-20T18:40:18.460,1,null,false,winapi,0,null
2009,18546,18533,false,2008-08-20T18:41:34.263,4,null,false,c#,0,null
2009,18546,18533,false,2008-08-20T18:41:34.263,4,null,false,.net,0,null
2009,18546,18533,false,2008-08-20T18:41:34.263,4,null,false,sql,0,null
2009,18546,18533,false,2008-08-20T18:41:34.263,4,null,false,dataset,0,null
1432,18547,18524,false,2008-08-20T18:42:01.483,2,null,false,java,0,null
1432,18547,18524,false,2008-08-20T18:42:01.483,2,null,false,string,0,null
1432,18547,18524,false,2008-08-20T18:42:01.483,2,null,false,collections,0,null
1432,18547,18524,false,2008-08-20T18:42:01.483,2,null,false,integer,0,null
2015,18554,18291,false,2008-08-20T18:44:29.870,1,null,false,delphi,0,null
2015,18554,18291,false,2008-08-20T18:44:29.870,1,null,false,unit-testing,0,null
2015,18554,18291,false,2008-08-20T18:44:29.870,1,null,false,delphi-7,0,null
2015,18554,18291,false,2008-08-20T18:44:29.870,1,null,false,delphi-2006,0,null
1219,18555,18533,false,2008-08-20T18:44:33.117,1,null,false,c#,0,null
1219,18555,18533,false,2008-08-20T18:44:33.117,1,null,false,.net,0,null
1219,18555,18533,false,2008-08-20T18:44:33.117,1,null,false,sql,0,null
1219,18555,18533,false,2008-08-20T18:44:33.117,1,null,false,dataset,0,null
383,3197,3196,false,2008-08-06T09:02:36.907,40,null,false,sql,1,null
275,3215,3213,false,2008-08-06T09:22:35.993,3,null,false,c#,0,null
275,3215,3213,false,2008-08-06T09:22:35.993,3,null,false,integer,0,null
383,3218,3164,false,2008-08-06T09:28:50.940,56,null,false,c#,1,null
383,3218,3164,false,2008-08-06T09:28:50.940,56,null,false,asp.net,1,null
383,3218,3164,false,2008-08-06T09:28:50.940,56,null,false,.net,1,null
383,3218,3164,false,2008-08-06T09:28:50.940,56,null,false,path,1,null
383,3218,3164,false,2008-08-06T09:28:50.940,56,null,false,mappath,1,null
1310,18558,18524,false,2008-08-20T18:45:13.113,9,null,false,java,2,null
1310,18558,18524,false,2008-08-20T18:45:13.113,9,null,false,string,2,null
1310,18558,18524,false,2008-08-20T18:45:13.113,9,null,false,collections,2,null
1310,18558,18524,false,2008-08-20T18:45:13.113,9,null,false,integer,2,null
1075,18574,18533,false,2008-08-20T18:52:02.647,1,null,false,c#,0,null
1075,18574,18533,false,2008-08-20T18:52:02.647,1,null,false,.net,0,null
1075,18574,18533,false,2008-08-20T18:52:02.647,1,null,false,sql,0,null
1075,18574,18533,false,2008-08-20T18:52:02.647,1,null,false,dataset,0,null
1471,18579,18524,false,2008-08-20T18:53:35.527,2,null,false,java,0,null
1471,18579,18524,false,2008-08-20T18:53:35.527,2,null,false,string,0,null
1471,18579,18524,false,2008-08-20T18:53:35.527,2,null,false,collections,0,null
1471,18579,18524,false,2008-08-20T18:53:35.527,2,null,false,integer,0,null
905,18581,18533,false,2008-08-20T18:55:33.120,3,null,false,c#,0,null
905,18581,18533,false,2008-08-20T18:55:33.120,3,null,false,.net,0,null
905,18581,18533,false,2008-08-20T18:55:33.120,3,null,false,sql,0,null
905,18581,18533,false,2008-08-20T18:55:33.120,3,null,false,dataset,0,null
212,18595,18524,false,2008-08-20T19:03:11.637,9,null,false,java,0,null
212,18595,18524,false,2008-08-20T19:03:11.637,9,null,false,string,0,null
212,18595,18524,false,2008-08-20T19:03:11.637,9,null,false,collections,0,null
212,18595,18524,false,2008-08-20T19:03:11.637,9,null,false,integer,0,null
483,3220,1625,false,2008-08-06T09:30:50.297,16,null,false,windows,0,null
483,3220,1625,false,2008-08-06T09:30:50.297,16,null,false,xml,0,null
483,3220,1625,false,2008-08-06T09:30:50.297,16,null,false,linux,0,null
377,3221,1625,false,2008-08-06T09:33:16.160,3,null,false,windows,0,null
377,3221,1625,false,2008-08-06T09:33:16.160,3,null,false,xml,0,null
377,3221,1625,false,2008-08-06T09:33:16.160,3,null,false,linux,0,null
486,3225,3224,false,2008-08-06T09:41:02.353,30,null,false,javascript,2,null
486,3225,3224,false,2008-08-06T09:41:02.353,30,null,false,css,2,null
486,3225,3224,false,2008-08-06T09:41:02.353,30,null,false,http,2,null
486,3225,3224,false,2008-08-06T09:41:02.353,30,null,false,caching,2,null
487,3228,3213,false,2008-08-06T09:46:18.863,10,null,false,c#,0,null
487,3228,3213,false,2008-08-06T09:46:18.863,10,null,false,integer,0,null
403,27819,27733,false,2008-08-26T11:54:35.330,1,null,false,wpf,0,null
403,27819,27733,false,2008-08-26T11:54:35.330,1,null,false,winapi,0,null
497,27821,27745,false,2008-08-26T11:55:04.503,1,null,false,regex,3,null
497,27821,27745,false,2008-08-26T11:55:04.503,1,null,false,language-agnostic,3,null
497,27821,27745,false,2008-08-26T11:55:04.503,1,null,false,url,3,null
905,27825,27758,false,2008-08-26T11:58:55.040,17,null,false,.net,1,null
905,27825,27758,false,2008-08-26T11:58:55.040,17,null,false,attributes,1,null
341,27831,27784,false,2008-08-26T12:02:07.480,2,null,false,windows,0,null
341,27831,27784,false,2008-08-26T12:02:07.480,2,null,false,bsd,0,null
3560,45016,45013,false,2008-09-05T00:12:41.020,10,null,false,python,0,null
3560,45016,45013,false,2008-09-05T00:12:41.020,10,null,false,django,0,null
3560,45016,45013,false,2008-09-05T00:12:41.020,10,null,false,firefox,0,null
305,45019,45015,false,2008-09-05T00:13:51.440,25,null,false,javascript,0,null
305,45019,45015,false,2008-09-05T00:13:51.440,25,null,false,json,0,null
305,45019,45015,false,2008-09-05T00:13:51.440,25,null,false,parsing,0,null
2168,45020,45015,false,2008-09-05T00:13:52.627,169,null,false,javascript,3,null
2168,45020,45015,false,2008-09-05T00:13:52.627,169,null,false,json,3,null
2168,45020,45015,false,2008-09-05T00:13:52.627,169,null,false,parsing,3,null
1490,21374,21265,false,2008-08-21T22:51:20.487,0,null,false,variables,0,null
1490,21374,21265,false,2008-08-21T22:51:20.487,0,null,false,floating-point,0,null
1490,21374,21265,false,2008-08-21T22:51:20.487,0,null,false,inequality,0,null
1436,21377,21274,false,2008-08-21T22:52:44.227,2,null,false,html,1,null
1436,21377,21274,false,2008-08-21T22:52:44.227,2,null,false,editor,1,null
2131,21384,21265,false,2008-08-21T22:57:00.147,1,null,false,variables,0,null
2131,21384,21265,false,2008-08-21T22:57:00.147,1,null,false,floating-point,0,null
2131,21384,21265,false,2008-08-21T22:57:00.147,1,null,false,inequality,0,null
2257,21389,21184,false,2008-08-21T23:02:29.273,30,null,false,.net,0,null
2257,21389,21184,false,2008-08-21T23:02:29.273,30,null,false,linq,0,null
2257,21389,21184,false,2008-08-21T23:02:29.273,30,null,false,.net-3.5,0,null
2257,21389,21184,false,2008-08-21T23:02:29.273,30,null,false,paging,0,null
2284,21392,21294,false,2008-08-21T23:03:53.093,1,null,false,javascript,0,null
2284,21392,21294,false,2008-08-21T23:03:53.093,1,null,false,file,0,null
2284,21392,21294,false,2008-08-21T23:03:53.093,1,null,false,import,0,null
2284,21392,21294,false,2008-08-21T23:03:53.093,1,null,false,include,0,null
2168,21399,21388,false,2008-08-21T23:11:17.820,4,null,false,sql,1,null
2168,21399,21388,false,2008-08-21T23:11:17.820,4,null,false,database,1,null
2168,21399,21388,false,2008-08-21T23:11:17.820,4,null,false,django,1,null
2168,21399,21388,false,2008-08-21T23:11:17.820,4,null,false,django-models,1,null
414,21402,21388,false,2008-08-21T23:12:30.123,1,null,false,sql,1,null
414,21402,21388,false,2008-08-21T23:12:30.123,1,null,false,database,1,null
414,21402,21388,false,2008-08-21T23:12:30.123,1,null,false,django,1,null
414,21402,21388,false,2008-08-21T23:12:30.123,1,null,false,django-models,1,null
1793,21413,123,false,2008-08-21T23:17:56.070,18,null,false,java,0,null
1793,21413,123,false,2008-08-21T23:17:56.070,18,null,false,xml,0,null
1793,21413,123,false,2008-08-21T23:17:56.070,18,null,false,csv,0,null
1793,21413,123,false,2008-08-21T23:17:56.070,18,null,false,data-conversion,0,null
2373,21414,21229,false,2008-08-21T23:18:56.317,5,null,false,c#,0,null
2373,21414,21229,false,2008-08-21T23:18:56.317,5,null,false,asp.net,0,null
2373,21414,21229,false,2008-08-21T23:18:56.317,5,null,false,visual-web-developer,0,null
2373,21414,21229,false,2008-08-21T23:18:56.317,5,null,false,server-configuration,0,null
2257,21417,21411,false,2008-08-21T23:20:26.160,1,null,false,php,0,null
2257,21417,21411,false,2008-08-21T23:20:26.160,1,null,false,performance,0,null
2257,21417,21411,false,2008-08-21T23:20:26.160,1,null,false,sleep,0,null
332,21418,21280,false,2008-08-21T23:20:41.663,5,null,false,c#,1,null
332,21418,21280,false,2008-08-21T23:20:41.663,5,null,false,sql,1,null
332,21418,21280,false,2008-08-21T23:20:41.663,5,null,false,linq,1,null
1490,21426,21265,false,2008-08-21T23:27:11.883,0,null,false,variables,0,null
1490,21426,21265,false,2008-08-21T23:27:11.883,0,null,false,floating-point,0,null
1490,21426,21265,false,2008-08-21T23:27:11.883,0,null,false,inequality,0,null
2257,21427,21422,false,2008-08-21T23:27:14.410,1,null,false,tags,0,null
2257,21427,21422,false,2008-08-21T23:27:14.410,1,null,false,folksonomy,0,null
1470,21429,21422,false,2008-08-21T23:30:28.693,1,null,false,tags,0,null
1470,21429,21422,false,2008-08-21T23:30:28.693,1,null,false,folksonomy,0,null
1750,21434,21243,false,2008-08-21T23:33:31.103,4,null,false,facebook,0,null
2019,21436,21422,false,2008-08-21T23:35:12.317,1,null,false,tags,0,null
2019,21436,21422,false,2008-08-21T23:35:12.317,1,null,false,folksonomy,0,null
832,28627,28605,false,2008-08-26T17:05:35.067,1,null,false,c++,0,null
832,28627,28605,false,2008-08-26T17:05:35.067,1,null,false,c,0,null
832,28627,28605,false,2008-08-26T17:05:35.067,1,null,false,ide,0,null
832,28627,28605,false,2008-08-26T17:05:35.067,1,null,false,compiler-construction,0,null
390,28634,28605,false,2008-08-26T17:09:02.297,11,null,false,c++,1,null
390,28634,28605,false,2008-08-26T17:09:02.297,11,null,false,c,1,null
390,28634,28605,false,2008-08-26T17:09:02.297,11,null,false,ide,1,null
390,28634,28605,false,2008-08-26T17:09:02.297,11,null,false,compiler-construction,1,null
1236,28635,27492,false,2008-08-26T17:09:03.797,3,null,false,c++,1,null
1236,28635,27492,false,2008-08-26T17:09:03.797,3,null,false,memory,1,null
1236,28635,27492,false,2008-08-26T17:09:03.797,3,null,false,pointers,1,null
87,21440,21437,false,2008-08-21T23:38:43.463,30,null,false,image,0,null
1638,21441,21437,false,2008-08-21T23:39:07.220,4,null,false,image,0,null
841,21442,21437,false,2008-08-21T23:39:20.280,1,null,false,image,0,null
394,21443,21211,false,2008-08-21T23:39:37.000,2,null,false,java,0,null
394,21443,21211,false,2008-08-21T23:39:37.000,2,null,false,windows-xp,0,null
394,21443,21211,false,2008-08-21T23:39:37.000,2,null,false,clipboard,0,null
332,19459,19409,false,2008-08-21T08:00:47.960,1,null,false,gnu-assembler,0,null
332,19459,19409,false,2008-08-21T08:00:47.960,1,null,false,assembly,0,null
580,19463,12368,false,2008-08-21T08:05:08.073,0,null,false,.net,0,null
580,19463,12368,false,2008-08-21T08:05:08.073,0,null,false,memory,0,null
580,19463,12368,false,2008-08-21T08:05:08.073,0,null,false,dispose,0,null
267,16484,16473,false,2008-08-19T16:08:24.663,16,null,false,memory-leaks,0,null
267,16484,16473,false,2008-08-19T16:08:24.663,16,null,false,lambda,0,null
267,16484,16473,false,2008-08-19T16:08:24.663,16,null,false,event-handling,0,null
17,16486,16473,false,2008-08-19T16:09:37.283,0,null,false,memory-leaks,0,null
17,16486,16473,false,2008-08-19T16:09:37.283,0,null,false,lambda,0,null
17,16486,16473,false,2008-08-19T16:09:37.283,0,null,false,event-handling,0,null
1367,16489,16473,false,2008-08-19T16:11:30.227,4,null,false,memory-leaks,0,null
1367,16489,16473,false,2008-08-19T16:11:30.227,4,null,false,lambda,0,null
1367,16489,16473,false,2008-08-19T16:11:30.227,4,null,false,event-handling,0,null
17,16490,16483,false,2008-08-19T16:12:00.897,2,null,false,firefox,1,null
17,16490,16483,false,2008-08-19T16:12:00.897,2,null,false,https,1,null
1200,16493,16460,false,2008-08-19T16:16:08.470,0,null,false,.net,0,null
1367,16496,16460,false,2008-08-19T16:18:23.100,5,null,false,.net,0,null
5,19464,19461,false,2008-08-21T08:05:41.567,5,null,false,javascript,0,null
5,19464,19461,false,2008-08-21T08:05:41.567,5,null,false,html,0,null
5,19464,19461,false,2008-08-21T08:05:41.567,5,null,false,image,0,null
1892,19467,19433,false,2008-08-21T08:08:21.763,5,null,false,audio,0,null
1111,19468,19445,false,2008-08-21T08:08:55.193,1,null,false,content-management-system,0,null
1111,19468,19445,false,2008-08-21T08:08:55.193,1,null,false,content-management,0,null
1111,19468,19445,false,2008-08-21T08:08:55.193,1,null,false,ecm,0,null
714,19469,19466,false,2008-08-21T08:09:41.993,0,null,false,php,3,null
714,19469,19466,false,2008-08-21T08:09:41.993,0,null,false,file-permissions,3,null
1830,19470,19466,false,2008-08-21T08:09:46.720,12,null,false,php,1,null
1830,19470,19466,false,2008-08-21T08:09:46.720,12,null,false,file-permissions,1,null
1659,16498,16473,false,2008-08-19T16:19:24.453,2,null,false,memory-leaks,0,null
1659,16498,16473,false,2008-08-19T16:19:24.453,2,null,false,lambda,0,null
1659,16498,16473,false,2008-08-19T16:19:24.453,2,null,false,event-handling,0,null
150,16499,16451,false,2008-08-19T16:19:51.177,2,null,false,java,0,null
150,16499,16451,false,2008-08-19T16:19:51.177,2,null,false,.net,0,null
150,16499,16451,false,2008-08-19T16:19:51.177,2,null,false,apache-axis,0,null
150,16499,16451,false,2008-08-19T16:19:51.177,2,null,false,ws-security,0,null
150,16499,16451,false,2008-08-19T16:19:51.177,2,null,false,wse,0,null
31505,16500,16460,false,2008-08-19T16:19:51.397,8,null,false,.net,1,null
533,16502,16491,false,2008-08-19T16:20:53.687,23,null,false,sql-server,2,null
533,16502,16491,false,2008-08-19T16:20:53.687,23,null,false,database,2,null
533,16502,16491,false,2008-08-19T16:20:53.687,23,null,false,sql-server-2005,2,null
533,16502,16491,false,2008-08-19T16:20:53.687,23,null,false,backup,2,null
533,16502,16491,false,2008-08-19T16:20:53.687,23,null,false,restore,2,null
1659,16504,16501,false,2008-08-19T16:23:19.033,64,null,false,lambda,1,null
1659,16504,16501,false,2008-08-19T16:23:19.033,64,null,false,language-agnostic,1,null
1659,16504,16501,false,2008-08-19T16:23:19.033,64,null,false,computer-science,1,null
1659,16504,16501,false,2008-08-19T16:23:19.033,64,null,false,terminology,1,null
1659,16504,16501,false,2008-08-19T16:23:19.033,64,null,false,theory,1,null
1951,16505,16501,false,2008-08-19T16:23:33.073,4,null,false,lambda,0,null
1951,16505,16501,false,2008-08-19T16:23:33.073,4,null,false,language-agnostic,0,null
1951,16505,16501,false,2008-08-19T16:23:33.073,4,null,false,computer-science,0,null
1951,16505,16501,false,2008-08-19T16:23:33.073,4,null,false,terminology,0,null
1951,16505,16501,false,2008-08-19T16:23:33.073,4,null,false,theory,0,null
1580,16507,16403,false,2008-08-19T16:25:02.367,0,null,false,html,0,null
1580,16507,16403,false,2008-08-19T16:25:02.367,0,null,false,whitespace,0,null
1926,19472,19466,false,2008-08-21T08:10:44.817,23,null,false,php,0,null
1926,19472,19466,false,2008-08-21T08:10:44.817,23,null,false,file-permissions,0,null
1908,19473,19454,false,2008-08-21T08:17:30.540,1,null,false,c#,0,null
1908,19473,19454,false,2008-08-21T08:17:30.540,1,null,false,xml,0,null
1908,19473,19454,false,2008-08-21T08:17:30.540,1,null,false,serialization,0,null
1908,19473,19454,false,2008-08-21T08:17:30.540,1,null,false,coding-style,0,null
1908,19473,19454,false,2008-08-21T08:17:30.540,1,null,false,.net-attributes,0,null
238,19476,19442,false,2008-08-21T08:18:52.083,5,null,false,mercurial,1,null
238,19476,19442,false,2008-08-21T08:18:52.083,5,null,false,windows-server-2003,1,null
238,19476,19442,false,2008-08-21T08:18:52.083,5,null,false,hgignore,1,null
1908,19480,19471,false,2008-08-21T08:22:28.190,3,null,false,security,0,null
1908,19480,19471,false,2008-08-21T08:22:28.190,3,null,false,internet-explorer-7,0,null
1810,19488,19481,false,2008-08-21T08:34:08.957,2,null,false,data-binding,0,null
3355,31897,31882,false,2008-08-28T09:16:51.760,3,null,false,.net,0,null
3355,31897,31882,false,2008-08-28T09:16:51.760,3,null,false,security,0,null
3355,31897,31882,false,2008-08-28T09:16:51.760,3,null,false,obfuscation,0,null
2253,31898,31882,false,2008-08-28T09:17:18.500,2,null,false,.net,0,null
2253,31898,31882,false,2008-08-28T09:17:18.500,2,null,false,security,0,null
2253,31898,31882,false,2008-08-28T09:17:18.500,2,null,false,obfuscation,0,null
3267,31902,31882,false,2008-08-28T09:28:11.703,14,null,false,.net,0,null
3267,31902,31882,false,2008-08-28T09:28:11.703,14,null,false,security,0,null
3267,31902,31882,false,2008-08-28T09:28:11.703,14,null,false,obfuscation,0,null
987,31909,31581,false,2008-08-28T09:34:14.137,5,null,false,c#,0,null
987,31909,31581,false,2008-08-28T09:34:14.137,5,null,false,.net,0,null
987,31909,31581,false,2008-08-28T09:34:14.137,5,null,false,multithreading,0,null
987,31909,31581,false,2008-08-28T09:34:14.137,5,null,false,timer,0,null
3063,31910,48,false,2008-08-28T09:34:40.143,152,null,false,html,3,null
3063,31910,48,false,2008-08-28T09:34:40.143,152,null,false,forms,3,null
3063,31910,48,false,2008-08-28T09:34:40.143,152,null,false,form-submit,3,null
3063,31910,48,false,2008-08-28T09:34:40.143,152,null,false,submit-button,3,null
2633,31914,31840,false,2008-08-28T09:40:33.747,4,null,false,java,0,null
2633,31914,31840,false,2008-08-28T09:40:33.747,4,null,false,logging,0,null
2633,31914,31840,false,2008-08-28T09:40:33.747,4,null,false,log4j,0,null
2633,31914,31840,false,2008-08-28T09:40:33.747,4,null,false,java.util.logging,0,null
2695,31915,31882,false,2008-08-28T09:41:12.777,1,null,false,.net,0,null
2695,31915,31882,false,2008-08-28T09:41:12.777,1,null,false,security,0,null
2695,31915,31882,false,2008-08-28T09:41:12.777,1,null,false,obfuscation,0,null
3201,31917,31906,false,2008-08-28T09:43:16.113,1,null,false,sql,0,null
3201,31917,31906,false,2008-08-28T09:43:16.113,1,null,false,sql-server,0,null
968,31927,31906,false,2008-08-28T09:49:41.743,1,null,false,sql,0,null
968,31927,31906,false,2008-08-28T09:49:41.743,1,null,false,sql-server,0,null
234,31929,31693,false,2008-08-28T09:50:26.127,362,null,false,c#,26,null
234,31929,31693,false,2008-08-28T09:50:26.127,362,null,false,java,26,null
234,31929,31693,false,2008-08-28T09:50:26.127,362,null,false,c++,26,null
234,31929,31693,false,2008-08-28T09:50:26.127,362,null,false,generics,26,null
234,31929,31693,false,2008-08-28T09:50:26.127,362,null,false,templates,26,null
51,31932,31919,false,2008-08-28T09:51:23.080,0,null,false,asp.net,1,null
51,31932,31919,false,2008-08-28T09:51:23.080,0,null,false,sharepoint,1,null
51,31932,31919,false,2008-08-28T09:51:23.080,0,null,false,debugging,1,null
2785,31938,31931,false,2008-08-28T09:55:16.643,5,null,false,javascript,0,null
2785,31938,31931,false,2008-08-28T09:55:16.643,5,null,false,browser,0,null
2785,31938,31931,false,2008-08-28T09:55:16.643,5,null,false,date,0,null
1585,31939,31931,false,2008-08-28T09:56:01.370,36,null,false,javascript,3,null
1585,31939,31931,false,2008-08-28T09:56:01.370,36,null,false,browser,3,null
1585,31939,31931,false,2008-08-28T09:56:01.370,36,null,false,date,3,null
1087,31943,31931,false,2008-08-28T09:58:49.647,5,null,false,javascript,0,null
1087,31943,31931,false,2008-08-28T09:58:49.647,5,null,false,browser,0,null
1087,31943,31931,false,2008-08-28T09:58:49.647,5,null,false,date,0,null
1797,16509,16501,false,2008-08-19T16:27:22.643,1206,null,false,lambda,6,null
1797,16509,16501,false,2008-08-19T16:27:22.643,1206,null,false,language-agnostic,6,null
1797,16509,16501,false,2008-08-19T16:27:22.643,1206,null,false,computer-science,6,null
1797,16509,16501,false,2008-08-19T16:27:22.643,1206,null,false,terminology,6,null
1797,16509,16501,false,2008-08-19T16:27:22.643,1206,null,false,theory,6,null
267,16510,16501,false,2008-08-19T16:27:49.320,115,null,false,lambda,6,null
267,16510,16501,false,2008-08-19T16:27:49.320,115,null,false,language-agnostic,6,null
267,16510,16501,false,2008-08-19T16:27:49.320,115,null,false,computer-science,6,null
267,16510,16501,false,2008-08-19T16:27:49.320,115,null,false,terminology,6,null
267,16510,16501,false,2008-08-19T16:27:49.320,115,null,false,theory,6,null
31505,16511,16501,false,2008-08-19T16:28:41.753,3,null,false,lambda,0,null
31505,16511,16501,false,2008-08-19T16:28:41.753,3,null,false,language-agnostic,0,null
31505,16511,16501,false,2008-08-19T16:28:41.753,3,null,false,computer-science,0,null
31505,16511,16501,false,2008-08-19T16:28:41.753,3,null,false,terminology,0,null
31505,16511,16501,false,2008-08-19T16:28:41.753,3,null,false,theory,0,null
5,16513,16501,false,2008-08-19T16:29:06.027,9,null,false,lambda,0,null
5,16513,16501,false,2008-08-19T16:29:06.027,9,null,false,language-agnostic,0,null
5,16513,16501,false,2008-08-19T16:29:06.027,9,null,false,computer-science,0,null
5,16513,16501,false,2008-08-19T16:29:06.027,9,null,false,terminology,0,null
5,16513,16501,false,2008-08-19T16:29:06.027,9,null,false,theory,0,null
1424,12381,12330,false,2008-08-15T15:33:42.847,5,null,false,vbscript,0,null
1424,12381,12330,false,2008-08-15T15:33:42.847,5,null,false,wmi,0,null
357,12383,12368,false,2008-08-15T15:33:55.373,0,null,false,.net,0,null
357,12383,12368,false,2008-08-15T15:33:55.373,0,null,false,memory,0,null
357,12383,12368,false,2008-08-15T15:33:55.373,0,null,false,dispose,0,null
1433,12384,12304,false,2008-08-15T15:34:09.180,1,null,false,sql-server,0,null
1433,12384,12304,false,2008-08-15T15:34:09.180,1,null,false,sql-server-2005,0,null
372,12387,12374,false,2008-08-15T15:35:02.907,10,null,false,sql,0,null
372,12387,12374,false,2008-08-15T15:35:02.907,10,null,false,unit-testing,0,null
372,12387,12374,false,2008-08-15T15:35:02.907,10,null,false,linq-to-sql,0,null
942,12390,12268,false,2008-08-15T15:35:47.320,4,null,true,.net,0,null
942,12390,12268,false,2008-08-15T15:35:47.320,4,null,true,reflector,0,null
533,12394,12368,false,2008-08-15T15:40:33.567,103,null,false,.net,2,null
533,12394,12368,false,2008-08-15T15:40:33.567,103,null,false,memory,2,null
533,12394,12368,false,2008-08-15T15:40:33.567,103,null,false,dispose,2,null
648,12395,12374,false,2008-08-15T15:40:50.320,4,null,false,sql,0,null
648,12395,12374,false,2008-08-15T15:40:50.320,4,null,false,unit-testing,0,null
648,12395,12374,false,2008-08-15T15:40:50.320,4,null,false,linq-to-sql,0,null
636,12396,12368,false,2008-08-15T15:41:02.803,14,null,false,.net,0,null
636,12396,12368,false,2008-08-15T15:41:02.803,14,null,false,memory,0,null
636,12396,12368,false,2008-08-15T15:41:02.803,14,null,false,dispose,0,null
1433,12398,12368,false,2008-08-15T15:42:36.217,2,null,false,.net,0,null
1433,12398,12368,false,2008-08-15T15:42:36.217,2,null,false,memory,0,null
1433,12398,12368,false,2008-08-15T15:42:36.217,2,null,false,dispose,0,null
,12399,12374,false,2008-08-15T15:44:00.127,0,null,false,sql,0,null
,12399,12374,false,2008-08-15T15:44:00.127,0,null,false,unit-testing,0,null
,12399,12374,false,2008-08-15T15:44:00.127,0,null,false,linq-to-sql,0,null
1431,12403,11043,false,2008-08-15T15:45:37.147,-1,null,false,sql,2,null
1431,12403,11043,false,2008-08-15T15:45:37.147,-1,null,false,alias,2,null
1227,22737,22704,false,2008-08-22T16:03:46.513,2,null,false,performance,0,null
1227,22737,22704,false,2008-08-22T16:03:46.513,2,null,false,oracle,0,null
1227,22737,22704,false,2008-08-22T16:03:46.513,2,null,false,web-applications,0,null
2173,22738,22708,false,2008-08-22T16:03:49.773,6,null,false,algorithm,0,null
2173,22738,22708,false,2008-08-22T16:03:49.773,6,null,false,excel,0,null
2173,22738,22708,false,2008-08-22T16:03:49.773,6,null,false,language-agnostic,0,null
1025,22739,22704,false,2008-08-22T16:04:00.647,1,null,false,performance,0,null
1025,22739,22704,false,2008-08-22T16:04:00.647,1,null,false,oracle,0,null
1025,22739,22704,false,2008-08-22T16:04:00.647,1,null,false,web-applications,0,null
1000,22741,22704,false,2008-08-22T16:04:19.867,1,null,false,performance,0,null
1000,22741,22704,false,2008-08-22T16:04:19.867,1,null,false,oracle,0,null
1000,22741,22704,false,2008-08-22T16:04:19.867,1,null,false,web-applications,0,null
2025,46151,46147,false,2008-09-05T16:09:18.863,0,null,false,css,1,null
2025,46151,46147,false,2008-09-05T16:09:18.863,0,null,false,safari,1,null
2025,46151,46147,false,2008-09-05T16:09:18.863,0,null,false,google-chrome,1,null
2025,46151,46147,false,2008-09-05T16:09:18.863,0,null,false,webkit,1,null
1344,46152,46147,false,2008-09-05T16:09:41.000,0,null,false,css,1,null
1344,46152,46147,false,2008-09-05T16:09:41.000,0,null,false,safari,1,null
1344,46152,46147,false,2008-09-05T16:09:41.000,0,null,false,google-chrome,1,null
1344,46152,46147,false,2008-09-05T16:09:41.000,0,null,false,webkit,1,null
4285,46162,46074,false,2008-09-05T16:12:08.700,0,null,false,php,0,null
4285,46162,46074,false,2008-09-05T16:12:08.700,0,null,false,hosting,0,null
4285,46162,46074,false,2008-09-05T16:12:08.700,0,null,false,dns,0,null
854,46163,46124,false,2008-09-05T16:12:11.523,1,null,false,css,0,null
854,46163,46124,false,2008-09-05T16:12:11.523,1,null,false,browser,0,null
854,46163,46124,false,2008-09-05T16:12:11.523,1,null,false,conditional-statements,0,null
,46165,46133,false,2008-09-05T16:12:35.157,1,null,false,pdf,0,null
,46165,46133,false,2008-09-05T16:12:35.157,1,null,false,adobe-reader,0,null
4792,46168,46146,false,2008-09-05T16:13:04.330,18,null,false,java,2,null
4792,46168,46146,false,2008-09-05T16:13:04.330,18,null,false,regex,2,null
4642,45023,1644,false,2008-09-05T00:17:51.663,0,null,true,podcast,0,null
4455,45028,44999,false,2008-09-05T00:21:01.000,0,null,false,c#,0,null
4455,45028,44999,false,2008-09-05T00:21:01.000,0,null,false,query-string,0,null
1659,45031,44961,false,2008-09-05T00:22:54.680,35,null,false,haskell,0,null
1659,45031,44961,false,2008-09-05T00:22:54.680,35,null,false,f#,0,null
1659,45031,44961,false,2008-09-05T00:22:54.680,35,null,false,functional-programming,0,null
1659,45031,44961,false,2008-09-05T00:22:54.680,35,null,false,language-comparisons,0,null
2213,45032,44999,false,2008-09-05T00:23:41.040,0,null,false,c#,0,null
2213,45032,44999,false,2008-09-05T00:23:41.040,0,null,false,query-string,0,null
946,45034,44999,false,2008-09-05T00:24:38.513,3,null,false,c#,1,null
946,45034,44999,false,2008-09-05T00:24:38.513,3,null,false,query-string,1,null
961,11072,11043,false,2008-08-14T14:02:40.153,5,null,false,sql,0,null
961,11072,11043,false,2008-08-14T14:02:40.153,5,null,false,alias,0,null
267,11074,11060,false,2008-08-14T14:04:25.800,14,null,false,c++,1,null
267,11074,11060,false,2008-08-14T14:04:25.800,14,null,false,python,1,null
267,11074,11060,false,2008-08-14T14:04:25.800,14,null,false,unit-testing,1,null
267,11074,11060,false,2008-08-14T14:04:25.800,14,null,false,code-generation,1,null
267,11074,11060,false,2008-08-14T14:04:25.800,14,null,false,swig,1,null
,11080,11055,false,2008-08-14T14:07:27.307,5,null,false,database,0,null
,11080,11055,false,2008-08-14T14:07:27.307,5,null,false,oracle,0,null
1319,11091,3150,false,2008-08-14T14:17:39.610,4,null,false,c++,2,null
1319,11091,3150,false,2008-08-14T14:17:39.610,4,null,false,unit-testing,2,null
1319,11091,3150,false,2008-08-14T14:17:39.610,4,null,false,testing,2,null
1319,11091,3150,false,2008-08-14T14:17:39.610,4,null,false,visual-studio-2008,2,null
1319,11091,3150,false,2008-08-14T14:17:39.610,4,null,false,frameworks,2,null
17,11092,11088,false,2008-08-14T14:17:48.847,-1,null,false,java,0,null
17,11092,11088,false,2008-08-14T14:17:48.847,-1,null,false,byte,0,null
17,11092,11088,false,2008-08-14T14:17:48.847,-1,null,false,unsigned,0,null
17,11092,11088,false,2008-08-14T14:17:48.847,-1,null,false,signed,0,null
361,11098,11088,false,2008-08-14T14:22:24.997,0,null,false,java,0,null
361,11098,11088,false,2008-08-14T14:22:24.997,0,null,false,byte,0,null
361,11098,11088,false,2008-08-14T14:22:24.997,0,null,false,unsigned,0,null
361,11098,11088,false,2008-08-14T14:22:24.997,0,null,false,signed,0,null
755,11101,11088,false,2008-08-14T14:24:50.453,20,null,false,java,4,null
755,11101,11088,false,2008-08-14T14:24:50.453,20,null,false,byte,4,null
755,11101,11088,false,2008-08-14T14:24:50.453,20,null,false,unsigned,4,null
755,11101,11088,false,2008-08-14T14:24:50.453,20,null,false,signed,4,null
414,11102,11099,false,2008-08-14T14:25:17.443,2,null,false,language-agnostic,0,null
414,11102,11099,false,2008-08-14T14:25:17.443,2,null,false,language-features,0,null
414,11102,11099,false,2008-08-14T14:25:17.443,2,null,false,readability,0,null
448,11105,11099,false,2008-08-14T14:27:03.383,0,null,false,language-agnostic,0,null
448,11105,11099,false,2008-08-14T14:27:03.383,0,null,false,language-features,0,null
448,11105,11099,false,2008-08-14T14:27:03.383,0,null,false,readability,0,null
372,11106,11099,false,2008-08-14T14:27:17.047,4,null,false,language-agnostic,0,null
372,11106,11099,false,2008-08-14T14:27:17.047,4,null,false,language-features,0,null
372,11106,11099,false,2008-08-14T14:27:17.047,4,null,false,readability,0,null
361,11107,11099,false,2008-08-14T14:27:26.750,10,null,false,language-agnostic,0,null
361,11107,11099,false,2008-08-14T14:27:26.750,10,null,false,language-features,0,null
361,11107,11099,false,2008-08-14T14:27:26.750,10,null,false,readability,0,null
75,11110,11099,false,2008-08-14T14:28:36.903,1,null,false,language-agnostic,0,null
75,11110,11099,false,2008-08-14T14:28:36.903,1,null,false,language-features,0,null
75,11110,11099,false,2008-08-14T14:28:36.903,1,null,false,readability,0,null
414,11114,11028,false,2008-08-14T14:30:39.007,4,null,false,sql,0,null
1042,11115,10999,false,2008-08-14T14:30:59.553,1,null,false,visual-studio,0,null
1042,11115,10999,false,2008-08-14T14:30:59.553,1,null,false,tfs,0,null
377,11116,11099,false,2008-08-14T14:31:55.773,10,null,false,language-agnostic,1,null
377,11116,11099,false,2008-08-14T14:31:55.773,10,null,false,language-features,1,null
377,11116,11099,false,2008-08-14T14:31:55.773,10,null,false,readability,1,null
1432,28646,28637,false,2008-08-26T17:13:21.477,18,null,false,c#,0,null
1432,28646,28637,false,2008-08-26T17:13:21.477,18,null,false,.net,0,null
1432,28646,28637,false,2008-08-26T17:13:21.477,18,null,false,performance,0,null
1432,28646,28637,false,2008-08-26T17:13:21.477,18,null,false,datetime,0,null
1432,28646,28637,false,2008-08-26T17:13:21.477,18,null,false,timer,0,null
2114,28648,28637,false,2008-08-26T17:13:32.240,674,null,false,c#,8,null
2114,28648,28637,false,2008-08-26T17:13:32.240,674,null,false,.net,8,null
2114,28648,28637,false,2008-08-26T17:13:32.240,674,null,false,performance,8,null
2114,28648,28637,false,2008-08-26T17:13:32.240,674,null,false,datetime,8,null
2114,28648,28637,false,2008-08-26T17:13:32.240,674,null,false,timer,8,null
2536,28649,28637,false,2008-08-26T17:13:59.447,14,null,false,c#,0,null
2536,28649,28637,false,2008-08-26T17:13:59.447,14,null,false,.net,0,null
2536,28649,28637,false,2008-08-26T17:13:59.447,14,null,false,performance,0,null
2536,28649,28637,false,2008-08-26T17:13:59.447,14,null,false,datetime,0,null
2536,28649,28637,false,2008-08-26T17:13:59.447,14,null,false,timer,0,null
2915,41982,41925,false,2008-09-03T15:54:43.737,84,null,false,database,8,null
1367,21453,21437,false,2008-08-21T23:46:03.087,13,null,false,image,0,null
1190,21455,21449,false,2008-08-21T23:49:01.923,-1,null,false,endianness,1,null
1490,21458,21437,false,2008-08-21T23:50:00.050,0,null,false,image,0,null
2199,21459,10898,false,2008-08-21T23:50:22.640,0,null,false,sql-server,0,null
2199,21459,10898,false,2008-08-21T23:50:22.640,0,null,false,db2,0,null
159,21465,21437,false,2008-08-21T23:53:40.337,1,null,false,image,0,null
1490,21467,21461,false,2008-08-21T23:54:27.653,4,null,false,c#,0,null
446497,21468,21454,false,2008-08-21T23:54:52.253,113,null,false,python,5,null
446497,21468,21454,false,2008-08-21T23:54:52.253,113,null,false,mysql,5,null
446497,21468,21454,false,2008-08-21T23:54:52.253,113,null,false,django,5,null
446497,21468,21454,false,2008-08-21T23:54:52.253,113,null,false,django-models,5,null
446497,21468,21454,false,2008-08-21T23:54:52.253,113,null,false,enums,5,null
909,21470,21449,false,2008-08-21T23:57:39.673,4,null,false,endianness,0,null
1337,21471,21437,false,2008-08-21T23:58:23.663,2,null,false,image,0,null
1574,21472,21437,false,2008-08-21T23:58:37.377,3,null,false,image,0,null
2213,21476,21437,false,2008-08-22T00:02:02.563,13,null,false,image,0,null
3114,30447,30430,false,2008-08-27T15:27:35.717,0,null,false,c#,0,null
3114,30447,30430,false,2008-08-27T15:27:35.717,0,null,false,.net,0,null
3114,30447,30430,false,2008-08-27T15:27:35.717,0,null,false,visual-studio,0,null
3114,30447,30430,false,2008-08-27T15:27:35.717,0,null,false,.net-3.5,0,null
3114,30447,30430,false,2008-08-27T15:27:35.717,0,null,false,.net-2.0,0,null
3261,30449,30373,false,2008-08-27T15:29:04.540,3,null,true,c++,0,null
3261,30449,30373,false,2008-08-27T15:29:04.540,3,null,true,stl,0,null
1367,30453,30183,false,2008-08-27T15:31:18.327,9,null,false,vb.net,1,null
1367,30453,30183,false,2008-08-27T15:31:18.327,9,null,false,visual-studio-2008,1,null
1367,30453,30183,false,2008-08-27T15:31:18.327,9,null,false,64-bit,1,null
1418,30458,10515,false,2008-08-27T15:33:02.300,0,null,false,php,0,null
1418,30458,10515,false,2008-08-27T15:33:02.300,0,null,false,windows,0,null
1418,30458,10515,false,2008-08-27T15:33:02.300,0,null,false,iis,0,null
1418,30458,10515,false,2008-08-27T15:33:02.300,0,null,false,portability,0,null
1418,30458,10515,false,2008-08-27T15:33:02.300,0,null,false,lamp,0,null
1862,30461,10515,false,2008-08-27T15:34:54.090,0,null,false,php,3,null
1862,30461,10515,false,2008-08-27T15:34:54.090,0,null,false,windows,3,null
1862,30461,10515,false,2008-08-27T15:34:54.090,0,null,false,iis,3,null
1862,30461,10515,false,2008-08-27T15:34:54.090,0,null,false,portability,3,null
1862,30461,10515,false,2008-08-27T15:34:54.090,0,null,false,lamp,3,null
338,21479,21461,false,2008-08-22T00:06:12.337,4,null,false,c#,0,null
202,21481,21464,false,2008-08-22T00:07:11.490,2,null,false,ios,0,null
369,21491,21437,false,2008-08-22T00:15:22.937,3,null,false,image,0,null
615,21492,21489,false,2008-08-22T00:16:00.940,0,null,false,sql,0,null
1569,21494,21464,false,2008-08-22T00:16:32.577,2,null,false,ios,0,null
2384,21502,21461,false,2008-08-22T00:20:47.153,0,null,false,c#,0,null
1490,21505,21422,false,2008-08-22T00:23:41.653,0,null,false,tags,0,null
1490,21505,21422,false,2008-08-22T00:23:41.653,0,null,false,folksonomy,0,null
369,21510,21489,false,2008-08-22T00:25:27.033,1,null,false,sql,0,null
2974,30470,30373,false,2008-08-27T15:37:14.037,6,null,true,c++,0,null
2974,30470,30373,false,2008-08-27T15:37:14.037,6,null,true,stl,0,null
2915,30473,30211,false,2008-08-27T15:38:14.677,33,null,false,windows,4,null
2915,30473,30211,false,2008-08-27T15:38:14.677,33,null,false,vbscript,4,null
2915,30473,30211,false,2008-08-27T15:38:14.677,33,null,false,batch-file,4,null
2915,30473,30211,false,2008-08-27T15:38:14.677,33,null,false,zip,4,null
2915,30473,30211,false,2008-08-27T15:38:14.677,33,null,false,scripting,4,null
3044,30475,30465,false,2008-08-27T15:39:32.910,1,null,false,user-experience,0,null
3044,30475,30465,false,2008-08-27T15:39:32.910,1,null,false,feedback,0,null
2272,21513,21437,false,2008-08-22T00:29:00.050,2,null,false,image,0,null
2384,21515,21460,false,2008-08-22T00:29:17.943,0,null,false,django,0,null
2384,21515,21460,false,2008-08-22T00:29:17.943,0,null,false,shared-hosting,0,null
2384,21515,21460,false,2008-08-22T00:29:17.943,0,null,false,hostmonster,0,null
76,21524,21288,false,2008-08-22T00:35:36.430,36,null,false,c#,1,null
76,21524,21288,false,2008-08-22T00:35:36.430,36,null,false,.net,1,null
76,21524,21288,false,2008-08-22T00:35:36.430,36,null,false,dependency-injection,1,null
76,21524,21288,false,2008-08-22T00:35:36.430,36,null,false,inversion-of-control,1,null
2305,21527,21288,false,2008-08-22T00:37:04.477,2,null,false,c#,1,null
2305,21527,21288,false,2008-08-22T00:37:04.477,2,null,false,.net,1,null
2305,21527,21288,false,2008-08-22T00:37:04.477,2,null,false,dependency-injection,1,null
2305,21527,21288,false,2008-08-22T00:37:04.477,2,null,false,inversion-of-control,1,null
2384,21531,21449,false,2008-08-22T00:39:51.520,1,null,false,endianness,3,null
2148,21532,21288,false,2008-08-22T00:40:09.757,4,null,false,c#,3,null
2148,21532,21288,false,2008-08-22T00:40:09.757,4,null,false,.net,3,null
2148,21532,21288,false,2008-08-22T00:40:09.757,4,null,false,dependency-injection,3,null
2148,21532,21288,false,2008-08-22T00:40:09.757,4,null,false,inversion-of-control,3,null
3018,30488,30485,false,2008-08-27T15:42:06.243,1,null,false,html,0,null
3018,30488,30485,false,2008-08-27T15:42:06.243,1,null,false,sql,0,null
3018,30488,30485,false,2008-08-27T15:42:06.243,1,null,false,sql-server,0,null
3018,30488,30485,false,2008-08-27T15:42:06.243,1,null,false,textbox,0,null
3018,30488,30485,false,2008-08-27T15:42:06.243,1,null,false,limit,0,null
2813,30490,30465,false,2008-08-27T15:42:57.940,5,null,false,user-experience,1,null
2813,30490,30465,false,2008-08-27T15:42:57.940,5,null,false,feedback,1,null
35,30491,30485,false,2008-08-27T15:43:04.943,7,null,false,html,1,null
35,30491,30485,false,2008-08-27T15:43:04.943,7,null,false,sql,1,null
35,30491,30485,false,2008-08-27T15:43:04.943,7,null,false,sql-server,1,null
35,30491,30485,false,2008-08-27T15:43:04.943,7,null,false,textbox,1,null
35,30491,30485,false,2008-08-27T15:43:04.943,7,null,false,limit,1,null
72,30493,30485,false,2008-08-27T15:43:15.397,10,null,false,html,3,null
72,30493,30485,false,2008-08-27T15:43:15.397,10,null,false,sql,3,null
72,30493,30485,false,2008-08-27T15:43:15.397,10,null,false,sql-server,3,null
72,30493,30485,false,2008-08-27T15:43:15.397,10,null,false,textbox,3,null
72,30493,30485,false,2008-08-27T15:43:15.397,10,null,false,limit,3,null
999,7939,7864,false,2008-08-11T16:46:14.917,0,null,false,ruby-on-rails,9,null
999,7939,7864,false,2008-08-11T16:46:14.917,0,null,false,design-patterns,9,null
999,7939,7864,false,2008-08-11T16:46:14.917,0,null,false,oop,9,null
999,7939,7864,false,2008-08-11T16:46:14.917,0,null,false,activerecord,9,null
1975282,7942,7937,false,2008-08-11T16:48:03.557,0,null,false,html,0,null
1975282,7942,7937,false,2008-08-11T16:48:03.557,0,null,false,css,0,null
1975282,7942,7937,false,2008-08-11T16:48:03.557,0,null,false,internet-explorer-6,0,null
1975282,7942,7937,false,2008-08-11T16:48:03.557,0,null,false,html-select,0,null
1008,7943,7913,false,2008-08-11T16:48:56.877,20,null,false,svn,1,null
1008,7943,7913,false,2008-08-11T16:48:56.877,20,null,false,hook,1,null
1008,7943,7913,false,2008-08-11T16:48:56.877,20,null,false,post-commit,1,null
1008,7943,7913,false,2008-08-11T16:48:56.877,20,null,false,post-commit-hook,1,null
,7944,7917,false,2008-08-11T16:50:12.773,0,null,false,mysql,0,null
,7944,7917,false,2008-08-11T16:50:12.773,0,null,false,regex,0,null
,7944,7917,false,2008-08-11T16:50:12.773,0,null,false,string,0,null
1975282,7945,7940,false,2008-08-11T16:50:32.867,12,null,false,css,0,null
1975282,7945,7940,false,2008-08-11T16:50:32.867,12,null,false,validation,0,null
1975282,7945,7940,false,2008-08-11T16:50:32.867,12,null,false,xhtml,0,null
1975282,7945,7940,false,2008-08-11T16:50:32.867,12,null,false,cross-browser,0,null
1975282,7945,7940,false,2008-08-11T16:50:32.867,12,null,false,w3c,0,null
1025,22746,22687,false,2008-08-22T16:05:20.300,-1,null,false,ssh,0,null
1025,22746,22687,false,2008-08-22T16:05:20.300,-1,null,false,cvs,0,null
1025,22746,22687,false,2008-08-22T16:05:20.300,-1,null,false,tortoisecvs,0,null
1025,22746,22687,false,2008-08-22T16:05:20.300,-1,null,false,plink,0,null
1490,22751,22694,false,2008-08-22T16:06:26.163,0,null,false,dependency-management,0,null
1490,22761,22674,false,2008-08-22T16:09:29.057,0,null,false,windows-vista,0,null
1490,22761,22674,false,2008-08-22T16:09:29.057,0,null,false,windows-xp,0,null
2506,22762,22566,false,2008-08-22T16:09:34.360,9,null,false,perl,0,null
2506,22762,22566,false,2008-08-22T16:09:34.360,9,null,false,file-io,0,null
2506,22762,22566,false,2008-08-22T16:09:34.360,9,null,false,filesystems,0,null
394,22766,22708,false,2008-08-22T16:11:02.907,0,null,false,algorithm,0,null
394,22766,22708,false,2008-08-22T16:11:02.907,0,null,false,excel,0,null
394,22766,22708,false,2008-08-22T16:11:02.907,0,null,false,language-agnostic,0,null
1324,22770,22732,false,2008-08-22T16:15:03.320,52,null,false,string,0,null
1324,22770,22732,false,2008-08-22T16:15:03.320,52,null,false,powershell,0,null
1324,22770,22732,false,2008-08-22T16:15:03.320,52,null,false,parameters,0,null
1324,22770,22732,false,2008-08-22T16:15:03.320,52,null,false,arguments,0,null
685,22775,22696,false,2008-08-22T16:17:52.673,1,null,false,sql,0,null
685,22775,22696,false,2008-08-22T16:17:52.673,1,null,false,ms-access,0,null
394,22776,22676,false,2008-08-22T16:19:09.097,1377,null,false,python,17,null
394,22776,22676,false,2008-08-22T16:19:09.097,1377,null,false,http,17,null
394,22776,22676,false,2008-08-22T16:19:09.097,1377,null,false,urllib,17,null
1862,22784,22704,false,2008-08-22T16:24:59.613,1,null,false,performance,0,null
1862,22784,22704,false,2008-08-22T16:24:59.613,1,null,false,oracle,0,null
1862,22784,22704,false,2008-08-22T16:24:59.613,1,null,false,web-applications,0,null
1627,22785,22696,false,2008-08-22T16:25:18.597,0,null,false,sql,0,null
1627,22785,22696,false,2008-08-22T16:25:18.597,0,null,false,ms-access,0,null
1219,22790,22779,false,2008-08-22T16:26:16.833,6,null,false,.net,0,null
1219,22790,22779,false,2008-08-22T16:26:16.833,6,null,false,gdi+,0,null
993,19489,19481,false,2008-08-21T08:38:41.113,6,null,false,data-binding,0,null
211,19491,19487,false,2008-08-21T08:39:33.750,0,null,false,html,0,null
211,19491,19487,false,2008-08-21T08:39:33.750,0,null,false,css,0,null
615,45037,45030,false,2008-09-05T00:25:27.433,407,null,false,c#,14,null
615,45037,45030,false,2008-09-05T00:25:27.433,407,null,false,.net,14,null
615,45037,45030,false,2008-09-05T00:25:27.433,407,null,false,string,14,null
615,45037,45030,false,2008-09-05T00:25:27.433,407,null,false,.net-3.5,14,null
615,45037,45030,false,2008-09-05T00:25:27.433,407,null,false,nullable,14,null
507,45039,45030,false,2008-09-05T00:27:37.380,10,null,false,c#,0,null
507,45039,45030,false,2008-09-05T00:27:37.380,10,null,false,.net,0,null
507,45039,45030,false,2008-09-05T00:27:37.380,10,null,false,string,0,null
507,45039,45030,false,2008-09-05T00:27:37.380,10,null,false,.net-3.5,0,null
507,45039,45030,false,2008-09-05T00:27:37.380,10,null,false,nullable,0,null
4301,45043,45036,false,2008-09-05T00:37:22.803,6,null,false,.net,1,null
4301,45043,45036,false,2008-09-05T00:37:22.803,6,null,false,dispose,1,null
4301,45043,45036,false,2008-09-05T00:37:22.803,6,null,false,idisposable,1,null
3560,45046,45042,false,2008-09-05T00:39:34.747,5,null,false,svn,1,null
3560,45046,45042,false,2008-09-05T00:39:34.747,5,null,false,version-control,1,null
580,45048,45036,false,2008-09-05T00:40:04.480,6,null,false,.net,0,null
580,45048,45036,false,2008-09-05T00:40:04.480,6,null,false,dispose,0,null
580,45048,45036,false,2008-09-05T00:40:04.480,6,null,false,idisposable,0,null
1902010,41989,41970,false,2008-09-03T15:58:37.583,0,null,false,fuzzy-search,0,null
3111,41991,41838,false,2008-09-03T15:59:05.210,0,null,false,oracle,0,null
3111,41991,41838,false,2008-09-03T15:59:05.210,0,null,false,testing,0,null
3111,41991,41838,false,2008-09-03T15:59:05.210,0,null,false,black-box,0,null
1153,41993,41908,false,2008-09-03T15:59:39.203,1,null,false,c#,0,null
1153,41993,41908,false,2008-09-03T15:59:39.203,1,null,false,asp.net,0,null
1153,41993,41908,false,2008-09-03T15:59:39.203,1,null,false,winforms,0,null
1153,41993,41908,false,2008-09-03T15:59:39.203,1,null,false,visual-studio,0,null
4002,41995,41963,false,2008-09-03T16:00:10.637,0,null,false,version-control,0,null
4275,41999,41969,false,2008-09-03T16:02:06.373,0,null,false,python,0,null
4275,41999,41969,false,2008-09-03T16:02:06.373,0,null,false,linux,0,null
4275,41999,41969,false,2008-09-03T16:02:06.373,0,null,false,cross-platform,0,null
4275,41999,41969,false,2008-09-03T16:02:06.373,0,null,false,desktop,0,null
1324220,42002,41937,false,2008-09-03T16:02:20.333,12,null,false,gis,0,null
1324220,42002,41937,false,2008-09-03T16:02:20.333,12,null,false,latitude-longitude,0,null
1324220,42002,41937,false,2008-09-03T16:02:20.333,12,null,false,proj4js,0,null
1324220,42002,41937,false,2008-09-03T16:02:20.333,12,null,false,proj,0,null
2844,42005,36109,false,2008-09-03T16:02:40.363,1,null,false,unix,0,null
2844,42005,36109,false,2008-09-03T16:02:40.363,1,null,false,shell,0,null
2844,42005,36109,false,2008-09-03T16:02:40.363,1,null,false,wine,0,null
3111,42006,41963,false,2008-09-03T16:02:50.677,1,null,false,version-control,0,null
905,42014,41994,false,2008-09-03T16:04:56.553,13,null,false,c#,0,null
905,42014,41994,false,2008-09-03T16:04:56.553,13,null,false,xml,0,null
507,42018,41937,false,2008-09-03T16:05:51.823,2,null,false,gis,0,null
507,42018,41937,false,2008-09-03T16:05:51.823,2,null,false,latitude-longitude,0,null
507,42018,41937,false,2008-09-03T16:05:51.823,2,null,false,proj4js,0,null
507,42018,41937,false,2008-09-03T16:05:51.823,2,null,false,proj,0,null
5,1911,1644,false,2008-08-05T04:59:43.607,15,null,true,podcast,0,null
1975282,22800,22779,false,2008-08-22T16:32:04.557,5,null,false,.net,0,null
1975282,22800,22779,false,2008-08-22T16:32:04.557,5,null,false,gdi+,0,null
2199,22802,22570,false,2008-08-22T16:33:13.243,2,null,false,sql,2,null
2199,22802,22570,false,2008-08-22T16:33:13.243,2,null,false,sql-server,2,null
2199,22802,22570,false,2008-08-22T16:33:13.243,2,null,false,t-sql,2,null
2199,22802,22570,false,2008-08-22T16:33:13.243,2,null,false,datetime,2,null
2199,22802,22570,false,2008-08-22T16:33:13.243,2,null,false,user-defined-functions,2,null
1190,22803,22720,false,2008-08-22T16:33:13.820,1,null,false,java,1,null
1190,22803,22720,false,2008-08-22T16:33:13.820,1,null,false,exception,1,null
1190,22803,22720,false,2008-08-22T16:33:13.820,1,null,false,sockets,1,null
1190,22803,22720,false,2008-08-22T16:33:13.820,1,null,false,networking,1,null
2894,30497,30485,false,2008-08-27T15:44:16.847,0,null,false,html,2,null
2894,30497,30485,false,2008-08-27T15:44:16.847,0,null,false,sql,2,null
2894,30497,30485,false,2008-08-27T15:44:16.847,0,null,false,sql-server,2,null
2894,30497,30485,false,2008-08-27T15:44:16.847,0,null,false,textbox,2,null
2894,30497,30485,false,2008-08-27T15:44:16.847,0,null,false,limit,2,null
2894,30508,30494,false,2008-08-27T15:48:44.433,1,null,false,c#,0,null
2894,30508,30494,false,2008-08-27T15:48:44.433,1,null,false,.net,0,null
2894,30508,30494,false,2008-08-27T15:48:44.433,1,null,false,compare,0,null
2894,30508,30494,false,2008-08-27T15:48:44.433,1,null,false,versions,0,null
2084,30509,30485,false,2008-08-27T15:49:46.410,169,null,false,html,7,null
2084,30509,30485,false,2008-08-27T15:49:46.410,169,null,false,sql,7,null
2084,30509,30485,false,2008-08-27T15:49:46.410,169,null,false,sql-server,7,null
2084,30509,30485,false,2008-08-27T15:49:46.410,169,null,false,textbox,7,null
2084,30509,30485,false,2008-08-27T15:49:46.410,169,null,false,limit,7,null
77,30510,30494,false,2008-08-27T15:50:17.330,42,null,false,c#,1,null
77,30510,30494,false,2008-08-27T15:50:17.330,42,null,false,.net,1,null
77,30510,30494,false,2008-08-27T15:50:17.330,42,null,false,compare,1,null
77,30510,30494,false,2008-08-27T15:50:17.330,42,null,false,versions,1,null
2587612,30512,30504,false,2008-08-27T15:51:08.450,9,null,false,visual-studio,5,null
194,30514,30494,false,2008-08-27T15:52:02.990,0,null,false,c#,1,null
194,30514,30494,false,2008-08-27T15:52:02.990,0,null,false,.net,1,null
194,30514,30494,false,2008-08-27T15:52:02.990,0,null,false,compare,1,null
194,30514,30494,false,2008-08-27T15:52:02.990,0,null,false,versions,1,null
3694,36242,36239,false,2008-08-30T18:45:45.623,-2,null,false,unix,4,null
3694,36242,36239,false,2008-08-30T18:45:45.623,-2,null,false,time,4,null
3694,36242,36239,false,2008-08-30T18:45:45.623,-2,null,false,maintainability,4,null
3694,36242,36239,false,2008-08-30T18:45:45.623,-2,null,false,year2038,4,null
1384652,36243,36239,false,2008-08-30T18:47:16.337,-8,null,false,unix,4,null
1384652,36243,36239,false,2008-08-30T18:47:16.337,-8,null,false,time,4,null
1384652,36243,36239,false,2008-08-30T18:47:16.337,-8,null,false,maintainability,4,null
1384652,36243,36239,false,2008-08-30T18:47:16.337,-8,null,false,year2038,4,null
1739,36246,36114,false,2008-08-30T18:47:48.317,2,null,false,c++,0,null
3631,36249,36239,false,2008-08-30T18:49:06.350,4,null,false,unix,1,null
3631,36249,36239,false,2008-08-30T18:49:06.350,4,null,false,time,1,null
3631,36249,36239,false,2008-08-30T18:49:06.350,4,null,false,maintainability,1,null
3631,36249,36239,false,2008-08-30T18:49:06.350,4,null,false,year2038,1,null
720,43312,43290,false,2008-09-04T07:54:57.923,47,null,false,python,0,null
720,43312,43290,false,2008-09-04T07:54:57.923,47,null,false,django,0,null
720,43312,43290,false,2008-09-04T07:54:57.923,47,null,false,url,0,null
720,43312,43290,false,2008-09-04T07:54:57.923,47,null,false,django-urls,0,null
1193,19494,19481,false,2008-08-21T08:46:06.307,0,null,false,data-binding,1,null
1739,19495,19448,false,2008-08-21T08:46:47.303,2,null,false,graphics,0,null
1739,19495,19448,false,2008-08-21T08:46:47.303,2,null,false,directx,0,null
1739,19495,19448,false,2008-08-21T08:46:47.303,2,null,false,directdraw,0,null
1739,19495,19448,false,2008-08-21T08:46:47.303,2,null,false,dds-format,0,null
841,19502,18080,false,2008-08-21T08:59:13.793,1,null,false,performance,0,null
841,19502,18080,false,2008-08-21T08:59:13.793,1,null,false,monitoring,0,null
841,19502,18080,false,2008-08-21T08:59:13.793,1,null,false,usage-statistics,0,null
1904,19506,18077,false,2008-08-21T09:03:12.770,1,null,false,javascript,0,null
1904,19506,18077,false,2008-08-21T09:03:12.770,1,null,false,css,0,null
269,19507,19487,false,2008-08-21T09:03:26.780,1,null,false,html,0,null
269,19507,19487,false,2008-08-21T09:03:26.780,1,null,false,css,0,null
968,19513,19436,false,2008-08-21T09:09:14.927,0,null,false,asp.net,0,null
419,9292,9231,false,2008-08-12T22:26:23.013,3,null,false,backup,0,null
419,9292,9231,false,2008-08-12T22:26:23.013,3,null,false,offsite,0,null
429,9295,9289,false,2008-08-12T22:33:45.107,13,null,false,javascript,0,null
429,9295,9289,false,2008-08-12T22:33:45.107,13,null,false,functional-programming,0,null
429,9295,9289,false,2008-08-12T22:33:45.107,13,null,false,data-manipulation,0,null
429,9295,9289,false,2008-08-12T22:33:45.107,13,null,false,client-side,0,null
784,9297,9289,false,2008-08-12T22:38:28.327,137,null,false,javascript,8,null
784,9297,9289,false,2008-08-12T22:38:28.327,137,null,false,functional-programming,8,null
784,9297,9289,false,2008-08-12T22:38:28.327,137,null,false,data-manipulation,8,null
784,9297,9289,false,2008-08-12T22:38:28.327,137,null,false,client-side,8,null
825,9302,9279,false,2008-08-12T23:01:14.880,2,null,false,linux,0,null
825,9302,9279,false,2008-08-12T23:01:14.880,2,null,false,macos,0,null
825,9302,9279,false,2008-08-12T23:01:14.880,2,null,false,ssh,0,null
825,9302,9279,false,2008-08-12T23:01:14.880,2,null,false,sftp,0,null
429,6515,6512,false,2008-08-09T01:29:33.537,1,null,false,c,1,null
429,6515,6512,false,2008-08-09T01:29:33.537,1,null,false,lisp,1,null
429,6515,6512,false,2008-08-09T01:29:33.537,1,null,false,scheme,1,null
429,6515,6512,false,2008-08-09T01:29:33.537,1,null,false,continuations,1,null
429,6516,6499,false,2008-08-09T01:32:17.120,2,null,false,javascript,0,null
588,6531,6499,false,2008-08-09T02:05:33.840,12,null,false,javascript,0,null
234,6533,6499,false,2008-08-09T02:09:04.673,3,null,false,javascript,1,null
106,6534,6530,false,2008-08-09T02:10:12.800,7,null,false,asp.net,0,null
106,6534,6530,false,2008-08-09T02:10:12.800,7,null,false,logging,0,null
106,6534,6530,false,2008-08-09T02:10:12.800,7,null,false,permissions,0,null
234,6541,6430,false,2008-08-09T02:17:38.293,0,null,false,winforms,0,null
1219,21534,21514,false,2008-08-22T00:43:13.823,0,null,false,c#,0,null
1219,21534,21514,false,2008-08-22T00:43:13.823,0,null,false,windows,0,null
1219,21534,21514,false,2008-08-22T00:43:13.823,0,null,false,user-management,0,null
1219,21534,21514,false,2008-08-22T00:43:13.823,0,null,false,usergroups,0,null
338,21537,13678,false,2008-08-22T00:47:38.400,2,null,false,robotics,0,null
338,21537,13678,false,2008-08-22T00:47:38.400,2,null,false,labview,0,null
338,21537,13678,false,2008-08-22T00:47:38.400,2,null,false,graphical-language,0,null
1490,21543,21514,false,2008-08-22T00:55:35.557,0,null,false,c#,0,null
1490,21543,21514,false,2008-08-22T00:55:35.557,0,null,false,windows,0,null
1490,21543,21514,false,2008-08-22T00:55:35.557,0,null,false,user-management,0,null
1490,21543,21514,false,2008-08-22T00:55:35.557,0,null,false,usergroups,0,null
615,21545,21489,false,2008-08-22T00:57:08.157,2,null,false,sql,1,null
2384,21546,21514,false,2008-08-22T00:57:21.463,1,null,false,c#,0,null
2384,21546,21514,false,2008-08-22T00:57:21.463,1,null,false,windows,0,null
2384,21546,21514,false,2008-08-22T00:57:21.463,1,null,false,user-management,0,null
2384,21546,21514,false,2008-08-22T00:57:21.463,1,null,false,usergroups,0,null
1950,21550,10898,false,2008-08-22T01:01:54.557,1,null,false,sql-server,0,null
1950,21550,10898,false,2008-08-22T01:01:54.557,1,null,false,db2,0,null
369,21551,21547,false,2008-08-22T01:03:11.870,38,null,false,sql-server,8,null
369,21551,21547,false,2008-08-22T01:03:11.870,38,null,false,scripting,8,null
369,21551,21547,false,2008-08-22T01:03:11.870,38,null,false,dynamic-sql,8,null
,21553,13678,false,2008-08-22T01:05:55.220,2,null,false,robotics,0,null
,21553,13678,false,2008-08-22T01:05:55.220,2,null,false,labview,0,null
,21553,13678,false,2008-08-22T01:05:55.220,2,null,false,graphical-language,0,null
1697,21554,21437,false,2008-08-22T01:08:03.403,1,null,false,image,0,null
49,21555,21489,false,2008-08-22T01:08:59.690,2,null,false,sql,0,null
1219,21561,21489,false,2008-08-22T01:17:34.007,1,null,false,sql,0,null
59,133,123,false,2008-08-01T16:31:43.430,4,null,false,java,1,null
59,133,123,false,2008-08-01T16:31:43.430,4,null,false,xml,1,null
59,133,123,false,2008-08-01T16:31:43.430,4,null,false,csv,1,null
59,133,123,false,2008-08-01T16:31:43.430,4,null,false,data-conversion,1,null
72,135,129,false,2008-08-01T16:36:42.080,8,null,false,mysql,0,null
72,135,129,false,2008-08-01T16:36:42.080,8,null,false,sql-server,0,null
72,135,129,false,2008-08-01T16:36:42.080,8,null,false,csv,0,null
72,135,129,false,2008-08-01T16:36:42.080,8,null,false,sql-server-2005,0,null
72,135,129,false,2008-08-01T16:36:42.080,8,null,false,bcp,0,null
383,3233,3224,false,2008-08-06T09:52:01.347,10,null,false,javascript,0,null
383,3233,3224,false,2008-08-06T09:52:01.347,10,null,false,css,0,null
383,3233,3224,false,2008-08-06T09:52:01.347,10,null,false,http,0,null
383,3233,3224,false,2008-08-06T09:52:01.347,10,null,false,caching,0,null
383,3240,3234,false,2008-08-06T09:59:38.633,0,null,false,c#,0,null
2131,24513,24451,false,2008-08-23T19:14:36.263,3,null,false,language-agnostic,0,null
2131,24513,24451,false,2008-08-23T19:14:36.263,3,null,false,goto,0,null
1462,24517,24456,false,2008-08-23T19:19:46.767,3,null,false,php,1,null
1462,24517,24456,false,2008-08-23T19:19:46.767,3,null,false,gd,1,null
1462,24517,24456,false,2008-08-23T19:19:46.767,3,null,false,iptc,1,null
573,24521,24310,false,2008-08-23T19:24:06.337,2,null,false,ruby,0,null
573,24521,24310,false,2008-08-23T19:24:06.337,2,null,false,shoes,0,null
573,24521,24310,false,2008-08-23T19:24:06.337,2,null,false,irc,0,null
2258,24523,24506,false,2008-08-23T19:25:14.990,6,null,false,silverlight,0,null
1588,24527,24515,false,2008-08-23T19:30:26.587,60,null,false,list,0,null
1588,24527,24515,false,2008-08-23T19:30:26.587,60,null,false,dictionary,0,null
1588,24527,24515,false,2008-08-23T19:30:26.587,60,null,false,profanity,0,null
2196,24530,24528,false,2008-08-23T19:32:45.287,1,null,false,windows,0,null
2196,24530,24528,false,2008-08-23T19:32:45.287,1,null,false,svn,0,null
1786,24531,24528,false,2008-08-23T19:33:58.497,17,null,false,windows,0,null
1786,24531,24528,false,2008-08-23T19:33:58.497,17,null,false,svn,0,null
305,24533,24528,false,2008-08-23T19:37:40.670,2,null,false,windows,0,null
305,24533,24528,false,2008-08-23T19:37:40.670,2,null,false,svn,0,null
225,24536,24528,false,2008-08-23T19:43:33.560,1,null,false,windows,0,null
225,24536,24528,false,2008-08-23T19:43:33.560,1,null,false,svn,0,null
1421,24537,24451,false,2008-08-23T19:44:00.860,7,null,false,language-agnostic,6,null
1421,24537,24451,false,2008-08-23T19:44:00.860,7,null,false,goto,6,null
224,24538,24470,false,2008-08-23T19:44:24.117,6,null,false,sql-server,0,null
224,24538,24470,false,2008-08-23T19:44:24.117,6,null,false,t-sql,0,null
224,24538,24470,false,2008-08-23T19:44:24.117,6,null,false,pivot,0,null
1560,24547,16432,false,2008-08-23T19:55:24.247,1,null,true,c#,0,null
1560,24547,16432,false,2008-08-23T19:55:24.247,1,null,true,string,0,null
1560,24547,16432,false,2008-08-23T19:55:24.247,1,null,true,coding-style,0,null
1560,24547,16432,false,2008-08-23T19:55:24.247,1,null,true,string.format,0,null
1710,24548,24541,false,2008-08-23T19:55:31.143,4,null,false,sql-server-2005,0,null
1710,24548,24541,false,2008-08-23T19:55:31.143,4,null,false,t-sql,0,null
1065,24552,24542,false,2008-08-23T20:00:16.653,15,null,false,c++,2,null
1065,24552,24542,false,2008-08-23T20:00:16.653,15,null,false,boolean,2,null
1065,24552,24542,false,2008-08-23T20:00:16.653,15,null,false,bitwise-operators,2,null
1737192,21584,21514,false,2008-08-22T01:36:33.757,1,null,false,c#,0,null
1737192,21584,21514,false,2008-08-22T01:36:33.757,1,null,false,windows,0,null
1737192,21584,21514,false,2008-08-22T01:36:33.757,1,null,false,user-management,0,null
1737192,21584,21514,false,2008-08-22T01:36:33.757,1,null,false,usergroups,0,null
4213,39859,39583,false,2008-09-02T15:53:36.073,3,null,false,database,1,null
4213,39859,39583,false,2008-09-02T15:53:36.073,3,null,false,architecture,1,null
4213,39859,39583,false,2008-09-02T15:53:36.073,3,null,false,transactions,1,null
4272,39862,39651,false,2008-09-02T15:54:59.953,111,null,false,git,6,null
1409,39864,39856,false,2008-09-02T15:56:51.993,5,null,false,apache-flex,0,null
1409,39864,39856,false,2008-09-02T15:56:51.993,5,null,false,actionscript-3,0,null
3886,39865,39847,false,2008-09-02T15:58:10.633,0,null,false,python,0,null
3886,39865,39847,false,2008-09-02T15:58:10.633,0,null,false,c,0,null
3886,39865,39847,false,2008-09-02T15:58:10.633,0,null,false,cross-platform,0,null
3886,39865,39847,false,2008-09-02T15:58:10.633,0,null,false,posix,0,null
3886,39865,39847,false,2008-09-02T15:58:10.633,0,null,false,scripting,0,null
999,39866,39758,false,2008-09-02T15:58:23.270,0,null,false,google-chrome,0,null
3446,39868,39108,false,2008-09-02T15:58:56.280,1,null,false,java,0,null
3446,39868,39108,false,2008-09-02T15:58:56.280,1,null,false,user-interface,0,null
3446,39868,39108,false,2008-09-02T15:58:56.280,1,null,false,swing,0,null
3446,39868,39108,false,2008-09-02T15:58:56.280,1,null,false,animation,0,null
341,39870,39107,false,2008-09-02T15:59:34.843,0,null,false,networking,0,null
341,39870,39107,false,2008-09-02T15:59:34.843,0,null,false,bandwidth,0,null
341,39870,39107,false,2008-09-02T15:59:34.843,0,null,false,throttling,0,null
4272,39871,39847,false,2008-09-02T15:59:52.300,0,null,false,python,0,null
4272,39871,39847,false,2008-09-02T15:59:52.300,0,null,false,c,0,null
4272,39871,39847,false,2008-09-02T15:59:52.300,0,null,false,cross-platform,0,null
4272,39871,39847,false,2008-09-02T15:59:52.300,0,null,false,posix,0,null
4272,39871,39847,false,2008-09-02T15:59:52.300,0,null,false,scripting,0,null
1409,39875,39107,false,2008-09-02T16:02:18.097,9,null,false,networking,1,null
1409,39875,39107,false,2008-09-02T16:02:18.097,9,null,false,bandwidth,1,null
1409,39875,39107,false,2008-09-02T16:02:18.097,9,null,false,throttling,1,null
17,39877,39867,false,2008-09-02T16:02:43.790,0,null,false,bash,0,null
17,39877,39867,false,2008-09-02T16:02:43.790,0,null,false,cron,0,null
17,39877,39867,false,2008-09-02T16:02:43.790,0,null,false,gnupg,0,null
3886,39878,39847,false,2008-09-02T16:03:04.117,1,null,false,python,0,null
3886,39878,39847,false,2008-09-02T16:03:04.117,1,null,false,c,0,null
3886,39878,39847,false,2008-09-02T16:03:04.117,1,null,false,cross-platform,0,null
3886,39878,39847,false,2008-09-02T16:03:04.117,1,null,false,posix,0,null
3886,39878,39847,false,2008-09-02T16:03:04.117,1,null,false,scripting,0,null
4262,39881,39874,false,2008-09-02T16:04:17.780,9,null,false,chess,2,null
337,39883,39874,false,2008-09-02T16:05:14.330,-4,null,false,chess,0,null
3920,39884,39107,false,2008-09-02T16:05:17.077,0,null,false,networking,0,null
3920,39884,39107,false,2008-09-02T16:05:17.077,0,null,false,bandwidth,0,null
3920,39884,39107,false,2008-09-02T16:05:17.077,0,null,false,throttling,0,null
2554,39885,39874,false,2008-09-02T16:05:21.600,0,null,false,chess,0,null
999,39887,39879,false,2008-09-02T16:05:38.557,0,null,false,javascript,0,null
999,39887,39879,false,2008-09-02T16:05:38.557,0,null,false,multithreading,0,null
999,39887,39879,false,2008-09-02T16:05:38.557,0,null,false,browser,0,null
1409,39888,39855,false,2008-09-02T16:05:53.487,3,null,false,xhtml,0,null
1409,39888,39855,false,2008-09-02T16:05:53.487,3,null,false,embed,0,null
1409,39888,39855,false,2008-09-02T16:05:53.487,3,null,false,powerpoint,0,null
905,16514,16501,false,2008-08-19T16:30:34.913,17,null,false,lambda,0,null
905,16514,16501,false,2008-08-19T16:30:34.913,17,null,false,language-agnostic,0,null
905,16514,16501,false,2008-08-19T16:30:34.913,17,null,false,computer-science,0,null
905,16514,16501,false,2008-08-19T16:30:34.913,17,null,false,terminology,0,null
905,16514,16501,false,2008-08-19T16:30:34.913,17,null,false,theory,0,null
186,16515,13678,false,2008-08-19T16:31:17.987,0,null,false,robotics,0,null
186,16515,13678,false,2008-08-19T16:31:17.987,0,null,false,labview,0,null
186,16515,13678,false,2008-08-19T16:31:17.987,0,null,false,graphical-language,0,null
380,16516,16473,false,2008-08-19T16:31:26.020,3,null,false,memory-leaks,0,null
380,16516,16473,false,2008-08-19T16:31:26.020,3,null,false,lambda,0,null
380,16516,16473,false,2008-08-19T16:31:26.020,3,null,false,event-handling,0,null
1683,16519,16517,false,2008-08-19T16:33:47.560,77,null,false,windows-installer,4,null
342,31944,31913,false,2008-08-28T09:58:49.867,0,null,false,c++,0,null
342,31944,31913,false,2008-08-28T09:58:49.867,0,null,false,design-patterns,0,null
342,31944,31913,false,2008-08-28T09:58:49.867,0,null,false,visitors,0,null
2253,31947,31885,false,2008-08-28T10:02:50.527,1,null,false,c#,0,null
2253,31947,31885,false,2008-08-28T10:02:50.527,1,null,false,mysql,0,null
2253,31947,31885,false,2008-08-28T10:02:50.527,1,null,false,visual-studio,0,null
2253,31947,31885,false,2008-08-28T10:02:50.527,1,null,false,oracle,0,null
2253,31947,31885,false,2008-08-28T10:02:50.527,1,null,false,sqlite,0,null
2257,31949,31885,false,2008-08-28T10:03:04.630,9,null,false,c#,0,null
2257,31949,31885,false,2008-08-28T10:03:04.630,9,null,false,mysql,0,null
2257,31949,31885,false,2008-08-28T10:03:04.630,9,null,false,visual-studio,0,null
2257,31949,31885,false,2008-08-28T10:03:04.630,9,null,false,oracle,0,null
2257,31949,31885,false,2008-08-28T10:03:04.630,9,null,false,sqlite,0,null
2900,31951,6512,false,2008-08-28T10:05:19.227,7,null,false,c,0,null
2900,31951,6512,false,2008-08-28T10:05:19.227,7,null,false,lisp,0,null
2900,31951,6512,false,2008-08-28T10:05:19.227,7,null,false,scheme,0,null
2900,31951,6512,false,2008-08-28T10:05:19.227,7,null,false,continuations,0,null
2131,31953,31913,false,2008-08-28T10:06:48.740,1,null,false,c++,2,null
2131,31953,31913,false,2008-08-28T10:06:48.740,1,null,false,design-patterns,2,null
2131,31953,31913,false,2008-08-28T10:06:48.740,1,null,false,visitors,2,null
2087,31960,31924,false,2008-08-28T10:10:08.560,11,null,false,java,0,null
2087,31960,31924,false,2008-08-28T10:10:08.560,11,null,false,jsf,0,null
429,9306,9303,false,2008-08-12T23:12:48.927,7,null,false,c#,0,null
429,9306,9303,false,2008-08-12T23:12:48.927,7,null,false,regex,0,null
429,9306,9303,false,2008-08-12T23:12:48.927,7,null,false,perl,0,null
71,9307,9303,false,2008-08-12T23:12:49.613,1,null,false,c#,0,null
71,9307,9303,false,2008-08-12T23:12:49.613,1,null,false,regex,0,null
71,9307,9303,false,2008-08-12T23:12:49.613,1,null,false,perl,0,null
233,9308,9304,false,2008-08-12T23:13:15.790,30,null,false,c#,0,null
233,9308,9304,false,2008-08-12T23:13:15.790,30,null,false,.net,0,null
233,9308,9304,false,2008-08-12T23:13:15.790,30,null,false,automatic-properties,0,null
493,9309,9304,false,2008-08-12T23:13:33.543,47,null,false,c#,5,null
493,9309,9304,false,2008-08-12T23:13:33.543,47,null,false,.net,5,null
493,9309,9304,false,2008-08-12T23:13:33.543,47,null,false,automatic-properties,5,null
1,9310,9304,false,2008-08-12T23:13:41.470,121,null,false,c#,0,null
1,9310,9304,false,2008-08-12T23:13:41.470,121,null,false,.net,0,null
1,9310,9304,false,2008-08-12T23:13:41.470,121,null,false,automatic-properties,0,null
936,12405,12368,false,2008-08-15T15:48:42.957,25,null,false,.net,2,null
936,12405,12368,false,2008-08-15T15:48:42.957,25,null,false,memory,2,null
936,12405,12368,false,2008-08-15T15:48:42.957,25,null,false,dispose,2,null
987,12408,12332,false,2008-08-15T15:50:12.457,27,null,false,c++,0,null
987,12408,12332,false,2008-08-15T15:50:12.457,27,null,false,c,0,null
987,12408,12332,false,2008-08-15T15:50:12.457,27,null,false,program-entry-point,0,null
1060,12409,12374,false,2008-08-15T15:51:15.433,6,null,false,sql,0,null
1060,12409,12374,false,2008-08-15T15:51:15.433,6,null,false,unit-testing,0,null
1060,12409,12374,false,2008-08-15T15:51:15.433,6,null,false,linq-to-sql,0,null
419,11117,11099,false,2008-08-14T14:32:35.913,8,null,false,language-agnostic,0,null
419,11117,11099,false,2008-08-14T14:32:35.913,8,null,false,language-features,0,null
419,11117,11099,false,2008-08-14T14:32:35.913,8,null,false,readability,0,null
889,11118,11099,false,2008-08-14T14:32:48.707,1,null,false,language-agnostic,0,null
889,11118,11099,false,2008-08-14T14:32:48.707,1,null,false,language-features,0,null
889,11118,11099,false,2008-08-14T14:32:48.707,1,null,false,readability,0,null
1236,11119,11099,false,2008-08-14T14:32:51.560,2,null,false,language-agnostic,0,null
1236,11119,11099,false,2008-08-14T14:32:51.560,2,null,false,language-features,0,null
1236,11119,11099,false,2008-08-14T14:32:51.560,2,null,false,readability,0,null
1291,11120,11099,false,2008-08-14T14:33:00.063,0,null,false,language-agnostic,0,null
1291,11120,11099,false,2008-08-14T14:33:00.063,0,null,false,language-features,0,null
1291,11120,11099,false,2008-08-14T14:33:00.063,0,null,false,readability,0,null
414,11121,11043,false,2008-08-14T14:33:56.753,0,null,false,sql,0,null
414,11121,11043,false,2008-08-14T14:33:56.753,0,null,false,alias,0,null
,11122,10810,false,2008-08-14T14:34:30.030,2,null,false,c#,1,null
,11122,10810,false,2008-08-14T14:34:30.030,2,null,false,winforms,1,null
,11122,10810,false,2008-08-14T14:34:30.030,2,null,false,authorization,1,null
,11122,10810,false,2008-08-14T14:34:30.030,2,null,false,adam,1,null
,11122,10810,false,2008-08-14T14:34:30.030,2,null,false,azman,1,null
1219,11124,11055,false,2008-08-14T14:34:49.763,7,null,false,database,0,null
1219,11124,11055,false,2008-08-14T14:34:49.763,7,null,false,oracle,0,null
414,11126,11055,false,2008-08-14T14:36:30.477,1,null,false,database,0,null
414,11126,11055,false,2008-08-14T14:36:30.477,1,null,false,oracle,0,null
3355,43323,43321,false,2008-09-04T08:08:30.217,6,null,false,bash,2,null
3355,43323,43321,false,2008-09-04T08:08:30.217,6,null,false,shell,2,null
3355,43323,43321,false,2008-09-04T08:08:30.217,6,null,false,zsh,2,null
1122,27840,27835,false,2008-08-26T12:06:59.030,0,null,false,mysql,0,null
1122,27840,27835,false,2008-08-26T12:06:59.030,0,null,false,sql-server,0,null
1122,27840,27835,false,2008-08-26T12:06:59.030,0,null,false,rdbms,0,null
1122,27840,27835,false,2008-08-26T12:06:59.030,0,null,false,portability,0,null
615,27842,27835,false,2008-08-26T12:07:21.523,3,null,false,mysql,0,null
615,27842,27835,false,2008-08-26T12:07:21.523,3,null,false,sql-server,0,null
615,27842,27835,false,2008-08-26T12:07:21.523,3,null,false,rdbms,0,null
615,27842,27835,false,2008-08-26T12:07:21.523,3,null,false,portability,0,null
1453,27844,27835,false,2008-08-26T12:08:14.970,0,null,false,mysql,0,null
1453,27844,27835,false,2008-08-26T12:08:14.970,0,null,false,sql-server,0,null
1453,27844,27835,false,2008-08-26T12:08:14.970,0,null,false,rdbms,0,null
1453,27844,27835,false,2008-08-26T12:08:14.970,0,null,false,portability,0,null
1075,27848,27835,false,2008-08-26T12:10:33.310,1,null,false,mysql,0,null
1075,27848,27835,false,2008-08-26T12:10:33.310,1,null,false,sql-server,0,null
1075,27848,27835,false,2008-08-26T12:10:33.310,1,null,false,rdbms,0,null
1075,27848,27835,false,2008-08-26T12:10:33.310,1,null,false,portability,0,null
905,27849,27835,false,2008-08-26T12:10:52.343,21,null,false,mysql,0,null
905,27849,27835,false,2008-08-26T12:10:52.343,21,null,false,sql-server,0,null
905,27849,27835,false,2008-08-26T12:10:52.343,21,null,false,rdbms,0,null
905,27849,27835,false,2008-08-26T12:10:52.343,21,null,false,portability,0,null
1554,36253,36197,false,2008-08-30T18:52:47.230,9,null,false,c#,0,null
1554,36253,36197,false,2008-08-30T18:52:47.230,9,null,false,asp.net-mvc,0,null
3784,36257,30288,false,2008-08-30T18:59:05.123,2,null,false,coldfusion,0,null
1219,21590,21388,false,2008-08-22T01:39:15.390,3,null,false,sql,0,null
1219,21590,21388,false,2008-08-22T01:39:15.390,3,null,false,database,0,null
1219,21590,21388,false,2008-08-22T01:39:15.390,3,null,false,django,0,null
1219,21590,21388,false,2008-08-22T01:39:15.390,3,null,false,django-models,0,null
2399,21594,21593,false,2008-08-22T01:40:27.897,1882,null,false,c++,9,null
2399,21594,21593,false,2008-08-22T01:40:27.897,1882,null,false,c,9,null
2399,21594,21593,false,2008-08-22T01:40:27.897,1882,null,false,include,9,null
2399,21594,21593,false,2008-08-22T01:40:27.897,1882,null,false,header-files,9,null
2399,21594,21593,false,2008-08-22T01:40:27.897,1882,null,false,c-preprocessor,9,null
456,21598,21558,false,2008-08-22T01:42:14.990,1,null,false,c++,0,null
456,21598,21558,false,2008-08-22T01:42:14.990,1,null,false,virtual-inheritance,0,null
5,13729,13594,false,2008-08-17T17:08:10.503,8,null,false,html,1,null
5,13729,13594,false,2008-08-17T17:08:10.503,8,null,false,browser,1,null
1600,13730,13725,false,2008-08-17T17:09:21.343,18,null,false,objective-c,3,null
1600,13730,13725,false,2008-08-17T17:09:21.343,18,null,false,cocoa,3,null
1600,13730,13725,false,2008-08-17T17:09:21.343,18,null,false,types,3,null
541,13735,13718,false,2008-08-17T17:15:30.537,3,null,false,asp.net,0,null
1430,13739,13698,false,2008-08-17T17:18:12.293,0,null,false,php,0,null
1430,13739,13698,false,2008-08-17T17:18:12.293,0,null,false,model-view-controller,0,null
1430,13739,13698,false,2008-08-17T17:18:12.293,0,null,false,zend-framework,0,null
1616,13741,1623,false,2008-08-17T17:19:51.993,0,null,false,visual-studio,1,null
1616,13741,1623,false,2008-08-17T17:19:51.993,0,null,false,projects-and-solutions,1,null
1109,13742,13725,false,2008-08-17T17:20:31.803,58,null,false,objective-c,1,null
1109,13742,13725,false,2008-08-17T17:20:31.803,58,null,false,cocoa,1,null
1109,13742,13725,false,2008-08-17T17:20:31.803,58,null,false,types,1,null
541,13744,13708,false,2008-08-17T17:21:56.483,2,null,false,wordpress,0,null
541,13744,13708,false,2008-08-17T17:21:56.483,2,null,false,themes,0,null
199,13746,13678,false,2008-08-17T17:23:27.023,35,null,false,robotics,1,null
199,13746,13678,false,2008-08-17T17:23:27.023,35,null,false,labview,1,null
199,13746,13678,false,2008-08-17T17:23:27.023,35,null,false,graphical-language,1,null
107,25648,25637,false,2008-08-25T04:14:12.793,23,null,false,java,0,null
107,25648,25637,false,2008-08-25T04:14:12.793,23,null,false,cross-platform,0,null
107,25648,25637,false,2008-08-25T04:14:12.793,23,null,false,shutdown,0,null
1693,25650,25637,false,2008-08-25T04:17:05.157,2,null,false,java,0,null
1693,25650,25637,false,2008-08-25T04:17:05.157,2,null,false,cross-platform,0,null
1693,25650,25637,false,2008-08-25T04:17:05.157,2,null,false,shutdown,0,null
572,22806,22801,false,2008-08-22T16:34:58.387,0,null,false,php,0,null
572,22806,22801,false,2008-08-22T16:34:58.387,0,null,false,loops,0,null
77,22809,22807,false,2008-08-22T16:36:33.313,-1,null,false,sql,1,null
77,22809,22807,false,2008-08-22T16:36:33.313,-1,null,false,sql-server,1,null
77,22809,22807,false,2008-08-22T16:36:33.313,-1,null,false,date,1,null
77,22809,22807,false,2008-08-22T16:36:33.313,-1,null,false,sql-server-2005,1,null
2018,22810,22801,false,2008-08-22T16:37:42.983,0,null,false,php,0,null
2018,22810,22801,false,2008-08-22T16:37:42.983,0,null,false,loops,0,null
1951,22811,22801,false,2008-08-22T16:37:44.857,0,null,false,php,0,null
1951,22811,22801,false,2008-08-22T16:37:44.857,0,null,false,loops,0,null
1782,22813,22801,false,2008-08-22T16:38:39.363,0,null,false,php,0,null
1782,22813,22801,false,2008-08-22T16:38:39.363,0,null,false,loops,0,null
740,22817,22807,false,2008-08-22T16:39:21.327,1,null,false,sql,0,null
740,22817,22807,false,2008-08-22T16:39:21.327,1,null,false,sql-server,0,null
740,22817,22807,false,2008-08-22T16:39:21.327,1,null,false,date,0,null
740,22817,22807,false,2008-08-22T16:39:21.327,1,null,false,sql-server-2005,0,null
77,22819,22814,false,2008-08-22T16:40:16.457,40,null,false,asp.net,2,null
77,22819,22814,false,2008-08-22T16:40:16.457,40,null,false,viewstate,2,null
740,22820,22807,false,2008-08-22T16:40:49.187,0,null,false,sql,0,null
740,22820,22807,false,2008-08-22T16:40:49.187,0,null,false,sql-server,0,null
740,22820,22807,false,2008-08-22T16:40:49.187,0,null,false,date,0,null
740,22820,22807,false,2008-08-22T16:40:49.187,0,null,false,sql-server-2005,0,null
137,22821,22704,false,2008-08-22T16:41:31.010,2,null,false,performance,0,null
137,22821,22704,false,2008-08-22T16:41:31.010,2,null,false,oracle,0,null
137,22821,22704,false,2008-08-22T16:41:31.010,2,null,false,web-applications,0,null
1065,24558,24551,false,2008-08-23T20:04:09.530,347,null,false,java,17,null
429,24560,24542,false,2008-08-23T20:06:20.430,71,null,false,c++,7,null
429,24560,24542,false,2008-08-23T20:06:20.430,71,null,false,boolean,7,null
429,24560,24542,false,2008-08-23T20:06:20.430,71,null,false,bitwise-operators,7,null
1710,24561,16432,false,2008-08-23T20:07:13.893,162,null,true,c#,12,null
1710,24561,16432,false,2008-08-23T20:07:13.893,162,null,true,string,12,null
1710,24561,16432,false,2008-08-23T20:07:13.893,162,null,true,coding-style,12,null
1710,24561,16432,false,2008-08-23T20:07:13.893,162,null,true,string.format,12,null
2586,24562,24541,false,2008-08-23T20:08:07.510,0,null,false,sql-server-2005,0,null
2586,24562,24541,false,2008-08-23T20:08:07.510,0,null,false,t-sql,0,null
3381,46170,46155,false,2008-09-05T16:13:15.063,96,null,true,javascript,2,null
3381,46170,46155,false,2008-09-05T16:13:15.063,96,null,true,html,2,null
3381,46170,46155,false,2008-09-05T16:13:15.063,96,null,true,regex,2,null
3381,46170,46155,false,2008-09-05T16:13:15.063,96,null,true,email-validation,2,null
4111,46171,46146,false,2008-09-05T16:13:30.053,3,null,false,java,0,null
4111,46171,46146,false,2008-09-05T16:13:30.053,3,null,false,regex,0,null
2600,46178,46160,false,2008-09-05T16:14:33.203,0,null,false,java,0,null
2600,46178,46160,false,2008-09-05T16:14:33.203,0,null,false,performance,0,null
2600,46178,46160,false,2008-09-05T16:14:33.203,0,null,false,string,0,null
2541,46179,46147,false,2008-09-05T16:14:44.077,1,null,false,css,0,null
2541,46179,46147,false,2008-09-05T16:14:44.077,1,null,false,safari,0,null
2541,46179,46147,false,2008-09-05T16:14:44.077,1,null,false,google-chrome,0,null
2541,46179,46147,false,2008-09-05T16:14:44.077,1,null,false,webkit,0,null
3880,46181,46155,false,2008-09-05T16:15:34.747,6575,null,true,javascript,12,null
3880,46181,46155,false,2008-09-05T16:15:34.747,6575,null,true,html,12,null
3880,46181,46155,false,2008-09-05T16:15:34.747,6575,null,true,regex,12,null
3880,46181,46155,false,2008-09-05T16:15:34.747,6575,null,true,email-validation,12,null
2839,31980,31935,false,2008-08-28T10:23:33.677,2,null,false,asp.net,1,null
2839,31980,31935,false,2008-08-28T10:23:33.677,2,null,false,javascript,1,null
2839,31980,31935,false,2008-08-28T10:23:33.677,2,null,false,asp.net-ajax,1,null
1078,31983,31882,false,2008-08-28T10:26:47.693,2,null,false,.net,0,null
1078,31983,31882,false,2008-08-28T10:26:47.693,2,null,false,security,0,null
1078,31983,31882,false,2008-08-28T10:26:47.693,2,null,false,obfuscation,0,null
2313,31984,31919,false,2008-08-28T10:27:21.170,4,null,false,asp.net,1,null
2313,31984,31919,false,2008-08-28T10:27:21.170,4,null,false,sharepoint,1,null
2313,31984,31919,false,2008-08-28T10:27:21.170,4,null,false,debugging,1,null
120,31986,31885,false,2008-08-28T10:28:17.937,4,null,false,c#,1,null
120,31986,31885,false,2008-08-28T10:28:17.937,4,null,false,mysql,1,null
120,31986,31885,false,2008-08-28T10:28:17.937,4,null,false,visual-studio,1,null
120,31986,31885,false,2008-08-28T10:28:17.937,4,null,false,oracle,1,null
120,31986,31885,false,2008-08-28T10:28:17.937,4,null,false,sqlite,1,null
234,9315,9304,false,2008-08-12T23:22:07.147,5,null,false,c#,1,null
234,9315,9304,false,2008-08-12T23:22:07.147,5,null,false,.net,1,null
234,9315,9304,false,2008-08-12T23:22:07.147,5,null,false,automatic-properties,1,null
1,9318,9303,false,2008-08-12T23:27:54.093,7,null,false,c#,0,null
1,9318,9303,false,2008-08-12T23:27:54.093,7,null,false,regex,0,null
1,9318,9303,false,2008-08-12T23:27:54.093,7,null,false,perl,0,null
493,9320,9314,false,2008-08-12T23:33:06.670,6,null,false,c#,1,null
493,9320,9314,false,2008-08-12T23:33:06.670,6,null,false,.net,1,null
493,9320,9314,false,2008-08-12T23:33:06.670,6,null,false,winforms,1,null
493,9320,9314,false,2008-08-12T23:33:06.670,6,null,false,visual-studio-2008,1,null
493,9320,9314,false,2008-08-12T23:33:06.670,6,null,false,visual-studio-2005,1,null
446,9322,9303,false,2008-08-12T23:35:05.560,1,null,false,c#,0,null
446,9322,9303,false,2008-08-12T23:35:05.560,1,null,false,regex,0,null
446,9322,9303,false,2008-08-12T23:35:05.560,1,null,false,perl,0,null
621,9325,9275,false,2008-08-12T23:43:15.183,6,null,false,sql-server,0,null
621,9325,9275,false,2008-08-12T23:43:15.183,6,null,false,visual-studio,0,null
621,9325,9275,false,2008-08-12T23:43:15.183,6,null,false,sql-server-2008,0,null
621,9325,9275,false,2008-08-12T23:43:15.183,6,null,false,reporting-services,0,null
621,9325,9275,false,2008-08-12T23:43:15.183,6,null,false,odbc,0,null
1087,9326,9321,false,2008-08-12T23:43:34.840,11,null,false,c++,0,null
1087,9326,9321,false,2008-08-12T23:43:34.840,11,null,false,class,0,null
1087,9326,9321,false,2008-08-12T23:43:34.840,11,null,false,oop,0,null
1087,9326,9321,false,2008-08-12T23:43:34.840,11,null,false,static-classes,0,null
1976,18602,18449,false,2008-08-20T19:09:18.890,12,null,false,php,2,null
1976,18602,18449,false,2008-08-20T19:09:18.890,12,null,false,mysql,2,null
1976,18602,18449,false,2008-08-20T19:09:18.890,12,null,false,datetime,2,null
1976,18602,18449,false,2008-08-20T19:09:18.890,12,null,false,date,2,null
1976,18602,18449,false,2008-08-20T19:09:18.890,12,null,false,timezone,2,null
1818,18603,18584,false,2008-08-20T19:10:28.903,1,null,false,c#,0,null
1926,18607,18449,false,2008-08-20T19:11:36.513,18,null,false,php,0,null
1926,18607,18449,false,2008-08-20T19:11:36.513,18,null,false,mysql,0,null
1926,18607,18449,false,2008-08-20T19:11:36.513,18,null,false,datetime,0,null
1926,18607,18449,false,2008-08-20T19:11:36.513,18,null,false,date,0,null
1926,18607,18449,false,2008-08-20T19:11:36.513,18,null,false,timezone,0,null
414,11128,11060,false,2008-08-14T14:38:19.630,0,null,false,c++,0,null
414,11128,11060,false,2008-08-14T14:38:19.630,0,null,false,python,0,null
414,11128,11060,false,2008-08-14T14:38:19.630,0,null,false,unit-testing,0,null
414,11128,11060,false,2008-08-14T14:38:19.630,0,null,false,code-generation,0,null
414,11128,11060,false,2008-08-14T14:38:19.630,0,null,false,swig,0,null
1322,11129,10564,false,2008-08-14T14:39:14.887,6,null,false,windows,0,null
1322,11129,10564,false,2008-08-14T14:39:14.887,6,null,false,git,0,null
1322,11129,10564,false,2008-08-14T14:39:14.887,6,null,false,cygwin,0,null
1322,11129,10564,false,2008-08-14T14:39:14.887,6,null,false,editor,0,null
1154,11131,11112,false,2008-08-14T14:39:56.960,2,null,false,iphone,0,null
1154,11131,11112,false,2008-08-14T14:39:56.960,2,null,false,wiki,0,null
1154,11131,11112,false,2008-08-14T14:39:56.960,2,null,false,mobile-website,0,null
414,11132,11127,false,2008-08-14T14:40:31.217,7,null,false,c++,0,null
414,11132,11127,false,2008-08-14T14:40:31.217,7,null,false,windows-xp,0,null
414,11132,11127,false,2008-08-14T14:40:31.217,7,null,false,networking,0,null
414,11132,11127,false,2008-08-14T14:40:31.217,7,null,false,windows-nt,0,null
1179,11134,11099,false,2008-08-14T14:42:47.670,0,null,false,language-agnostic,0,null
1179,11134,11099,false,2008-08-14T14:42:47.670,0,null,false,language-features,0,null
1179,11134,11099,false,2008-08-14T14:42:47.670,0,null,false,readability,0,null
1862,18610,18584,false,2008-08-20T19:12:59.630,0,null,false,c#,0,null
51,18611,12268,false,2008-08-20T19:13:25.323,0,null,true,.net,2,null
51,18611,12268,false,2008-08-20T19:13:25.323,0,null,true,reflector,2,null
1911,18615,18601,false,2008-08-20T19:16:02.527,3,null,false,unit-testing,0,null
1911,18615,18601,false,2008-08-20T19:16:02.527,3,null,false,tdd,0,null
832,18616,18608,false,2008-08-20T19:16:07.907,6,null,false,c#,0,null
832,18616,18608,false,2008-08-20T19:16:07.907,6,null,false,oop,0,null
832,18616,18608,false,2008-08-20T19:16:07.907,6,null,false,inheritance,0,null
832,18616,18608,false,2008-08-20T19:16:07.907,6,null,false,naming,0,null
832,18616,18608,false,2008-08-20T19:16:07.907,6,null,false,convention,0,null
1830,27854,27733,false,2008-08-26T12:12:58.407,1,null,false,wpf,0,null
1830,27854,27733,false,2008-08-26T12:12:58.407,1,null,false,winapi,0,null
60,27856,27535,false,2008-08-26T12:14:39.883,3,null,false,asp.net,0,null
1810,27858,27832,false,2008-08-26T12:15:13.160,14,null,false,video,0,null
1810,27858,27832,false,2008-08-26T12:15:13.160,14,null,false,directx,0,null
1810,27858,27832,false,2008-08-26T12:15:13.160,14,null,false,directshow,0,null
1810,27858,27832,false,2008-08-26T12:15:13.160,14,null,false,mpeg,0,null
3043,42022,41994,false,2008-09-03T16:07:11.243,1,null,false,c#,0,null
3043,42022,41994,false,2008-09-03T16:07:11.243,1,null,false,xml,0,null
418,42024,41996,false,2008-09-03T16:07:39.947,1,null,false,sharepoint,0,null
905,42025,42013,false,2008-09-03T16:09:41.753,17,null,false,fuzzy-search,0,null
905,42025,42013,false,2008-09-03T16:09:41.753,17,null,false,soundex,0,null
905,42025,42013,false,2008-09-03T16:09:41.753,17,null,false,algorithm,0,null
3233,42026,41963,false,2008-09-03T16:09:42.487,0,null,false,version-control,0,null
1078,42027,41937,false,2008-09-03T16:10:42.170,2,null,false,gis,0,null
1078,42027,41937,false,2008-09-03T16:10:42.170,2,null,false,latitude-longitude,0,null
1078,42027,41937,false,2008-09-03T16:10:42.170,2,null,false,proj4js,0,null
1078,42027,41937,false,2008-09-03T16:10:42.170,2,null,false,proj,0,null
2884,42028,41925,false,2008-09-03T16:10:47.973,7,null,false,database,0,null
1223,42029,41970,false,2008-09-03T16:10:56.087,1,null,false,fuzzy-search,0,null
1940,36276,36274,false,2008-08-30T19:21:21.747,9,null,false,data-binding,0,null
1940,36276,36274,false,2008-08-30T19:21:21.747,9,null,false,lazy-loading,0,null
3114,42031,41963,false,2008-09-03T16:11:29.250,0,null,false,version-control,0,null
2915,42032,41963,false,2008-09-03T16:12:24.303,18,null,false,version-control,0,null
1223,42037,42013,false,2008-09-03T16:15:12.020,0,null,false,fuzzy-search,0,null
1223,42037,42013,false,2008-09-03T16:15:12.020,0,null,false,soundex,0,null
1223,42037,42013,false,2008-09-03T16:15:12.020,0,null,false,algorithm,0,null
1249,42039,41969,false,2008-09-03T16:15:43.483,0,null,false,python,0,null
1249,42039,41969,false,2008-09-03T16:15:43.483,0,null,false,linux,0,null
1249,42039,41969,false,2008-09-03T16:15:43.483,0,null,false,cross-platform,0,null
1249,42039,41969,false,2008-09-03T16:15:43.483,0,null,false,desktop,0,null
122,1912,1898,false,2008-08-05T05:02:37.640,0,null,false,c#,3,null
122,1912,1898,false,2008-08-05T05:02:37.640,0,null,false,vb.net,3,null
122,1912,1898,false,2008-08-05T05:02:37.640,0,null,false,file,3,null
122,1912,1898,false,2008-08-05T05:02:37.640,0,null,false,csv,3,null
122,1912,1898,false,2008-08-05T05:02:37.640,0,null,false,import,3,null
198,1920,1644,false,2008-08-05T05:13:05.687,26,null,true,podcast,0,null
157,1926,1908,false,2008-08-05T05:20:55.403,0,null,false,math,0,null
157,1926,1908,false,2008-08-05T05:20:55.403,0,null,false,maps,0,null
157,1926,1908,false,2008-08-05T05:20:55.403,0,null,false,mapping,0,null
157,1926,1908,false,2008-08-05T05:20:55.403,0,null,false,latitude-longitude,0,null
342,1927,1908,false,2008-08-05T05:21:02.800,0,null,false,math,0,null
342,1927,1908,false,2008-08-05T05:21:02.800,0,null,false,maps,0,null
342,1927,1908,false,2008-08-05T05:21:02.800,0,null,false,mapping,0,null
342,1927,1908,false,2008-08-05T05:21:02.800,0,null,false,latitude-longitude,0,null
51,1928,1898,false,2008-08-05T05:24:03.213,5,null,false,c#,0,null
51,1928,1898,false,2008-08-05T05:24:03.213,5,null,false,vb.net,0,null
51,1928,1898,false,2008-08-05T05:24:03.213,5,null,false,file,0,null
51,1928,1898,false,2008-08-05T05:24:03.213,5,null,false,csv,0,null
51,1928,1898,false,2008-08-05T05:24:03.213,5,null,false,import,0,null
246,3243,1625,false,2008-08-06T10:04:35.237,2,null,false,windows,0,null
246,3243,1625,false,2008-08-06T10:04:35.237,2,null,false,xml,0,null
246,3243,1625,false,2008-08-06T10:04:35.237,2,null,false,linux,0,null
267,3245,3180,false,2008-08-06T10:05:25.237,7,null,false,fogbugz,0,null
1007,43325,43322,false,2008-09-04T08:11:53.327,26,null,false,c++,1,null
1007,43325,43322,false,2008-09-04T08:11:53.327,26,null,false,api,1,null
1007,43325,43322,false,2008-09-04T08:11:53.327,26,null,false,plugins,1,null
1007,43325,43322,false,2008-09-04T08:11:53.327,26,null,false,compiler-construction,1,null
4496,43331,43315,false,2008-09-04T08:21:31.230,38,null,false,iphone,7,null
4496,43331,43315,false,2008-09-04T08:21:31.230,38,null,false,python,7,null
4496,43331,43315,false,2008-09-04T08:21:31.230,38,null,false,cocoa-touch,7,null
1060,43334,43224,false,2008-09-04T08:24:10.210,2,null,false,c#,0,null
1060,43334,43224,false,2008-09-04T08:24:10.210,2,null,false,math,0,null
1060,43334,43224,false,2008-09-04T08:24:10.210,2,null,false,graph,0,null
2783,25666,25637,false,2008-08-25T04:47:04.010,87,null,false,java,2,null
2783,25666,25637,false,2008-08-25T04:47:04.010,87,null,false,cross-platform,2,null
2783,25666,25637,false,2008-08-25T04:47:04.010,87,null,false,shutdown,2,null
202,25667,25653,false,2008-08-25T04:47:22.323,20,null,false,asp.net,0,null
202,25667,25653,false,2008-08-25T04:47:22.323,20,null,false,dynamic-data,0,null
360,4691,4519,false,2008-08-07T13:11:03.067,6,null,false,unix,0,null
360,4691,4519,false,2008-08-07T13:11:03.067,6,null,false,vpn,0,null
360,4691,4519,false,2008-08-07T13:11:03.067,6,null,false,xming,0,null
26,4694,4689,false,2008-08-07T13:12:46.527,51,null,true,fonts,3,null
26,4694,4689,false,2008-08-07T13:12:46.527,51,null,true,development-environment,3,null
267,4695,4689,false,2008-08-07T13:12:58.057,15,null,true,fonts,3,null
267,4695,4689,false,2008-08-07T13:12:58.057,15,null,true,development-environment,3,null
432,9327,9301,false,2008-08-12T23:43:34.903,1,null,false,javascript,0,null
432,9327,9301,false,2008-08-12T23:43:34.903,1,null,false,internet-explorer,0,null
432,9327,9301,false,2008-08-12T23:43:34.903,1,null,false,events,0,null
432,9327,9301,false,2008-08-12T23:43:34.903,1,null,false,internet-explorer-7,0,null
611,9328,9321,false,2008-08-12T23:43:37.773,337,null,false,c++,6,null
611,9328,9321,false,2008-08-12T23:43:37.773,337,null,false,class,6,null
611,9328,9321,false,2008-08-12T23:43:37.773,337,null,false,oop,6,null
611,9328,9321,false,2008-08-12T23:43:37.773,337,null,false,static-classes,6,null
527,9329,9289,false,2008-08-12T23:44:10.503,1,null,false,javascript,1,null
527,9329,9289,false,2008-08-12T23:44:10.503,1,null,false,functional-programming,1,null
527,9329,9289,false,2008-08-12T23:44:10.503,1,null,false,data-manipulation,1,null
527,9329,9289,false,2008-08-12T23:44:10.503,1,null,false,client-side,1,null
5,18622,18606,false,2008-08-20T19:19:24.233,0,null,false,email,0,null
5,18622,18606,false,2008-08-20T19:19:24.233,0,null,false,outlook,0,null
5,18622,18606,false,2008-08-20T19:19:24.233,0,null,false,exchange-server,0,null
5,18622,18606,false,2008-08-20T19:19:24.233,0,null,false,email-client,0,null
1310,18623,18617,false,2008-08-20T19:19:46.370,147,null,false,tomcat,2,null
832,18624,18601,false,2008-08-20T19:19:53.407,1,null,false,unit-testing,0,null
832,18624,18601,false,2008-08-20T19:19:53.407,1,null,false,tdd,0,null
1638,18625,18608,false,2008-08-20T19:20:35.167,0,null,false,c#,0,null
1638,18625,18608,false,2008-08-20T19:20:35.167,0,null,false,oop,0,null
1638,18625,18608,false,2008-08-20T19:20:35.167,0,null,false,inheritance,0,null
1638,18625,18608,false,2008-08-20T19:20:35.167,0,null,false,naming,0,null
1638,18625,18608,false,2008-08-20T19:20:35.167,0,null,false,convention,0,null
1384652,18626,18449,false,2008-08-20T19:22:07.987,0,null,false,php,0,null
1384652,18626,18449,false,2008-08-20T19:22:07.987,0,null,false,mysql,0,null
1384652,18626,18449,false,2008-08-20T19:22:07.987,0,null,false,datetime,0,null
1384652,18626,18449,false,2008-08-20T19:22:07.987,0,null,false,date,0,null
1384652,18626,18449,false,2008-08-20T19:22:07.987,0,null,false,timezone,0,null
2179,18627,18450,false,2008-08-20T19:23:30.027,4,null,false,.net,1,null
2179,18627,18450,false,2008-08-20T19:23:30.027,4,null,false,mono,1,null
785,18630,18533,false,2008-08-20T19:24:43.330,0,null,false,c#,0,null
785,18630,18533,false,2008-08-20T19:24:43.330,0,null,false,.net,0,null
785,18630,18533,false,2008-08-20T19:24:43.330,0,null,false,sql,0,null
785,18630,18533,false,2008-08-20T19:24:43.330,0,null,false,dataset,0,null
364,1940,1936,false,2008-08-05T05:43:27.900,82,null,false,c#,2,null
364,1940,1936,false,2008-08-05T05:43:27.900,82,null,false,asp.net-mvc,2,null
328,1945,1908,false,2008-08-05T05:48:22.353,8,null,false,math,0,null
328,1945,1908,false,2008-08-05T05:48:22.353,8,null,false,maps,0,null
328,1945,1908,false,2008-08-05T05:48:22.353,8,null,false,mapping,0,null
328,1945,1908,false,2008-08-05T05:48:22.353,8,null,false,latitude-longitude,0,null
22,1948,6,false,2008-08-05T05:54:23.310,67,null,false,html,0,null
22,1948,6,false,2008-08-05T05:54:23.310,67,null,false,css,0,null
22,1948,6,false,2008-08-05T05:54:23.310,67,null,false,internet-explorer-7,0,null
1310,30518,30428,false,2008-08-27T15:53:33.717,3,null,false,java,0,null
1310,30518,30428,false,2008-08-27T15:53:33.717,3,null,false,cluster-computing,0,null
1310,30518,30428,false,2008-08-27T15:53:33.717,3,null,false,terracotta,0,null
1310,30518,30428,false,2008-08-27T15:53:33.717,3,null,false,jgroups,0,null
572,30523,30485,false,2008-08-27T15:55:05.650,6,null,false,html,3,null
572,30523,30485,false,2008-08-27T15:55:05.650,6,null,false,sql,3,null
572,30523,30485,false,2008-08-27T15:55:05.650,6,null,false,sql-server,3,null
572,30523,30485,false,2008-08-27T15:55:05.650,6,null,false,textbox,3,null
572,30523,30485,false,2008-08-27T15:55:05.650,6,null,false,limit,3,null
2495,30524,30504,false,2008-08-27T15:55:05.867,5,null,false,visual-studio,0,null
392,37331,37317,false,2008-09-01T01:07:00.863,1,null,false,c#,0,null
392,37331,37317,false,2008-09-01T01:07:00.863,1,null,false,.net,0,null
392,37331,37317,false,2008-09-01T01:07:00.863,1,null,false,winforms,0,null
372,37332,37324,false,2008-09-01T01:08:58.110,616,null,false,c#,2,null
372,37332,37324,false,2008-09-01T01:08:58.110,616,null,false,.net,2,null
372,37332,37324,false,2008-09-01T01:08:58.110,616,null,false,sql,2,null
372,37332,37324,false,2008-09-01T01:08:58.110,616,null,false,linq-to-sql,2,null
372,37332,37324,false,2008-09-01T01:08:58.110,616,null,false,join,2,null
1196,37333,37324,false,2008-09-01T01:09:30.420,26,null,false,c#,2,null
1196,37333,37324,false,2008-09-01T01:09:30.420,26,null,false,.net,2,null
1196,37333,37324,false,2008-09-01T01:09:30.420,26,null,false,sql,2,null
1196,37333,37324,false,2008-09-01T01:09:30.420,26,null,false,linq-to-sql,2,null
1196,37333,37324,false,2008-09-01T01:09:30.420,26,null,false,join,2,null
820,37336,37317,false,2008-09-01T01:11:00.587,16,null,false,c#,0,null
820,37336,37317,false,2008-09-01T01:11:00.587,16,null,false,.net,0,null
820,37336,37317,false,2008-09-01T01:11:00.587,16,null,false,winforms,0,null
3452,37338,37317,false,2008-09-01T01:13:05.123,0,null,false,c#,0,null
3452,37338,37317,false,2008-09-01T01:13:05.123,0,null,false,.net,0,null
3452,37338,37317,false,2008-09-01T01:13:05.123,0,null,false,winforms,0,null
257,37347,37346,false,2008-09-01T01:29:36.940,6,null,false,c++,0,null
257,37347,37346,false,2008-09-01T01:29:36.940,6,null,false,stl,0,null
533,37348,37346,false,2008-09-01T01:29:43.617,31,null,false,c++,5,null
533,37348,37346,false,2008-09-01T01:29:43.617,31,null,false,stl,5,null
2925,37349,37335,false,2008-09-01T01:29:54.457,310,null,false,java,3,null
2925,37349,37335,false,2008-09-01T01:29:54.457,310,null,false,jvm,3,null
2925,37349,37335,false,2008-09-01T01:29:54.457,310,null,false,out-of-memory,3,null
2925,37349,37335,false,2008-09-01T01:29:54.457,310,null,false,heap-memory,3,null
1554,37350,37346,false,2008-09-01T01:30:10.697,-14,null,false,c++,1,null
1554,37350,37346,false,2008-09-01T01:30:10.697,-14,null,false,stl,1,null
3547,37355,37271,false,2008-09-01T01:43:47.390,5,null,false,java,0,null
3547,37355,37271,false,2008-09-01T01:43:47.390,5,null,false,persistence,0,null
3547,37355,37271,false,2008-09-01T01:43:47.390,5,null,false,desktop,0,null
3547,37355,37271,false,2008-09-01T01:43:47.390,5,null,false,oop,0,null
3716,37365,37306,false,2008-09-01T02:02:07.907,1,null,false,.net,0,null
3716,37365,37306,false,2008-09-01T02:02:07.907,1,null,false,winforms,0,null
3716,37365,37306,false,2008-09-01T02:02:07.907,1,null,false,user-interface,0,null
3716,37365,37306,false,2008-09-01T02:02:07.907,1,null,false,layout,0,null
3716,37365,37306,false,2008-09-01T02:02:07.907,1,null,false,fonts,0,null
1666,37368,37343,false,2008-09-01T02:03:16.733,1,null,false,php,0,null
1666,37368,37343,false,2008-09-01T02:03:16.733,1,null,false,wordpress,0,null
1666,37368,37343,false,2008-09-01T02:03:16.733,1,null,false,lamp,0,null
1666,37368,37343,false,2008-09-01T02:03:16.733,1,null,false,mediawiki,0,null
3836,37369,30373,false,2008-09-01T02:03:56.793,3,null,true,c++,0,null
3836,37369,30373,false,2008-09-01T02:03:56.793,3,null,true,stl,0,null
1370,13747,13745,false,2008-08-17T17:24:54.433,-1,null,false,svn,1,null
1370,13747,13745,false,2008-08-17T17:24:54.433,-1,null,false,tortoisesvn,1,null
1370,13747,13745,false,2008-08-17T17:24:54.433,-1,null,false,resharper,1,null
1370,13747,13745,false,2008-08-17T17:24:54.433,-1,null,false,visualsvn,1,null
1370,13747,13745,false,2008-08-17T17:24:54.433,-1,null,false,ankhsvn,1,null
5,13755,1623,false,2008-08-17T17:35:22.070,7,null,false,visual-studio,1,null
5,13755,1623,false,2008-08-17T17:35:22.070,7,null,false,projects-and-solutions,1,null
905,13756,13745,false,2008-08-17T17:35:59.167,12,null,false,svn,4,null
905,13756,13745,false,2008-08-17T17:35:59.167,12,null,false,tortoisesvn,4,null
905,13756,13745,false,2008-08-17T17:35:59.167,12,null,false,resharper,4,null
905,13756,13745,false,2008-08-17T17:35:59.167,12,null,false,visualsvn,4,null
905,13756,13745,false,2008-08-17T17:35:59.167,12,null,false,ankhsvn,4,null
1600,13757,13655,false,2008-08-17T17:36:21.727,1,null,false,.net,0,null
1600,13759,13430,false,2008-08-17T17:38:12.783,4,null,false,iis-7,0,null
1600,13759,13430,false,2008-08-17T17:38:12.783,4,null,false,cruisecontrol.net,0,null
1358,13760,13753,false,2008-08-17T17:41:14.103,0,null,false,.net,0,null
1358,13760,13753,false,2008-08-17T17:41:14.103,0,null,false,powershell,0,null
1358,13760,13753,false,2008-08-17T17:41:14.103,0,null,false,scripting,0,null
1358,13760,13753,false,2008-08-17T17:41:14.103,0,null,false,active-directory,0,null
1358,13766,13763,false,2008-08-17T17:54:01.707,0,null,false,javascript,1,null
1358,13766,13763,false,2008-08-17T17:54:01.707,0,null,false,html,1,null
1358,13766,13763,false,2008-08-17T17:54:01.707,0,null,false,dom,1,null
1370,13769,13763,false,2008-08-17T17:56:17.130,49,null,false,javascript,0,null
1370,13769,13763,false,2008-08-17T17:56:17.130,49,null,false,html,0,null
1370,13769,13763,false,2008-08-17T17:56:17.130,49,null,false,dom,0,null
122,13773,13763,false,2008-08-17T17:58:55.923,0,null,false,javascript,0,null
122,13773,13763,false,2008-08-17T17:58:55.923,0,null,false,html,0,null
122,13773,13763,false,2008-08-17T17:58:55.923,0,null,false,dom,0,null
1075,13774,13725,false,2008-08-17T17:58:56.970,0,null,false,objective-c,0,null
1075,13774,13725,false,2008-08-17T17:58:56.970,0,null,false,cocoa,0,null
1075,13774,13725,false,2008-08-17T17:58:56.970,0,null,false,types,0,null
1690,24564,24528,false,2008-08-23T20:11:15.397,2,null,false,windows,5,null
1690,24564,24528,false,2008-08-23T20:11:15.397,2,null,false,svn,5,null
1854,24567,24496,false,2008-08-23T20:14:26.060,4,null,false,model-view-controller,0,null
1854,24567,24496,false,2008-08-23T20:14:26.060,4,null,false,mvp,0,null
1854,24567,24496,false,2008-08-23T20:14:26.060,4,null,false,passive-view,0,null
1854,24567,24496,false,2008-08-23T20:14:26.060,4,null,false,architectural-patterns,0,null
160,24569,24541,false,2008-08-23T20:22:33.417,1,null,false,sql-server-2005,0,null
160,24569,24541,false,2008-08-23T20:22:33.417,1,null,false,t-sql,0,null
112,24574,24546,false,2008-08-23T20:33:00.787,18,null,false,perl,2,null
112,24574,24546,false,2008-08-23T20:33:00.787,18,null,false,wikipedia,2,null
112,24574,24546,false,2008-08-23T20:33:00.787,18,null,false,lwp,2,null
2541,24575,4689,false,2008-08-23T20:34:59.050,6,null,true,fonts,1,null
2541,24575,4689,false,2008-08-23T20:34:59.050,6,null,true,development-environment,1,null
1042,37371,37306,false,2008-09-01T02:08:47.173,1,null,false,.net,0,null
1042,37371,37306,false,2008-09-01T02:08:47.173,1,null,false,winforms,0,null
1042,37371,37306,false,2008-09-01T02:08:47.173,1,null,false,user-interface,0,null
1042,37371,37306,false,2008-09-01T02:08:47.173,1,null,false,layout,0,null
1042,37371,37306,false,2008-09-01T02:08:47.173,1,null,false,fonts,0,null
72,139,126,false,2008-08-01T16:43:30.880,14,null,false,java,0,null
72,139,126,false,2008-08-01T16:43:30.880,14,null,false,php,0,null
72,139,126,false,2008-08-01T16:43:30.880,14,null,false,oop,0,null
72,139,126,false,2008-08-01T16:43:30.880,14,null,false,theory,0,null
71,141,129,false,2008-08-01T16:47:54.927,6,null,false,mysql,0,null
71,141,129,false,2008-08-01T16:47:54.927,6,null,false,sql-server,0,null
71,141,129,false,2008-08-01T16:47:54.927,6,null,false,csv,0,null
71,141,129,false,2008-08-01T16:47:54.927,6,null,false,sql-server-2005,0,null
71,141,129,false,2008-08-01T16:47:54.927,6,null,false,bcp,0,null
42,142,126,false,2008-08-01T16:56:55.830,6,null,false,java,0,null
42,142,126,false,2008-08-01T16:56:55.830,6,null,false,php,0,null
42,142,126,false,2008-08-01T16:56:55.830,6,null,false,oop,0,null
42,142,126,false,2008-08-01T16:56:55.830,6,null,false,theory,0,null
86,143,126,false,2008-08-01T17:01:27.240,5,null,false,java,0,null
86,143,126,false,2008-08-01T17:01:27.240,5,null,false,php,0,null
86,143,126,false,2008-08-01T17:01:27.240,5,null,false,oop,0,null
86,143,126,false,2008-08-01T17:01:27.240,5,null,false,theory,0,null
146637,147,42,false,2008-08-01T17:23:43.777,35,null,false,php,0,null
146637,147,42,false,2008-08-01T17:23:43.777,35,null,false,plugins,0,null
146637,147,42,false,2008-08-01T17:23:43.777,35,null,false,architecture,0,null
146637,147,42,false,2008-08-01T17:23:43.777,35,null,false,hook,0,null
2536,36282,36262,false,2008-08-30T19:23:21.960,4,null,false,.net,0,null
2536,36282,36262,false,2008-08-30T19:23:21.960,4,null,false,dataset,0,null
1143,36284,36262,false,2008-08-30T19:25:42.657,1,null,false,.net,0,null
1143,36284,36262,false,2008-08-30T19:25:42.657,1,null,false,dataset,0,null
1074,36285,36274,false,2008-08-30T19:26:21.687,42,null,false,data-binding,0,null
1074,36285,36274,false,2008-08-30T19:26:21.687,42,null,false,lazy-loading,0,null
1733,36287,36129,false,2008-08-30T19:31:46.650,3,null,false,design-patterns,0,null
1694,36291,36274,false,2008-08-30T19:35:22.273,5,null,false,data-binding,0,null
1694,36291,36274,false,2008-08-30T19:35:22.273,5,null,false,lazy-loading,0,null
122,36297,36274,false,2008-08-30T19:44:05.653,231,null,false,data-binding,1,null
122,36297,36274,false,2008-08-30T19:44:05.653,231,null,false,lazy-loading,1,null
122,36304,36296,false,2008-08-30T19:57:12.083,2,null,false,encryption,0,null
122,36304,36296,false,2008-08-30T19:57:12.083,2,null,false,pdc,0,null
3187,36307,36129,false,2008-08-30T20:01:58.497,3,null,false,design-patterns,0,null
1553,36311,36106,false,2008-08-30T20:05:37.723,16,null,false,data-structures,1,null
1553,36311,36106,false,2008-08-30T20:05:37.723,16,null,false,information-retrieval,1,null
46,1957,1848,false,2008-08-05T06:00:46.417,3,null,false,c#,1,null
46,1957,1848,false,2008-08-05T06:00:46.417,3,null,false,image,1,null
46,1957,1848,false,2008-08-05T06:00:46.417,3,null,false,image-processing,1,null
46,1957,1848,false,2008-08-05T06:00:46.417,3,null,false,artificial-intelligence,1,null
269,1986,1982,false,2008-08-05T07:23:45.390,2,null,false,c++,0,null
269,1986,1982,false,2008-08-05T07:23:45.390,2,null,false,performance,0,null
269,1986,1982,false,2008-08-05T07:23:45.390,2,null,false,cpu,0,null
269,1986,1982,false,2008-08-05T07:23:45.390,2,null,false,throttling,0,null
269,1987,1983,false,2008-08-05T07:27:40.610,23,null,false,python,1,null
269,1987,1983,false,2008-08-05T07:27:40.610,23,null,false,list,1,null
269,1987,1983,false,2008-08-05T07:27:40.610,23,null,false,tuples,1,null
658,36321,36314,false,2008-08-30T20:19:51.187,1095,null,false,javascript,18,null
658,36321,36314,false,2008-08-30T20:19:51.187,1095,null,false,functional-programming,18,null
658,36321,36314,false,2008-08-30T20:19:51.187,1095,null,false,terminology,18,null
658,36321,36314,false,2008-08-30T20:19:51.187,1095,null,false,definition,18,null
658,36321,36314,false,2008-08-30T20:19:51.187,1095,null,false,currying,18,null
3002,36327,36324,false,2008-08-30T20:34:35.877,23,null,false,python,2,null
3002,36327,36324,false,2008-08-30T20:34:35.877,23,null,false,svn-merge,2,null
2975,36332,36326,false,2008-08-30T20:40:42.307,6,null,false,c#,0,null
2975,36332,36326,false,2008-08-30T20:40:42.307,6,null,false,.net,0,null
2975,36332,36326,false,2008-08-30T20:40:42.307,6,null,false,app-config,0,null
3191,36335,36326,false,2008-08-30T20:44:49.520,1,null,false,c#,0,null
3191,36335,36326,false,2008-08-30T20:44:49.520,1,null,false,.net,0,null
3191,36335,36326,false,2008-08-30T20:44:49.520,1,null,false,app-config,0,null
952,37383,37378,false,2008-09-01T02:25:32.217,3,null,false,oop,0,null
2701,37385,37375,false,2008-09-01T02:26:40.437,7,null,false,wcf,1,null
2701,37385,37375,false,2008-09-01T02:26:40.437,7,null,false,unit-testing,1,null
588,6542,6373,false,2008-08-09T02:20:29.597,3,null,false,javascript,0,null
372,6543,6484,false,2008-08-09T02:21:32.853,0,null,false,unit-testing,1,null
372,6543,6484,false,2008-08-09T02:21:32.853,0,null,false,language-agnostic,1,null
372,6543,6484,false,2008-08-09T02:21:32.853,0,null,false,tdd,1,null
372,6543,6484,false,2008-08-09T02:21:32.853,0,null,false,mocking,1,null
271,6553,6547,false,2008-08-09T02:29:48.110,2,null,false,algorithm,0,null
271,6553,6547,false,2008-08-09T02:29:48.110,2,null,false,puzzle,0,null
234,6555,6414,false,2008-08-09T02:31:13.537,5,null,false,c#,0,null
234,6555,6414,false,2008-08-09T02:31:13.537,5,null,false,loops,0,null
234,6555,6414,false,2008-08-09T02:31:13.537,5,null,false,break,0,null
234,6555,6414,false,2008-08-09T02:31:13.537,5,null,false,enumeration,0,null
234,6555,6414,false,2008-08-09T02:31:13.537,5,null,false,continue,0,null
122,6558,6547,false,2008-08-09T02:37:41.760,1,null,false,algorithm,0,null
122,6558,6547,false,2008-08-09T02:37:41.760,1,null,false,puzzle,0,null
67,6559,6557,false,2008-08-09T02:38:02.883,11,null,false,c#,0,null
67,6559,6557,false,2008-08-09T02:38:02.883,11,null,false,.net,0,null
67,6559,6557,false,2008-08-09T02:38:02.883,11,null,false,generics,0,null
67,6559,6557,false,2008-08-09T02:38:02.883,11,null,false,covariance,0,null
67,6559,6557,false,2008-08-09T02:38:02.883,11,null,false,type-safety,0,null
792,6560,6547,false,2008-08-09T02:40:56.653,3,null,false,algorithm,0,null
792,6560,6547,false,2008-08-09T02:40:56.653,3,null,false,puzzle,0,null
613,6565,6547,false,2008-08-09T02:45:43.070,55,null,false,algorithm,5,null
613,6565,6547,false,2008-08-09T02:45:43.070,55,null,false,puzzle,5,null
13,6566,6512,false,2008-08-09T02:49:25.903,19,null,false,c,0,null
13,6566,6512,false,2008-08-09T02:49:25.903,19,null,false,lisp,0,null
13,6566,6512,false,2008-08-09T02:49:25.903,19,null,false,scheme,0,null
13,6566,6512,false,2008-08-09T02:49:25.903,19,null,false,continuations,0,null
122,6567,6557,false,2008-08-09T02:50:14.903,39,null,false,c#,4,null
122,6567,6557,false,2008-08-09T02:50:14.903,39,null,false,.net,4,null
122,6567,6557,false,2008-08-09T02:50:14.903,39,null,false,generics,4,null
122,6567,6557,false,2008-08-09T02:50:14.903,39,null,false,covariance,4,null
122,6567,6557,false,2008-08-09T02:50:14.903,39,null,false,type-safety,4,null
2084,19521,19516,false,2008-08-21T09:26:24.103,4,null,false,database,0,null
2084,19521,19516,false,2008-08-21T09:26:24.103,4,null,false,sql-server-2005,0,null
2084,19521,19516,false,2008-08-21T09:26:24.103,4,null,false,referential-integrity,0,null
364,19527,19487,false,2008-08-21T09:30:34.890,0,null,false,html,0,null
364,19527,19487,false,2008-08-21T09:30:34.890,0,null,false,css,0,null
1084,19542,19409,false,2008-08-21T09:46:17.583,3,null,false,gnu-assembler,0,null
1084,19542,19409,false,2008-08-21T09:46:17.583,3,null,false,assembly,0,null
2199,19545,19516,false,2008-08-21T09:48:49.573,1,null,false,database,0,null
2199,19545,19516,false,2008-08-21T09:48:49.573,1,null,false,sql-server-2005,0,null
2199,19545,19516,false,2008-08-21T09:48:49.573,1,null,false,referential-integrity,0,null
3743,40187,40169,false,2008-09-02T18:12:24.383,1,null,false,sql,3,null
3743,40187,40169,false,2008-09-02T18:12:24.383,1,null,false,sql-server,3,null
3743,40187,40169,false,2008-09-02T18:12:24.383,1,null,false,database,3,null
3743,40187,40169,false,2008-09-02T18:12:24.383,1,null,false,database-design,3,null
3743,40187,40169,false,2008-09-02T18:12:24.383,1,null,false,crystal-reports,3,null
2260,40190,40107,false,2008-09-02T18:15:22.100,0,null,false,c#,0,null
2260,40190,40107,false,2008-09-02T18:15:22.100,0,null,false,reflection,0,null
2260,40190,40107,false,2008-09-02T18:15:22.100,0,null,false,enums,0,null
2260,40190,40107,false,2008-09-02T18:15:22.100,0,null,false,attributes,0,null
4140,40191,40169,false,2008-09-02T18:17:41.390,2,null,false,sql,0,null
4140,40191,40169,false,2008-09-02T18:17:41.390,2,null,false,sql-server,0,null
4140,40191,40169,false,2008-09-02T18:17:41.390,2,null,false,database,0,null
4140,40191,40169,false,2008-09-02T18:17:41.390,2,null,false,database-design,0,null
4140,40191,40169,false,2008-09-02T18:17:41.390,2,null,false,crystal-reports,0,null
1206,40192,40132,false,2008-09-02T18:19:07.940,1,null,false,c#,0,null
797,6569,6557,false,2008-08-09T02:53:18.237,3,null,false,c#,0,null
797,6569,6557,false,2008-08-09T02:53:18.237,3,null,false,.net,0,null
797,6569,6557,false,2008-08-09T02:53:18.237,3,null,false,generics,0,null
797,6569,6557,false,2008-08-09T02:53:18.237,3,null,false,covariance,0,null
797,6569,6557,false,2008-08-09T02:53:18.237,3,null,false,type-safety,0,null
784,6572,6512,false,2008-08-09T02:55:01.947,1,null,false,c,1,null
784,6572,6512,false,2008-08-09T02:55:01.947,1,null,false,lisp,1,null
784,6572,6512,false,2008-08-09T02:55:01.947,1,null,false,scheme,1,null
784,6572,6512,false,2008-08-09T02:55:01.947,1,null,false,continuations,1,null
372,6574,6557,false,2008-08-09T02:58:26.463,6,null,false,c#,0,null
372,6574,6557,false,2008-08-09T02:58:26.463,6,null,false,.net,0,null
372,6574,6557,false,2008-08-09T02:58:26.463,6,null,false,generics,0,null
372,6574,6557,false,2008-08-09T02:58:26.463,6,null,false,covariance,0,null
372,6574,6557,false,2008-08-09T02:58:26.463,6,null,false,type-safety,0,null
796,6576,1644,false,2008-08-09T03:00:11.030,7,null,true,podcast,0,null
233,6577,6557,false,2008-08-09T03:07:44.337,36,null,false,c#,0,null
233,6577,6557,false,2008-08-09T03:07:44.337,36,null,false,.net,0,null
233,6577,6557,false,2008-08-09T03:07:44.337,36,null,false,generics,0,null
233,6577,6557,false,2008-08-09T03:07:44.337,36,null,false,covariance,0,null
233,6577,6557,false,2008-08-09T03:07:44.337,36,null,false,type-safety,0,null
188,19550,19519,false,2008-08-21T09:53:30.187,0,null,false,desktop,0,null
188,19550,19519,false,2008-08-21T09:53:30.187,0,null,false,virtualization,0,null
188,19550,19519,false,2008-08-21T09:53:30.187,0,null,false,legacy,0,null
1816,19554,19519,false,2008-08-21T09:57:29.910,0,null,false,desktop,0,null
1816,19554,19519,false,2008-08-21T09:57:29.910,0,null,false,virtualization,0,null
1816,19554,19519,false,2008-08-21T09:57:29.910,0,null,false,legacy,0,null
188,19555,19458,false,2008-08-21T09:57:53.873,3,null,false,sql,1,null
714,25673,25652,false,2008-08-25T05:00:04.977,4,null,false,cocoa,0,null
714,25673,25652,false,2008-08-25T05:00:04.977,4,null,false,macos,0,null
257,25678,25675,false,2008-08-25T05:09:41.800,4,null,false,model-view-controller,0,null
257,25678,25675,false,2008-08-25T05:09:41.800,4,null,false,validation,0,null
257,25678,25675,false,2008-08-25T05:09:41.800,4,null,false,forms,0,null
489,3261,9,false,2008-08-06T10:23:30.550,46,null,true,c#,2,null
489,3261,9,false,2008-08-06T10:23:30.550,46,null,true,.net,2,null
489,3261,9,false,2008-08-06T10:23:30.550,46,null,true,datetime,2,null
332,3267,3213,false,2008-08-06T10:31:24.170,70,null,false,c#,3,null
332,3267,3213,false,2008-08-06T10:31:24.170,70,null,false,integer,3,null
491,3271,1644,false,2008-08-06T10:41:16.910,1,null,true,podcast,0,null
987,28651,28542,false,2008-08-26T17:14:17.697,1,null,false,c,1,null
987,28651,28542,false,2008-08-26T17:14:17.697,1,null,false,gcc,1,null
987,28651,28542,false,2008-08-26T17:14:17.697,1,null,false,arm,1,null
987,28651,28542,false,2008-08-26T17:14:17.697,1,null,false,assembly,1,null
832,28653,28637,false,2008-08-26T17:14:44.170,4,null,false,c#,0,null
832,28653,28637,false,2008-08-26T17:14:44.170,4,null,false,.net,0,null
832,28653,28637,false,2008-08-26T17:14:44.170,4,null,false,performance,0,null
832,28653,28637,false,2008-08-26T17:14:44.170,4,null,false,datetime,0,null
832,28653,28637,false,2008-08-26T17:14:44.170,4,null,false,timer,0,null
2635,28657,28637,false,2008-08-26T17:15:20.723,95,null,false,c#,0,null
2635,28657,28637,false,2008-08-26T17:15:20.723,95,null,false,.net,0,null
2635,28657,28637,false,2008-08-26T17:15:20.723,95,null,false,performance,0,null
2635,28657,28637,false,2008-08-26T17:15:20.723,95,null,false,datetime,0,null
2635,28657,28637,false,2008-08-26T17:15:20.723,95,null,false,timer,0,null
1638,24581,24580,false,2008-08-23T20:43:02.620,3,null,false,visual-studio,1,null
1638,24581,24580,false,2008-08-23T20:43:02.620,3,null,false,build-automation,1,null
2638,24582,3255,false,2008-08-23T20:43:50.357,43,null,false,algorithm,1,null
2638,24582,3255,false,2008-08-23T20:43:50.357,43,null,false,optimization,1,null
2638,24582,3255,false,2008-08-23T20:43:50.357,43,null,false,complexity-theory,1,null
2638,24582,3255,false,2008-08-23T20:43:50.357,43,null,false,big-o,1,null
2638,24582,3255,false,2008-08-23T20:43:50.357,43,null,false,performance,1,null
1600,24583,24580,false,2008-08-23T20:44:58.030,4,null,false,visual-studio,0,null
1600,24583,24580,false,2008-08-23T20:44:58.030,4,null,false,build-automation,0,null
1968,31999,31913,false,2008-08-28T10:36:55.127,0,null,false,c++,0,null
1968,31999,31913,false,2008-08-28T10:36:55.127,0,null,false,design-patterns,0,null
1968,31999,31913,false,2008-08-28T10:36:55.127,0,null,false,visitors,0,null
4642,45049,45036,false,2008-09-05T00:40:06.167,137,null,false,.net,4,null
4642,45049,45036,false,2008-09-05T00:40:06.167,137,null,false,dispose,4,null
4642,45049,45036,false,2008-09-05T00:40:06.167,137,null,false,idisposable,4,null
3008,45050,45036,false,2008-09-05T00:40:12.763,1,null,false,.net,1,null
3008,45050,45036,false,2008-09-05T00:40:12.763,1,null,false,dispose,1,null
3008,45050,45036,false,2008-09-05T00:40:12.763,1,null,false,idisposable,1,null
3631,45051,45036,false,2008-09-05T00:42:47.767,2,null,false,.net,0,null
3631,45051,45036,false,2008-09-05T00:42:47.767,2,null,false,dispose,0,null
3631,45051,45036,false,2008-09-05T00:42:47.767,2,null,false,idisposable,0,null
507,45058,45036,false,2008-09-05T00:47:07.600,0,null,false,.net,0,null
507,45058,45036,false,2008-09-05T00:47:07.600,0,null,false,dispose,0,null
507,45058,45036,false,2008-09-05T00:47:07.600,0,null,false,idisposable,0,null
72,45063,45042,false,2008-09-05T01:01:56.363,9,null,false,svn,0,null
72,45063,45042,false,2008-09-05T01:01:56.363,9,null,false,version-control,0,null
305,40195,40193,false,2008-09-02T18:20:23.163,1,null,false,bash,1,null
305,40195,40193,false,2008-09-02T18:20:23.163,1,null,false,unix,1,null
305,40195,40193,false,2008-09-02T18:20:23.163,1,null,false,command,1,null
305,40195,40193,false,2008-09-02T18:20:23.163,1,null,false,ls,1,null
75,40200,40193,false,2008-09-02T18:23:11.160,15,null,false,bash,0,null
75,40200,40193,false,2008-09-02T18:23:11.160,15,null,false,unix,0,null
75,40200,40193,false,2008-09-02T18:23:11.160,15,null,false,command,0,null
75,40200,40193,false,2008-09-02T18:23:11.160,15,null,false,ls,0,null
3295,40201,40193,false,2008-09-02T18:23:16.103,1,null,false,bash,0,null
3295,40201,40193,false,2008-09-02T18:23:16.103,1,null,false,unix,0,null
3295,40201,40193,false,2008-09-02T18:23:16.103,1,null,false,command,0,null
3295,40201,40193,false,2008-09-02T18:23:16.103,1,null,false,ls,0,null
4277,40202,40193,false,2008-09-02T18:23:21.020,5,null,false,bash,0,null
4277,40202,40193,false,2008-09-02T18:23:21.020,5,null,false,unix,0,null
4277,40202,40193,false,2008-09-02T18:23:21.020,5,null,false,command,0,null
4277,40202,40193,false,2008-09-02T18:23:21.020,5,null,false,ls,0,null
1965,40203,39855,false,2008-09-02T18:24:16.040,0,null,false,xhtml,0,null
1965,40203,39855,false,2008-09-02T18:24:16.040,0,null,false,embed,0,null
1965,40203,39855,false,2008-09-02T18:24:16.040,0,null,false,powerpoint,0,null
2710,40204,40193,false,2008-09-02T18:24:46.413,3,null,false,bash,1,null
2710,40204,40193,false,2008-09-02T18:24:46.413,3,null,false,unix,1,null
2710,40204,40193,false,2008-09-02T18:24:46.413,3,null,false,command,1,null
2710,40204,40193,false,2008-09-02T18:24:46.413,3,null,false,ls,1,null
2915,40205,39503,false,2008-09-02T18:25:28.517,7,null,false,windows,0,null
2915,40205,39503,false,2008-09-02T18:25:28.517,7,null,false,mbr,0,null
3333,40206,40193,false,2008-09-02T18:25:34.273,54,null,false,bash,4,null
3333,40206,40193,false,2008-09-02T18:25:34.273,54,null,false,unix,4,null
3333,40206,40193,false,2008-09-02T18:25:34.273,54,null,false,command,4,null
3333,40206,40193,false,2008-09-02T18:25:34.273,54,null,false,ls,4,null
3394,40207,40161,false,2008-09-02T18:26:09.373,6,null,false,c#,0,null
3394,40207,40161,false,2008-09-02T18:26:09.373,6,null,false,parsing,0,null
4299,40208,40054,false,2008-09-02T18:26:10.403,4,null,false,c#,0,null
4299,40208,40054,false,2008-09-02T18:26:10.403,4,null,false,linq,0,null
3547,40210,39194,false,2008-09-02T18:27:47.310,0,null,false,java,0,null
3547,40210,39194,false,2008-09-02T18:27:47.310,0,null,false,macos,0,null
3547,40210,39194,false,2008-09-02T18:27:47.310,0,null,false,deployment,0,null
4287,40212,30295,false,2008-09-02T18:29:42.533,4,null,false,tomcat,1,null
4287,40212,30295,false,2008-09-02T18:29:42.533,4,null,false,cluster-computing,1,null
2284,40213,40211,false,2008-09-02T18:30:25.463,5,null,false,c#,0,null
2284,40213,40211,false,2008-09-02T18:30:25.463,5,null,false,.net,0,null
2284,40213,40211,false,2008-09-02T18:30:25.463,5,null,false,enums,0,null
2284,40213,40211,false,2008-09-02T18:30:25.463,5,null,false,attributes,0,null
2284,40213,40211,false,2008-09-02T18:30:25.463,5,null,false,flags,0,null
2710,40214,40119,false,2008-09-02T18:30:34.760,1,null,false,java,0,null
2710,40214,40119,false,2008-09-02T18:30:34.760,1,null,false,memory,0,null
2710,40214,40119,false,2008-09-02T18:30:34.760,1,null,false,memory-leaks,0,null
2710,40214,40119,false,2008-09-02T18:30:34.760,1,null,false,jhat,0,null
1069,12410,12374,false,2008-08-15T15:51:21.313,0,null,false,sql,0,null
1069,12410,12374,false,2008-08-15T15:51:21.313,0,null,false,unit-testing,0,null
1069,12410,12374,false,2008-08-15T15:51:21.313,0,null,false,linq-to-sql,0,null
1042,12424,12406,false,2008-08-15T16:06:39.427,3,null,false,visual-studio-2008,2,null
1042,12424,12406,false,2008-08-15T16:06:39.427,3,null,false,visual-studio-2008-sp1,2,null
1357,12425,7603,false,2008-08-15T16:07:21.377,2,null,false,web-services,0,null
1357,12425,7603,false,2008-08-15T16:07:21.377,2,null,false,ws-security,0,null
648,12426,12401,false,2008-08-15T16:08:17.053,2,null,false,asp.net,0,null
648,12426,12401,false,2008-08-15T16:08:17.053,2,null,false,session,0,null
648,12426,12401,false,2008-08-15T16:08:17.053,2,null,false,cluster-computing,0,null
648,12426,12401,false,2008-08-15T16:08:17.053,2,null,false,failover,0,null
648,12426,12401,false,2008-08-15T16:08:17.053,2,null,false,session-replication,0,null
1965,24584,24580,false,2008-08-23T20:46:26.840,30,null,false,visual-studio,0,null
1965,24584,24580,false,2008-08-23T20:46:26.840,30,null,false,build-automation,0,null
2622,24588,24546,false,2008-08-23T20:48:56.897,5,null,false,perl,0,null
2622,24588,24546,false,2008-08-23T20:48:56.897,5,null,false,wikipedia,0,null
2622,24588,24546,false,2008-08-23T20:48:56.897,5,null,false,lwp,0,null
1190,24589,24516,false,2008-08-23T20:49:00.047,9,null,false,parsing,1,null
1190,24589,24516,false,2008-08-23T20:49:00.047,9,null,false,ocaml,1,null
1190,24589,24516,false,2008-08-23T20:49:00.047,9,null,false,grammar,1,null
1190,24589,24516,false,2008-08-23T20:49:00.047,9,null,false,yacc,1,null
1638,24590,24528,false,2008-08-23T20:50:30.527,1,null,false,windows,0,null
1638,24590,24528,false,2008-08-23T20:50:30.527,1,null,false,svn,0,null
1464,24591,24580,false,2008-08-23T20:52:43.517,4,null,false,visual-studio,0,null
1464,24591,24580,false,2008-08-23T20:52:43.517,4,null,false,build-automation,0,null
1470,24592,24556,false,2008-08-23T20:54:12.047,0,null,false,c#,0,null
1470,24592,24556,false,2008-08-23T20:54:12.047,0,null,false,linq-to-sql,0,null
269,1992,1988,false,2008-08-05T07:40:26.980,2,null,false,macros,0,null
269,1992,1988,false,2008-08-05T07:40:26.980,2,null,false,lisp,0,null
122,1993,1988,false,2008-08-05T07:45:14.020,1,null,false,macros,0,null
122,1993,1988,false,2008-08-05T07:45:14.020,1,null,false,lisp,0,null
122,1998,1994,false,2008-08-05T07:51:54.727,5,null,false,c#,0,null
122,1998,1994,false,2008-08-05T07:51:54.727,5,null,false,data-binding,0,null
195,2001,1995,false,2008-08-05T07:54:12.613,10,null,false,c#,0,null
195,2001,1995,false,2008-08-05T07:54:12.613,10,null,false,.net,0,null
195,2001,1995,false,2008-08-05T07:54:12.613,10,null,false,double,0,null
195,2001,1995,false,2008-08-05T07:54:12.613,10,null,false,int,0,null
192,2002,1994,false,2008-08-05T07:56:53.140,2,null,false,c#,0,null
192,2002,1994,false,2008-08-05T07:56:53.140,2,null,false,data-binding,0,null
232,2005,1995,false,2008-08-05T08:02:01.087,3,null,false,c#,0,null
232,2005,1995,false,2008-08-05T08:02:01.087,3,null,false,.net,0,null
232,2005,1995,false,2008-08-05T08:02:01.087,3,null,false,double,0,null
232,2005,1995,false,2008-08-05T08:02:01.087,3,null,false,int,0,null
116,2006,1982,false,2008-08-05T08:03:01.397,5,null,false,c++,1,null
116,2006,1982,false,2008-08-05T08:03:01.397,5,null,false,performance,1,null
116,2006,1982,false,2008-08-05T08:03:01.397,5,null,false,cpu,1,null
116,2006,1982,false,2008-08-05T08:03:01.397,5,null,false,throttling,1,null
122,2009,1995,false,2008-08-05T08:04:22.093,5,null,false,c#,0,null
122,2009,1995,false,2008-08-05T08:04:22.093,5,null,false,.net,0,null
122,2009,1995,false,2008-08-05T08:04:22.093,5,null,false,double,0,null
122,2009,1995,false,2008-08-05T08:04:22.093,5,null,false,int,0,null
437,46182,46160,false,2008-09-05T16:15:36.710,10,null,false,java,0,null
437,46182,46160,false,2008-09-05T16:15:36.710,10,null,false,performance,0,null
437,46182,46160,false,2008-09-05T16:15:36.710,10,null,false,string,0,null
1386292,46183,46160,false,2008-09-05T16:15:41.827,0,null,false,java,0,null
1386292,46183,46160,false,2008-09-05T16:15:41.827,0,null,false,performance,0,null
1386292,46183,46160,false,2008-09-05T16:15:41.827,0,null,false,string,0,null
4545,46184,46136,false,2008-09-05T16:15:47.523,6,null,false,apache-flex,0,null
4545,46184,46136,false,2008-09-05T16:15:47.523,6,null,false,flash,0,null
4545,46184,46136,false,2008-09-05T16:15:47.523,6,null,false,actionscript-3,0,null
4545,46184,46136,false,2008-09-05T16:15:47.523,6,null,false,porting,0,null
3631,46185,46084,false,2008-09-05T16:16:05.837,1,null,false,debugging,0,null
3631,46185,46084,false,2008-09-05T16:16:05.837,1,null,false,windows-xp,0,null
3631,46185,46084,false,2008-09-05T16:16:05.837,1,null,false,visual-c++-6,0,null
3631,46185,46084,false,2008-09-05T16:16:05.837,1,null,false,windows-nt,0,null
1577190,46186,37219,false,2008-09-05T16:16:32.763,23,null,false,git,1,null
572,46188,46160,false,2008-09-05T16:16:39.797,0,null,false,java,0,null
572,46188,46160,false,2008-09-05T16:16:39.797,0,null,false,performance,0,null
572,46188,46160,false,2008-09-05T16:16:39.797,0,null,false,string,0,null
3474,40215,40119,false,2008-09-02T18:30:42.530,15,null,false,java,1,null
3474,40215,40119,false,2008-09-02T18:30:42.530,15,null,false,memory,1,null
3474,40215,40119,false,2008-09-02T18:30:42.530,15,null,false,memory-leaks,1,null
3474,40215,40119,false,2008-09-02T18:30:42.530,15,null,false,jhat,1,null
4299,40217,40211,false,2008-09-02T18:31:53.137,187,null,false,c#,3,null
4299,40217,40211,false,2008-09-02T18:31:53.137,187,null,false,.net,3,null
4299,40217,40211,false,2008-09-02T18:31:53.137,187,null,false,enums,3,null
4299,40217,40211,false,2008-09-02T18:31:53.137,187,null,false,attributes,3,null
4299,40217,40211,false,2008-09-02T18:31:53.137,187,null,false,flags,3,null
3390,40218,40211,false,2008-09-02T18:32:18.673,7,null,false,c#,0,null
3390,40218,40211,false,2008-09-02T18:32:18.673,7,null,false,.net,0,null
3390,40218,40211,false,2008-09-02T18:32:18.673,7,null,false,enums,0,null
3390,40218,40211,false,2008-09-02T18:32:18.673,7,null,false,attributes,0,null
3390,40218,40211,false,2008-09-02T18:32:18.673,7,null,false,flags,0,null
2547,40221,40211,false,2008-09-02T18:33:12.680,4,null,false,c#,0,null
2547,40221,40211,false,2008-09-02T18:33:12.680,4,null,false,.net,0,null
2547,40221,40211,false,2008-09-02T18:33:12.680,4,null,false,enums,0,null
2547,40221,40211,false,2008-09-02T18:33:12.680,4,null,false,attributes,0,null
2547,40221,40211,false,2008-09-02T18:33:12.680,4,null,false,flags,0,null
2954,33699,33696,false,2008-08-29T00:27:41.867,0,null,false,php,0,null
2954,33699,33696,false,2008-08-29T00:27:41.867,0,null,false,c,0,null
2954,33699,33696,false,2008-08-29T00:27:41.867,0,null,false,objective-c,0,null
2954,33699,33696,false,2008-08-29T00:27:41.867,0,null,false,cocoa,0,null
3467,33701,33696,false,2008-08-29T00:29:51.427,3,null,false,php,0,null
3467,33701,33696,false,2008-08-29T00:29:51.427,3,null,false,c,0,null
3467,33701,33696,false,2008-08-29T00:29:51.427,3,null,false,objective-c,0,null
3467,33701,33696,false,2008-08-29T00:29:51.427,3,null,false,cocoa,0,null
338,33702,33696,false,2008-08-29T00:30:21.610,1,null,false,php,0,null
338,33702,33696,false,2008-08-29T00:30:21.610,1,null,false,c,0,null
338,33702,33696,false,2008-08-29T00:30:21.610,1,null,false,objective-c,0,null
338,33702,33696,false,2008-08-29T00:30:21.610,1,null,false,cocoa,0,null
,33707,33637,false,2008-08-29T00:36:44.687,56,null,false,gps,1,null
,33707,33637,false,2008-08-29T00:36:44.687,56,null,false,mobile-phones,1,null
45603,43338,43321,false,2008-09-04T08:27:10.403,3,null,false,bash,0,null
45603,43338,43321,false,2008-09-04T08:27:10.403,3,null,false,shell,0,null
45603,43338,43321,false,2008-09-04T08:27:10.403,3,null,false,zsh,0,null
4342,43340,43321,false,2008-09-04T08:28:02.617,70,null,false,bash,3,null
4342,43340,43321,false,2008-09-04T08:28:02.617,70,null,false,shell,3,null
4342,43340,43321,false,2008-09-04T08:28:02.617,70,null,false,zsh,3,null
4421,42046,41969,false,2008-09-03T16:18:25.303,16,null,false,python,1,null
4421,42046,41969,false,2008-09-03T16:18:25.303,16,null,false,linux,1,null
4421,42046,41969,false,2008-09-03T16:18:25.303,16,null,false,cross-platform,1,null
4421,42046,41969,false,2008-09-03T16:18:25.303,16,null,false,desktop,1,null
3474,42047,42013,false,2008-09-03T16:18:45.943,9,null,false,fuzzy-search,2,null
3474,42047,42013,false,2008-09-03T16:18:45.943,9,null,false,soundex,2,null
3474,42047,42013,false,2008-09-03T16:18:45.943,9,null,false,algorithm,2,null
2600,42048,42034,false,2008-09-03T16:18:53.493,66,null,false,python,3,null
2600,42048,42034,false,2008-09-03T16:18:53.493,66,null,false,tuples,3,null
4203,42049,42034,false,2008-09-03T16:19:14.007,2,null,false,python,0,null
4203,42049,42034,false,2008-09-03T16:19:14.007,2,null,false,tuples,0,null
2971,42050,42034,false,2008-09-03T16:20:00.853,1,null,false,python,0,null
2971,42050,42034,false,2008-09-03T16:20:00.853,1,null,false,tuples,0,null
2775,42052,42034,false,2008-09-03T16:20:59.447,21,null,false,python,1,null
2775,42052,42034,false,2008-09-03T16:20:59.447,21,null,false,tuples,1,null
1037,42054,41963,false,2008-09-03T16:23:02.780,1,null,false,version-control,0,null
1043,42055,42034,false,2008-09-03T16:23:48.037,1,null,false,python,0,null
1043,42055,42034,false,2008-09-03T16:23:48.037,1,null,false,tuples,0,null
905,42057,42013,false,2008-09-03T16:24:08.597,2,null,false,fuzzy-search,0,null
905,42057,42013,false,2008-09-03T16:24:08.597,2,null,false,soundex,0,null
905,42057,42013,false,2008-09-03T16:24:08.597,2,null,false,algorithm,0,null
,42058,42017,false,2008-09-03T16:24:32.777,4,null,false,.net,0,null
,42058,42017,false,2008-09-03T16:24:32.777,4,null,false,exif,0,null
4020,42060,42034,false,2008-09-03T16:25:17.690,5,null,false,python,0,null
4020,42060,42034,false,2008-09-03T16:25:17.690,5,null,false,tuples,0,null
3043,42066,42015,false,2008-09-03T16:28:33.360,-1,null,false,sql-server,0,null
3043,42066,42015,false,2008-09-03T16:28:33.360,-1,null,false,indexing,0,null
3043,42066,42015,false,2008-09-03T16:28:33.360,-1,null,false,sql-server-2005,0,null
999,42067,42015,false,2008-09-03T16:29:30.550,2,null,false,sql-server,0,null
999,42067,42015,false,2008-09-03T16:29:30.550,2,null,false,indexing,0,null
999,42067,42015,false,2008-09-03T16:29:30.550,2,null,false,sql-server-2005,0,null
615,32005,32000,false,2008-08-28T10:48:25.767,20,null,false,c#,3,null
615,32005,32000,false,2008-08-28T10:48:25.767,20,null,false,sql,3,null
615,32005,32000,false,2008-08-28T10:48:25.767,20,null,false,sql-server,3,null
615,32005,32000,false,2008-08-28T10:48:25.767,20,null,false,t-sql,3,null
1196,32006,32000,false,2008-08-28T10:50:37.027,1,null,false,c#,1,null
1196,32006,32000,false,2008-08-28T10:50:37.027,1,null,false,sql,1,null
1196,32006,32000,false,2008-08-28T10:50:37.027,1,null,false,sql-server,1,null
1196,32006,32000,false,2008-08-28T10:50:37.027,1,null,false,t-sql,1,null
615,32007,32003,false,2008-08-28T10:53:53.867,3,null,false,command-line,0,null
1969,32008,32001,false,2008-08-28T10:54:30.247,1,null,false,java,0,null
1969,32008,32001,false,2008-08-28T10:54:30.247,1,null,false,timer,0,null
2257,32012,32003,false,2008-08-28T10:57:01.753,1,null,false,command-line,0,null
2998,32014,32003,false,2008-08-28T10:58:30.363,0,null,false,command-line,0,null
2541,24601,24580,false,2008-08-23T21:04:15.970,1,null,false,visual-studio,0,null
2541,24601,24580,false,2008-08-23T21:04:15.970,1,null,false,build-automation,0,null
2638,24602,24599,false,2008-08-23T21:07:07.930,0,null,false,webex,0,null
115,24603,24599,false,2008-08-23T21:08:35.337,2,null,false,webex,0,null
2084,19560,19553,false,2008-08-21T10:02:28.637,10,null,false,c#,0,null
2084,19560,19553,false,2008-08-21T10:02:28.637,10,null,false,garbage-collection,0,null
2084,19560,19553,false,2008-08-21T10:02:28.637,10,null,false,dispose,0,null
2084,19560,19553,false,2008-08-21T10:02:28.637,10,null,false,destructor,0,null
1816,19561,19553,false,2008-08-21T10:02:44.530,0,null,false,c#,0,null
1816,19561,19553,false,2008-08-21T10:02:44.530,0,null,false,garbage-collection,0,null
1816,19561,19553,false,2008-08-21T10:02:44.530,0,null,false,dispose,0,null
1816,19561,19553,false,2008-08-21T10:02:44.530,0,null,false,destructor,0,null
1025,19565,19458,false,2008-08-21T10:04:16.073,1,null,false,sql,0,null
446497,19569,19553,false,2008-08-21T10:07:18.187,0,null,false,c#,0,null
446497,19569,19553,false,2008-08-21T10:07:18.187,0,null,false,garbage-collection,0,null
446497,19569,19553,false,2008-08-21T10:07:18.187,0,null,false,dispose,0,null
446497,19569,19553,false,2008-08-21T10:07:18.187,0,null,false,destructor,0,null
1659,19570,19454,false,2008-08-21T10:08:08.840,1,null,false,c#,0,null
1659,19570,19454,false,2008-08-21T10:08:08.840,1,null,false,xml,0,null
1659,19570,19454,false,2008-08-21T10:08:08.840,1,null,false,serialization,0,null
1659,19570,19454,false,2008-08-21T10:08:08.840,1,null,false,coding-style,0,null
1659,19570,19454,false,2008-08-21T10:08:08.840,1,null,false,.net-attributes,0,null
2257,43353,43324,false,2008-09-04T08:41:17.937,0,null,false,c#,0,null
2257,43353,43324,false,2008-09-04T08:41:17.937,0,null,false,asp.net,0,null
2257,43353,43324,false,2008-09-04T08:41:17.937,0,null,false,session,0,null
2257,43353,43324,false,2008-09-04T08:41:17.937,0,null,false,yui,0,null
72,7947,7940,false,2008-08-11T16:52:01.193,0,null,false,css,0,null
72,7947,7940,false,2008-08-11T16:52:01.193,0,null,false,validation,0,null
72,7947,7940,false,2008-08-11T16:52:01.193,0,null,false,xhtml,0,null
72,7947,7940,false,2008-08-11T16:52:01.193,0,null,false,cross-browser,0,null
72,7947,7940,false,2008-08-11T16:52:01.193,0,null,false,w3c,0,null
1035,7948,7940,false,2008-08-11T16:52:57.743,4,null,false,css,0,null
1035,7948,7940,false,2008-08-11T16:52:57.743,4,null,false,validation,0,null
1035,7948,7940,false,2008-08-11T16:52:57.743,4,null,false,xhtml,0,null
1035,7948,7940,false,2008-08-11T16:52:57.743,4,null,false,cross-browser,0,null
1035,7948,7940,false,2008-08-11T16:52:57.743,4,null,false,w3c,0,null
,7950,7737,false,2008-08-11T16:54:04.997,0,null,false,windows,1,null
,7950,7737,false,2008-08-11T16:54:04.997,0,null,false,opengl,1,null
,7950,7737,false,2008-08-11T16:54:04.997,0,null,false,unicode,1,null
999,7951,7940,false,2008-08-11T16:55:02.483,3,null,false,css,0,null
999,7951,7940,false,2008-08-11T16:55:02.483,3,null,false,validation,0,null
999,7951,7940,false,2008-08-11T16:55:02.483,3,null,false,xhtml,0,null
999,7951,7940,false,2008-08-11T16:55:02.483,3,null,false,cross-browser,0,null
999,7951,7940,false,2008-08-11T16:55:02.483,3,null,false,w3c,0,null
840,7952,7940,false,2008-08-11T16:55:52.793,1,null,false,css,0,null
840,7952,7940,false,2008-08-11T16:55:52.793,1,null,false,validation,0,null
840,7952,7940,false,2008-08-11T16:55:52.793,1,null,false,xhtml,0,null
840,7952,7940,false,2008-08-11T16:55:52.793,1,null,false,cross-browser,0,null
840,7952,7940,false,2008-08-11T16:55:52.793,1,null,false,w3c,0,null
1969,32015,31840,false,2008-08-28T10:58:36.993,45,null,false,java,4,null
1969,32015,31840,false,2008-08-28T10:58:36.993,45,null,false,logging,4,null
1969,32015,31840,false,2008-08-28T10:58:36.993,45,null,false,log4j,4,null
1969,32015,31840,false,2008-08-28T10:58:36.993,45,null,false,java.util.logging,4,null
905,32016,31708,false,2008-08-28T11:22:22.177,9,null,false,c#,1,null
905,32016,31708,false,2008-08-28T11:22:22.177,9,null,false,linq,1,null
905,32016,31708,false,2008-08-28T11:22:22.177,9,null,false,generics,1,null
905,32016,31708,false,2008-08-28T11:22:22.177,9,null,false,listview,1,null
1948,32019,32003,false,2008-08-28T11:23:38.290,25,null,false,command-line,2,null
1,32021,32010,false,2008-08-28T11:23:59.427,22,null,false,regex,0,null
1,32021,32010,false,2008-08-28T11:23:59.427,22,null,false,language-agnostic,0,null
1726,32026,32003,false,2008-08-28T11:34:45.687,4,null,false,command-line,0,null
188,32032,32020,false,2008-08-28T11:36:36.370,9,null,false,web-services,0,null
188,32032,32020,false,2008-08-28T11:36:36.370,9,null,false,testing,0,null
1820,32035,32003,false,2008-08-28T11:38:29.923,2,null,false,command-line,0,null
2928,32036,32034,false,2008-08-28T11:38:45.850,26,null,false,c#,1,null
2928,32036,32034,false,2008-08-28T11:38:45.850,26,null,false,.net,1,null
2928,32036,32034,false,2008-08-28T11:38:45.850,26,null,false,design-patterns,1,null
3381,32040,32034,false,2008-08-28T11:39:48.670,4,null,false,c#,0,null
3381,32040,32034,false,2008-08-28T11:39:48.670,4,null,false,.net,0,null
3381,32040,32034,false,2008-08-28T11:39:48.670,4,null,false,design-patterns,0,null
740,6581,6579,false,2008-08-09T03:21:59.923,6,null,false,methods,0,null
740,6581,6579,false,2008-08-09T03:21:59.923,6,null,false,agile,0,null
797,6588,6579,false,2008-08-09T03:39:44.600,7,null,false,methods,0,null
797,6588,6579,false,2008-08-09T03:39:44.600,7,null,false,agile,0,null
457,6592,6578,false,2008-08-09T03:48:10.417,6,null,false,iphone,1,null
457,6592,6578,false,2008-08-09T03:48:10.417,6,null,false,objective-c,1,null
457,6592,6578,false,2008-08-09T03:48:10.417,6,null,false,cocoa,1,null
457,6592,6578,false,2008-08-09T03:48:10.417,6,null,false,memory,1,null
797,6598,6578,false,2008-08-09T03:59:35.683,6,null,false,iphone,1,null
797,6598,6578,false,2008-08-09T03:59:35.683,6,null,false,objective-c,1,null
797,6598,6578,false,2008-08-09T03:59:35.683,6,null,false,cocoa,1,null
797,6598,6578,false,2008-08-09T03:59:35.683,6,null,false,memory,1,null
305,6606,6594,false,2008-08-09T04:12:31.290,1,null,false,php,0,null
305,6606,6594,false,2008-08-09T04:12:31.290,1,null,false,migration,0,null
544,6610,6578,false,2008-08-09T04:25:46.537,4,null,false,iphone,0,null
544,6610,6578,false,2008-08-09T04:25:46.537,4,null,false,objective-c,0,null
544,6610,6578,false,2008-08-09T04:25:46.537,4,null,false,cocoa,0,null
544,6610,6578,false,2008-08-09T04:25:46.537,4,null,false,memory,0,null
1529,12433,104,false,2008-08-15T16:11:41.103,32,null,false,.net,0,null
1529,12433,104,false,2008-08-15T16:11:41.103,32,null,false,performance,0,null
1529,12433,104,false,2008-08-15T16:11:41.103,32,null,false,memory-leaks,0,null
1529,12433,104,false,2008-08-15T16:11:41.103,32,null,false,com-interop,0,null
5,12436,12385,false,2008-08-15T16:14:18.913,4,null,false,.net,2,null
5,12436,12385,false,2008-08-15T16:14:18.913,4,null,false,silverlight,2,null
5,12436,12385,false,2008-08-15T16:14:18.913,4,null,false,dependency-properties,2,null
1432,12439,12428,false,2008-08-15T16:16:22.170,1,null,false,scripting,0,null
1432,12439,12428,false,2008-08-15T16:16:22.170,1,null,false,automation,0,null
1432,12439,12428,false,2008-08-15T16:16:22.170,1,null,false,webautomation,0,null
726,46192,15142,false,2008-09-05T16:17:30.483,2,null,true,c#,1,null
726,46192,15142,false,2008-09-05T16:17:30.483,2,null,true,sql,1,null
726,46192,15142,false,2008-09-05T16:17:30.483,2,null,true,sql-server,1,null
726,46192,15142,false,2008-09-05T16:17:30.483,2,null,true,stored-procedures,1,null
1344,46196,46147,false,2008-09-05T16:17:54.553,4,null,false,css,0,null
1344,46196,46147,false,2008-09-05T16:17:54.553,4,null,false,safari,0,null
1344,46196,46147,false,2008-09-05T16:17:54.553,4,null,false,google-chrome,0,null
1344,46196,46147,false,2008-09-05T16:17:54.553,4,null,false,webkit,0,null
364,45065,45062,false,2008-09-05T01:12:58.910,2,null,false,c#,1,null
364,45065,45062,false,2008-09-05T01:12:58.910,2,null,false,asp.net,1,null
364,45065,45062,false,2008-09-05T01:12:58.910,2,null,false,linq-to-sql,1,null
364,45065,45062,false,2008-09-05T01:12:58.910,2,null,false,dynamic-data,1,null
3776,45066,45030,false,2008-09-05T01:14:52.870,225,null,false,c#,8,null
3776,45066,45030,false,2008-09-05T01:14:52.870,225,null,false,.net,8,null
3776,45066,45030,false,2008-09-05T01:14:52.870,225,null,false,string,8,null
3776,45066,45030,false,2008-09-05T01:14:52.870,225,null,false,.net-3.5,8,null
3776,45066,45030,false,2008-09-05T01:14:52.870,225,null,false,nullable,8,null
3717,45076,43201,false,2008-09-05T01:30:27.807,3,null,false,asp.net-mvc,0,null
3717,45076,43201,false,2008-09-05T01:30:27.807,3,null,false,routes,0,null
3717,45076,43201,false,2008-09-05T01:30:27.807,3,null,false,controller,0,null
4636,45077,44864,false,2008-09-05T01:30:43.377,4,null,false,html,0,null
4636,45077,44864,false,2008-09-05T01:30:43.377,4,null,false,css,0,null
5,18635,18632,false,2008-08-20T19:26:25.013,36,null,false,monitoring,2,null
5,18635,18632,false,2008-08-20T19:26:25.013,36,null,false,text-files,2,null
832,18637,18632,false,2008-08-20T19:26:36.183,3,null,false,monitoring,0,null
832,18637,18632,false,2008-08-20T19:26:36.183,3,null,false,text-files,0,null
2179,18638,18632,false,2008-08-20T19:27:36.553,18,null,false,monitoring,2,null
2179,18638,18632,false,2008-08-20T19:27:36.553,18,null,false,text-files,2,null
377,18640,18632,false,2008-08-20T19:29:27.143,6,null,false,monitoring,0,null
377,18640,18632,false,2008-08-20T19:29:27.143,6,null,false,text-files,0,null
238,18641,18606,false,2008-08-20T19:29:52.633,0,null,false,email,0,null
238,18641,18606,false,2008-08-20T19:29:52.633,0,null,false,outlook,0,null
238,18641,18606,false,2008-08-20T19:29:52.633,0,null,false,exchange-server,0,null
238,18641,18606,false,2008-08-20T19:29:52.633,0,null,false,email-client,0,null
1908,18647,18606,false,2008-08-20T19:32:05.420,5,null,false,email,1,null
1908,18647,18606,false,2008-08-20T19:32:05.420,5,null,false,outlook,1,null
1908,18647,18606,false,2008-08-20T19:32:05.420,5,null,false,exchange-server,1,null
1908,18647,18606,false,2008-08-20T19:32:05.420,5,null,false,email-client,1,null
1130097,18648,18632,false,2008-08-20T19:32:09.930,2,null,false,monitoring,0,null
1130097,18648,18632,false,2008-08-20T19:32:09.930,2,null,false,text-files,0,null
3280,36337,36294,false,2008-08-30T20:54:27.607,1,null,false,f#,0,null
3333,36339,36333,false,2008-08-30T21:02:11.037,5,null,false,jquery,0,null
3333,36339,36333,false,2008-08-30T21:02:11.037,5,null,false,html,0,null
3333,36339,36333,false,2008-08-30T21:02:11.037,5,null,false,wordpress,0,null
3394,36340,36314,false,2008-08-30T21:06:05.350,50,null,false,javascript,2,null
3394,36340,36314,false,2008-08-30T21:06:05.350,50,null,false,functional-programming,2,null
3394,36340,36314,false,2008-08-30T21:06:05.350,50,null,false,terminology,2,null
3394,36340,36314,false,2008-08-30T21:06:05.350,50,null,false,definition,2,null
3394,36340,36314,false,2008-08-30T21:06:05.350,50,null,false,currying,2,null
1902010,34625,34486,false,2008-08-29T16:22:27.927,1,null,false,javascript,0,null
1902010,34625,34486,false,2008-08-29T16:22:27.927,1,null,false,ajax,0,null
987,34629,34463,false,2008-08-29T16:23:18.797,0,null,false,winapi,0,null
987,34629,34463,false,2008-08-29T16:23:18.797,0,null,false,rsync,0,null
987,34629,34463,false,2008-08-29T16:23:18.797,0,null,false,porting,0,null
1931,34630,34571,false,2008-08-29T16:23:45.893,18,null,true,java,0,null
1931,34630,34571,false,2008-08-29T16:23:45.893,18,null,true,unit-testing,0,null
1931,34630,34571,false,2008-08-29T16:23:45.893,18,null,true,junit,0,null
1931,34630,34571,false,2008-08-29T16:23:45.893,18,null,true,tdd,0,null
3381,34639,34611,false,2008-08-29T16:27:49.347,0,null,false,python-3.x,0,null
3381,34639,34611,false,2008-08-29T16:27:49.347,0,null,false,pygame,0,null
3381,34639,34611,false,2008-08-29T16:27:49.347,0,null,false,libraries,0,null
3381,34639,34611,false,2008-08-29T16:27:49.347,0,null,false,toolkit,0,null
3381,34639,34611,false,2008-08-29T16:27:49.347,0,null,false,2d-games,0,null
271,34640,34611,false,2008-08-29T16:28:33.323,3,null,false,python-3.x,0,null
271,34640,34611,false,2008-08-29T16:28:33.323,3,null,false,pygame,0,null
271,34640,34611,false,2008-08-29T16:28:33.323,3,null,false,libraries,0,null
271,34640,34611,false,2008-08-29T16:28:33.323,3,null,false,toolkit,0,null
271,34640,34611,false,2008-08-29T16:28:33.323,3,null,false,2d-games,0,null
3449,34642,34579,false,2008-08-29T16:29:34.977,1,null,false,mysql,0,null
3449,34642,34579,false,2008-08-29T16:29:34.977,1,null,false,mysql-workbench,0,null
3449,34642,34579,false,2008-08-29T16:29:34.977,1,null,false,mysql-error-1005,0,null
2030,34644,34571,false,2008-08-29T16:30:03.570,7,null,true,java,2,null
2030,34644,34571,false,2008-08-29T16:30:03.570,7,null,true,unit-testing,2,null
2030,34644,34571,false,2008-08-29T16:30:03.570,7,null,true,junit,2,null
2030,34644,34571,false,2008-08-29T16:30:03.570,7,null,true,tdd,2,null
3499,34645,34588,false,2008-08-29T16:30:04.443,171,null,false,linux,4,null
71,148,146,false,2008-08-01T17:24:24.290,7,null,false,php,0,null
71,148,146,false,2008-08-01T17:24:24.290,7,null,false,apache,0,null
71,148,146,false,2008-08-01T17:24:24.290,7,null,false,logging,0,null
71,148,146,false,2008-08-01T17:24:24.290,7,null,false,download,0,null
71,148,146,false,2008-08-01T17:24:24.290,7,null,false,analytics,0,null
80,149,145,false,2008-08-01T17:28:24.253,10,null,false,c#,0,null
80,149,145,false,2008-08-01T17:28:24.253,10,null,false,.net,0,null
80,149,145,false,2008-08-01T17:28:24.253,10,null,false,file,0,null
80,149,145,false,2008-08-01T17:28:24.253,10,null,false,compression,0,null
44,151,145,false,2008-08-01T17:30:56.277,22,null,false,c#,1,null
44,151,145,false,2008-08-01T17:30:56.277,22,null,false,.net,1,null
44,151,145,false,2008-08-01T17:30:56.277,22,null,false,file,1,null
44,151,145,false,2008-08-01T17:30:56.277,22,null,false,compression,1,null
146637,152,146,false,2008-08-01T17:33:58.750,42,null,false,php,6,null
146637,152,146,false,2008-08-01T17:33:58.750,42,null,false,apache,6,null
146637,152,146,false,2008-08-01T17:33:58.750,42,null,false,logging,6,null
146637,152,146,false,2008-08-01T17:33:58.750,42,null,false,download,6,null
146637,152,146,false,2008-08-01T17:33:58.750,42,null,false,analytics,6,null
59,153,146,false,2008-08-01T17:42:04.723,13,null,false,php,0,null
59,153,146,false,2008-08-01T17:42:04.723,13,null,false,apache,0,null
59,153,146,false,2008-08-01T17:42:04.723,13,null,false,logging,0,null
59,153,146,false,2008-08-01T17:42:04.723,13,null,false,download,0,null
59,153,146,false,2008-08-01T17:42:04.723,13,null,false,analytics,0,null
146637,154,85,false,2008-08-01T17:45:06.513,81,null,false,php,0,null
146637,154,85,false,2008-08-01T17:45:06.513,81,null,false,sql,0,null
146637,154,85,false,2008-08-01T17:45:06.513,81,null,false,database,0,null
146637,154,85,false,2008-08-01T17:45:06.513,81,null,false,flat-file,0,null
493,3274,3180,false,2008-08-06T10:46:14.373,14,null,false,fogbugz,0,null
380,3275,3272,false,2008-08-06T10:53:15.437,0,null,false,sql,0,null
380,3275,3272,false,2008-08-06T10:53:15.437,0,null,false,web-services,0,null
380,3275,3272,false,2008-08-06T10:53:15.437,0,null,false,service,0,null
380,3275,3272,false,2008-08-06T10:53:15.437,0,null,false,triggers,0,null
380,3275,3272,false,2008-08-06T10:53:15.437,0,null,false,timer,0,null
364,3280,3255,false,2008-08-06T10:59:40.603,7,null,false,algorithm,0,null
364,3280,3255,false,2008-08-06T10:59:40.603,7,null,false,optimization,0,null
364,3280,3255,false,2008-08-06T10:59:40.603,7,null,false,complexity-theory,0,null
364,3280,3255,false,2008-08-06T10:59:40.603,7,null,false,big-o,0,null
364,3280,3255,false,2008-08-06T10:59:40.603,7,null,false,performance,0,null
1223,30525,30485,false,2008-08-27T15:55:23.603,1,null,false,html,1,null
1223,30525,30485,false,2008-08-27T15:55:23.603,1,null,false,sql,1,null
1223,30525,30485,false,2008-08-27T15:55:23.603,1,null,false,sql-server,1,null
1223,30525,30485,false,2008-08-27T15:55:23.603,1,null,false,textbox,1,null
1223,30525,30485,false,2008-08-27T15:55:23.603,1,null,false,limit,1,null
2541,30528,30504,false,2008-08-27T15:56:38.033,0,null,false,visual-studio,0,null
194,30532,30505,false,2008-08-27T15:58:47.090,25,null,false,visual-studio,2,null
194,30532,30505,false,2008-08-27T15:58:47.090,25,null,false,projects-and-solutions,2,null
175,16527,16413,false,2008-08-19T16:47:16.677,4,null,false,string,0,null
175,16527,16413,false,2008-08-19T16:47:16.677,4,null,false,parsing,0,null
175,16527,16413,false,2008-08-19T16:47:16.677,4,null,false,sql-server-2005,0,null
175,16527,16413,false,2008-08-19T16:47:16.677,4,null,false,street-address,0,null
40,16531,16413,false,2008-08-19T16:51:08.913,8,null,false,string,0,null
40,16531,16413,false,2008-08-19T16:51:08.913,8,null,false,parsing,0,null
40,16531,16413,false,2008-08-19T16:51:08.913,8,null,false,sql-server-2005,0,null
40,16531,16413,false,2008-08-19T16:51:08.913,8,null,false,street-address,0,null
3448,34646,34536,false,2008-08-29T16:30:30.620,2,null,false,javascript,0,null
3448,34646,34536,false,2008-08-29T16:30:30.620,2,null,false,jquery,0,null
3448,34646,34536,false,2008-08-29T16:30:30.620,2,null,false,html,0,null
3448,34646,34536,false,2008-08-29T16:30:30.620,2,null,false,css,0,null
887,34650,34635,false,2008-08-29T16:31:18.870,5,null,false,c,0,null
887,34650,34635,false,2008-08-29T16:31:18.870,5,null,false,visual-studio,0,null
887,34650,34635,false,2008-08-29T16:31:18.870,5,null,false,assembly,0,null
811,34651,34635,false,2008-08-29T16:31:32.117,5,null,false,c,1,null
811,34651,34635,false,2008-08-29T16:31:32.117,5,null,false,visual-studio,1,null
811,34651,34635,false,2008-08-29T16:31:32.117,5,null,false,assembly,1,null
1968,34652,34595,false,2008-08-29T16:31:53.830,58,null,false,algorithm,4,null
1968,34652,34595,false,2008-08-29T16:31:53.830,58,null,false,language-agnostic,4,null
1968,34652,34595,false,2008-08-29T16:31:53.830,58,null,false,hash,4,null
999,42073,42068,false,2008-09-03T16:32:16.893,507,null,false,javascript,3,null
999,42073,42068,false,2008-09-03T16:32:16.893,507,null,false,json,3,null
999,42073,42068,false,2008-09-03T16:32:16.893,507,null,false,newline,3,null
3474,42075,41970,false,2008-09-03T16:34:41.100,3,null,false,fuzzy-search,0,null
740,42077,42015,false,2008-09-03T16:35:22.220,16,null,false,sql-server,0,null
740,42077,42015,false,2008-09-03T16:35:22.220,16,null,false,indexing,0,null
740,42077,42015,false,2008-09-03T16:35:22.220,16,null,false,sql-server-2005,0,null
2600,42079,42076,false,2008-09-03T16:35:54.247,17,null,false,captcha,0,null
3636,42082,41894,false,2008-09-03T16:36:55.710,4,null,false,java,0,null
1889,42084,42017,false,2008-09-03T16:37:54.820,4,null,false,.net,0,null
1889,42084,42017,false,2008-09-03T16:37:54.820,4,null,false,exif,0,null
2547,42085,42076,false,2008-09-03T16:38:27.160,0,null,false,captcha,0,null
3087,34658,34571,false,2008-08-29T16:35:11.560,1844,null,true,java,2,null
3087,34658,34571,false,2008-08-29T16:35:11.560,1844,null,true,unit-testing,2,null
3087,34658,34571,false,2008-08-29T16:35:11.560,1844,null,true,junit,2,null
3087,34658,34571,false,2008-08-29T16:35:11.560,1844,null,true,tdd,2,null
3641,34663,34655,false,2008-08-29T16:36:43.647,0,null,false,javascript,0,null
3641,34663,34655,false,2008-08-29T16:36:43.647,0,null,false,html,0,null
3641,34663,34655,false,2008-08-29T16:36:43.647,0,null,false,css,0,null
3641,34663,34655,false,2008-08-29T16:36:43.647,0,null,false,iframe,0,null
863,6614,6578,false,2008-08-09T04:40:49.250,151,null,false,iphone,10,null
863,6614,6578,false,2008-08-09T04:40:49.250,151,null,false,objective-c,10,null
863,6614,6578,false,2008-08-09T04:40:49.250,151,null,false,cocoa,10,null
863,6614,6578,false,2008-08-09T04:40:49.250,151,null,false,memory,10,null
797,6617,6594,false,2008-08-09T04:44:49.710,8,null,false,php,1,null
797,6617,6594,false,2008-08-09T04:44:49.710,8,null,false,migration,1,null
810,6618,4689,false,2008-08-09T04:49:02.557,66,null,true,fonts,3,null
810,6618,4689,false,2008-08-09T04:49:02.557,66,null,true,development-environment,3,null
,6620,6607,false,2008-08-09T04:51:59.773,45,null,false,windows,4,null
,6620,6607,false,2008-08-09T04:51:59.773,45,null,false,registry,4,null
,6620,6607,false,2008-08-09T04:51:59.773,45,null,false,settings,4,null
,6620,6607,false,2008-08-09T04:51:59.773,45,null,false,configuration-files,4,null
,6620,6607,false,2008-08-09T04:51:59.773,45,null,false,ini,4,null
821,6621,6579,false,2008-08-09T04:52:54.610,4,null,false,methods,0,null
821,6621,6579,false,2008-08-09T04:52:54.610,4,null,false,agile,0,null
13,6622,6607,false,2008-08-09T04:54:24.090,4,null,false,windows,0,null
13,6622,6607,false,2008-08-09T04:54:24.090,4,null,false,registry,0,null
13,6622,6607,false,2008-08-09T04:54:24.090,4,null,false,settings,0,null
13,6622,6607,false,2008-08-09T04:54:24.090,4,null,false,configuration-files,0,null
13,6622,6607,false,2008-08-09T04:54:24.090,4,null,false,ini,0,null
795,6625,6594,false,2008-08-09T05:00:11.927,2,null,false,php,0,null
795,6625,6594,false,2008-08-09T05:00:11.927,2,null,false,migration,0,null
797,6627,6613,false,2008-08-09T05:01:10.910,2,null,false,language-agnostic,0,null
797,6627,6613,false,2008-08-09T05:01:10.910,2,null,false,rule-engine,0,null
813,6629,6628,false,2008-08-09T05:05:38.203,0,null,false,php,1,null
813,6629,6628,false,2008-08-09T05:05:38.203,0,null,false,syntax,1,null
795,6630,4689,false,2008-08-09T05:11:00.360,3,null,true,fonts,0,null
795,6630,4689,false,2008-08-09T05:11:00.360,3,null,true,development-environment,0,null
377,3282,3272,false,2008-08-06T11:03:12.640,0,null,false,sql,0,null
377,3282,3272,false,2008-08-06T11:03:12.640,0,null,false,web-services,0,null
377,3282,3272,false,2008-08-06T11:03:12.640,0,null,false,service,0,null
377,3282,3272,false,2008-08-06T11:03:12.640,0,null,false,triggers,0,null
377,3282,3272,false,2008-08-06T11:03:12.640,0,null,false,timer,0,null
199,3288,3260,false,2008-08-06T11:12:48.890,10,null,false,algorithm,0,null
199,3288,3260,false,2008-08-06T11:12:48.890,10,null,false,language-agnostic,0,null
796,6637,6628,false,2008-08-09T05:30:38.450,-6,null,false,php,0,null
796,6637,6628,false,2008-08-09T05:30:38.450,-6,null,false,syntax,0,null
699,6638,4689,false,2008-08-09T05:33:15.027,1,null,true,fonts,0,null
699,6638,4689,false,2008-08-09T05:33:15.027,1,null,true,development-environment,0,null
816,6640,6639,false,2008-08-09T05:35:50.623,56,null,false,java,3,null
816,6640,6639,false,2008-08-09T05:35:50.623,56,null,false,file,3,null
816,6640,6639,false,2008-08-09T05:35:50.623,56,null,false,loading,3,null
423,6643,6642,false,2008-08-09T05:44:56.983,0,null,false,browser,0,null
423,6643,6642,false,2008-08-09T05:44:56.983,0,null,false,compatibility,0,null
810,6644,6642,false,2008-08-09T05:46:52.003,0,null,false,browser,0,null
810,6644,6642,false,2008-08-09T05:46:52.003,0,null,false,compatibility,0,null
464,6645,6642,false,2008-08-09T05:48:15.433,15,null,false,browser,0,null
464,6645,6642,false,2008-08-09T05:48:15.433,15,null,false,compatibility,0,null
813,6646,6628,false,2008-08-09T05:48:21.487,1,null,false,php,0,null
813,6646,6628,false,2008-08-09T05:48:21.487,1,null,false,syntax,0,null
404,6648,6612,false,2008-08-09T05:52:00.340,0,null,false,java,0,null
404,6648,6612,false,2008-08-09T05:52:00.340,0,null,false,plot,0,null
404,6648,6612,false,2008-08-09T05:52:00.340,0,null,false,configuration,0,null
,6649,6628,false,2008-08-09T05:55:24.187,34,null,false,php,4,null
,6649,6628,false,2008-08-09T05:55:24.187,34,null,false,syntax,4,null
103,6650,6628,false,2008-08-09T06:10:22.237,29,null,false,php,2,null
103,6650,6628,false,2008-08-09T06:10:22.237,29,null,false,syntax,2,null
1965,28659,27294,false,2008-08-26T17:17:05.040,2,null,false,c#,0,null
1965,28659,27294,false,2008-08-26T17:17:05.040,2,null,false,design-patterns,0,null
1965,28659,27294,false,2008-08-26T17:17:05.040,2,null,false,factory,0,null
377,28660,28654,false,2008-08-26T17:17:13.057,1,null,false,c#,0,null
377,28660,28654,false,2008-08-26T17:17:13.057,1,null,false,web-services,0,null
377,28660,28654,false,2008-08-26T17:17:13.057,1,null,false,soap,0,null
377,28660,28654,false,2008-08-26T17:17:13.057,1,null,false,tcptrace-pocketsoap,0,null
3030,28661,28605,false,2008-08-26T17:17:26.333,3,null,false,c++,0,null
3030,28661,28605,false,2008-08-26T17:17:26.333,3,null,false,c,0,null
3030,28661,28605,false,2008-08-26T17:17:26.333,3,null,false,ide,0,null
3030,28661,28605,false,2008-08-26T17:17:26.333,3,null,false,compiler-construction,0,null
2688,28662,28642,false,2008-08-26T17:18:04.443,1,null,false,c#,0,null
2688,28662,28642,false,2008-08-26T17:18:04.443,1,null,false,asp.net,0,null
2993,28663,28642,false,2008-08-26T17:18:16.707,1,null,false,c#,0,null
2993,28663,28642,false,2008-08-26T17:18:16.707,1,null,false,asp.net,0,null
2783,25689,25665,false,2008-08-25T05:21:22.927,159,null,false,python,7,null
2783,25689,25665,false,2008-08-25T05:21:22.927,159,null,false,pdf,7,null
2783,25689,25665,false,2008-08-25T05:21:22.927,159,null,false,text-extraction,7,null
2783,25689,25665,false,2008-08-25T05:21:22.927,159,null,false,pdf-scraping,7,null
959,25692,25675,false,2008-08-25T05:27:11.883,4,null,false,model-view-controller,0,null
959,25692,25675,false,2008-08-25T05:27:11.883,4,null,false,validation,0,null
959,25692,25675,false,2008-08-25T05:27:11.883,4,null,false,forms,0,null
1343,25694,25546,false,2008-08-25T05:30:09.990,0,null,false,synchronization,1,null
1343,25694,25546,false,2008-08-25T05:30:09.990,0,null,false,security,1,null
1343,25694,25546,false,2008-08-25T05:30:09.990,0,null,false,rsync,1,null
1109,25701,25614,false,2008-08-25T05:52:22.433,5,null,false,java,1,null
1109,25701,25614,false,2008-08-25T05:52:22.433,5,null,false,xml,1,null
1109,25701,25614,false,2008-08-25T05:52:22.433,5,null,false,dom,1,null
1612,25709,11,false,2008-08-25T06:12:29.623,3,null,true,c#,0,null
1612,25709,11,false,2008-08-25T06:12:29.623,3,null,true,datetime,0,null
1612,25709,11,false,2008-08-25T06:12:29.623,3,null,true,time,0,null
1612,25709,11,false,2008-08-25T06:12:29.623,3,null,true,datediff,0,null
1612,25709,11,false,2008-08-25T06:12:29.623,3,null,true,relative-time-span,0,null
234,25721,25675,false,2008-08-25T07:12:10.523,0,null,false,model-view-controller,0,null
234,25721,25675,false,2008-08-25T07:12:10.523,0,null,false,validation,0,null
234,25721,25675,false,2008-08-25T07:12:10.523,0,null,false,forms,0,null
2794,25727,25546,false,2008-08-25T07:24:03.477,0,null,false,synchronization,0,null
2794,25727,25546,false,2008-08-25T07:24:03.477,0,null,false,security,0,null
2794,25727,25546,false,2008-08-25T07:24:03.477,0,null,false,rsync,0,null
1554,25728,25546,false,2008-08-25T07:28:31.250,0,null,false,synchronization,0,null
1554,25728,25546,false,2008-08-25T07:28:31.250,0,null,false,security,0,null
1554,25728,25546,false,2008-08-25T07:28:31.250,0,null,false,rsync,0,null
3827,37387,37375,false,2008-09-01T02:27:57.143,4,null,false,wcf,0,null
3827,37387,37375,false,2008-09-01T02:27:57.143,4,null,false,unit-testing,0,null
3746,37389,37388,false,2008-09-01T02:34:13.820,1,null,false,msdn,1,null
3746,37389,37388,false,2008-09-01T02:34:13.820,1,null,false,portability,1,null
3746,37389,37388,false,2008-09-01T02:34:13.820,1,null,false,portable-applications,1,null
305,37392,37378,false,2008-09-01T02:39:21.547,21,null,false,oop,0,null
1679,19572,19553,false,2008-08-21T10:11:35.680,1,null,false,c#,0,null
1679,19572,19553,false,2008-08-21T10:11:35.680,1,null,false,garbage-collection,0,null
1679,19572,19553,false,2008-08-21T10:11:35.680,1,null,false,dispose,0,null
1679,19572,19553,false,2008-08-21T10:11:35.680,1,null,false,destructor,0,null
1659,19586,19553,false,2008-08-21T10:23:18.540,3,null,false,c#,0,null
1659,19586,19553,false,2008-08-21T10:23:18.540,3,null,false,garbage-collection,0,null
1659,19586,19553,false,2008-08-21T10:23:18.540,3,null,false,dispose,0,null
1659,19586,19553,false,2008-08-21T10:23:18.540,3,null,false,destructor,0,null
372,19590,19553,false,2008-08-21T10:28:25.920,7,null,false,c#,0,null
372,19590,19553,false,2008-08-21T10:28:25.920,7,null,false,garbage-collection,0,null
372,19590,19553,false,2008-08-21T10:28:25.920,7,null,false,dispose,0,null
372,19590,19553,false,2008-08-21T10:28:25.920,7,null,false,destructor,0,null
1109,13777,13698,false,2008-08-17T18:00:47.387,4,null,false,php,0,null
1109,13777,13698,false,2008-08-17T18:00:47.387,4,null,false,model-view-controller,0,null
1109,13777,13698,false,2008-08-17T18:00:47.387,4,null,false,zend-framework,0,null
137,13779,13763,false,2008-08-17T18:03:46.133,4,null,false,javascript,0,null
137,13779,13763,false,2008-08-17T18:03:46.133,4,null,false,html,0,null
137,13779,13763,false,2008-08-17T18:03:46.133,4,null,false,dom,0,null
1344,13784,13698,false,2008-08-17T18:07:22.927,0,null,false,php,0,null
1344,13784,13698,false,2008-08-17T18:07:22.927,0,null,false,model-view-controller,0,null
1344,13784,13698,false,2008-08-17T18:07:22.927,0,null,false,zend-framework,0,null
137,13785,13594,false,2008-08-17T18:07:40.540,1,null,false,html,0,null
137,13785,13594,false,2008-08-17T18:07:40.540,1,null,false,browser,0,null
1600,13789,1304,false,2008-08-17T18:17:12.937,4,null,false,c#,0,null
1600,13789,1304,false,2008-08-17T18:17:12.937,4,null,false,.net,0,null
1600,13789,1304,false,2008-08-17T18:17:12.937,4,null,false,io,0,null
1600,13789,1304,false,2008-08-17T18:17:12.937,4,null,false,filelock,0,null
1645,13802,13786,false,2008-08-17T18:25:21.800,3,null,false,internet-explorer,1,null
1645,13802,13786,false,2008-08-17T18:25:21.800,3,null,false,internet-explorer-6,1,null
615,25736,25642,false,2008-08-25T07:36:17.020,1,null,false,.net,0,null
615,25736,25642,false,2008-08-25T07:36:17.020,1,null,false,wpf,0,null
615,25736,25642,false,2008-08-25T07:36:17.020,1,null,false,navigation,0,null
1709,25747,25730,false,2008-08-25T07:54:46.383,8,null,false,c++,0,null
1709,25747,25730,false,2008-08-25T07:54:46.383,8,null,false,c,0,null
1709,25747,25730,false,2008-08-25T07:54:46.383,8,null,false,visual-studio,0,null
1709,25747,25730,false,2008-08-25T07:54:46.383,8,null,false,memory-leaks,0,null
1554,25750,25746,false,2008-08-25T07:59:28.977,3,null,false,objective-c,0,null
1554,25750,25746,false,2008-08-25T07:59:28.977,3,null,false,string,0,null
1975282,22823,22818,false,2008-08-22T16:42:04.940,5,null,false,database,3,null
794,22824,22807,false,2008-08-22T16:42:30.787,1,null,false,sql,0,null
794,22824,22807,false,2008-08-22T16:42:30.787,1,null,false,sql-server,0,null
794,22824,22807,false,2008-08-22T16:42:30.787,1,null,false,date,0,null
794,22824,22807,false,2008-08-22T16:42:30.787,1,null,false,sql-server-2005,0,null
1968,22825,22818,false,2008-08-22T16:43:09.927,6,null,false,database,0,null
2050,22829,21422,false,2008-08-22T16:46:04.647,0,null,false,tags,0,null
2050,22829,21422,false,2008-08-22T16:46:04.647,0,null,false,folksonomy,0,null
2132,22830,22816,false,2008-08-22T16:46:22.400,0,null,false,java,0,null
2132,22830,22816,false,2008-08-22T16:46:22.400,0,null,false,eclipse,0,null
2132,22830,22816,false,2008-08-22T16:46:22.400,0,null,false,charts,0,null
2132,22830,22816,false,2008-08-22T16:46:22.400,0,null,false,swt,0,null
1969,22831,22687,false,2008-08-22T16:46:46.363,2,null,false,ssh,0,null
1969,22831,22687,false,2008-08-22T16:46:46.363,2,null,false,cvs,0,null
1969,22831,22687,false,2008-08-22T16:46:46.363,2,null,false,tortoisecvs,0,null
1969,22831,22687,false,2008-08-22T16:46:46.363,2,null,false,plink,0,null
755,19591,19553,false,2008-08-21T10:31:08.940,0,null,false,c#,0,null
755,19591,19553,false,2008-08-21T10:31:08.940,0,null,false,garbage-collection,0,null
755,19591,19553,false,2008-08-21T10:31:08.940,0,null,false,dispose,0,null
755,19591,19553,false,2008-08-21T10:31:08.940,0,null,false,destructor,0,null
1297,19594,19589,false,2008-08-21T10:35:08.510,65,null,false,c#,1,null
1297,19594,19589,false,2008-08-21T10:35:08.510,65,null,false,.net,1,null
1297,19594,19589,false,2008-08-21T10:35:08.510,65,null,false,xml,1,null
1297,19594,19589,false,2008-08-21T10:35:08.510,65,null,false,wcf,1,null
1297,19594,19589,false,2008-08-21T10:35:08.510,65,null,false,configurationmanager,1,null
1659,19596,19589,false,2008-08-21T10:38:07.083,51,null,false,c#,0,null
1659,19596,19589,false,2008-08-21T10:38:07.083,51,null,false,.net,0,null
1659,19596,19589,false,2008-08-21T10:38:07.083,51,null,false,xml,0,null
1659,19596,19589,false,2008-08-21T10:38:07.083,51,null,false,wcf,0,null
1659,19596,19589,false,2008-08-21T10:38:07.083,51,null,false,configurationmanager,0,null
1951,19597,19493,false,2008-08-21T10:41:08.590,49,null,false,apache,1,null
1951,19597,19493,false,2008-08-21T10:41:08.590,49,null,false,mod-rewrite,1,null
1712,19598,19481,false,2008-08-21T10:41:52.347,4,null,false,data-binding,0,null
825,6651,4670,false,2008-08-09T06:14:12.917,4,null,false,version-control,0,null
825,6651,4670,false,2008-08-09T06:14:12.917,4,null,false,dvcs,0,null
816,6655,6612,false,2008-08-09T06:23:19.140,18,null,false,java,1,null
816,6655,6612,false,2008-08-09T06:23:19.140,18,null,false,plot,1,null
816,6655,6612,false,2008-08-09T06:23:19.140,18,null,false,configuration,1,null
813,6657,6628,false,2008-08-09T06:30:12.010,6,null,false,php,0,null
813,6657,6628,false,2008-08-09T06:30:12.010,6,null,false,syntax,0,null
92,6659,6658,false,2008-08-09T06:33:50.787,20,null,false,java,2,null
92,6659,6658,false,2008-08-09T06:33:50.787,20,null,false,testing,2,null
92,6659,6658,false,2008-08-09T06:33:50.787,20,null,false,junit,2,null
92,6659,6658,false,2008-08-09T06:33:50.787,20,null,false,testng,2,null
2025,24606,4689,false,2008-08-23T21:09:43.353,0,null,true,fonts,0,null
2025,24606,4689,false,2008-08-23T21:09:43.353,0,null,true,development-environment,0,null
2286,24607,24579,false,2008-08-23T21:11:42.677,24,null,false,ruby-on-rails,2,null
2286,24607,24579,false,2008-08-23T21:11:42.677,24,null,false,ruby,2,null
2286,24607,24579,false,2008-08-23T21:11:42.677,24,null,false,rubygems,2,null
2238,24611,24596,false,2008-08-23T21:19:52.470,9,null,false,java,1,null
2238,24611,24596,false,2008-08-23T21:19:52.470,9,null,false,web-frameworks,1,null
2238,24611,24596,false,2008-08-23T21:19:52.470,9,null,false,rich-internet-application,1,null
2622,24613,24595,false,2008-08-23T21:23:58.200,4,null,false,linux,0,null
2622,24613,24595,false,2008-08-23T21:23:58.200,4,null,false,asp-classic,0,null
2622,24613,24595,false,2008-08-23T21:23:58.200,4,null,false,editor,0,null
115,24615,24515,false,2008-08-23T21:27:01.017,39,null,false,list,4,null
115,24615,24515,false,2008-08-23T21:27:01.017,39,null,false,dictionary,4,null
115,24615,24515,false,2008-08-23T21:27:01.017,39,null,false,profanity,4,null
234,9339,9321,false,2008-08-13T00:06:09.333,13,null,false,c++,3,null
234,9339,9321,false,2008-08-13T00:06:09.333,13,null,false,class,3,null
234,9339,9321,false,2008-08-13T00:06:09.333,13,null,false,oop,3,null
234,9339,9321,false,2008-08-13T00:06:09.333,13,null,false,static-classes,3,null
1975282,9340,9301,false,2008-08-13T00:08:17.007,5,null,false,javascript,0,null
1975282,9340,9301,false,2008-08-13T00:08:17.007,5,null,false,internet-explorer,0,null
1975282,9340,9301,false,2008-08-13T00:08:17.007,5,null,false,events,0,null
1975282,9340,9301,false,2008-08-13T00:08:17.007,5,null,false,internet-explorer-7,0,null
122,9342,9304,false,2008-08-13T00:14:48.897,5,null,false,c#,0,null
122,9342,9304,false,2008-08-13T00:14:48.897,5,null,false,.net,0,null
122,9342,9304,false,2008-08-13T00:14:48.897,5,null,false,automatic-properties,0,null
1975282,9343,9341,false,2008-08-13T00:16:51.233,4,null,false,asp.net,0,null
1975282,9343,9341,false,2008-08-13T00:16:51.233,4,null,false,javascript,0,null
493,9345,9314,false,2008-08-13T00:22:44.417,2,null,false,c#,0,null
493,9345,9314,false,2008-08-13T00:22:44.417,2,null,false,.net,0,null
493,9345,9314,false,2008-08-13T00:22:44.417,2,null,false,winforms,0,null
493,9345,9314,false,2008-08-13T00:22:44.417,2,null,false,visual-studio-2008,0,null
493,9345,9314,false,2008-08-13T00:22:44.417,2,null,false,visual-studio-2005,0,null
719,9346,9279,false,2008-08-13T00:24:41.293,4,null,false,linux,0,null
719,9346,9279,false,2008-08-13T00:24:41.293,4,null,false,macos,0,null
719,9346,9279,false,2008-08-13T00:24:41.293,4,null,false,ssh,0,null
719,9346,9279,false,2008-08-13T00:24:41.293,4,null,false,sftp,0,null
852,9348,9321,false,2008-08-13T00:26:43.740,71,null,false,c++,4,null
852,9348,9321,false,2008-08-13T00:26:43.740,71,null,false,class,4,null
852,9348,9321,false,2008-08-13T00:26:43.740,71,null,false,oop,4,null
852,9348,9321,false,2008-08-13T00:26:43.740,71,null,false,static-classes,4,null
361,9353,9279,false,2008-08-13T00:32:05.897,1,null,false,linux,0,null
361,9353,9279,false,2008-08-13T00:32:05.897,1,null,false,macos,0,null
361,9353,9279,false,2008-08-13T00:32:05.897,1,null,false,ssh,0,null
361,9353,9279,false,2008-08-13T00:32:05.897,1,null,false,sftp,0,null
17,9359,9355,false,2008-08-13T00:47:43.337,2,null,false,windows,1,null
17,9359,9355,false,2008-08-13T00:47:43.337,2,null,false,explorer,1,null
17,9359,9355,false,2008-08-13T00:47:43.337,2,null,false,windows-shell,1,null
269,32046,32041,false,2008-08-28T11:46:19.123,0,null,false,java,0,null
269,32046,32041,false,2008-08-28T11:46:19.123,0,null,false,debugging,0,null
269,32046,32041,false,2008-08-28T11:46:19.123,0,null,false,compiler-construction,0,null
2844,32047,32001,false,2008-08-28T11:47:18.623,1,null,false,java,0,null
2844,32047,32001,false,2008-08-28T11:47:18.623,1,null,false,timer,0,null
3381,32049,31935,false,2008-08-28T11:47:41.350,0,null,false,asp.net,0,null
3381,32049,31935,false,2008-08-28T11:47:41.350,0,null,false,javascript,0,null
3381,32049,31935,false,2008-08-28T11:47:41.350,0,null,false,asp.net-ajax,0,null
13,32057,32001,false,2008-08-28T11:52:00.717,50,null,false,java,4,null
13,32057,32001,false,2008-08-28T11:52:00.717,50,null,false,timer,4,null
1219,21599,21589,false,2008-08-22T01:42:23.133,1,null,false,.net,0,null
1219,21599,21589,false,2008-08-22T01:42:23.133,1,null,false,database,0,null
1219,21599,21589,false,2008-08-22T01:42:23.133,1,null,false,transactions,0,null
1219,21599,21589,false,2008-08-22T01:42:23.133,1,null,false,com+,0,null
430,21602,21564,false,2008-08-22T01:42:33.790,26,null,false,unix,5,null
430,21602,21564,false,2008-08-22T01:42:33.790,26,null,false,shell,5,null
430,21602,21564,false,2008-08-22T01:42:33.790,26,null,false,awk,5,null
1851,21603,21583,false,2008-08-22T01:43:32.523,26,null,false,database,0,null
1851,21603,21583,false,2008-08-22T01:43:32.523,26,null,false,unit-testing,0,null
1851,21603,21583,false,2008-08-22T01:43:32.523,26,null,false,transactions,0,null
1851,21603,21583,false,2008-08-22T01:43:32.523,26,null,false,xtunit,0,null
2223,21606,21583,false,2008-08-22T01:44:22.193,11,null,false,database,0,null
2223,21606,21583,false,2008-08-22T01:44:22.193,11,null,false,unit-testing,0,null
2223,21606,21583,false,2008-08-22T01:44:22.193,11,null,false,transactions,0,null
2223,21606,21583,false,2008-08-22T01:44:22.193,11,null,false,xtunit,0,null
611,21607,21558,false,2008-08-22T01:45:02.770,590,null,false,c++,14,null
611,21607,21558,false,2008-08-22T01:45:02.770,590,null,false,virtual-inheritance,14,null
958,21608,21583,false,2008-08-22T01:46:32.907,5,null,false,database,0,null
958,21608,21583,false,2008-08-22T01:46:32.907,5,null,false,unit-testing,0,null
958,21608,21583,false,2008-08-22T01:46:32.907,5,null,false,transactions,0,null
958,21608,21583,false,2008-08-22T01:46:32.907,5,null,false,xtunit,0,null
1782,33709,33386,false,2008-08-29T00:38:22.857,0,null,false,debugging,0,null
1782,33709,33386,false,2008-08-29T00:38:22.857,0,null,false,embedded,0,null
352,33712,33703,false,2008-08-29T00:40:29.543,3,null,false,.net,0,null
352,33712,33703,false,2008-08-29T00:40:29.543,3,null,false,visual-studio,0,null
352,33712,33703,false,2008-08-29T00:40:29.543,3,null,false,winforms,0,null
352,33712,33703,false,2008-08-29T00:40:29.543,3,null,false,user-interface,0,null
615,33713,33703,false,2008-08-29T00:42:17.650,7,null,false,.net,0,null
615,33713,33703,false,2008-08-29T00:42:17.650,7,null,false,visual-studio,0,null
615,33713,33703,false,2008-08-29T00:42:17.650,7,null,false,winforms,0,null
615,33713,33703,false,2008-08-29T00:42:17.650,7,null,false,user-interface,0,null
1827,33715,33708,false,2008-08-29T00:42:33.953,13,null,false,java,0,null
1827,33715,33708,false,2008-08-29T00:42:33.953,13,null,false,swing,0,null
1827,33715,33708,false,2008-08-29T00:42:33.953,13,null,false,actionlistener,0,null
1827,33715,33708,false,2008-08-29T00:42:33.953,13,null,false,mouselistener,0,null
723,33716,33708,false,2008-08-29T00:42:41.597,3,null,false,java,0,null
723,33716,33708,false,2008-08-29T00:42:41.597,3,null,false,swing,0,null
723,33716,33708,false,2008-08-29T00:42:41.597,3,null,false,actionlistener,0,null
723,33716,33708,false,2008-08-29T00:42:41.597,3,null,false,mouselistener,0,null
1293,33717,33685,false,2008-08-29T00:43:26.917,2,null,false,sql-server,0,null
2469,28666,28642,false,2008-08-26T17:19:43.363,5,null,false,c#,0,null
2469,28666,28642,false,2008-08-26T17:19:43.363,5,null,false,asp.net,0,null
312,28667,28654,false,2008-08-26T17:19:44.830,2,null,false,c#,0,null
312,28667,28654,false,2008-08-26T17:19:44.830,2,null,false,web-services,0,null
312,28667,28654,false,2008-08-26T17:19:44.830,2,null,false,soap,0,null
312,28667,28654,false,2008-08-26T17:19:44.830,2,null,false,tcptrace-pocketsoap,0,null
658,46199,46160,false,2008-09-05T16:18:56.000,0,null,false,java,0,null
658,46199,46160,false,2008-09-05T16:18:56.000,0,null,false,performance,0,null
658,46199,46160,false,2008-09-05T16:18:56.000,0,null,false,string,0,null
1220,46203,46147,false,2008-09-05T16:19:22.427,2,null,false,css,0,null
1220,46203,46147,false,2008-09-05T16:19:22.427,2,null,false,safari,0,null
1220,46203,46147,false,2008-09-05T16:19:22.427,2,null,false,google-chrome,0,null
1220,46203,46147,false,2008-09-05T16:19:22.427,2,null,false,webkit,0,null
3803,46204,46160,false,2008-09-05T16:19:25.627,0,null,false,java,0,null
3803,46204,46160,false,2008-09-05T16:19:25.627,0,null,false,performance,0,null
3803,46204,46160,false,2008-09-05T16:19:25.627,0,null,false,string,0,null
2847,46206,46189,false,2008-09-05T16:19:35.860,3,null,false,linq,0,null
2847,46206,46189,false,2008-09-05T16:19:35.860,3,null,false,functional-programming,0,null
2973,32062,31867,false,2008-08-28T11:57:18.053,13,null,false,c++,2,null
2973,32062,31867,false,2008-08-28T11:57:18.053,13,null,false,oop,2,null
2973,32062,31867,false,2008-08-28T11:57:18.053,13,null,false,inheritance,2,null
905,32063,31930,false,2008-08-28T11:57:23.917,0,null,false,c#,0,null
905,32063,31930,false,2008-08-28T11:57:23.917,0,null,false,reporting-services,0,null
1606,32065,32010,false,2008-08-28T11:59:31.713,1,null,false,regex,0,null
1606,32065,32010,false,2008-08-28T11:59:31.713,1,null,false,language-agnostic,0,null
974,32067,32041,false,2008-08-28T12:22:43.560,10,null,false,java,0,null
974,32067,32041,false,2008-08-28T12:22:43.560,10,null,false,debugging,0,null
974,32067,32041,false,2008-08-28T12:22:43.560,10,null,false,compiler-construction,0,null
2758,32069,31935,false,2008-08-28T12:24:09.517,0,null,false,asp.net,0,null
2758,32069,31935,false,2008-08-28T12:24:09.517,0,null,false,javascript,0,null
2758,32069,31935,false,2008-08-28T12:24:09.517,0,null,false,asp.net-ajax,0,null
2260,32070,32059,false,2008-08-28T12:24:09.877,2,null,false,sql,0,null
3154,32073,32001,false,2008-08-28T12:25:23.693,17,null,false,java,0,null
3154,32073,32001,false,2008-08-28T12:25:23.693,17,null,false,timer,0,null
1633,32077,32041,false,2008-08-28T12:28:02.080,0,null,false,java,0,null
1633,32077,32041,false,2008-08-28T12:28:02.080,0,null,false,debugging,0,null
1633,32077,32041,false,2008-08-28T12:28:02.080,0,null,false,compiler-construction,0,null
3215,32081,13589,false,2008-08-28T12:30:02.403,2,null,false,asp.net,1,null
3215,32081,13589,false,2008-08-28T12:30:02.403,2,null,false,ajax,1,null
356,32082,32034,false,2008-08-28T12:30:39.063,8,null,false,c#,0,null
356,32082,32034,false,2008-08-28T12:30:39.063,8,null,false,.net,0,null
356,32082,32034,false,2008-08-28T12:30:39.063,8,null,false,design-patterns,0,null
1109,32086,31849,false,2008-08-28T12:32:06.563,2,null,false,apache-flex,0,null
1109,32086,31849,false,2008-08-28T12:32:06.563,2,null,false,air,0,null
192,2013,1994,false,2008-08-05T08:06:42.840,0,null,false,c#,0,null
192,2013,1994,false,2008-08-05T08:06:42.840,0,null,false,data-binding,0,null
48,2017,1790,false,2008-08-05T08:22:05.943,4,null,false,svn,3,null
48,2017,1790,false,2008-08-05T08:22:05.943,4,null,false,version-control,3,null
298,2025,1644,false,2008-08-05T08:43:05.667,9,null,true,podcast,0,null
46,2028,2027,false,2008-08-05T08:56:35.530,31,null,false,language-agnostic,0,null
46,2028,2027,false,2008-08-05T08:56:35.530,31,null,false,oop,0,null
46,2028,2027,false,2008-08-05T08:56:35.530,31,null,false,parameters,0,null
46,2028,2027,false,2008-08-05T08:56:35.530,31,null,false,pass-by-reference,0,null
46,2028,2027,false,2008-08-05T08:56:35.530,31,null,false,pass-by-value,0,null
370,2033,2027,false,2008-08-05T09:10:58.933,4,null,false,language-agnostic,1,null
370,2033,2027,false,2008-08-05T09:10:58.933,4,null,false,oop,1,null
370,2033,2027,false,2008-08-05T09:10:58.933,4,null,false,parameters,1,null
370,2033,2027,false,2008-08-05T09:10:58.933,4,null,false,pass-by-reference,1,null
370,2033,2027,false,2008-08-05T09:10:58.933,4,null,false,pass-by-value,1,null
1414,34677,34516,false,2008-08-29T16:40:29.443,1,null,false,c#,0,null
1414,34677,34516,false,2008-08-29T16:40:29.443,1,null,false,comments,0,null
1471,34678,34669,false,2008-08-29T16:40:44.903,2,null,false,java,0,null
1471,34678,34669,false,2008-08-29T16:40:44.903,2,null,false,recursion,0,null
1471,34678,34669,false,2008-08-29T16:40:44.903,2,null,false,coding-style,0,null
1471,34678,34669,false,2008-08-29T16:40:44.903,2,null,false,integer,0,null
1471,34678,34669,false,2008-08-29T16:40:44.903,2,null,false,final,0,null
854,34681,34595,false,2008-08-29T16:41:57.927,1,null,false,algorithm,3,null
854,34681,34595,false,2008-08-29T16:41:57.927,1,null,false,language-agnostic,3,null
854,34681,34595,false,2008-08-29T16:41:57.927,1,null,false,hash,3,null
2009,28671,28642,false,2008-08-26T17:21:54.280,0,null,false,c#,0,null
2009,28671,28642,false,2008-08-26T17:21:54.280,0,null,false,asp.net,0,null
1638,28672,28605,false,2008-08-26T17:22:06.837,2,null,false,c++,1,null
1638,28672,28605,false,2008-08-26T17:22:06.837,2,null,false,c,1,null
1638,28672,28605,false,2008-08-26T17:22:06.837,2,null,false,ide,1,null
1638,28672,28605,false,2008-08-26T17:22:06.837,2,null,false,compiler-construction,1,null
194,28674,28637,false,2008-08-26T17:22:15.790,7,null,false,c#,0,null
194,28674,28637,false,2008-08-26T17:22:15.790,7,null,false,.net,0,null
194,28674,28637,false,2008-08-26T17:22:15.790,7,null,false,performance,0,null
194,28674,28637,false,2008-08-26T17:22:15.790,7,null,false,datetime,0,null
194,28674,28637,false,2008-08-26T17:22:15.790,7,null,false,timer,0,null
1471,28684,28675,false,2008-08-26T17:26:45.953,7,null,false,java,0,null
1471,28684,28675,false,2008-08-26T17:26:45.953,7,null,false,nio,0,null
1471,28684,28675,false,2008-08-26T17:26:45.953,7,null,false,bytebuffer,0,null
1471,28684,28675,false,2008-08-26T17:26:45.953,7,null,false,filechannel,0,null
1233,28687,28664,false,2008-08-26T17:35:11.440,1,null,false,metadata,0,null
390,28689,28605,false,2008-08-26T17:35:45.713,1,null,false,c++,0,null
390,28689,28605,false,2008-08-26T17:35:45.713,1,null,false,c,0,null
390,28689,28605,false,2008-08-26T17:35:45.713,1,null,false,ide,0,null
390,28689,28605,false,2008-08-26T17:35:45.713,1,null,false,compiler-construction,0,null
3105,28690,28675,false,2008-08-26T17:35:50.767,1,null,false,java,0,null
3105,28690,28675,false,2008-08-26T17:35:50.767,1,null,false,nio,0,null
3105,28690,28675,false,2008-08-26T17:35:50.767,1,null,false,bytebuffer,0,null
3105,28690,28675,false,2008-08-26T17:35:50.767,1,null,false,filechannel,0,null
1627,28692,28668,false,2008-08-26T17:36:19.533,6,null,false,python,0,null
1627,28692,28668,false,2008-08-26T17:36:19.533,6,null,false,linux,0,null
1627,28692,28668,false,2008-08-26T17:36:19.533,6,null,false,perl,0,null
1627,28692,28668,false,2008-08-26T17:36:19.533,6,null,false,scripting,0,null
1627,28692,28668,false,2008-08-26T17:36:19.533,6,null,false,filemaker,0,null
2849,28693,27243,false,2008-08-26T17:36:49.687,2,null,false,nhibernate,0,null
905,32088,32059,false,2008-08-28T12:32:46.423,0,null,false,sql,0,null
2386,32091,32041,false,2008-08-28T12:35:08.350,-2,null,false,java,2,null
2386,32091,32041,false,2008-08-28T12:35:08.350,-2,null,false,debugging,2,null
2386,32091,32041,false,2008-08-28T12:35:08.350,-2,null,false,compiler-construction,2,null
1109,32092,32085,false,2008-08-28T12:35:44.950,13,null,false,xml,0,null
1109,32092,32085,false,2008-08-28T12:35:44.950,13,null,false,xslt,0,null
1109,32092,32085,false,2008-08-28T12:35:44.950,13,null,false,nodesets,0,null
3154,32093,32087,false,2008-08-28T12:35:56.603,5,null,false,windows,0,null
3154,32093,32087,false,2008-08-28T12:35:56.603,5,null,false,scripting,0,null
470,32094,32034,false,2008-08-28T12:37:19.877,22,null,false,c#,0,null
470,32094,32034,false,2008-08-28T12:37:19.877,22,null,false,.net,0,null
470,32094,32034,false,2008-08-28T12:37:19.877,22,null,false,design-patterns,0,null
2385,32095,32059,false,2008-08-28T12:37:43.087,0,null,false,sql,0,null
986,32097,32087,false,2008-08-28T12:38:06.723,1,null,false,windows,0,null
986,32097,32087,false,2008-08-28T12:38:06.723,1,null,false,scripting,0,null
1196,32098,32087,false,2008-08-28T12:39:31.960,0,null,false,windows,0,null
1196,32098,32087,false,2008-08-28T12:39:31.960,0,null,false,scripting,0,null
1695,32099,32087,false,2008-08-28T12:39:34.270,0,null,false,windows,0,null
1695,32099,32087,false,2008-08-28T12:39:34.270,0,null,false,scripting,0,null
309844,4696,4670,false,2008-08-07T13:13:37.367,4,null,false,version-control,0,null
309844,4696,4670,false,2008-08-07T13:13:37.367,4,null,false,dvcs,0,null
383,4697,4689,false,2008-08-07T13:14:06.697,23,null,true,fonts,3,null
383,4697,4689,false,2008-08-07T13:14:06.697,23,null,true,development-environment,3,null
309844,4698,4689,false,2008-08-07T13:14:34.293,7,null,true,fonts,0,null
309844,4698,4689,false,2008-08-07T13:14:34.293,7,null,true,development-environment,0,null
91,4700,4689,false,2008-08-07T13:15:42.247,3,null,true,fonts,0,null
91,4700,4689,false,2008-08-07T13:15:42.247,3,null,true,development-environment,0,null
557,4701,4689,false,2008-08-07T13:15:48.517,7,null,true,fonts,4,null
557,4701,4689,false,2008-08-07T13:15:48.517,7,null,true,development-environment,4,null
645,4702,104,false,2008-08-07T13:17:27.547,6,null,false,.net,0,null
645,4702,104,false,2008-08-07T13:17:27.547,6,null,false,performance,0,null
645,4702,104,false,2008-08-07T13:17:27.547,6,null,false,memory-leaks,0,null
645,4702,104,false,2008-08-07T13:17:27.547,6,null,false,com-interop,0,null
137,4703,4665,false,2008-08-07T13:17:45.673,3,null,false,windows,0,null
137,4703,4665,false,2008-08-07T13:17:45.673,3,null,false,testing,0,null
556,4704,4689,false,2008-08-07T13:28:17.040,196,null,true,fonts,8,null
556,4704,4689,false,2008-08-07T13:28:17.040,196,null,true,development-environment,8,null
206,4706,4684,false,2008-08-07T13:31:29.733,21,null,false,vmware,0,null
206,4706,4684,false,2008-08-07T13:31:29.733,21,null,false,virtualization,0,null
341,4707,4689,false,2008-08-07T13:32:14.897,10,null,true,fonts,0,null
341,4707,4689,false,2008-08-07T13:32:14.897,10,null,true,development-environment,0,null
157,4712,4617,false,2008-08-07T13:37:30.300,1,null,false,version-control,0,null
157,4712,4617,false,2008-08-07T13:37:30.300,1,null,false,mercurial,0,null
157,4712,4617,false,2008-08-07T13:37:30.300,1,null,false,dvcs,0,null
444,4716,4689,false,2008-08-07T13:40:17.703,28,null,true,fonts,3,null
444,4716,4689,false,2008-08-07T13:40:17.703,28,null,true,development-environment,3,null
92,4725,4724,false,2008-08-07T13:56:51.430,48,null,true,functional-programming,4,null
92,4725,4724,false,2008-08-07T13:56:51.430,48,null,true,lisp,4,null
3333,33718,33708,false,2008-08-29T00:43:44.870,3,null,false,java,0,null
3333,33718,33708,false,2008-08-29T00:43:44.870,3,null,false,swing,0,null
3333,33718,33708,false,2008-08-29T00:43:44.870,3,null,false,actionlistener,0,null
3333,33718,33708,false,2008-08-29T00:43:44.870,3,null,false,mouselistener,0,null
2470,33719,33703,false,2008-08-29T00:43:56.977,3,null,false,.net,0,null
2470,33719,33703,false,2008-08-29T00:43:56.977,3,null,false,visual-studio,0,null
2470,33719,33703,false,2008-08-29T00:43:56.977,3,null,false,winforms,0,null
2470,33719,33703,false,2008-08-29T00:43:56.977,3,null,false,user-interface,0,null
459,33722,33696,false,2008-08-29T00:45:18.190,3,null,false,php,0,null
459,33722,33696,false,2008-08-29T00:45:18.190,3,null,false,c,0,null
459,33722,33696,false,2008-08-29T00:45:18.190,3,null,false,objective-c,0,null
459,33722,33696,false,2008-08-29T00:45:18.190,3,null,false,cocoa,0,null
369,33725,33685,false,2008-08-29T00:48:31.770,1,null,false,sql-server,0,null
1659,19599,19553,false,2008-08-21T10:42:52.173,0,null,false,c#,0,null
1659,19599,19553,false,2008-08-21T10:42:52.173,0,null,false,garbage-collection,0,null
1659,19599,19553,false,2008-08-21T10:42:52.173,0,null,false,dispose,0,null
1659,19599,19553,false,2008-08-21T10:42:52.173,0,null,false,destructor,0,null
615,19600,9275,false,2008-08-21T10:44:08.020,1,null,false,sql-server,0,null
615,19600,9275,false,2008-08-21T10:44:08.020,1,null,false,visual-studio,0,null
615,19600,9275,false,2008-08-21T10:44:08.020,1,null,false,sql-server-2008,0,null
615,19600,9275,false,2008-08-21T10:44:08.020,1,null,false,reporting-services,0,null
615,19600,9275,false,2008-08-21T10:44:08.020,1,null,false,odbc,0,null
1297,19602,19589,false,2008-08-21T10:51:07.800,19,null,false,c#,0,null
1297,19602,19589,false,2008-08-21T10:51:07.800,19,null,false,.net,0,null
1297,19602,19589,false,2008-08-21T10:51:07.800,19,null,false,xml,0,null
1297,19602,19589,false,2008-08-21T10:51:07.800,19,null,false,wcf,0,null
1297,19602,19589,false,2008-08-21T10:51:07.800,19,null,false,configurationmanager,0,null
2199,19606,18172,false,2008-08-21T10:54:09.727,5,null,false,windows,0,null
2199,19606,18172,false,2008-08-21T10:54:09.727,5,null,false,vb6,0,null
2199,19606,18172,false,2008-08-21T10:54:09.727,5,null,false,network-programming,0,null
2199,19606,18172,false,2008-08-21T10:54:09.727,5,null,false,wireless,0,null
2199,19606,18172,false,2008-08-21T10:54:09.727,5,null,false,intermittent,0,null
2386,32102,32087,false,2008-08-28T12:40:04.767,1,null,false,windows,0,null
2386,32102,32087,false,2008-08-28T12:40:04.767,1,null,false,scripting,0,null
1862,32105,32087,false,2008-08-28T12:41:54.450,0,null,false,windows,0,null
1862,32105,32087,false,2008-08-28T12:41:54.450,0,null,false,scripting,0,null
2950,32106,32087,false,2008-08-28T12:42:22.250,0,null,false,windows,0,null
2950,32106,32087,false,2008-08-28T12:42:22.250,0,null,false,scripting,0,null
1123,32108,32100,false,2008-08-28T12:42:49.207,7,null,false,sql,2,null
1123,32108,32100,false,2008-08-28T12:42:49.207,7,null,false,puzzle,2,null
2384,32109,32100,false,2008-08-28T12:43:25.990,21,null,false,sql,3,null
2384,32109,32100,false,2008-08-28T12:43:25.990,21,null,false,puzzle,3,null
1968,32110,32034,false,2008-08-28T12:43:34.227,0,null,false,c#,0,null
1968,32110,32034,false,2008-08-28T12:43:34.227,0,null,false,.net,0,null
1968,32110,32034,false,2008-08-28T12:43:34.227,0,null,false,design-patterns,0,null
1975282,11146,11141,false,2008-08-14T14:52:54.267,4,null,false,asp.net,0,null
1975282,11146,11141,false,2008-08-14T14:52:54.267,4,null,false,sql,0,null
1975282,11146,11141,false,2008-08-14T14:52:54.267,4,null,false,caching,0,null
1219,11148,11141,false,2008-08-14T14:55:42.777,2,null,false,asp.net,0,null
1219,11148,11141,false,2008-08-14T14:55:42.777,2,null,false,sql,0,null
1219,11148,11141,false,2008-08-14T14:55:42.777,2,null,false,caching,0,null
372,11149,10915,false,2008-08-14T14:56:01.437,0,null,false,c#,0,null
372,11149,10915,false,2008-08-14T14:56:01.437,0,null,false,nhibernate,0,null
813,6662,6661,false,2008-08-09T06:42:20.003,11,null,false,javascript,0,null
813,6662,6661,false,2008-08-09T06:42:20.003,11,null,false,browser,0,null
813,6662,6661,false,2008-08-09T06:42:20.003,11,null,false,client-side,0,null
571,6665,6547,false,2008-08-09T06:50:10.300,1,null,false,algorithm,0,null
571,6665,6547,false,2008-08-09T06:50:10.300,1,null,false,puzzle,0,null
122,6671,6658,false,2008-08-09T07:00:34.087,67,null,false,java,5,null
122,6671,6658,false,2008-08-09T07:00:34.087,67,null,false,testing,5,null
122,6671,6658,false,2008-08-09T07:00:34.087,67,null,false,junit,5,null
122,6671,6658,false,2008-08-09T07:00:34.087,67,null,false,testng,5,null
3631,46207,46156,false,2008-09-05T16:20:23.097,2,null,false,windows,0,null
3631,46207,46156,false,2008-09-05T16:20:23.097,2,null,false,vb6,0,null
3631,46207,46156,false,2008-09-05T16:20:23.097,2,null,false,runtime-error,0,null
1344,46208,46147,false,2008-09-05T16:20:42.753,1,null,false,css,3,null
1344,46208,46147,false,2008-09-05T16:20:42.753,1,null,false,safari,3,null
1344,46208,46147,false,2008-09-05T16:20:42.753,1,null,false,google-chrome,3,null
1344,46208,46147,false,2008-09-05T16:20:42.753,1,null,false,webkit,3,null
4500,46209,46160,false,2008-09-05T16:20:54.077,0,null,false,java,0,null
4500,46209,46160,false,2008-09-05T16:20:54.077,0,null,false,performance,0,null
4500,46209,46160,false,2008-09-05T16:20:54.077,0,null,false,string,0,null
1968,46210,46160,false,2008-09-05T16:20:58.070,6,null,false,java,0,null
1968,46210,46160,false,2008-09-05T16:20:58.070,6,null,false,performance,0,null
1968,46210,46160,false,2008-09-05T16:20:58.070,6,null,false,string,0,null
3295,46211,46160,false,2008-09-05T16:21:11.253,2,null,false,java,0,null
3295,46211,46160,false,2008-09-05T16:21:11.253,2,null,false,performance,0,null
3295,46211,46160,false,2008-09-05T16:21:11.253,2,null,false,string,0,null
1233,28700,28664,false,2008-08-26T17:40:36.653,0,null,false,metadata,0,null
1233,28707,28664,false,2008-08-26T17:47:04.640,0,null,false,metadata,0,null
9,155,108,false,2008-08-01T17:47:54.727,8,null,false,windows,0,null
9,155,108,false,2008-08-01T17:47:54.727,8,null,false,svn,0,null
9,155,108,false,2008-08-01T17:47:54.727,8,null,false,64-bit,0,null
70,158,146,false,2008-08-01T17:51:55.407,29,null,false,php,0,null
70,158,146,false,2008-08-01T17:51:55.407,29,null,false,apache,0,null
70,158,146,false,2008-08-01T17:51:55.407,29,null,false,logging,0,null
70,158,146,false,2008-08-01T17:51:55.407,29,null,false,download,0,null
70,158,146,false,2008-08-01T17:51:55.407,29,null,false,analytics,0,null
42,159,104,false,2008-08-01T17:52:46.293,35,null,false,.net,0,null
42,159,104,false,2008-08-01T17:52:46.293,35,null,false,performance,0,null
42,159,104,false,2008-08-01T17:52:46.293,35,null,false,memory-leaks,0,null
42,159,104,false,2008-08-01T17:52:46.293,35,null,false,com-interop,0,null
17,160,129,false,2008-08-01T17:54:08.163,59,null,false,mysql,4,null
17,160,129,false,2008-08-01T17:54:08.163,59,null,false,sql-server,4,null
17,160,129,false,2008-08-01T17:54:08.163,59,null,false,csv,4,null
17,160,129,false,2008-08-01T17:54:08.163,59,null,false,sql-server-2005,4,null
17,160,129,false,2008-08-01T17:54:08.163,59,null,false,bcp,4,null
33,161,104,false,2008-08-01T17:57:14.117,18,null,false,.net,0,null
33,161,104,false,2008-08-01T17:57:14.117,18,null,false,performance,0,null
33,161,104,false,2008-08-01T17:57:14.117,18,null,false,memory-leaks,0,null
33,161,104,false,2008-08-01T17:57:14.117,18,null,false,com-interop,0,null
1483,46215,46160,false,2008-09-05T16:22:27.583,1,null,false,java,0,null
1483,46215,46160,false,2008-09-05T16:22:27.583,1,null,false,performance,0,null
1483,46215,46160,false,2008-09-05T16:22:27.583,1,null,false,string,0,null
4794,46216,46160,false,2008-09-05T16:23:00.000,12,null,false,java,0,null
4794,46216,46160,false,2008-09-05T16:23:00.000,12,null,false,performance,0,null
4794,46216,46160,false,2008-09-05T16:23:00.000,12,null,false,string,0,null
598,46218,46173,false,2008-09-05T16:23:33.213,0,null,false,c#,0,null
598,46218,46173,false,2008-09-05T16:23:33.213,0,null,false,.net,0,null
598,46218,46173,false,2008-09-05T16:23:33.213,0,null,false,deployment,0,null
905,34685,31930,false,2008-08-29T16:43:14.227,0,null,false,c#,0,null
905,34685,31930,false,2008-08-29T16:43:14.227,0,null,false,reporting-services,0,null
1902010,34686,34655,false,2008-08-29T16:43:18.030,11,null,false,javascript,1,null
1902010,34686,34655,false,2008-08-29T16:43:18.030,11,null,false,html,1,null
1902010,34686,34655,false,2008-08-29T16:43:18.030,11,null,false,css,1,null
1902010,34686,34655,false,2008-08-29T16:43:18.030,11,null,false,iframe,1,null
3641,34688,34674,false,2008-08-29T16:44:00.463,0,null,false,objective-c,0,null
3641,34688,34674,false,2008-08-29T16:44:00.463,0,null,false,performance,0,null
2429,43356,43324,false,2008-09-04T08:42:45.140,1,null,false,c#,0,null
2429,43356,43324,false,2008-09-04T08:42:45.140,1,null,false,asp.net,0,null
2429,43356,43324,false,2008-09-04T08:42:45.140,1,null,false,session,0,null
2429,43356,43324,false,2008-09-04T08:42:45.140,1,null,false,yui,0,null
3720,43357,43349,false,2008-09-04T08:43:01.863,4,null,false,linux,1,null
3720,43357,43349,false,2008-09-04T08:43:01.863,4,null,false,unix,1,null
3720,43357,43349,false,2008-09-04T08:43:01.863,4,null,false,batch-file,1,null
3720,43357,43349,false,2008-09-04T08:43:01.863,4,null,false,cron,1,null
2794,43358,43315,false,2008-09-04T08:44:11.893,52,null,false,iphone,0,null
2794,43358,43315,false,2008-09-04T08:44:11.893,52,null,false,python,0,null
2794,43358,43315,false,2008-09-04T08:44:11.893,52,null,false,cocoa-touch,0,null
2257,43360,43349,false,2008-09-04T08:45:17.630,5,null,false,linux,0,null
2257,43360,43349,false,2008-09-04T08:45:17.630,5,null,false,unix,0,null
2257,43360,43349,false,2008-09-04T08:45:17.630,5,null,false,batch-file,0,null
2257,43360,43349,false,2008-09-04T08:45:17.630,5,null,false,cron,0,null
381,43366,43349,false,2008-09-04T08:52:42.870,4,null,false,linux,2,null
381,43366,43349,false,2008-09-04T08:52:42.870,4,null,false,unix,2,null
381,43366,43349,false,2008-09-04T08:52:42.870,4,null,false,batch-file,2,null
381,43366,43349,false,2008-09-04T08:52:42.870,4,null,false,cron,2,null
55,15172,15139,false,2008-08-18T20:15:24.820,2,null,false,javascript,0,null
55,15172,15139,false,2008-08-18T20:15:24.820,2,null,false,deployment,0,null
55,15172,15139,false,2008-08-18T20:15:24.820,2,null,false,web-applications,0,null
55,15172,15139,false,2008-08-18T20:15:24.820,2,null,false,browser,0,null
428190,15173,15142,false,2008-08-18T20:15:39.220,4,null,true,c#,0,null
428190,15173,15142,false,2008-08-18T20:15:39.220,4,null,true,sql,0,null
428190,15173,15142,false,2008-08-18T20:15:39.220,4,null,true,sql-server,0,null
428190,15173,15142,false,2008-08-18T20:15:39.220,4,null,true,stored-procedures,0,null
740,15174,15142,false,2008-08-18T20:16:14.850,7,null,true,c#,0,null
740,15174,15142,false,2008-08-18T20:16:14.850,7,null,true,sql,0,null
740,15174,15142,false,2008-08-18T20:16:14.850,7,null,true,sql-server,0,null
740,15174,15142,false,2008-08-18T20:16:14.850,7,null,true,stored-procedures,0,null
1322,15177,15171,false,2008-08-18T20:18:29.557,19,null,false,linux,0,null
1322,15177,15171,false,2008-08-18T20:18:29.557,19,null,false,debian,0,null
1323,15178,1669,false,2008-08-18T20:18:32.163,12,null,true,compiler-construction,0,null
1323,15178,1669,false,2008-08-18T20:18:32.163,12,null,true,language-agnostic,0,null
2600,46224,46160,false,2008-09-05T16:24:47.313,0,null,false,java,0,null
2600,46224,46160,false,2008-09-05T16:24:47.313,0,null,false,performance,0,null
2600,46224,46160,false,2008-09-05T16:24:47.313,0,null,false,string,0,null
267,27863,27850,false,2008-08-26T12:18:55.787,2,null,false,data-structures,1,null
267,27863,27850,false,2008-08-26T12:18:55.787,2,null,false,modeling,1,null
842,27878,27857,false,2008-08-26T12:23:00.830,3,null,false,c++,0,null
842,27878,27857,false,2008-08-26T12:23:00.830,3,null,false,c,0,null
842,27878,27857,false,2008-08-26T12:23:00.830,3,null,false,visualization,0,null
1693,27886,27857,false,2008-08-26T12:24:51.747,2,null,false,c++,0,null
1693,27886,27857,false,2008-08-26T12:24:51.747,2,null,false,c,0,null
1693,27886,27857,false,2008-08-26T12:24:51.747,2,null,false,visualization,0,null
832,18659,18585,false,2008-08-20T19:41:37.097,1,null,false,c#,0,null
832,18659,18585,false,2008-08-20T19:41:37.097,1,null,false,visual-studio,0,null
832,18659,18585,false,2008-08-20T19:41:37.097,1,null,false,data-binding,0,null
832,18659,18585,false,2008-08-20T19:41:37.097,1,null,false,.net-2.0,0,null
230,18660,18655,false,2008-08-20T19:43:19.777,26,null,true,sql,4,null
230,18660,18655,false,2008-08-20T19:43:19.777,26,null,true,database,4,null
230,18660,18655,false,2008-08-20T19:43:19.777,26,null,true,orm,4,null
230,18660,18655,false,2008-08-20T19:43:19.777,26,null,true,entities,4,null
1242,18664,18632,false,2008-08-20T19:44:38.777,0,null,false,monitoring,0,null
1242,18664,18632,false,2008-08-20T19:44:38.777,0,null,false,text-files,0,null
1666,19614,19611,false,2008-08-21T11:01:49.913,6,null,false,windows,3,null
1666,19614,19611,false,2008-08-21T11:01:49.913,6,null,false,patch,3,null
1087,19615,19611,false,2008-08-21T11:01:55.763,-2,null,false,windows,3,null
1087,19615,19611,false,2008-08-21T11:01:55.763,-2,null,false,patch,3,null
580,19624,9304,false,2008-08-21T11:13:54.627,0,null,false,c#,1,null
580,19624,9304,false,2008-08-21T11:13:54.627,0,null,false,.net,1,null
580,19624,9304,false,2008-08-21T11:13:54.627,0,null,false,automatic-properties,1,null
383,3289,3260,false,2008-08-06T11:17:29.240,0,null,false,algorithm,0,null
383,3289,3260,false,2008-08-06T11:17:29.240,0,null,false,language-agnostic,0,null
489,3291,3284,false,2008-08-06T11:21:11.667,46,null,false,c#,6,null
489,3291,3284,false,2008-08-06T11:21:11.667,46,null,false,.net,6,null
489,3291,3284,false,2008-08-06T11:21:11.667,46,null,false,language-design,6,null
266,3292,3284,false,2008-08-06T11:24:41.957,9,null,false,c#,6,null
266,3292,3284,false,2008-08-06T11:24:41.957,9,null,false,.net,6,null
266,3292,3284,false,2008-08-06T11:24:41.957,9,null,false,language-design,6,null
267,3294,3284,false,2008-08-06T11:30:07.093,164,null,false,c#,4,null
267,3294,3284,false,2008-08-06T11:30:07.093,164,null,false,.net,4,null
267,3294,3284,false,2008-08-06T11:30:07.093,164,null,false,language-design,4,null
2084,19658,19656,false,2008-08-21T11:50:56.050,2,null,false,c#,0,null
2084,19658,19656,false,2008-08-21T11:50:56.050,2,null,false,linq,0,null
2084,19658,19656,false,2008-08-21T11:50:56.050,2,null,false,reflection,0,null
2084,19658,19656,false,2008-08-21T11:50:56.050,2,null,false,linq-to-objects,0,null
1942,19661,19553,false,2008-08-21T11:51:53.990,1,null,false,c#,0,null
1942,19661,19553,false,2008-08-21T11:51:53.990,1,null,false,garbage-collection,0,null
1942,19661,19553,false,2008-08-21T11:51:53.990,1,null,false,dispose,0,null
1942,19661,19553,false,2008-08-21T11:51:53.990,1,null,false,destructor,0,null
,19662,13485,false,2008-08-21T11:52:50.507,1,null,false,sql-server,0,null
,19662,13485,false,2008-08-21T11:52:50.507,1,null,false,database,0,null
,19662,13485,false,2008-08-21T11:52:50.507,1,null,false,synchronization,0,null
,19662,13485,false,2008-08-21T11:52:50.507,1,null,false,distributed,0,null
275,19663,19656,false,2008-08-21T11:53:00.647,8,null,false,c#,0,null
275,19663,19656,false,2008-08-21T11:53:00.647,8,null,false,linq,0,null
275,19663,19656,false,2008-08-21T11:53:00.647,8,null,false,reflection,0,null
275,19663,19656,false,2008-08-21T11:53:00.647,8,null,false,linq-to-objects,0,null
1026,16534,16483,false,2008-08-19T16:51:42.157,14,null,false,firefox,2,null
1026,16534,16483,false,2008-08-19T16:51:42.157,14,null,false,https,2,null
1782,16535,16529,false,2008-08-19T16:51:42.937,0,null,false,javascript,0,null
1782,16535,16529,false,2008-08-19T16:51:42.937,0,null,false,server,0,null
1227,16538,16529,false,2008-08-19T16:53:42.247,5,null,false,javascript,0,null
1227,16538,16529,false,2008-08-19T16:53:42.247,5,null,false,server,0,null
4083,45087,45036,false,2008-09-05T01:52:46.850,75,null,false,.net,5,null
4083,45087,45036,false,2008-09-05T01:52:46.850,75,null,false,dispose,5,null
4083,45087,45036,false,2008-09-05T01:52:46.850,75,null,false,idisposable,5,null
137,2036,2034,false,2008-08-05T09:12:29.947,545,null,false,svn,4,null
269,2042,2041,false,2008-08-05T09:25:40.510,646,null,false,svn,6,null
269,2042,2041,false,2008-08-05T09:25:40.510,646,null,false,version-control,6,null
269,2042,2041,false,2008-08-05T09:25:40.510,646,null,false,branch,6,null
269,2042,2041,false,2008-08-05T09:25:40.510,646,null,false,branching-and-merging,6,null
91,2044,2043,false,2008-08-05T09:37:13.577,41,null,false,windows,2,null
91,2044,2043,false,2008-08-05T09:37:13.577,41,null,false,delphi,2,null
91,2044,2043,false,2008-08-05T09:37:13.577,41,null,false,winapi,2,null
91,2044,2043,false,2008-08-05T09:37:13.577,41,null,false,dll,2,null
91,2044,2043,false,2008-08-05T09:37:13.577,41,null,false,path,2,null
,13804,13786,false,2008-08-17T18:26:14.027,2,null,false,internet-explorer,1,null
,13804,13786,false,2008-08-17T18:26:14.027,2,null,false,internet-explorer-6,1,null
392,13809,13786,false,2008-08-17T18:29:43.117,0,null,false,internet-explorer,0,null
392,13809,13786,false,2008-08-17T18:29:43.117,0,null,false,internet-explorer-6,0,null
1370,13813,13786,false,2008-08-17T18:32:09.163,0,null,false,internet-explorer,0,null
1370,13813,13786,false,2008-08-17T18:32:09.163,0,null,false,internet-explorer-6,0,null
437,13815,13786,false,2008-08-17T18:35:17.457,2,null,false,internet-explorer,0,null
437,13815,13786,false,2008-08-17T18:35:17.457,2,null,false,internet-explorer-6,0,null
267,3297,3255,false,2008-08-06T11:34:26.803,6,null,false,algorithm,0,null
267,3297,3255,false,2008-08-06T11:34:26.803,6,null,false,optimization,0,null
267,3297,3255,false,2008-08-06T11:34:26.803,6,null,false,complexity-theory,0,null
267,3297,3255,false,2008-08-06T11:34:26.803,6,null,false,big-o,0,null
267,3297,3255,false,2008-08-06T11:34:26.803,6,null,false,performance,0,null
488,3299,3260,false,2008-08-06T11:38:05.393,2,null,false,algorithm,0,null
488,3299,3260,false,2008-08-06T11:38:05.393,2,null,false,language-agnostic,0,null
279,3300,3260,false,2008-08-06T11:38:37.607,0,null,false,algorithm,0,null
279,3300,3260,false,2008-08-06T11:38:37.607,0,null,false,language-agnostic,0,null
257,3310,3230,false,2008-08-06T12:10:55.920,0,null,false,c++,0,null
257,3310,3230,false,2008-08-06T12:10:55.920,0,null,false,visual-studio,0,null
257,3310,3230,false,2008-08-06T12:10:55.920,0,null,false,build,0,null
279,3313,1988,false,2008-08-06T12:14:12.213,1,null,false,macros,1,null
279,3313,1988,false,2008-08-06T12:14:12.213,1,null,false,lisp,1,null
533,3314,3281,false,2008-08-06T12:15:50.747,2,null,false,ruby,0,null
533,3314,3281,false,2008-08-06T12:15:50.747,2,null,false,maps,0,null
533,3314,3281,false,2008-08-06T12:15:50.747,2,null,false,reduce,0,null
2688,42086,41948,false,2008-09-03T16:38:43.930,4,null,false,javascript,1,null
2688,42086,41948,false,2008-09-03T16:38:43.930,4,null,false,date,1,null
41,42087,42070,false,2008-09-03T16:39:02.180,0,null,false,unix,1,null
41,42087,42070,false,2008-09-03T16:39:02.180,0,null,false,shell,1,null
4275,42089,42070,false,2008-09-03T16:39:41.133,1,null,false,unix,0,null
4275,42089,42070,false,2008-09-03T16:39:41.133,1,null,false,shell,0,null
1223,42092,42070,false,2008-09-03T16:40:09.730,8,null,false,unix,0,null
1223,42092,42070,false,2008-09-03T16:40:09.730,8,null,false,shell,0,null
3043,42094,42076,false,2008-09-03T16:41:08.697,13,null,false,captcha,0,null
1463,46234,46189,false,2008-09-05T16:29:37.723,0,null,false,linq,0,null
1463,46234,46189,false,2008-09-05T16:29:37.723,0,null,false,functional-programming,0,null
956,46240,46214,false,2008-09-05T16:32:25.657,0,null,false,javascript,0,null
956,46240,46214,false,2008-09-05T16:32:25.657,0,null,false,jquery,0,null
956,46240,46214,false,2008-09-05T16:32:25.657,0,null,false,performance,0,null
956,46240,46214,false,2008-09-05T16:32:25.657,0,null,false,css-selectors,0,null
658,46241,46231,false,2008-09-05T16:33:10.367,4,null,false,algorithm,0,null
658,46241,46231,false,2008-09-05T16:33:10.367,4,null,false,checksum,0,null
658,46241,46231,false,2008-09-05T16:33:10.367,4,null,false,error-checking,0,null
658,46241,46231,false,2008-09-05T16:33:10.367,4,null,false,data-consistency,0,null
1790,46242,46219,false,2008-09-05T16:33:12.597,132,null,false,javascript,2,null
1790,46242,46219,false,2008-09-05T16:33:12.597,132,null,false,html,2,null
1790,46242,46219,false,2008-09-05T16:33:12.597,132,null,false,upload,2,null
2600,46243,46231,false,2008-09-05T16:33:28.540,0,null,false,algorithm,0,null
2600,46243,46231,false,2008-09-05T16:33:28.540,0,null,false,checksum,0,null
2600,46243,46231,false,2008-09-05T16:33:28.540,0,null,false,error-checking,0,null
2600,46243,46231,false,2008-09-05T16:33:28.540,0,null,false,data-consistency,0,null
4028,46244,46124,false,2008-09-05T16:33:41.643,2,null,false,css,0,null
4028,46244,46124,false,2008-09-05T16:33:41.643,2,null,false,browser,0,null
4028,46244,46124,false,2008-09-05T16:33:41.643,2,null,false,conditional-statements,0,null
2915,46247,46160,false,2008-09-05T16:36:00.500,2,null,false,java,0,null
2915,46247,46160,false,2008-09-05T16:36:00.500,2,null,false,performance,0,null
2915,46247,46160,false,2008-09-05T16:36:00.500,2,null,false,string,0,null
1335,46253,46214,false,2008-09-05T16:39:39.383,35,null,false,javascript,6,null
1335,46253,46214,false,2008-09-05T16:39:39.383,35,null,false,jquery,6,null
1335,46253,46214,false,2008-09-05T16:39:39.383,35,null,false,performance,6,null
1335,46253,46214,false,2008-09-05T16:39:39.383,35,null,false,css-selectors,6,null
4794,46255,34571,false,2008-09-05T16:39:45.170,28,null,true,java,0,null
4794,46255,34571,false,2008-09-05T16:39:45.170,28,null,true,unit-testing,0,null
4794,46255,34571,false,2008-09-05T16:39:45.170,28,null,true,junit,0,null
4794,46255,34571,false,2008-09-05T16:39:45.170,28,null,true,tdd,0,null
533,46256,46252,false,2008-09-05T16:40:13.673,1,null,false,virtual-machine,0,null
533,46256,46252,false,2008-09-05T16:40:13.673,1,null,false,virtualbox,0,null
29,46257,46252,false,2008-09-05T16:40:26.887,5,null,false,virtual-machine,0,null
29,46257,46252,false,2008-09-05T16:40:26.887,5,null,false,virtualbox,0,null
4249,46262,46231,false,2008-09-05T16:42:33.790,0,null,false,algorithm,0,null
4249,46262,46231,false,2008-09-05T16:42:33.790,0,null,false,checksum,0,null
4249,46262,46231,false,2008-09-05T16:42:33.790,0,null,false,error-checking,0,null
4249,46262,46231,false,2008-09-05T16:42:33.790,0,null,false,data-consistency,0,null
1175,46263,46252,false,2008-09-05T16:42:42.450,4,null,false,virtual-machine,0,null
1175,46263,46252,false,2008-09-05T16:42:42.450,4,null,false,virtualbox,0,null
598,46268,46231,false,2008-09-05T16:44:19.717,1,null,false,algorithm,0,null
598,46268,46231,false,2008-09-05T16:44:19.717,1,null,false,checksum,0,null
598,46268,46231,false,2008-09-05T16:44:19.717,1,null,false,error-checking,0,null
598,46268,46231,false,2008-09-05T16:44:19.717,1,null,false,data-consistency,0,null
,16545,16458,false,2008-08-19T16:59:39.413,1,null,false,javascript,0,null
,16545,16458,false,2008-08-19T16:59:39.413,1,null,false,jquery,0,null
,16545,16458,false,2008-08-19T16:59:39.413,1,null,false,sql,0,null
,16545,16458,false,2008-08-19T16:59:39.413,1,null,false,html,0,null
,16545,16458,false,2008-08-19T16:59:39.413,1,null,false,coldfusion,0,null
1042,16546,16403,false,2008-08-19T16:59:53.047,6,null,false,html,0,null
1042,16546,16403,false,2008-08-19T16:59:53.047,6,null,false,whitespace,0,null
64,16547,16529,false,2008-08-19T17:01:11.390,3,null,false,javascript,0,null
64,16547,16529,false,2008-08-19T17:01:11.390,3,null,false,server,0,null
142,16548,3150,false,2008-08-19T17:01:49.547,1,null,false,c++,0,null
142,16548,3150,false,2008-08-19T17:01:49.547,1,null,false,unit-testing,0,null
142,16548,3150,false,2008-08-19T17:01:49.547,1,null,false,testing,0,null
142,16548,3150,false,2008-08-19T17:01:49.547,1,null,false,visual-studio-2008,0,null
142,16548,3150,false,2008-08-19T17:01:49.547,1,null,false,frameworks,0,null
1977,16549,16529,false,2008-08-19T17:01:52.060,1,null,false,javascript,0,null
1977,16549,16529,false,2008-08-19T17:01:52.060,1,null,false,server,0,null
1862,16551,16529,false,2008-08-19T17:03:37.237,0,null,false,javascript,0,null
1862,16551,16529,false,2008-08-19T17:03:37.237,0,null,false,server,0,null
4020,42095,42076,false,2008-09-03T16:41:20.693,0,null,false,captcha,0,null
2541,42096,42076,false,2008-09-03T16:41:43.483,0,null,false,captcha,0,null
3474,42099,42076,false,2008-09-03T16:42:02.050,2,null,false,captcha,3,null
999,42100,42076,false,2008-09-03T16:42:17.680,4,null,false,captcha,0,null
1178,42101,42076,false,2008-09-03T16:42:19.130,0,null,false,captcha,0,null
358,2047,1535,false,2008-08-05T09:43:55.000,14,null,false,c#,0,null
358,2047,1535,false,2008-08-05T09:43:55.000,14,null,false,exception,0,null
358,2047,1535,false,2008-08-05T09:43:55.000,14,null,false,error-handling,0,null
266,2049,2046,false,2008-08-05T09:47:41.013,4,null,false,sql-server,0,null
266,2049,2046,false,2008-08-05T09:47:41.013,4,null,false,unit-testing,0,null
266,2049,2046,false,2008-08-05T09:47:41.013,4,null,false,tdd,0,null
200,2050,1949,false,2008-08-05T09:57:03.333,2,null,false,asp.net,0,null
200,2050,1949,false,2008-08-05T09:57:03.333,2,null,false,.net,0,null
200,2050,1949,false,2008-08-05T09:57:03.333,2,null,false,linq-to-sql,0,null
200,2050,1949,false,2008-08-05T09:57:03.333,2,null,false,datacontext,0,null
188,2051,2027,false,2008-08-05T10:00:46.930,5,null,false,language-agnostic,0,null
188,2051,2027,false,2008-08-05T10:00:46.930,5,null,false,oop,0,null
188,2051,2027,false,2008-08-05T10:00:46.930,5,null,false,parameters,0,null
188,2051,2027,false,2008-08-05T10:00:46.930,5,null,false,pass-by-reference,0,null
188,2051,2027,false,2008-08-05T10:00:46.930,5,null,false,pass-by-value,0,null
533,39891,39746,false,2008-09-02T16:07:51.843,2,null,false,mercurial,0,null
533,39891,39746,false,2008-09-02T16:07:51.843,2,null,false,tortoisehg,0,null
533,39891,39746,false,2008-09-02T16:07:51.843,2,null,false,vista64,0,null
184,39896,39874,false,2008-09-02T16:08:42.887,13,null,false,chess,2,null
2907,39898,39867,false,2008-09-02T16:09:05.117,0,null,false,bash,0,null
2907,39898,39867,false,2008-09-02T16:09:05.117,0,null,false,cron,0,null
2907,39898,39867,false,2008-09-02T16:09:05.117,0,null,false,gnupg,0,null
319,39899,39874,false,2008-09-02T16:09:31.340,1,null,false,chess,0,null
4249,39900,39879,false,2008-09-02T16:09:40.293,13,null,false,javascript,0,null
4249,39900,39879,false,2008-09-02T16:09:40.293,13,null,false,multithreading,0,null
4249,39900,39879,false,2008-09-02T16:09:40.293,13,null,false,browser,0,null
55,16552,15139,false,2008-08-19T17:03:38.250,0,null,false,javascript,0,null
55,16552,15139,false,2008-08-19T17:03:38.250,0,null,false,deployment,0,null
55,16552,15139,false,2008-08-19T17:03:38.250,0,null,false,web-applications,0,null
55,16552,15139,false,2008-08-19T17:03:38.250,0,null,false,browser,0,null
437,16555,16458,false,2008-08-19T17:04:45.627,5,null,false,javascript,1,null
437,16555,16458,false,2008-08-19T17:04:45.627,5,null,false,jquery,1,null
437,16555,16458,false,2008-08-19T17:04:45.627,5,null,false,sql,1,null
437,16555,16458,false,2008-08-19T17:04:45.627,5,null,false,html,1,null
437,16555,16458,false,2008-08-19T17:04:45.627,5,null,false,coldfusion,1,null
1600,16558,16550,false,2008-08-19T17:06:00.973,0,null,false,.net,0,null
1600,16558,16550,false,2008-08-19T17:06:00.973,0,null,false,build-process,0,null
1600,16558,16550,false,2008-08-19T17:06:00.973,0,null,false,nant,0,null
35,16559,16550,false,2008-08-19T17:06:22.143,3,null,false,.net,0,null
35,16559,16550,false,2008-08-19T17:06:22.143,3,null,false,build-process,0,null
35,16559,16550,false,2008-08-19T17:06:22.143,3,null,false,nant,0,null
1975,16560,16317,false,2008-08-19T17:06:30.943,1,null,false,database,1,null
1975,16560,16317,false,2008-08-19T17:06:30.943,1,null,false,integration-testing,1,null
1965,28712,28642,false,2008-08-26T17:49:27.660,0,null,false,c#,0,null
1965,28712,28642,false,2008-08-26T17:49:27.660,0,null,false,asp.net,0,null
2132,28714,28559,false,2008-08-26T17:50:30.357,4,null,false,c,2,null
2132,28714,28559,false,2008-08-26T17:50:30.357,4,null,false,python,2,null
1644,28715,28642,false,2008-08-26T17:50:51.637,7,null,false,c#,1,null
1644,28715,28642,false,2008-08-26T17:50:51.637,7,null,false,asp.net,1,null
580,43369,43196,false,2008-09-04T08:56:14.780,3,null,false,virtual-pc,1,null
580,43369,43196,false,2008-09-04T08:56:14.780,3,null,false,hyper-v,1,null
2666,43373,43322,false,2008-09-04T08:58:26.413,2,null,false,c++,0,null
2666,43373,43322,false,2008-09-04T08:58:26.413,2,null,false,api,0,null
2666,43373,43322,false,2008-09-04T08:58:26.413,2,null,false,plugins,0,null
2666,43373,43322,false,2008-09-04T08:58:26.413,2,null,false,compiler-construction,0,null
4342,43376,43349,false,2008-09-04T09:02:22.723,7,null,false,linux,1,null
4342,43376,43349,false,2008-09-04T09:02:22.723,7,null,false,unix,1,null
4342,43376,43349,false,2008-09-04T09:02:22.723,7,null,false,batch-file,1,null
4342,43376,43349,false,2008-09-04T09:02:22.723,7,null,false,cron,1,null
4431,43377,6,false,2008-09-04T09:02:42.533,44,null,false,html,0,null
4431,43377,6,false,2008-09-04T09:02:42.533,44,null,false,css,0,null
4431,43377,6,false,2008-09-04T09:02:42.533,44,null,false,internet-explorer-7,0,null
188,2054,2048,false,2008-08-05T10:05:07.187,2,null,false,rss,0,null
200,2057,2048,false,2008-08-05T10:06:38.323,0,null,false,rss,0,null
269,2064,2048,false,2008-08-05T10:15:37.617,0,null,false,rss,0,null
259,2066,2046,false,2008-08-05T10:19:08.563,1,null,false,sql-server,0,null
259,2066,2046,false,2008-08-05T10:19:08.563,1,null,false,unit-testing,0,null
259,2066,2046,false,2008-08-05T10:19:08.563,1,null,false,tdd,0,null
364,2067,2056,false,2008-08-05T10:20:20.340,21,null,false,user-interface,2,null
364,2067,2056,false,2008-08-05T10:20:20.340,21,null,false,model-view-controller,2,null
364,2067,2056,false,2008-08-05T10:20:20.340,21,null,false,design-patterns,2,null
364,2067,2056,false,2008-08-05T10:20:20.340,21,null,false,terminology,2,null
364,2067,2056,false,2008-08-05T10:20:20.340,21,null,false,mvp,2,null
489,3316,3315,false,2008-08-06T12:19:57.367,14,null,false,c#,1,null
489,3316,3315,false,2008-08-06T12:19:57.367,14,null,false,foreach,1,null
489,3316,3315,false,2008-08-06T12:19:57.367,14,null,false,ienumerable,1,null
489,3316,3315,false,2008-08-06T12:19:57.367,14,null,false,ienumerator,1,null
216,3318,3281,false,2008-08-06T12:21:46.460,1,null,false,ruby,0,null
216,3318,3281,false,2008-08-06T12:21:46.460,1,null,false,maps,0,null
216,3318,3281,false,2008-08-06T12:21:46.460,1,null,false,reduce,0,null
192,3320,3319,false,2008-08-06T12:25:13.800,25,null,false,javascript,0,null
192,3320,3319,false,2008-08-06T12:25:13.800,25,null,false,css,0,null
192,3320,3319,false,2008-08-06T12:25:13.800,25,null,false,background-color,0,null
489,3321,3319,false,2008-08-06T12:25:54.920,167,null,false,javascript,3,null
489,3321,3319,false,2008-08-06T12:25:54.920,167,null,false,css,3,null
489,3321,3319,false,2008-08-06T12:25:54.920,167,null,false,background-color,3,null
51,3323,3315,false,2008-08-06T12:32:59.353,1,null,false,c#,0,null
51,3323,3315,false,2008-08-06T12:32:59.353,1,null,false,foreach,0,null
51,3323,3315,false,2008-08-06T12:32:59.353,1,null,false,ienumerable,0,null
51,3323,3315,false,2008-08-06T12:32:59.353,1,null,false,ienumerator,0,null
507,3345,3315,false,2008-08-06T13:04:33.487,3,null,false,c#,0,null
507,3345,3315,false,2008-08-06T13:04:33.487,3,null,false,foreach,0,null
507,3345,3315,false,2008-08-06T13:04:33.487,3,null,false,ienumerable,0,null
507,3345,3315,false,2008-08-06T13:04:33.487,3,null,false,ienumerator,0,null
1421,13844,13791,false,2008-08-17T19:01:02.990,3,null,false,python,0,null
1421,13844,13791,false,2008-08-17T19:01:02.990,3,null,false,regex,0,null
1421,13844,13791,false,2008-08-17T19:01:02.990,3,null,false,backreference,0,null
2178,28717,28599,false,2008-08-26T17:51:06.487,8,null,false,ruby-on-rails,0,null
2178,28717,28599,false,2008-08-26T17:51:06.487,8,null,false,apache,0,null
2178,28717,28599,false,2008-08-26T17:51:06.487,8,null,false,ssl,0,null
572,28719,28716,false,2008-08-26T17:52:25.937,4,null,false,php,0,null
572,28719,28716,false,2008-08-26T17:52:25.937,4,null,false,performance,0,null
572,28719,28716,false,2008-08-26T17:52:25.937,4,null,false,caching,0,null
430,22832,22801,false,2008-08-22T16:46:47.143,1,null,false,php,0,null
430,22832,22801,false,2008-08-22T16:46:47.143,1,null,false,loops,0,null
2199,22833,22792,false,2008-08-22T16:46:57.657,5,null,false,sql-server,2,null
2199,22833,22792,false,2008-08-22T16:46:57.657,5,null,false,sql-server-2005,2,null
2199,22833,22792,false,2008-08-22T16:46:57.657,5,null,false,compare,2,null
1993,22838,22801,false,2008-08-22T16:48:12.130,1,null,false,php,0,null
1993,22838,22801,false,2008-08-22T16:48:12.130,1,null,false,loops,0,null
2527,22842,22814,false,2008-08-22T16:49:45.873,6,null,false,asp.net,2,null
2527,22842,22814,false,2008-08-22T16:49:45.873,6,null,false,viewstate,2,null
1793,22843,22818,false,2008-08-22T16:49:52.283,3,null,false,database,0,null
1219,21609,21583,false,2008-08-22T01:46:36.633,1,null,false,database,0,null
1219,21609,21583,false,2008-08-22T01:46:36.633,1,null,false,unit-testing,0,null
1219,21609,21583,false,2008-08-22T01:46:36.633,1,null,false,transactions,0,null
1219,21609,21583,false,2008-08-22T01:46:36.633,1,null,false,xtunit,0,null
122,21611,21564,false,2008-08-22T01:46:58.007,-1,null,false,unix,0,null
122,21611,21564,false,2008-08-22T01:46:58.007,-1,null,false,shell,0,null
122,21611,21564,false,2008-08-22T01:46:58.007,-1,null,false,awk,0,null
456,21612,21558,false,2008-08-22T01:47:36.913,10,null,false,c++,0,null
456,21612,21558,false,2008-08-22T01:47:36.913,10,null,false,virtual-inheritance,0,null
1179,21613,21558,false,2008-08-22T01:48:04.977,1,null,false,c++,1,null
1179,21613,21558,false,2008-08-22T01:48:04.977,1,null,false,virtual-inheritance,1,null
394,21614,21564,false,2008-08-22T01:48:58.750,3,null,false,unix,0,null
394,21614,21564,false,2008-08-22T01:48:58.750,3,null,false,shell,0,null
394,21614,21564,false,2008-08-22T01:48:58.750,3,null,false,awk,0,null
1546,21616,21558,false,2008-08-22T01:52:04.920,0,null,false,c++,4,null
1546,21616,21558,false,2008-08-22T01:52:04.920,0,null,false,virtual-inheritance,4,null
1851,21619,21583,false,2008-08-22T01:52:49.397,4,null,false,database,0,null
1851,21619,21583,false,2008-08-22T01:52:49.397,4,null,false,unit-testing,0,null
1851,21619,21583,false,2008-08-22T01:52:49.397,4,null,false,transactions,0,null
1851,21619,21583,false,2008-08-22T01:52:49.397,4,null,false,xtunit,0,null
3776,36351,36186,false,2008-08-30T21:24:48.423,1,null,false,versioning,0,null
3776,36351,36186,false,2008-08-30T21:24:48.423,1,null,false,photoshop,0,null
811,36356,36347,false,2008-08-30T21:30:13.637,99,null,false,java,3,null
811,36356,36347,false,2008-08-30T21:30:13.637,99,null,false,c++,3,null
811,36356,36347,false,2008-08-30T21:30:13.637,99,null,false,generics,3,null
811,36356,36347,false,2008-08-30T21:30:13.637,99,null,false,templates,3,null
811,36356,36347,false,2008-08-30T21:30:13.637,99,null,false,language-features,3,null
3546,36359,36315,false,2008-08-30T21:30:54.713,1,null,false,.net,0,null
3546,36359,36315,false,2008-08-30T21:30:54.713,1,null,false,deployment,0,null
3546,36359,36315,false,2008-08-30T21:30:54.713,1,null,false,.net-3.5,0,null
3546,36359,36315,false,2008-08-30T21:30:54.713,1,null,false,.net-client-profile,0,null
267,36360,36350,false,2008-08-30T21:31:28.517,3,null,false,c#,0,null
267,36360,36350,false,2008-08-30T21:31:28.517,3,null,false,arrays,0,null
122,36361,36350,false,2008-08-30T21:31:49.343,1,null,false,c#,0,null
122,36361,36350,false,2008-08-30T21:31:49.343,1,null,false,arrays,0,null
3280,36364,36347,false,2008-08-30T21:34:05.967,170,null,false,java,11,null
3280,36364,36347,false,2008-08-30T21:34:05.967,170,null,false,c++,11,null
3280,36364,36347,false,2008-08-30T21:34:05.967,170,null,false,generics,11,null
3280,36364,36347,false,2008-08-30T21:34:05.967,170,null,false,templates,11,null
3280,36364,36347,false,2008-08-30T21:34:05.967,170,null,false,language-features,11,null
999,7955,7937,false,2008-08-11T17:00:44.437,2,null,false,html,0,null
999,7955,7937,false,2008-08-11T17:00:44.437,2,null,false,css,0,null
999,7955,7937,false,2008-08-11T17:00:44.437,2,null,false,internet-explorer-6,0,null
999,7955,7937,false,2008-08-11T17:00:44.437,2,null,false,html-select,0,null
740,7957,7954,false,2008-08-11T17:03:21.343,1,null,false,sql-server,0,null
740,7957,7954,false,2008-08-11T17:03:21.343,1,null,false,backup,0,null
2547,42103,42070,false,2008-09-03T16:45:35.300,1,null,false,unix,1,null
2547,42103,42070,false,2008-09-03T16:45:35.300,1,null,false,shell,1,null
122,42108,42102,false,2008-09-03T16:50:56.210,3,null,false,java,0,null
122,42108,42102,false,2008-09-03T16:50:56.210,3,null,false,unit-testing,0,null
122,42108,42102,false,2008-09-03T16:50:56.210,3,null,false,junit,0,null
122,42108,42102,false,2008-09-03T16:50:56.210,3,null,false,singleton,0,null
905,15181,15142,false,2008-08-18T20:24:53.133,8,null,true,c#,2,null
905,15181,15142,false,2008-08-18T20:24:53.133,8,null,true,sql,2,null
905,15181,15142,false,2008-08-18T20:24:53.133,8,null,true,sql-server,2,null
905,15181,15142,false,2008-08-18T20:24:53.133,8,null,true,stored-procedures,2,null
1467,15182,15176,false,2008-08-18T20:27:06.560,1,null,false,testing,0,null
149,15184,15124,false,2008-08-18T20:29:14.810,1,null,false,.net,0,null
1752,15185,15142,false,2008-08-18T20:29:35.213,16,null,true,c#,0,null
1752,15185,15142,false,2008-08-18T20:29:35.213,16,null,true,sql,0,null
1752,15185,15142,false,2008-08-18T20:29:35.213,16,null,true,sql-server,0,null
1752,15185,15142,false,2008-08-18T20:29:35.213,16,null,true,stored-procedures,0,null
1467,15186,15139,false,2008-08-18T20:31:02.513,1,null,false,javascript,0,null
1467,15186,15139,false,2008-08-18T20:31:02.513,1,null,false,deployment,0,null
1467,15186,15139,false,2008-08-18T20:31:02.513,1,null,false,web-applications,0,null
1467,15186,15139,false,2008-08-18T20:31:02.513,1,null,false,browser,0,null
1063,15189,15171,false,2008-08-18T20:32:26.363,4,null,false,linux,0,null
1063,15189,15171,false,2008-08-18T20:32:26.363,4,null,false,debian,0,null
1836,15193,15142,false,2008-08-18T20:35:25.810,13,null,true,c#,1,null
1836,15193,15142,false,2008-08-18T20:35:25.810,13,null,true,sql,1,null
1836,15193,15142,false,2008-08-18T20:35:25.810,13,null,true,sql-server,1,null
1836,15193,15142,false,2008-08-18T20:35:25.810,13,null,true,stored-procedures,1,null
1491,15194,15171,false,2008-08-18T20:35:29.820,0,null,false,linux,0,null
1491,15194,15171,false,2008-08-18T20:35:29.820,0,null,false,debian,0,null
1648,15195,15176,false,2008-08-18T20:36:56.790,2,null,false,testing,0,null
230,15196,15176,false,2008-08-18T20:41:12.023,0,null,false,testing,0,null
72,12444,12428,false,2008-08-15T16:23:47.927,1,null,false,scripting,0,null
72,12444,12428,false,2008-08-15T16:23:47.927,1,null,false,automation,0,null
72,12444,12428,false,2008-08-15T16:23:47.927,1,null,false,webautomation,0,null
5,12446,16,false,2008-08-15T16:27:31.600,99,null,false,c#,1,null
5,12446,16,false,2008-08-15T16:27:31.600,99,null,false,linq,1,null
5,12446,16,false,2008-08-15T16:27:31.600,99,null,false,web-services,1,null
5,12446,16,false,2008-08-15T16:27:31.600,99,null,false,.net-3.5,1,null
1042,12452,12332,false,2008-08-15T16:35:07.403,1,null,false,c++,0,null
1042,12452,12332,false,2008-08-15T16:35:07.403,1,null,false,c,0,null
1042,12452,12332,false,2008-08-15T16:35:07.403,1,null,false,program-entry-point,0,null
1414,12453,4544,false,2008-08-15T16:35:35.297,1,null,false,javascript,0,null
1414,12453,4544,false,2008-08-15T16:35:35.297,1,null,false,firefox,0,null
1414,12453,4544,false,2008-08-15T16:35:35.297,1,null,false,delicious-api,0,null
1448,12454,1983,false,2008-08-15T16:38:59.597,4,null,false,python,0,null
1448,12454,1983,false,2008-08-15T16:38:59.597,4,null,false,list,0,null
1448,12454,1983,false,2008-08-15T16:38:59.597,4,null,false,tuples,0,null
905,12457,12374,false,2008-08-15T16:41:34.100,1,null,false,sql,0,null
905,12457,12374,false,2008-08-15T16:41:34.100,1,null,false,unit-testing,0,null
905,12457,12374,false,2008-08-15T16:41:34.100,1,null,false,linq-to-sql,0,null
106,7958,7937,false,2008-08-11T17:07:30.647,0,null,false,html,0,null
106,7958,7937,false,2008-08-11T17:07:30.647,0,null,false,css,0,null
106,7958,7937,false,2008-08-11T17:07:30.647,0,null,false,internet-explorer-6,0,null
106,7958,7937,false,2008-08-11T17:07:30.647,0,null,false,html-select,0,null
311,7960,7885,false,2008-08-11T17:12:07.800,3,null,false,perl,1,null
311,7960,7885,false,2008-08-11T17:12:07.800,3,null,false,oop,1,null
311,7960,7885,false,2008-08-11T17:12:07.800,3,null,false,syntax,1,null
999,7962,7917,false,2008-08-11T17:14:04.097,-1,null,false,mysql,0,null
999,7962,7917,false,2008-08-11T17:14:04.097,-1,null,false,regex,0,null
999,7962,7917,false,2008-08-11T17:14:04.097,-1,null,false,string,0,null
2988,33729,31693,false,2008-08-29T00:57:01.297,18,null,false,c#,3,null
2988,33729,31693,false,2008-08-29T00:57:01.297,18,null,false,java,3,null
2988,33729,31693,false,2008-08-29T00:57:01.297,18,null,false,c++,3,null
2988,33729,31693,false,2008-08-29T00:57:01.297,18,null,false,generics,3,null
2988,33729,31693,false,2008-08-29T00:57:01.297,18,null,false,templates,3,null
234,33735,33703,false,2008-08-29T01:06:33.553,5,null,false,.net,0,null
234,33735,33703,false,2008-08-29T01:06:33.553,5,null,false,visual-studio,0,null
234,33735,33703,false,2008-08-29T01:06:33.553,5,null,false,winforms,0,null
234,33735,33703,false,2008-08-29T01:06:33.553,5,null,false,user-interface,0,null
714,33736,33696,false,2008-08-29T01:08:04.703,7,null,false,php,0,null
714,33736,33696,false,2008-08-29T01:08:04.703,7,null,false,c,0,null
714,33736,33696,false,2008-08-29T01:08:04.703,7,null,false,objective-c,0,null
714,33736,33696,false,2008-08-29T01:08:04.703,7,null,false,cocoa,0,null
763,7986,7913,false,2008-08-11T17:32:03.763,1,null,false,svn,0,null
763,7986,7913,false,2008-08-11T17:32:03.763,1,null,false,hook,0,null
763,7986,7913,false,2008-08-11T17:32:03.763,1,null,false,post-commit,0,null
763,7986,7913,false,2008-08-11T17:32:03.763,1,null,false,post-commit-hook,0,null
1975282,7988,7981,false,2008-08-11T17:33:50.843,0,null,false,c,0,null
1975282,7988,7981,false,2008-08-11T17:33:50.843,0,null,false,qt,0,null
1975282,7988,7981,false,2008-08-11T17:33:50.843,0,null,false,printf,0,null
1975282,7988,7981,false,2008-08-11T17:33:50.843,0,null,false,qstring,0,null
3320,36366,36274,false,2008-08-30T21:36:29.753,7,null,false,data-binding,0,null
3320,36366,36274,false,2008-08-30T21:36:29.753,7,null,false,lazy-loading,0,null
1200,36367,36350,false,2008-08-30T21:36:59.377,103,null,false,c#,2,null
1200,36367,36350,false,2008-08-30T21:36:59.377,103,null,false,arrays,2,null
3010,36369,36294,false,2008-08-30T21:45:55.363,6,null,false,f#,0,null
2391,36383,36296,false,2008-08-30T21:54:44.797,3,null,false,encryption,0,null
2391,36383,36296,false,2008-08-30T21:54:44.797,3,null,false,pdc,0,null
889,8001,7917,false,2008-08-11T17:42:48.377,0,null,false,mysql,0,null
889,8001,7917,false,2008-08-11T17:42:48.377,0,null,false,regex,0,null
889,8001,7917,false,2008-08-11T17:42:48.377,0,null,false,string,0,null
1975282,8006,7990,false,2008-08-11T17:46:52.220,1,null,false,c#,0,null
1975282,8006,7990,false,2008-08-11T17:46:52.220,1,null,false,.net,0,null
1975282,8006,7990,false,2008-08-11T17:46:52.220,1,null,false,windows-services,0,null
1975282,8006,7990,false,2008-08-11T17:46:52.220,1,null,false,printing,0,null
960,8007,8004,false,2008-08-11T17:47:35.950,1,null,false,windows,0,null
960,8007,8004,false,2008-08-11T17:47:35.950,1,null,false,user-interface,0,null
960,8007,8004,false,2008-08-11T17:47:35.950,1,null,false,rsync,0,null
33,8010,7991,false,2008-08-11T17:49:31.623,3,null,false,c#,0,null
33,8010,7991,false,2008-08-11T17:49:31.623,3,null,false,graphics,0,null
33,8010,7991,false,2008-08-11T17:49:31.623,3,null,false,compact-framework,0,null
673,8011,8004,false,2008-08-11T17:50:10.403,0,null,false,windows,0,null
673,8011,8004,false,2008-08-11T17:50:10.403,0,null,false,user-interface,0,null
673,8011,8004,false,2008-08-11T17:50:10.403,0,null,false,rsync,0,null
1975282,8013,7991,false,2008-08-11T17:50:41.217,5,null,false,c#,0,null
1975282,8013,7991,false,2008-08-11T17:50:41.217,5,null,false,graphics,0,null
1975282,8013,7991,false,2008-08-11T17:50:41.217,5,null,false,compact-framework,0,null
3043,40235,40090,false,2008-09-02T18:37:04.213,3,null,false,c#,0,null
3043,40235,40090,false,2008-09-02T18:37:04.213,3,null,false,overloading,0,null
2915,40238,34519,false,2008-09-02T18:37:57.147,264,null,false,multithreading,5,null
2915,40238,34519,false,2008-09-02T18:37:57.147,264,null,false,concurrency,5,null
2915,40238,34519,false,2008-09-02T18:37:57.147,264,null,false,semaphore,5,null
905,40239,40211,false,2008-09-02T18:38:17.987,21,null,false,c#,4,null
905,40239,40211,false,2008-09-02T18:38:17.987,21,null,false,.net,4,null
905,40239,40211,false,2008-09-02T18:38:17.987,21,null,false,enums,4,null
905,40239,40211,false,2008-09-02T18:38:17.987,21,null,false,attributes,4,null
905,40239,40211,false,2008-09-02T18:38:17.987,21,null,false,flags,4,null
2894,39906,39903,false,2008-09-02T16:13:32.687,-1,null,false,c#,1,null
2894,39906,39903,false,2008-09-02T16:13:32.687,-1,null,false,visual-studio,1,null
4203,39907,39691,false,2008-09-02T16:13:33.983,1,null,true,javascript,0,null
4203,39907,39691,false,2008-09-02T16:13:33.983,1,null,true,unit-testing,0,null
17,39908,39903,false,2008-09-02T16:13:57.740,0,null,false,c#,0,null
17,39908,39903,false,2008-09-02T16:13:57.740,0,null,false,visual-studio,0,null
2257,39911,39903,false,2008-09-02T16:14:09.143,16,null,false,c#,0,null
2257,39911,39903,false,2008-09-02T16:14:09.143,16,null,false,visual-studio,0,null
4269,39913,39879,false,2008-09-02T16:14:48.083,1,null,false,javascript,0,null
4269,39913,39879,false,2008-09-02T16:14:48.083,1,null,false,multithreading,0,null
4269,39913,39879,false,2008-09-02T16:14:48.083,1,null,false,browser,0,null
372,2068,2056,false,2008-08-05T10:21:13.783,447,null,false,user-interface,8,null
372,2068,2056,false,2008-08-05T10:21:13.783,447,null,false,model-view-controller,8,null
372,2068,2056,false,2008-08-05T10:21:13.783,447,null,false,design-patterns,8,null
372,2068,2056,false,2008-08-05T10:21:13.783,447,null,false,terminology,8,null
372,2068,2056,false,2008-08-05T10:21:13.783,447,null,false,mvp,8,null
307,2069,2056,false,2008-08-05T10:22:55.653,38,null,false,user-interface,1,null
307,2069,2056,false,2008-08-05T10:22:55.653,38,null,false,model-view-controller,1,null
307,2069,2056,false,2008-08-05T10:22:55.653,38,null,false,design-patterns,1,null
307,2069,2056,false,2008-08-05T10:22:55.653,38,null,false,terminology,1,null
307,2069,2056,false,2008-08-05T10:22:55.653,38,null,false,mvp,1,null
377,2070,2048,false,2008-08-05T10:24:08.367,0,null,false,rss,1,null
198,2073,2046,false,2008-08-05T10:29:42.880,2,null,false,sql-server,1,null
198,2073,2046,false,2008-08-05T10:29:42.880,2,null,false,unit-testing,1,null
198,2073,2046,false,2008-08-05T10:29:42.880,2,null,false,tdd,1,null
383,2080,2048,false,2008-08-05T10:50:35.393,4,null,false,rss,0,null
95,2086,14,false,2008-08-05T11:01:47.400,48,null,false,.net,0,null
95,2086,14,false,2008-08-05T11:01:47.400,48,null,false,math,0,null
1367,30545,30183,false,2008-08-27T16:06:06.857,16,null,false,vb.net,2,null
1367,30545,30183,false,2008-08-27T16:06:06.857,16,null,false,visual-studio-2008,2,null
1367,30545,30183,false,2008-08-27T16:06:06.857,16,null,false,64-bit,2,null
194,30547,30543,false,2008-08-27T16:06:54.670,1,null,false,64-bit,0,null
194,30547,30543,false,2008-08-27T16:06:54.670,1,null,false,development-environment,0,null
194,30547,30543,false,2008-08-27T16:06:54.670,1,null,false,compatibility,0,null
598,30551,30302,false,2008-08-27T16:07:54.293,15,null,false,c#,0,null
598,30551,30302,false,2008-08-27T16:07:54.293,15,null,false,asp.net,0,null
598,30551,30302,false,2008-08-27T16:07:54.293,15,null,false,asp.net-mvc,0,null
598,30551,30302,false,2008-08-27T16:07:54.293,15,null,false,routes,0,null
1265,30552,30543,false,2008-08-27T16:08:06.990,4,null,false,64-bit,0,null
1265,30552,30543,false,2008-08-27T16:08:06.990,4,null,false,development-environment,0,null
1265,30552,30543,false,2008-08-27T16:08:06.990,4,null,false,compatibility,0,null
2018,30555,30543,false,2008-08-27T16:09:40.763,1,null,false,64-bit,0,null
2018,30555,30543,false,2008-08-27T16:09:40.763,1,null,false,development-environment,0,null
2018,30555,30543,false,2008-08-27T16:09:40.763,1,null,false,compatibility,0,null
598,30556,30541,false,2008-08-27T16:10:37.127,2,null,false,asp.net,0,null
598,30556,30541,false,2008-08-27T16:10:37.127,2,null,false,design-patterns,0,null
598,30556,30541,false,2008-08-27T16:10:37.127,2,null,false,mvp,0,null
598,30559,30310,false,2008-08-27T16:13:54.077,1,null,false,asp.net-mvc,2,null
1265,30561,30540,false,2008-08-27T16:14:34.293,9,null,false,javascript,0,null
1265,30561,30540,false,2008-08-27T16:14:34.293,9,null,false,flash,0,null
1968,43381,43322,false,2008-09-04T09:09:07.853,7,null,false,c++,2,null
1968,43381,43322,false,2008-09-04T09:09:07.853,7,null,false,api,2,null
1968,43381,43322,false,2008-09-04T09:09:07.853,7,null,false,plugins,2,null
1968,43381,43322,false,2008-09-04T09:09:07.853,7,null,false,compiler-construction,2,null
720,43386,43368,false,2008-09-04T09:12:27.613,3,null,false,python,1,null
720,43386,43368,false,2008-09-04T09:12:27.613,3,null,false,sql,1,null
720,43386,43368,false,2008-09-04T09:12:27.613,3,null,false,metadata,1,null
720,43386,43368,false,2008-09-04T09:12:27.613,3,null,false,coupling,1,null
720,43386,43368,false,2008-09-04T09:12:27.613,3,null,false,data-driven,1,null
266,2096,2046,false,2008-08-05T11:20:38.330,2,null,false,sql-server,0,null
266,2096,2046,false,2008-08-05T11:20:38.330,2,null,false,unit-testing,0,null
266,2096,2046,false,2008-08-05T11:20:38.330,2,null,false,tdd,0,null
230,2099,2046,false,2008-08-05T11:27:08.550,1,null,false,sql-server,0,null
230,2099,2046,false,2008-08-05T11:27:08.550,1,null,false,unit-testing,0,null
230,2099,2046,false,2008-08-05T11:27:08.550,1,null,false,tdd,0,null
369,2114,1329,false,2008-08-05T11:35:58.657,1,null,false,windows,0,null
369,2114,1329,false,2008-08-05T11:35:58.657,1,null,false,file,0,null
369,2114,1329,false,2008-08-05T11:35:58.657,1,null,false,filesystems,0,null
369,2114,1329,false,2008-08-05T11:35:58.657,1,null,false,utilities,0,null
389,2118,1329,false,2008-08-05T11:44:29.687,1,null,false,windows,0,null
389,2118,1329,false,2008-08-05T11:44:29.687,1,null,false,file,0,null
389,2118,1329,false,2008-08-05T11:44:29.687,1,null,false,filesystems,0,null
389,2118,1329,false,2008-08-05T11:44:29.687,1,null,false,utilities,0,null
120,2126,1329,false,2008-08-05T11:54:16.453,12,null,false,windows,0,null
120,2126,1329,false,2008-08-05T11:54:16.453,12,null,false,file,0,null
120,2126,1329,false,2008-08-05T11:54:16.453,12,null,false,filesystems,0,null
120,2126,1329,false,2008-08-05T11:54:16.453,12,null,false,utilities,0,null
383,2133,2123,false,2008-08-05T12:00:03.367,57,null,false,html,1,null
383,2133,2123,false,2008-08-05T12:00:03.367,57,null,false,checkbox,1,null
863,45088,44909,false,2008-09-05T01:54:39.903,1,null,false,artifacts,0,null
4657,45089,45086,false,2008-09-05T01:55:03.910,1,null,false,java,0,null
4657,45089,45086,false,2008-09-05T01:55:03.910,1,null,false,c++,0,null
4657,45089,45086,false,2008-09-05T01:55:03.910,1,null,false,soap,0,null
4636,45092,24298,false,2008-09-05T01:59:58.987,3,null,false,ruby-on-rails,1,null
4636,45092,24298,false,2008-09-05T01:59:58.987,3,null,false,ruby,1,null
4636,45092,24298,false,2008-09-05T01:59:58.987,3,null,false,authentication,1,null
1153,45094,45078,false,2008-09-05T02:00:34.570,1,null,false,.net,0,null
1153,45094,45078,false,2008-09-05T02:00:34.570,1,null,false,apache-flex,0,null
4203,45095,44937,false,2008-09-05T02:00:53.490,2,null,false,apache,2,null
4203,45095,44937,false,2008-09-05T02:00:53.490,2,null,false,http,2,null
4203,45095,44937,false,2008-09-05T02:00:53.490,2,null,false,etag,2,null
4203,45096,45093,false,2008-09-05T02:02:34.377,41,null,false,sql,7,null
4203,45096,45093,false,2008-09-05T02:02:34.377,41,null,false,regex,7,null
4203,45096,45093,false,2008-09-05T02:02:34.377,41,null,false,sql-injection,7,null
4310,45098,45093,false,2008-09-05T02:04:24.560,0,null,false,sql,0,null
4310,45098,45093,false,2008-09-05T02:04:24.560,0,null,false,regex,0,null
4310,45098,45093,false,2008-09-05T02:04:24.560,0,null,false,sql-injection,0,null
245,8023,8021,false,2008-08-11T18:01:48.493,-1,null,false,unix,0,null
245,8023,8021,false,2008-08-11T18:01:48.493,-1,null,false,ssh,0,null
312,8025,8021,false,2008-08-11T18:04:01.640,-3,null,false,unix,0,null
312,8025,8021,false,2008-08-11T18:04:01.640,-3,null,false,ssh,0,null
993,8034,7954,false,2008-08-11T18:10:27.133,9,null,false,sql-server,0,null
993,8034,7954,false,2008-08-11T18:10:27.133,9,null,false,backup,0,null
737,8035,7981,false,2008-08-11T18:11:45.697,5,null,false,c,1,null
737,8035,7981,false,2008-08-11T18:11:45.697,5,null,false,qt,1,null
737,8035,7981,false,2008-08-11T18:11:45.697,5,null,false,printf,1,null
737,8035,7981,false,2008-08-11T18:11:45.697,5,null,false,qstring,1,null
571,8037,7652,false,2008-08-11T18:12:28.800,3,null,false,database,0,null
571,8037,7652,false,2008-08-11T18:12:28.800,3,null,false,linq,0,null
571,8037,7652,false,2008-08-11T18:12:28.800,3,null,false,orm,0,null
430,8051,7981,false,2008-08-11T18:19:57.943,5,null,false,c,0,null
430,8051,7981,false,2008-08-11T18:19:57.943,5,null,false,qt,0,null
430,8051,7981,false,2008-08-11T18:19:57.943,5,null,false,printf,0,null
430,8051,7981,false,2008-08-11T18:19:57.943,5,null,false,qstring,0,null
1975282,8054,8042,false,2008-08-11T18:21:37.283,0,null,false,c#,0,null
1975282,8054,8042,false,2008-08-11T18:21:37.283,0,null,false,.net-3.5,0,null
1975282,8054,8042,false,2008-08-11T18:21:37.283,0,null,false,extension-methods,0,null
3978,43394,43349,false,2008-09-04T09:22:09.103,2,null,false,linux,0,null
3978,43394,43349,false,2008-09-04T09:22:09.103,2,null,false,unix,0,null
3978,43394,43349,false,2008-09-04T09:22:09.103,2,null,false,batch-file,0,null
3978,43394,43349,false,2008-09-04T09:22:09.103,2,null,false,cron,0,null
4498,43395,7685,false,2008-09-04T09:22:26.480,3,null,false,algorithm,0,null
4498,43395,7685,false,2008-09-04T09:22:26.480,3,null,false,sorting,0,null
4498,43395,7685,false,2008-09-04T09:22:26.480,3,null,false,linked-list,0,null
4498,43395,7685,false,2008-09-04T09:22:26.480,3,null,false,mergesort,0,null
588,21620,21564,false,2008-08-22T01:53:25.837,195,null,false,unix,10,null
588,21620,21564,false,2008-08-22T01:53:25.837,195,null,false,shell,10,null
588,21620,21564,false,2008-08-22T01:53:25.837,195,null,false,awk,10,null
722,21621,21574,false,2008-08-22T01:53:44.310,169,null,false,ruby,5,null
722,21621,21574,false,2008-08-22T01:53:44.310,169,null,false,ruby-1.9,5,null
722,21621,21574,false,2008-08-22T01:53:44.310,169,null,false,ruby-1.8,5,null
718,21624,21449,false,2008-08-22T01:57:42.600,2,null,false,endianness,0,null
1266,21625,21388,false,2008-08-22T01:58:14.423,2,null,false,sql,0,null
1266,21625,21388,false,2008-08-22T01:58:14.423,2,null,false,database,0,null
1266,21625,21388,false,2008-08-22T01:58:14.423,2,null,false,django,0,null
1266,21625,21388,false,2008-08-22T01:58:14.423,2,null,false,django-models,0,null
456,21629,21558,false,2008-08-22T02:03:04.067,7,null,false,c++,2,null
456,21629,21558,false,2008-08-22T02:03:04.067,7,null,false,virtual-inheritance,2,null
2455,34689,34669,false,2008-08-29T16:44:06.267,2,null,false,java,0,null
2455,34689,34669,false,2008-08-29T16:44:06.267,2,null,false,recursion,0,null
2455,34689,34669,false,2008-08-29T16:44:06.267,2,null,false,coding-style,0,null
2455,34689,34669,false,2008-08-29T16:44:06.267,2,null,false,integer,0,null
2455,34689,34669,false,2008-08-29T16:44:06.267,2,null,false,final,0,null
3467,34690,34674,false,2008-08-29T16:45:25.123,5,null,false,objective-c,0,null
3467,34690,34674,false,2008-08-29T16:45:25.123,5,null,false,performance,0,null
820,34693,34661,false,2008-08-29T16:45:58.120,3,null,false,web-services,1,null
820,34693,34661,false,2008-08-29T16:45:58.120,3,null,false,msbuild,1,null
820,34693,34661,false,2008-08-29T16:45:58.120,3,null,false,build-process,1,null
820,34693,34661,false,2008-08-29T16:45:58.120,3,null,false,nunit,1,null
820,34693,34661,false,2008-08-29T16:45:58.120,3,null,false,cruisecontrol.net,1,null
987,34696,34664,false,2008-08-29T16:47:03.593,2,null,false,.net,0,null
987,34696,34664,false,2008-08-29T16:47:03.593,2,null,false,user-controls,0,null
3044,34700,34669,false,2008-08-29T16:47:59.440,2,null,false,java,0,null
3044,34700,34669,false,2008-08-29T16:47:59.440,2,null,false,recursion,0,null
3044,34700,34669,false,2008-08-29T16:47:59.440,2,null,false,coding-style,0,null
3044,34700,34669,false,2008-08-29T16:47:59.440,2,null,false,integer,0,null
3044,34700,34669,false,2008-08-29T16:47:59.440,2,null,false,final,0,null
825,34701,34506,false,2008-08-29T16:48:06.040,1,null,false,c++,0,null
825,34701,34506,false,2008-08-29T16:48:06.040,1,null,false,virtual-functions,0,null
893,36390,36344,false,2008-08-30T22:02:05.400,1,null,false,perl,0,null
893,36390,36344,false,2008-08-30T22:02:05.400,1,null,false,cpan,0,null
893,36390,36344,false,2008-08-30T22:02:05.400,1,null,false,sgml,0,null
3394,36393,36294,false,2008-08-30T22:09:05.697,31,null,false,f#,0,null
893,36395,36139,false,2008-08-30T22:14:36.557,62,null,false,python,0,null
893,36395,36139,false,2008-08-30T22:14:36.557,62,null,false,string,0,null
893,36395,36139,false,2008-08-30T22:14:36.557,62,null,false,sorting,0,null
2562,36397,36182,false,2008-08-30T22:16:10.093,1,null,false,gis,0,null
2562,36397,36182,false,2008-08-30T22:16:10.093,1,null,false,postgis,0,null
4203,43404,43400,false,2008-09-04T09:27:34.270,5,null,false,html,0,null
4203,43404,43400,false,2008-09-04T09:27:34.270,5,null,false,css,0,null
4177,43406,43253,false,2008-09-04T09:30:34.963,34,null,false,c++,2,null
4177,43406,43253,false,2008-09-04T09:30:34.963,34,null,false,exception,2,null
4177,43406,43253,false,2008-09-04T09:30:34.963,34,null,false,gcc,2,null
4177,43406,43253,false,2008-09-04T09:30:34.963,34,null,false,visual-c++,2,null
4177,43406,43253,false,2008-09-04T09:30:34.963,34,null,false,profiling,2,null
372,43409,43393,false,2008-09-04T09:32:59.950,5,null,false,nhibernate,0,null
372,43409,43393,false,2008-09-04T09:32:59.950,5,null,false,orm,0,null
4204,43410,43400,false,2008-09-04T09:35:24.967,1,null,false,html,1,null
4204,43410,43400,false,2008-09-04T09:35:24.967,1,null,false,css,1,null
615,43413,43400,false,2008-09-04T09:41:19.773,2,null,false,html,0,null
615,43413,43400,false,2008-09-04T09:41:19.773,2,null,false,css,0,null
1190,27891,27663,false,2008-08-26T12:26:47.717,6,null,false,database,0,null
1190,27891,27663,false,2008-08-26T12:26:47.717,6,null,false,refactoring,0,null
2133,27895,27835,false,2008-08-26T12:29:08.850,13,null,false,mysql,0,null
2133,27895,27835,false,2008-08-26T12:29:08.850,13,null,false,sql-server,0,null
2133,27895,27835,false,2008-08-26T12:29:08.850,13,null,false,rdbms,0,null
2133,27895,27835,false,2008-08-26T12:29:08.850,13,null,false,portability,0,null
2470,24618,22696,false,2008-08-23T21:33:32.640,0,null,false,sql,0,null
2470,24618,22696,false,2008-08-23T21:33:32.640,0,null,false,ms-access,0,null
1335,24619,24579,false,2008-08-23T21:33:41.750,6,null,false,ruby-on-rails,0,null
1335,24619,24579,false,2008-08-23T21:33:41.750,6,null,false,ruby,0,null
1335,24619,24579,false,2008-08-23T21:33:41.750,6,null,false,rubygems,0,null
2638,24621,24620,false,2008-08-23T21:37:29.260,9,null,false,oop,1,null
2590,32111,32100,false,2008-08-28T12:43:40.563,373,null,false,sql,8,null
2590,32111,32100,false,2008-08-28T12:43:40.563,373,null,false,puzzle,8,null
379,32113,32103,false,2008-08-28T12:44:05.287,10,null,false,c#,2,null
379,32113,32103,false,2008-08-28T12:44:05.287,10,null,false,.net,2,null
379,32113,32103,false,2008-08-28T12:44:05.287,10,null,false,winforms,2,null
379,32113,32103,false,2008-08-28T12:44:05.287,10,null,false,user-interface,2,null
2849,32114,32100,false,2008-08-28T12:44:49.513,0,null,false,sql,0,null
2849,32114,32100,false,2008-08-28T12:44:49.513,0,null,false,puzzle,0,null
1188,32115,32100,false,2008-08-28T12:45:03.383,0,null,false,sql,0,null
1188,32115,32100,false,2008-08-28T12:45:03.383,0,null,false,puzzle,0,null
56,32119,32100,false,2008-08-28T12:45:30.260,0,null,false,sql,0,null
56,32119,32100,false,2008-08-28T12:45:30.260,0,null,false,puzzle,0,null
758,32122,32041,false,2008-08-28T12:46:23.707,24,null,false,java,2,null
758,32122,32041,false,2008-08-28T12:46:23.707,24,null,false,debugging,2,null
758,32122,32041,false,2008-08-28T12:46:23.707,24,null,false,compiler-construction,2,null
269,32124,32087,false,2008-08-28T12:46:49.930,-1,null,false,windows,0,null
269,32124,32087,false,2008-08-28T12:46:49.930,-1,null,false,scripting,0,null
1421,32125,32044,false,2008-08-28T12:47:29.243,29,null,false,python,6,null
1421,32125,32044,false,2008-08-28T12:47:29.243,29,null,false,django,6,null
464,6672,6661,false,2008-08-09T07:00:44.163,4,null,false,javascript,0,null
464,6672,6661,false,2008-08-09T07:00:44.163,4,null,false,browser,0,null
464,6672,6661,false,2008-08-09T07:00:44.163,4,null,false,client-side,0,null
1384652,6673,6633,false,2008-08-09T07:01:06.503,0,null,false,php,0,null
1384652,6673,6633,false,2008-08-09T07:01:06.503,0,null,false,register-globals,0,null
714,6674,3284,false,2008-08-09T07:01:57.000,22,null,false,c#,0,null
714,6674,3284,false,2008-08-09T07:01:57.000,22,null,false,.net,0,null
714,6674,3284,false,2008-08-09T07:01:57.000,22,null,false,language-design,0,null
795,6677,6628,false,2008-08-09T07:05:44.483,7,null,false,php,0,null
795,6677,6628,false,2008-08-09T07:05:44.483,7,null,false,syntax,0,null
122,6679,6639,false,2008-08-09T07:18:04.550,10,null,false,java,1,null
122,6679,6639,false,2008-08-09T07:18:04.550,10,null,false,file,1,null
122,6679,6639,false,2008-08-09T07:18:04.550,10,null,false,loading,1,null
765,16561,16413,false,2008-08-19T17:08:25.697,13,null,false,string,0,null
765,16561,16413,false,2008-08-19T17:08:25.697,13,null,false,parsing,0,null
765,16561,16413,false,2008-08-19T17:08:25.697,13,null,false,sql-server-2005,0,null
765,16561,16413,false,2008-08-19T17:08:25.697,13,null,false,street-address,0,null
1782,16562,16557,false,2008-08-19T17:08:39.660,0,null,false,java,0,null
1782,16562,16557,false,2008-08-19T17:08:39.660,0,null,false,oop,0,null
1875,16564,16550,false,2008-08-19T17:11:37.063,28,null,false,.net,2,null
1875,16564,16550,false,2008-08-19T17:11:37.063,28,null,false,build-process,2,null
1875,16564,16550,false,2008-08-19T17:11:37.063,28,null,false,nant,2,null
,16567,16550,false,2008-08-19T17:13:10.693,1,null,false,.net,0,null
,16567,16550,false,2008-08-19T17:13:10.693,1,null,false,build-process,0,null
,16567,16550,false,2008-08-19T17:13:10.693,1,null,false,nant,0,null
4798,46284,46231,false,2008-09-05T16:50:46.673,0,null,false,algorithm,0,null
4798,46284,46231,false,2008-09-05T16:50:46.673,0,null,false,checksum,0,null
4798,46284,46231,false,2008-09-05T16:50:46.673,0,null,false,error-checking,0,null
4798,46284,46231,false,2008-09-05T16:50:46.673,0,null,false,data-consistency,0,null
2915,46286,46231,false,2008-09-05T16:51:19.293,0,null,false,algorithm,0,null
2915,46286,46231,false,2008-09-05T16:51:19.293,0,null,false,checksum,0,null
2915,46286,46231,false,2008-09-05T16:51:19.293,0,null,false,error-checking,0,null
2915,46286,46231,false,2008-09-05T16:51:19.293,0,null,false,data-consistency,0,null
3381,46289,30251,false,2008-09-05T16:52:31.537,7,null,false,html,1,null
3381,46289,30251,false,2008-09-05T16:52:31.537,7,null,false,css,1,null
4137,46293,46276,false,2008-09-05T16:53:20.317,1,null,false,php,0,null
4137,46293,46276,false,2008-09-05T16:53:20.317,1,null,false,unit-testing,0,null
4137,46293,46276,false,2008-09-05T16:53:20.317,1,null,false,tdd,0,null
305,46294,46276,false,2008-09-05T16:54:04.623,41,null,false,php,0,null
305,46294,46276,false,2008-09-05T16:54:04.623,41,null,false,unit-testing,0,null
305,46294,46276,false,2008-09-05T16:54:04.623,41,null,false,tdd,0,null
2353001,46295,46285,false,2008-09-05T16:54:08.023,0,null,false,mapping,0,null
2353001,46295,46285,false,2008-09-05T16:54:08.023,0,null,false,uml,0,null
2353001,46295,46285,false,2008-09-05T16:54:08.023,0,null,false,diagram,0,null
2353001,46295,46285,false,2008-09-05T16:54:08.023,0,null,false,flowchart,0,null
658,46296,46281,false,2008-09-05T16:54:21.453,0,null,false,git,0,null
658,46296,46281,false,2008-09-05T16:54:21.453,0,null,false,version-control,0,null
658,46296,46281,false,2008-09-05T16:54:21.453,0,null,false,dvcs,0,null
658,46296,46281,false,2008-09-05T16:54:21.453,0,null,false,bazaar,0,null
2131,24624,24620,false,2008-08-23T21:40:45.023,22,null,false,oop,0,null
,24625,24596,false,2008-08-23T21:40:54.917,3,null,false,java,0,null
,24625,24596,false,2008-08-23T21:40:54.917,3,null,false,web-frameworks,0,null
,24625,24596,false,2008-08-23T21:40:54.917,3,null,false,rich-internet-application,0,null
392,24629,24620,false,2008-08-23T21:42:44.863,1,null,false,oop,0,null
699,24630,24623,false,2008-08-23T21:42:57.437,0,null,false,java,0,null
699,24630,24623,false,2008-08-23T21:42:57.437,0,null,false,jakarta-ee,0,null
699,24630,24623,false,2008-08-23T21:42:57.437,0,null,false,dao,0,null
909,24631,24622,false,2008-08-23T21:43:16.687,17,null,false,php,0,null
909,24631,24622,false,2008-08-23T21:43:16.687,17,null,false,include,0,null
1065,24632,24620,false,2008-08-23T21:43:24.223,0,null,false,oop,0,null
655,46297,46276,false,2008-09-05T16:55:18.113,2,null,false,php,0,null
655,46297,46276,false,2008-09-05T16:55:18.113,2,null,false,unit-testing,0,null
655,46297,46276,false,2008-09-05T16:55:18.113,2,null,false,tdd,0,null
4433,46307,30251,false,2008-09-05T16:59:26.527,1,null,false,html,0,null
4433,46307,30251,false,2008-09-05T16:59:26.527,1,null,false,css,0,null
4570,46308,46292,false,2008-09-05T16:59:46.497,3,null,false,.net,0,null
4570,46308,46292,false,2008-09-05T16:59:46.497,3,null,false,plugins,0,null
4570,46308,46292,false,2008-09-05T16:59:46.497,3,null,false,interface-design,0,null
3043,46309,46292,false,2008-09-05T17:00:11.190,1,null,false,.net,0,null
3043,46309,46292,false,2008-09-05T17:00:11.190,1,null,false,plugins,0,null
3043,46309,46292,false,2008-09-05T17:00:11.190,1,null,false,interface-design,0,null
2194,46311,46277,false,2008-09-05T17:01:20.563,1,null,false,wcf,0,null
2194,46311,46277,false,2008-09-05T17:01:20.563,1,null,false,web-services,0,null
2131,24633,24620,false,2008-08-23T21:45:11.380,1,null,false,oop,1,null
1327,24634,24620,false,2008-08-23T21:45:29.240,0,null,false,oop,0,null
2590,24635,24579,false,2008-08-23T21:46:38.147,4,null,false,ruby-on-rails,0,null
2590,24635,24579,false,2008-08-23T21:46:38.147,4,null,false,ruby,0,null
2590,24635,24579,false,2008-08-23T21:46:38.147,4,null,false,rubygems,0,null
2639,24636,24626,false,2008-08-23T21:46:56.727,6,null,false,encapsulation,0,null
2639,24636,24626,false,2008-08-23T21:46:56.727,6,null,false,abstraction,0,null
2639,24636,24626,false,2008-08-23T21:46:56.727,6,null,false,glossary,0,null
2639,24636,24626,false,2008-08-23T21:46:56.727,6,null,false,ooad,0,null
2639,24636,24626,false,2008-08-23T21:46:56.727,6,null,false,information-hiding,0,null
392,24637,24626,false,2008-08-23T21:47:05.040,3,null,false,encapsulation,0,null
392,24637,24626,false,2008-08-23T21:47:05.040,3,null,false,abstraction,0,null
392,24637,24626,false,2008-08-23T21:47:05.040,3,null,false,glossary,0,null
392,24637,24626,false,2008-08-23T21:47:05.040,3,null,false,ooad,0,null
392,24637,24626,false,2008-08-23T21:47:05.040,3,null,false,information-hiding,0,null
,165,145,false,2008-08-01T18:04:25.023,10,null,false,c#,0,null
,165,145,false,2008-08-01T18:04:25.023,10,null,false,.net,0,null
,165,145,false,2008-08-01T18:04:25.023,10,null,false,file,0,null
,165,145,false,2008-08-01T18:04:25.023,10,null,false,compression,0,null
17,166,163,false,2008-08-01T18:08:16.590,25,null,false,.net,6,null
17,166,163,false,2008-08-01T18:08:16.590,25,null,false,asp.net,6,null
17,166,163,false,2008-08-01T18:08:16.590,25,null,false,svn,6,null
17,166,163,false,2008-08-01T18:08:16.590,25,null,false,versioning,6,null
30,167,164,false,2008-08-01T18:08:53.080,5,null,false,windows,0,null
30,167,164,false,2008-08-01T18:08:53.080,5,null,false,embed,0,null
30,167,164,false,2008-08-01T18:08:53.080,5,null,false,media,0,null
93,169,126,false,2008-08-01T18:23:59.040,44,null,false,java,0,null
93,169,126,false,2008-08-01T18:23:59.040,44,null,false,php,0,null
93,169,126,false,2008-08-01T18:23:59.040,44,null,false,oop,0,null
93,169,126,false,2008-08-01T18:23:59.040,44,null,false,theory,0,null
371,2142,145,false,2008-08-05T12:04:41.127,27,null,false,c#,0,null
371,2142,145,false,2008-08-05T12:04:41.127,27,null,false,.net,0,null
371,2142,145,false,2008-08-05T12:04:41.127,27,null,false,file,0,null
371,2142,145,false,2008-08-05T12:04:41.127,27,null,false,compression,0,null
372,2146,2138,false,2008-08-05T12:07:39.000,3,null,false,.net,4,null
372,2146,2138,false,2008-08-05T12:07:39.000,3,null,false,linq,4,null
372,2146,2138,false,2008-08-05T12:07:39.000,3,null,false,.net-3.5,4,null
372,2146,2138,false,2008-08-05T12:07:39.000,3,null,false,.net-2.0,4,null
372,2146,2138,false,2008-08-05T12:07:39.000,3,null,false,clr,4,null
91,2147,2138,false,2008-08-05T12:07:41.603,34,null,false,.net,5,null
91,2147,2138,false,2008-08-05T12:07:41.603,34,null,false,linq,5,null
91,2147,2138,false,2008-08-05T12:07:41.603,34,null,false,.net-3.5,5,null
91,2147,2138,false,2008-08-05T12:07:41.603,34,null,false,.net-2.0,5,null
91,2147,2138,false,2008-08-05T12:07:41.603,34,null,false,clr,5,null
200,2148,2138,false,2008-08-05T12:07:46.190,11,null,false,.net,0,null
200,2148,2138,false,2008-08-05T12:07:46.190,11,null,false,linq,0,null
200,2148,2138,false,2008-08-05T12:07:46.190,11,null,false,.net-3.5,0,null
200,2148,2138,false,2008-08-05T12:07:46.190,11,null,false,.net-2.0,0,null
200,2148,2138,false,2008-08-05T12:07:46.190,11,null,false,clr,0,null
2109,18667,18632,false,2008-08-20T19:45:48.727,0,null,false,monitoring,0,null
2109,18667,18632,false,2008-08-20T19:45:48.727,0,null,false,text-files,0,null
2078,18669,18614,false,2008-08-20T19:47:21.250,2,null,false,asp.net-mvc,1,null
2078,18669,18614,false,2008-08-20T19:47:21.250,2,null,false,forms,1,null
1242,18670,18632,false,2008-08-20T19:48:59.810,20,null,false,monitoring,0,null
1242,18670,18632,false,2008-08-20T19:48:59.810,20,null,false,text-files,0,null
,18672,18632,false,2008-08-20T19:50:19.620,8,null,false,monitoring,1,null
,18672,18632,false,2008-08-20T19:50:19.620,8,null,false,text-files,1,null
770,18674,18585,false,2008-08-20T19:52:06.713,2,null,false,c#,0,null
770,18674,18585,false,2008-08-20T19:52:06.713,2,null,false,visual-studio,0,null
770,18674,18585,false,2008-08-20T19:52:06.713,2,null,false,data-binding,0,null
770,18674,18585,false,2008-08-20T19:52:06.713,2,null,false,.net-2.0,0,null
419,11154,11141,false,2008-08-14T14:57:32.727,1,null,false,asp.net,0,null
419,11154,11141,false,2008-08-14T14:57:32.727,1,null,false,sql,0,null
419,11154,11141,false,2008-08-14T14:57:32.727,1,null,false,caching,0,null
1327,11163,1760,false,2008-08-14T15:04:08.673,2,null,false,c#,0,null
1327,11163,1760,false,2008-08-14T15:04:08.673,2,null,false,.net,0,null
1327,11163,1760,false,2008-08-14T15:04:08.673,2,null,false,unit-testing,0,null
1327,11163,1760,false,2008-08-14T15:04:08.673,2,null,false,testing,0,null
1297,11164,10915,false,2008-08-14T15:04:15.240,3,null,false,c#,0,null
1297,11164,10915,false,2008-08-14T15:04:15.240,3,null,false,nhibernate,0,null
59,170,163,false,2008-08-01T18:24:30.550,32,null,false,.net,2,null
59,170,163,false,2008-08-01T18:24:30.550,32,null,false,asp.net,2,null
59,170,163,false,2008-08-01T18:24:30.550,32,null,false,svn,2,null
59,170,163,false,2008-08-01T18:24:30.550,32,null,false,versioning,2,null
3757,36413,36407,false,2008-08-30T22:26:02.693,2,null,false,firefox,0,null
3757,36413,36407,false,2008-08-30T22:26:02.693,2,null,false,add-on,0,null
2562,36414,36407,false,2008-08-30T22:26:45.013,0,null,false,firefox,0,null
2562,36414,36407,false,2008-08-30T22:26:45.013,0,null,false,add-on,0,null
3654,36416,36407,false,2008-08-30T22:27:06.217,5,null,false,firefox,0,null
3654,36416,36407,false,2008-08-30T22:27:06.217,5,null,false,add-on,0,null
543,24640,24596,false,2008-08-23T21:55:11.213,39,null,false,java,5,null
543,24640,24596,false,2008-08-23T21:55:11.213,39,null,false,web-frameworks,5,null
543,24640,24596,false,2008-08-23T21:55:11.213,39,null,false,rich-internet-application,5,null
1556,24641,24620,false,2008-08-23T21:56:07.687,8,null,false,oop,0,null
2637,24643,24551,false,2008-08-23T21:56:29.853,7,null,false,java,1,null
122,24645,24620,false,2008-08-23T21:57:11.973,1,null,false,oop,0,null
3827,37394,37378,false,2008-09-01T02:40:55.067,2,null,false,oop,1,null
2757,36419,36407,false,2008-08-30T22:28:50.580,18,null,false,firefox,0,null
2757,36419,36407,false,2008-08-30T22:28:50.580,18,null,false,add-on,0,null
802,36420,36407,false,2008-08-30T22:28:54.230,0,null,false,firefox,0,null
802,36420,36407,false,2008-08-30T22:28:54.230,0,null,false,add-on,0,null
305,36421,36417,false,2008-08-30T22:29:19.627,0,null,false,php,0,null
3747,36423,36406,false,2008-08-30T22:31:01.790,2,null,false,asp.net,0,null
3776,36424,1387,false,2008-08-30T22:32:36.390,10,null,false,.net,0,null
3776,36424,1387,false,2008-08-30T22:32:36.390,10,null,false,parallel-processing,0,null
3757,36425,36417,false,2008-08-30T22:34:14.793,6,null,false,php,0,null
296,2156,2138,false,2008-08-05T12:14:33.197,2,null,false,.net,0,null
296,2156,2138,false,2008-08-05T12:14:33.197,2,null,false,linq,0,null
296,2156,2138,false,2008-08-05T12:14:33.197,2,null,false,.net-3.5,0,null
296,2156,2138,false,2008-08-05T12:14:33.197,2,null,false,.net-2.0,0,null
296,2156,2138,false,2008-08-05T12:14:33.197,2,null,false,clr,0,null
136,2177,2123,false,2008-08-05T12:25:16.607,2,null,false,html,0,null
136,2177,2123,false,2008-08-05T12:25:16.607,2,null,false,checkbox,0,null
200,2178,2155,false,2008-08-05T12:25:20.850,3,null,false,asp.net,0,null
200,2179,2154,false,2008-08-05T12:27:35.230,6,null,false,c#,0,null
200,2179,2154,false,2008-08-05T12:27:35.230,6,null,false,asp.net-mvc,0,null
200,2179,2154,false,2008-08-05T12:27:35.230,6,null,false,visual-studio,0,null
383,2180,2123,false,2008-08-05T12:28:32.623,4,null,false,html,0,null
383,2180,2123,false,2008-08-05T12:28:32.623,4,null,false,checkbox,0,null
200,2181,2158,false,2008-08-05T12:30:34.757,8,null,false,java,0,null
200,2181,2158,false,2008-08-05T12:30:34.757,8,null,false,swing,0,null
200,2181,2158,false,2008-08-05T12:30:34.757,8,null,false,jbutton,0,null
3631,40249,40230,false,2008-09-02T18:41:09.197,0,null,false,sql-server,0,null
3631,40249,40230,false,2008-09-02T18:41:09.197,0,null,false,synchronization,0,null
3631,40249,40230,false,2008-09-02T18:41:09.197,0,null,false,guid,0,null
3631,40249,40230,false,2008-09-02T18:41:09.197,0,null,false,offline,0,null
3631,40249,40230,false,2008-09-02T18:41:09.197,0,null,false,oltp,0,null
29,40253,40230,false,2008-09-02T18:41:55.297,2,null,false,sql-server,0,null
29,40253,40230,false,2008-09-02T18:41:55.297,2,null,false,synchronization,0,null
29,40253,40230,false,2008-09-02T18:41:55.297,2,null,false,guid,0,null
29,40253,40230,false,2008-09-02T18:41:55.297,2,null,false,offline,0,null
29,40253,40230,false,2008-09-02T18:41:55.297,2,null,false,oltp,0,null
2295,40256,40133,false,2008-09-02T18:43:02.703,1,null,false,apache,0,null
2295,40256,40133,false,2008-09-02T18:43:02.703,1,null,false,templates,0,null
2295,40256,40133,false,2008-09-02T18:43:02.703,1,null,false,filtering,0,null
2295,40256,40133,false,2008-09-02T18:43:02.703,1,null,false,ssi,0,null
648,40257,40151,false,2008-09-02T18:43:07.273,2,null,false,javascript,0,null
648,40257,40151,false,2008-09-02T18:43:07.273,2,null,false,jquery,0,null
648,40257,40151,false,2008-09-02T18:43:07.273,2,null,false,html,0,null
648,40257,40151,false,2008-09-02T18:43:07.273,2,null,false,internet-explorer,0,null
1219,40262,40242,false,2008-09-02T18:43:56.647,12,null,false,java,0,null
1219,40262,40242,false,2008-09-02T18:43:56.647,12,null,false,model-view-controller,0,null
1219,40262,40242,false,2008-09-02T18:43:56.647,12,null,false,jsp,0,null
1219,40262,40242,false,2008-09-02T18:43:56.647,12,null,false,architecture,0,null
1851,21637,21355,false,2008-08-22T02:15:07.127,7,null,false,linq,0,null
2406,21642,6467,false,2008-08-22T02:19:44.120,6,null,false,unix,1,null
2406,21642,6467,false,2008-08-22T02:19:44.120,6,null,false,shell,1,null
2406,21642,6467,false,2008-08-22T02:19:44.120,6,null,false,date,1,null
2406,21642,6467,false,2008-08-22T02:19:44.120,6,null,false,math,1,null
2406,21642,6467,false,2008-08-22T02:19:44.120,6,null,false,scripting,1,null
736,42127,42122,false,2008-09-03T17:09:26.647,1,null,false,.net,0,null
736,42127,42122,false,2008-09-03T17:09:26.647,1,null,false,xml,0,null
3087,42130,42102,false,2008-09-03T17:10:19.563,3,null,false,java,0,null
3087,42130,42102,false,2008-09-03T17:10:19.563,3,null,false,unit-testing,0,null
3087,42130,42102,false,2008-09-03T17:10:19.563,3,null,false,junit,0,null
3087,42130,42102,false,2008-09-03T17:10:19.563,3,null,false,singleton,0,null
267,42133,42125,false,2008-09-03T17:11:31.527,23,null,false,c,0,null
267,42133,42125,false,2008-09-03T17:11:31.527,23,null,false,gcc,0,null
2328,42138,42126,false,2008-09-03T17:19:36.343,0,null,false,c++,0,null
2328,42138,42126,false,2008-09-03T17:19:36.343,0,null,false,visual-studio,0,null
1914,16569,16563,false,2008-08-19T17:13:19.400,2,null,false,php,0,null
1914,16569,16563,false,2008-08-19T17:13:19.400,2,null,false,regex,0,null
428190,16570,16568,false,2008-08-19T17:14:05.420,4,null,false,mysql,0,null
428190,16570,16568,false,2008-08-19T17:14:05.420,4,null,false,sql,0,null
428190,16570,16568,false,2008-08-19T17:14:05.420,4,null,false,database,0,null
428190,16570,16568,false,2008-08-19T17:14:05.420,4,null,false,oracle,0,null
428190,16570,16568,false,2008-08-19T17:14:05.420,4,null,false,postgresql,0,null
304,16573,16557,false,2008-08-19T17:14:47.760,19,null,false,java,1,null
304,16573,16557,false,2008-08-19T17:14:47.760,19,null,false,oop,1,null
1958,16574,16557,false,2008-08-19T17:15:41.157,0,null,false,java,0,null
1958,16574,16557,false,2008-08-19T17:15:41.157,0,null,false,oop,0,null
194,16575,16563,false,2008-08-19T17:16:20.690,4,null,false,php,0,null
194,16575,16563,false,2008-08-19T17:16:20.690,4,null,false,regex,0,null
25,16578,16501,false,2008-08-19T17:17:37.847,7,null,false,lambda,0,null
25,16578,16501,false,2008-08-19T17:17:37.847,7,null,false,language-agnostic,0,null
25,16578,16501,false,2008-08-19T17:17:37.847,7,null,false,computer-science,0,null
25,16578,16501,false,2008-08-19T17:17:37.847,7,null,false,terminology,0,null
25,16578,16501,false,2008-08-19T17:17:37.847,7,null,false,theory,0,null
1975282,16581,16550,false,2008-08-19T17:17:52.247,1,null,false,.net,0,null
1975282,16581,16550,false,2008-08-19T17:17:52.247,1,null,false,build-process,0,null
1975282,16581,16550,false,2008-08-19T17:17:52.247,1,null,false,nant,0,null
1862,16582,16568,false,2008-08-19T17:18:06.440,1,null,false,mysql,2,null
1862,16582,16568,false,2008-08-19T17:18:06.440,1,null,false,sql,2,null
1862,16582,16568,false,2008-08-19T17:18:06.440,1,null,false,database,2,null
1862,16582,16568,false,2008-08-19T17:18:06.440,1,null,false,oracle,2,null
1862,16582,16568,false,2008-08-19T17:18:06.440,1,null,false,postgresql,2,null
1842864,46312,46292,false,2008-09-05T17:02:11.107,1,null,false,.net,0,null
1842864,46312,46292,false,2008-09-05T17:02:11.107,1,null,false,plugins,0,null
1842864,46312,46292,false,2008-09-05T17:02:11.107,1,null,false,interface-design,0,null
2915,46313,46305,false,2008-09-05T17:02:17.520,2,null,false,dns,0,null
2915,46313,46305,false,2008-09-05T17:02:17.520,2,null,false,config,0,null
1659,46314,46283,false,2008-09-05T17:03:12.633,6,null,false,.net,0,null
1659,46314,46283,false,2008-09-05T17:03:12.633,6,null,false,wcf,0,null
1659,46314,46283,false,2008-09-05T17:03:12.633,6,null,false,web-services,0,null
1902010,46316,46074,false,2008-09-05T17:04:02.493,0,null,false,php,0,null
1902010,46316,46074,false,2008-09-05T17:04:02.493,0,null,false,hosting,0,null
1902010,46316,46074,false,2008-09-05T17:04:02.493,0,null,false,dns,0,null
1951,46321,46305,false,2008-09-05T17:07:20.423,2,null,false,dns,0,null
1951,46321,46305,false,2008-09-05T17:07:20.423,2,null,false,config,0,null
740,45099,45093,false,2008-09-05T02:05:18.350,21,null,false,sql,2,null
740,45099,45093,false,2008-09-05T02:05:18.350,21,null,false,regex,2,null
740,45099,45093,false,2008-09-05T02:05:18.350,21,null,false,sql-injection,2,null
3641,45102,45097,false,2008-09-05T02:06:20.530,5,null,false,javascript,0,null
3641,45102,45097,false,2008-09-05T02:06:20.530,5,null,false,browser,0,null
96,45104,45097,false,2008-09-05T02:06:37.223,1,null,false,javascript,0,null
96,45104,45097,false,2008-09-05T02:06:37.223,1,null,false,browser,0,null
658,45105,45097,false,2008-09-05T02:06:53.710,0,null,false,javascript,0,null
658,45105,45097,false,2008-09-05T02:06:53.710,0,null,false,browser,0,null
1695,25754,25752,false,2008-08-25T08:03:50.243,2,null,false,html,0,null
1695,25754,25752,false,2008-08-25T08:03:50.243,2,null,false,html-select,0,null
163,25755,25749,false,2008-08-25T08:04:44.843,70,null,false,objective-c,0,null
832,25758,25752,false,2008-08-25T08:06:18.490,31,null,false,html,0,null
832,25758,25752,false,2008-08-25T08:06:18.490,31,null,false,html-select,0,null
797,25759,25752,false,2008-08-25T08:06:27.507,15,null,false,html,4,null
797,25759,25752,false,2008-08-25T08:06:27.507,15,null,false,html-select,4,null
1662,25761,25661,false,2008-08-25T08:08:46.253,1,null,false,python,0,null
1662,25761,25661,false,2008-08-25T08:08:46.253,1,null,false,gtk,0,null
1662,25761,25661,false,2008-08-25T08:08:46.253,1,null,false,pygtk,0,null
1662,25761,25661,false,2008-08-25T08:08:46.253,1,null,false,sdl,0,null
1662,25761,25661,false,2008-08-25T08:08:46.253,1,null,false,pygame,0,null
1409,15198,15176,false,2008-08-18T20:43:17.573,2,null,false,testing,1,null
1781,15199,15176,false,2008-08-18T20:44:11.190,1,null,false,testing,0,null
357,15201,15142,false,2008-08-18T20:44:20.893,2,null,true,c#,1,null
357,15201,15142,false,2008-08-18T20:44:20.893,2,null,true,sql,1,null
357,15201,15142,false,2008-08-18T20:44:20.893,2,null,true,sql-server,1,null
357,15201,15142,false,2008-08-18T20:44:20.893,2,null,true,stored-procedures,1,null
1094,19665,19654,false,2008-08-21T11:53:38.103,0,null,false,php,0,null
1094,19665,19654,false,2008-08-21T11:53:38.103,0,null,false,python,0,null
2260,19667,19656,false,2008-08-21T11:54:53.933,1,null,false,c#,0,null
2260,19667,19656,false,2008-08-21T11:54:53.933,1,null,false,linq,0,null
2260,19667,19656,false,2008-08-21T11:54:53.933,1,null,false,reflection,0,null
2260,19667,19656,false,2008-08-21T11:54:53.933,1,null,false,linq-to-objects,0,null
279,19668,19654,false,2008-08-21T11:56:00.593,4,null,false,php,0,null
279,19668,19654,false,2008-08-21T11:56:00.593,4,null,false,python,0,null
1908,19669,19656,false,2008-08-21T11:56:42.743,0,null,false,c#,0,null
1908,19669,19656,false,2008-08-21T11:56:42.743,0,null,false,linq,0,null
1908,19669,19656,false,2008-08-21T11:56:42.743,0,null,false,reflection,0,null
1908,19669,19656,false,2008-08-21T11:56:42.743,0,null,false,linq-to-objects,0,null
993,19670,19516,false,2008-08-21T11:56:57.347,1,null,false,database,0,null
993,19670,19516,false,2008-08-21T11:56:57.347,1,null,false,sql-server-2005,0,null
993,19670,19516,false,2008-08-21T11:56:57.347,1,null,false,referential-integrity,0,null
1908,19676,19653,false,2008-08-21T11:59:38.260,0,null,false,.net,0,null
1908,19676,19653,false,2008-08-21T11:59:38.260,0,null,false,visual-c++,0,null
1908,19676,19653,false,2008-08-21T11:59:38.260,0,null,false,memory,0,null
784,19678,19653,false,2008-08-21T12:00:51.690,0,null,false,.net,0,null
784,19678,19653,false,2008-08-21T12:00:51.690,0,null,false,visual-c++,0,null
784,19678,19653,false,2008-08-21T12:00:51.690,0,null,false,memory,0,null
,13849,13806,false,2008-08-17T19:04:47.227,6,null,false,c++,0,null
,13849,13806,false,2008-08-17T19:04:47.227,6,null,false,windows,0,null
,13849,13806,false,2008-08-17T19:04:47.227,6,null,false,api,0,null
,13849,13806,false,2008-08-17T19:04:47.227,6,null,false,logfile,0,null
17,13854,13851,false,2008-08-17T19:12:09.193,3,null,false,html,0,null
17,13854,13851,false,2008-08-17T19:12:09.193,3,null,false,css,0,null
17,13854,13851,false,2008-08-17T19:12:09.193,3,null,false,internet-explorer-7,0,null
,13855,13851,false,2008-08-17T19:12:51.407,0,null,false,html,0,null
,13855,13851,false,2008-08-17T19:12:51.407,0,null,false,css,0,null
,13855,13851,false,2008-08-17T19:12:51.407,0,null,false,internet-explorer-7,0,null
1344,16583,16563,false,2008-08-19T17:18:52.010,2,null,false,php,0,null
1344,16583,16563,false,2008-08-19T17:18:52.010,2,null,false,regex,0,null
35,16584,16568,false,2008-08-19T17:19:01.540,2,null,false,mysql,0,null
35,16584,16568,false,2008-08-19T17:19:01.540,2,null,false,sql,0,null
35,16584,16568,false,2008-08-19T17:19:01.540,2,null,false,database,0,null
35,16584,16568,false,2008-08-19T17:19:01.540,2,null,false,oracle,0,null
35,16584,16568,false,2008-08-19T17:19:01.540,2,null,false,postgresql,0,null
1914,16587,16568,false,2008-08-19T17:20:33.410,36,null,false,mysql,4,null
1914,16587,16568,false,2008-08-19T17:20:33.410,36,null,false,sql,4,null
1914,16587,16568,false,2008-08-19T17:20:33.410,36,null,false,database,4,null
1914,16587,16568,false,2008-08-19T17:20:33.410,36,null,false,oracle,4,null
1914,16587,16568,false,2008-08-19T17:20:33.410,36,null,false,postgresql,4,null
298,16589,16550,false,2008-08-19T17:20:53.800,1,null,false,.net,0,null
298,16589,16550,false,2008-08-19T17:20:53.800,1,null,false,build-process,0,null
298,16589,16550,false,2008-08-19T17:20:53.800,1,null,false,nant,0,null
1750,16591,16557,false,2008-08-19T17:21:29.057,8,null,false,java,0,null
1750,16591,16557,false,2008-08-19T17:21:29.057,8,null,false,oop,0,null
364,45109,45097,false,2008-09-05T02:09:06.747,2,null,false,javascript,0,null
364,45109,45097,false,2008-09-05T02:09:06.747,2,null,false,browser,0,null
4657,45112,45097,false,2008-09-05T02:10:20.613,0,null,false,javascript,0,null
4657,45112,45097,false,2008-09-05T02:10:20.613,0,null,false,browser,0,null
106,45113,45097,false,2008-09-05T02:10:29.117,0,null,false,javascript,0,null
106,45113,45097,false,2008-09-05T02:10:29.117,0,null,false,browser,0,null
4310,45115,45097,false,2008-09-05T02:10:40.643,5,null,false,javascript,0,null
4310,45115,45097,false,2008-09-05T02:10:40.643,5,null,false,browser,0,null
658,45116,45097,false,2008-09-05T02:10:58.460,0,null,false,javascript,0,null
658,45116,45097,false,2008-09-05T02:10:58.460,0,null,false,browser,0,null
4657,45119,45093,false,2008-09-05T02:14:06.737,4,null,false,sql,0,null
4657,45119,45093,false,2008-09-05T02:14:06.737,4,null,false,regex,0,null
4657,45119,45093,false,2008-09-05T02:14:06.737,4,null,false,sql-injection,0,null
834,6683,6612,false,2008-08-09T07:41:29.310,0,null,false,java,0,null
834,6683,6612,false,2008-08-09T07:41:29.310,0,null,false,plot,0,null
834,6683,6612,false,2008-08-09T07:41:29.310,0,null,false,configuration,0,null
383,6686,6661,false,2008-08-09T07:49:41.023,4,null,false,javascript,0,null
383,6686,6661,false,2008-08-09T07:49:41.023,4,null,false,browser,0,null
383,6686,6661,false,2008-08-09T07:49:41.023,4,null,false,client-side,0,null
835,6689,4689,false,2008-08-09T07:53:27.367,1,null,true,fonts,0,null
835,6689,4689,false,2008-08-09T07:53:27.367,1,null,true,development-environment,0,null
383,6693,6642,false,2008-08-09T08:06:50.147,1,null,false,browser,0,null
383,6693,6642,false,2008-08-09T08:06:50.147,1,null,false,compatibility,0,null
719,6694,6633,false,2008-08-09T08:11:55.487,6,null,false,php,0,null
719,6694,6633,false,2008-08-09T08:11:55.487,6,null,false,register-globals,0,null
56,6699,6661,false,2008-08-09T08:29:10.880,11,null,false,javascript,0,null
56,6699,6661,false,2008-08-09T08:29:10.880,11,null,false,browser,0,null
56,6699,6661,false,2008-08-09T08:29:10.880,11,null,false,client-side,0,null
308,42145,41908,false,2008-09-03T17:24:46.907,10,null,false,c#,0,null
308,42145,41908,false,2008-09-03T17:24:46.907,10,null,false,asp.net,0,null
308,42145,41908,false,2008-09-03T17:24:46.907,10,null,false,winforms,0,null
308,42145,41908,false,2008-09-03T17:24:46.907,10,null,false,visual-studio,0,null
3153,42147,42146,false,2008-09-03T17:27:10.130,2,null,false,sql-server,0,null
3153,42147,42146,false,2008-09-03T17:27:10.130,2,null,false,port,0,null
3153,42147,42146,false,2008-09-03T17:27:10.130,2,null,false,msde,0,null
1219,42148,41994,false,2008-09-03T17:27:18.430,1,null,false,c#,0,null
1219,42148,41994,false,2008-09-03T17:27:18.430,1,null,false,xml,0,null
853,37399,37343,false,2008-09-01T02:52:23.497,1,null,false,php,0,null
853,37399,37343,false,2008-09-01T02:52:23.497,1,null,false,wordpress,0,null
853,37399,37343,false,2008-09-01T02:52:23.497,1,null,false,lamp,0,null
853,37399,37343,false,2008-09-01T02:52:23.497,1,null,false,mediawiki,0,null
658,37400,37396,false,2008-09-01T02:53:44.677,2,null,false,linux,0,null
658,37400,37396,false,2008-09-01T02:53:44.677,2,null,false,desktop,0,null
3631,37402,37398,false,2008-09-01T02:55:07.780,153,null,false,c++,7,null
3631,37402,37398,false,2008-09-01T02:55:07.780,153,null,false,visual-studio,7,null
3631,37402,37398,false,2008-09-01T02:55:07.780,153,null,false,linker,7,null
2543,37403,37398,false,2008-09-01T02:59:55.397,5,null,false,c++,0,null
2543,37403,37398,false,2008-09-01T02:59:55.397,5,null,false,visual-studio,0,null
2543,37403,37398,false,2008-09-01T02:59:55.397,5,null,false,linker,0,null
234,37404,37378,false,2008-09-01T03:00:31.090,9,null,false,oop,0,null
372,37406,37378,false,2008-09-01T03:09:06.450,10,null,false,oop,4,null
714,37408,37381,false,2008-09-01T03:11:18.473,10,null,false,objective-c,2,null
714,37408,37381,false,2008-09-01T03:11:18.473,10,null,false,cocoa,2,null
714,37408,37381,false,2008-09-01T03:11:18.473,10,null,false,macos,2,null
714,37408,37381,false,2008-09-01T03:11:18.473,10,null,false,erlang,2,null
2663,37409,37378,false,2008-09-01T03:12:35.287,7,null,false,oop,0,null
37,3361,3319,false,2008-08-06T13:23:42.247,21,null,false,javascript,1,null
37,3361,3319,false,2008-08-06T13:23:42.247,21,null,false,css,1,null
37,3361,3319,false,2008-08-06T13:23:42.247,21,null,false,background-color,1,null
370,3368,3255,false,2008-08-06T13:34:13.753,213,null,false,algorithm,3,null
370,3368,3255,false,2008-08-06T13:34:13.753,213,null,false,optimization,3,null
370,3368,3255,false,2008-08-06T13:34:13.753,213,null,false,complexity-theory,3,null
370,3368,3255,false,2008-08-06T13:34:13.753,213,null,false,big-o,3,null
370,3368,3255,false,2008-08-06T13:34:13.753,213,null,false,performance,3,null
20,3370,3362,false,2008-08-06T13:35:44.157,13,null,false,javascript,0,null
20,3370,3362,false,2008-08-06T13:35:44.157,13,null,false,user-interface,0,null
265,3371,3362,false,2008-08-06T13:36:04.220,18,null,false,javascript,0,null
265,3371,3362,false,2008-08-06T13:36:04.220,18,null,false,user-interface,0,null
37,3372,3362,false,2008-08-06T13:36:33.640,6,null,false,javascript,3,null
37,3372,3362,false,2008-08-06T13:36:33.640,6,null,false,user-interface,3,null
161,3375,1615,false,2008-08-06T13:37:41.657,1,null,false,ruby,0,null
161,3375,1615,false,2008-08-06T13:37:41.657,1,null,false,language-agnostic,0,null
161,3375,1615,false,2008-08-06T13:37:41.657,1,null,false,xfdl,0,null
383,3390,3385,false,2008-08-06T13:45:00.707,70,null,false,javascript,4,null
383,3390,3385,false,2008-08-06T13:45:00.707,70,null,false,mac-address,4,null
,13860,13851,false,2008-08-17T19:16:03.380,0,null,false,html,0,null
,13860,13851,false,2008-08-17T19:16:03.380,0,null,false,css,0,null
,13860,13851,false,2008-08-17T19:16:03.380,0,null,false,internet-explorer-7,0,null
17,13861,13848,false,2008-08-17T19:17:43.783,12,null,false,svn,0,null
17,13861,13848,false,2008-08-17T19:17:43.783,12,null,false,tortoisesvn,0,null
17,13861,13848,false,2008-08-17T19:17:43.783,12,null,false,visualsvn-server,0,null
1600,13864,13848,false,2008-08-17T19:21:45.850,1,null,false,svn,0,null
1600,13864,13848,false,2008-08-17T19:21:45.850,1,null,false,tortoisesvn,0,null
1600,13864,13848,false,2008-08-17T19:21:45.850,1,null,false,visualsvn-server,0,null
1370,13866,13851,false,2008-08-17T19:23:49.933,0,null,false,html,0,null
1370,13866,13851,false,2008-08-17T19:23:49.933,0,null,false,css,0,null
1370,13866,13851,false,2008-08-17T19:23:49.933,0,null,false,internet-explorer-7,0,null
5,13868,13851,false,2008-08-17T19:25:43.813,0,null,false,html,0,null
5,13868,13851,false,2008-08-17T19:25:43.813,0,null,false,css,0,null
5,13868,13851,false,2008-08-17T19:25:43.813,0,null,false,internet-explorer-7,0,null
893,13869,13791,false,2008-08-17T19:26:33.250,0,null,false,python,0,null
893,13869,13791,false,2008-08-17T19:26:33.250,0,null,false,regex,0,null
893,13869,13791,false,2008-08-17T19:26:33.250,0,null,false,backreference,0,null
1651,13870,13806,false,2008-08-17T19:26:56.637,8,null,false,c++,2,null
1651,13870,13806,false,2008-08-17T19:26:56.637,8,null,false,windows,2,null
1651,13870,13806,false,2008-08-17T19:26:56.637,8,null,false,api,2,null
1651,13870,13806,false,2008-08-17T19:26:56.637,8,null,false,logfile,2,null
1035,13871,13863,false,2008-08-17T19:28:04.760,0,null,false,java,0,null
1035,13871,13863,false,2008-08-17T19:28:04.760,0,null,false,search,0,null
1266,13873,13863,false,2008-08-17T19:30:37.063,2,null,false,java,0,null
1266,13873,13863,false,2008-08-17T19:30:37.063,2,null,false,search,0,null
616,28725,28542,false,2008-08-26T17:54:48.083,0,null,false,c,0,null
616,28725,28542,false,2008-08-26T17:54:48.083,0,null,false,gcc,0,null
616,28725,28542,false,2008-08-26T17:54:48.083,0,null,false,arm,0,null
616,28725,28542,false,2008-08-26T17:54:48.083,0,null,false,assembly,0,null
987,28727,28708,false,2008-08-26T17:56:10.983,1,null,false,c#,0,null
987,28727,28708,false,2008-08-26T17:56:10.983,1,null,false,.net-1.1,0,null
987,28727,28708,false,2008-08-26T17:56:10.983,1,null,false,windows-server-2000,0,null
2098,28728,28713,false,2008-08-26T17:56:11.327,16,null,false,html,1,null
2098,28728,28713,false,2008-08-26T17:56:11.327,16,null,false,css,1,null
2098,28728,28713,false,2008-08-26T17:56:11.327,16,null,false,textarea,1,null
2951,28730,28713,false,2008-08-26T17:56:25.973,1,null,false,html,0,null
2951,28730,28713,false,2008-08-26T17:56:25.973,1,null,false,css,0,null
2951,28730,28713,false,2008-08-26T17:56:25.973,1,null,false,textarea,0,null
2567,28732,28716,false,2008-08-26T17:57:14.227,3,null,false,php,0,null
2567,28732,28716,false,2008-08-26T17:57:14.227,3,null,false,performance,0,null
2567,28732,28716,false,2008-08-26T17:57:14.227,3,null,false,caching,0,null
3087,28733,28709,false,2008-08-26T17:57:26.050,2,null,false,linux,1,null
3087,28733,28709,false,2008-08-26T17:57:26.050,2,null,false,eclipse,1,null
3087,28733,28709,false,2008-08-26T17:57:26.050,2,null,false,eclipse-3.2,1,null
905,28734,27726,false,2008-08-26T17:57:35.537,4,null,false,c#,0,null
905,28734,27726,false,2008-08-26T17:57:35.537,4,null,false,expression,0,null
1951,28735,28716,false,2008-08-26T17:58:05.783,18,null,false,php,2,null
1951,28735,28716,false,2008-08-26T17:58:05.783,18,null,false,performance,2,null
1951,28735,28716,false,2008-08-26T17:58:05.783,18,null,false,caching,2,null
1951,28741,28713,false,2008-08-26T18:01:35.540,0,null,false,html,0,null
1951,28741,28713,false,2008-08-26T18:01:35.540,0,null,false,css,0,null
1951,28741,28713,false,2008-08-26T18:01:35.540,0,null,false,textarea,0,null
758,28742,28599,false,2008-08-26T18:01:41.237,2,null,false,ruby-on-rails,0,null
758,28742,28599,false,2008-08-26T18:01:41.237,2,null,false,apache,0,null
758,28742,28599,false,2008-08-26T18:01:41.237,2,null,false,ssl,0,null
2961,28743,28675,false,2008-08-26T18:01:52.420,6,null,false,java,2,null
2961,28743,28675,false,2008-08-26T18:01:52.420,6,null,false,nio,2,null
2961,28743,28675,false,2008-08-26T18:01:52.420,6,null,false,bytebuffer,2,null
2961,28743,28675,false,2008-08-26T18:01:52.420,6,null,false,filechannel,2,null
291,28744,28716,false,2008-08-26T18:02:19.830,1,null,false,php,0,null
291,28744,28716,false,2008-08-26T18:02:19.830,1,null,false,performance,0,null
291,28744,28716,false,2008-08-26T18:02:19.830,1,null,false,caching,0,null
2567,28747,28675,false,2008-08-26T18:02:58.703,0,null,false,java,0,null
2567,28747,28675,false,2008-08-26T18:02:58.703,0,null,false,nio,0,null
2567,28747,28675,false,2008-08-26T18:02:58.703,0,null,false,bytebuffer,0,null
2567,28747,28675,false,2008-08-26T18:02:58.703,0,null,false,filechannel,0,null
1862,16592,16563,false,2008-08-19T17:22:46.293,-1,null,false,php,0,null
1862,16592,16563,false,2008-08-19T17:22:46.293,-1,null,false,regex,0,null
1580,16593,16563,false,2008-08-19T17:23:04.513,-1,null,false,php,0,null
1580,16593,16563,false,2008-08-19T17:23:04.513,-1,null,false,regex,0,null
428190,16598,16563,false,2008-08-19T17:27:33.787,0,null,false,php,0,null
428190,16598,16563,false,2008-08-19T17:27:33.787,0,null,false,regex,0,null
922,16600,16550,false,2008-08-19T17:27:58.683,18,null,false,.net,2,null
922,16600,16550,false,2008-08-19T17:27:58.683,18,null,false,build-process,2,null
922,16600,16550,false,2008-08-19T17:27:58.683,18,null,false,nant,2,null
1710,16601,16557,false,2008-08-19T17:28:02.507,4,null,false,java,0,null
1710,16601,16557,false,2008-08-19T17:28:02.507,4,null,false,oop,0,null
1970,16602,16568,false,2008-08-19T17:28:55.017,18,null,false,mysql,1,null
1970,16602,16568,false,2008-08-19T17:28:55.017,18,null,false,sql,1,null
1970,16602,16568,false,2008-08-19T17:28:55.017,18,null,false,database,1,null
1970,16602,16568,false,2008-08-19T17:28:55.017,18,null,false,oracle,1,null
1970,16602,16568,false,2008-08-19T17:28:55.017,18,null,false,postgresql,1,null
1976,16603,16563,false,2008-08-19T17:29:09.633,1,null,false,php,0,null
1976,16603,16563,false,2008-08-19T17:29:09.633,1,null,false,regex,0,null
1265,39917,39867,false,2008-09-02T16:15:26.927,1,null,false,bash,0,null
1265,39917,39867,false,2008-09-02T16:15:26.927,1,null,false,cron,0,null
1265,39917,39867,false,2008-09-02T16:15:26.927,1,null,false,gnupg,0,null
2783,33737,33728,false,2008-08-29T01:08:07.357,6,null,false,api-design,0,null
1965,33740,33685,false,2008-08-29T01:11:22.137,1,null,false,sql-server,0,null
,33741,33728,false,2008-08-29T01:12:11.557,7,null,false,api-design,0,null
648,33742,33457,false,2008-08-29T01:13:36.000,2,null,false,sql-server,0,null
648,33742,33457,false,2008-08-29T01:13:36.000,2,null,false,smo,0,null
714,33743,33720,false,2008-08-29T01:14:27.997,112,null,false,xcode,16,null
714,33743,33720,false,2008-08-29T01:14:27.997,112,null,false,macos,16,null
714,33743,33720,false,2008-08-29T01:14:27.997,112,null,false,templates,16,null
714,33743,33720,false,2008-08-29T01:14:27.997,112,null,false,xcode4,16,null
714,33743,33720,false,2008-08-29T01:14:27.997,112,null,false,xcode4.5,16,null
2134,21650,21635,false,2008-08-22T02:23:40.400,4,null,false,deployment,0,null
2134,21650,21635,false,2008-08-22T02:23:40.400,4,null,false,installation,0,null
2134,21650,21635,false,2008-08-22T02:23:40.400,4,null,false,windows-installer,0,null
372,11166,10915,false,2008-08-14T15:04:57.347,0,null,false,c#,0,null
372,11166,10915,false,2008-08-14T15:04:57.347,0,null,false,nhibernate,0,null
64,11167,11099,false,2008-08-14T15:08:51.503,0,null,false,language-agnostic,1,null
64,11167,11099,false,2008-08-14T15:08:51.503,0,null,false,language-features,1,null
64,11167,11099,false,2008-08-14T15:08:51.503,0,null,false,readability,1,null
1122,11170,1760,false,2008-08-14T15:09:17.867,8,null,false,c#,5,null
1122,11170,1760,false,2008-08-14T15:09:17.867,8,null,false,.net,5,null
1122,11170,1760,false,2008-08-14T15:09:17.867,8,null,false,unit-testing,5,null
1122,11170,1760,false,2008-08-14T15:09:17.867,8,null,false,testing,5,null
1297,11176,10915,false,2008-08-14T15:12:04.477,1,null,false,c#,0,null
1297,11176,10915,false,2008-08-14T15:12:04.477,1,null,false,nhibernate,0,null
838,8056,7991,false,2008-08-11T18:22:16.223,13,null,false,c#,1,null
838,8056,7991,false,2008-08-11T18:22:16.223,13,null,false,graphics,1,null
838,8056,7991,false,2008-08-11T18:22:16.223,13,null,false,compact-framework,1,null
889,8059,7917,false,2008-08-11T18:24:42.050,0,null,false,mysql,0,null
889,8059,7917,false,2008-08-11T18:24:42.050,0,null,false,regex,0,null
889,8059,7917,false,2008-08-11T18:24:42.050,0,null,false,string,0,null
737,8075,7981,false,2008-08-11T18:38:58.233,3,null,false,c,0,null
737,8075,7981,false,2008-08-11T18:38:58.233,3,null,false,qt,0,null
737,8075,7981,false,2008-08-11T18:38:58.233,3,null,false,printf,0,null
737,8075,7981,false,2008-08-11T18:38:58.233,3,null,false,qstring,0,null
1043,8078,6578,false,2008-08-11T18:42:33.793,10,null,false,iphone,4,null
1043,8078,6578,false,2008-08-11T18:42:33.793,10,null,false,objective-c,4,null
1043,8078,6578,false,2008-08-11T18:42:33.793,10,null,false,cocoa,4,null
1043,8078,6578,false,2008-08-11T18:42:33.793,10,null,false,memory,4,null
3002,45126,45122,false,2008-09-05T02:18:21.080,104,null,false,python,1,null
3002,45126,45122,false,2008-09-05T02:18:21.080,104,null,false,package,1,null
1965,45127,45123,false,2008-09-05T02:18:39.923,2,null,false,naming-conventions,0,null
1965,45127,45123,false,2008-09-05T02:18:39.923,2,null,false,interface,0,null
1965,45127,45123,false,2008-09-05T02:18:39.923,2,null,false,versioning,0,null
1196,45129,45123,false,2008-09-05T02:20:27.923,2,null,false,naming-conventions,0,null
1196,45129,45123,false,2008-09-05T02:20:27.923,2,null,false,interface,0,null
1196,45129,45123,false,2008-09-05T02:20:27.923,2,null,false,versioning,0,null
,45133,45097,false,2008-09-05T02:22:35.343,4,null,false,javascript,0,null
,45133,45097,false,2008-09-05T02:22:35.343,4,null,false,browser,0,null
4660,45134,44980,false,2008-09-05T02:23:52.890,35,null,false,c#,0,null
4660,45134,44980,false,2008-09-05T02:23:52.890,35,null,false,windows,0,null
2386,37410,37396,false,2008-09-01T03:16:06.387,1,null,false,linux,0,null
2386,37410,37396,false,2008-09-01T03:16:06.387,1,null,false,desktop,0,null
1811,37411,37396,false,2008-09-01T03:16:10.473,0,null,false,linux,0,null
1811,37411,37396,false,2008-09-01T03:16:10.473,0,null,false,desktop,0,null
2785,37412,37378,false,2008-09-01T03:17:54.340,1,null,false,oop,0,null
1666,37414,37396,false,2008-09-01T03:23:16.010,2,null,false,linux,0,null
1666,37414,37396,false,2008-09-01T03:23:16.010,2,null,false,desktop,0,null
720,37415,37396,false,2008-09-01T03:23:54.200,1,null,false,linux,0,null
720,37415,37396,false,2008-09-01T03:23:54.200,1,null,false,desktop,0,null
3797,37417,37378,false,2008-09-01T03:26:23.290,2,null,false,oop,0,null
2976,37419,37396,false,2008-09-01T03:28:59.413,4,null,false,linux,0,null
2976,37419,37396,false,2008-09-01T03:28:59.413,4,null,false,desktop,0,null
3654,36428,36417,false,2008-08-30T22:35:47.083,0,null,false,php,0,null
2391,36429,36417,false,2008-08-30T22:36:09.937,2,null,false,php,0,null
392,36433,36407,false,2008-08-30T22:40:41.097,1,null,false,firefox,0,null
392,36433,36407,false,2008-08-30T22:40:41.097,1,null,false,add-on,0,null
3720,36437,36407,false,2008-08-30T22:42:39.440,2,null,false,firefox,0,null
3720,36437,36407,false,2008-08-30T22:42:39.440,2,null,false,add-on,0,null
3305,36439,1387,false,2008-08-30T22:46:12.893,0,null,false,.net,0,null
3305,36439,1387,false,2008-08-30T22:46:12.893,0,null,false,parallel-processing,0,null
3571,43414,43368,false,2008-09-04T09:42:10.333,1,null,false,python,0,null
3571,43414,43368,false,2008-09-04T09:42:10.333,1,null,false,sql,0,null
3571,43414,43368,false,2008-09-04T09:42:10.333,1,null,false,metadata,0,null
3571,43414,43368,false,2008-09-04T09:42:10.333,1,null,false,coupling,0,null
3571,43414,43368,false,2008-09-04T09:42:10.333,1,null,false,data-driven,0,null
3122,43418,43400,false,2008-09-04T09:44:44.757,1,null,false,html,0,null
3122,43418,43400,false,2008-09-04T09:44:44.757,1,null,false,css,0,null
,43421,43322,false,2008-09-04T09:47:25.220,3,null,false,c++,0,null
,43421,43322,false,2008-09-04T09:47:25.220,3,null,false,api,0,null
,43421,43322,false,2008-09-04T09:47:25.220,3,null,false,plugins,0,null
,43421,43322,false,2008-09-04T09:47:25.220,3,null,false,compiler-construction,0,null
1633,43426,43322,false,2008-09-04T09:49:58.897,3,null,false,c++,1,null
1633,43426,43322,false,2008-09-04T09:49:58.897,3,null,false,api,1,null
1633,43426,43322,false,2008-09-04T09:49:58.897,3,null,false,plugins,1,null
1633,43426,43322,false,2008-09-04T09:49:58.897,3,null,false,compiler-construction,1,null
1117,21653,21640,false,2008-08-22T02:48:54.160,24,null,false,.net,0,null
1117,21653,21640,false,2008-08-22T02:48:54.160,24,null,false,asp.net,0,null
1117,21653,21640,false,2008-08-22T02:48:54.160,24,null,false,url,0,null
1117,21653,21640,false,2008-08-22T02:48:54.160,24,null,false,uri,0,null
1117,21653,21640,false,2008-08-22T02:48:54.160,24,null,false,authority,0,null
456,21656,21647,false,2008-08-22T02:50:56.403,135,null,false,c++,3,null
456,21656,21647,false,2008-08-22T02:50:56.403,135,null,false,iostream,3,null
456,21656,21647,false,2008-08-22T02:50:56.403,135,null,false,fstream,3,null
2091,21666,21647,false,2008-08-22T02:59:25.477,44,null,false,c++,3,null
2091,21666,21647,false,2008-08-22T02:59:25.477,44,null,false,iostream,3,null
2091,21666,21647,false,2008-08-22T02:59:25.477,44,null,false,fstream,3,null
361,21667,21652,false,2008-08-22T03:00:04.850,1,null,false,c#,0,null
361,21667,21652,false,2008-08-22T03:00:04.850,1,null,false,java,0,null
361,21667,21652,false,2008-08-22T03:00:04.850,1,null,false,exception,0,null
77,30564,30543,false,2008-08-27T16:14:44.977,0,null,false,64-bit,0,null
77,30564,30543,false,2008-08-27T16:14:44.977,0,null,false,development-environment,0,null
77,30564,30543,false,2008-08-27T16:14:44.977,0,null,false,compatibility,0,null
17,9360,9336,false,2008-08-13T00:48:30.373,0,null,false,.net,1,null
17,9360,9336,false,2008-08-13T00:48:30.373,0,null,false,asp.net,1,null
17,9360,9336,false,2008-08-13T00:48:30.373,0,null,false,sitemap,1,null
384,9365,9341,false,2008-08-13T00:53:34.077,2,null,false,asp.net,0,null
384,9365,9341,false,2008-08-13T00:53:34.077,2,null,false,javascript,0,null
372,9369,9240,false,2008-08-13T01:00:12.783,0,null,false,architecture,0,null
1666,37422,37391,false,2008-09-01T03:37:26.117,3,null,false,php,0,null
1666,37422,37391,false,2008-09-01T03:37:26.117,3,null,false,integer,0,null
35,37432,37374,false,2008-09-01T03:53:12.680,4,null,false,.net,0,null
35,37432,37374,false,2008-09-01T03:53:12.680,4,null,false,sql,0,null
35,37432,37374,false,2008-09-01T03:53:12.680,4,null,false,linq-to-sql,0,null
35,37432,37374,false,2008-09-01T03:53:12.680,4,null,false,iis,0,null
35,37432,37374,false,2008-09-01T03:53:12.680,4,null,false,caching,0,null
2227,37434,37391,false,2008-09-01T03:54:19.617,1,null,false,php,0,null
2227,37434,37391,false,2008-09-01T03:54:19.617,1,null,false,integer,0,null
543,24647,24623,false,2008-08-23T21:58:08.057,1,null,false,java,0,null
543,24647,24623,false,2008-08-23T21:58:08.057,1,null,false,jakarta-ee,0,null
543,24647,24623,false,2008-08-23T21:58:08.057,1,null,false,dao,0,null
855,24652,24620,false,2008-08-23T22:01:43.553,0,null,false,oop,1,null
2025,24654,24515,false,2008-08-23T22:03:13.503,1,null,false,list,0,null
2025,24654,24515,false,2008-08-23T22:03:13.503,1,null,false,dictionary,0,null
2025,24654,24515,false,2008-08-23T22:03:13.503,1,null,false,profanity,0,null
1965,24657,24541,false,2008-08-23T22:08:18.047,1,null,false,sql-server-2005,0,null
1965,24657,24541,false,2008-08-23T22:08:18.047,1,null,false,t-sql,0,null
1117,24658,24610,false,2008-08-23T22:08:49.607,6,null,false,visual-studio,0,null
1117,24658,24610,false,2008-08-23T22:08:49.607,6,null,false,vim,0,null
1117,24658,24610,false,2008-08-23T22:08:49.607,6,null,false,ide,0,null
1117,24658,24610,false,2008-08-23T22:08:49.607,6,null,false,editor,0,null
1327,24659,24551,false,2008-08-23T22:09:35.300,4,null,false,java,0,null
163,24660,24610,false,2008-08-23T22:12:18.007,3,null,false,visual-studio,0,null
163,24660,24610,false,2008-08-23T22:12:18.007,3,null,false,vim,0,null
163,24660,24610,false,2008-08-23T22:12:18.007,3,null,false,ide,0,null
163,24660,24610,false,2008-08-23T22:12:18.007,3,null,false,editor,0,null
619,16606,16568,false,2008-08-19T17:31:23.653,129,null,false,mysql,0,null
619,16606,16568,false,2008-08-19T17:31:23.653,129,null,false,sql,0,null
619,16606,16568,false,2008-08-19T17:31:23.653,129,null,false,database,0,null
619,16606,16568,false,2008-08-19T17:31:23.653,129,null,false,oracle,0,null
619,16606,16568,false,2008-08-19T17:31:23.653,129,null,false,postgresql,0,null
517,16608,16568,false,2008-08-19T17:33:44.320,7,null,false,mysql,5,null
517,16608,16568,false,2008-08-19T17:33:44.320,7,null,false,sql,5,null
517,16608,16568,false,2008-08-19T17:33:44.320,7,null,false,database,5,null
517,16608,16568,false,2008-08-19T17:33:44.320,7,null,false,oracle,5,null
517,16608,16568,false,2008-08-19T17:33:44.320,7,null,false,postgresql,5,null
740,39919,39903,false,2008-09-02T16:15:54.117,-2,null,false,c#,0,null
740,39919,39903,false,2008-09-02T16:15:54.117,-2,null,false,visual-studio,0,null
4257,39922,39879,false,2008-09-02T16:16:13.367,13,null,false,javascript,2,null
4257,39922,39879,false,2008-09-02T16:16:13.367,13,null,false,multithreading,2,null
4257,39922,39879,false,2008-09-02T16:16:13.367,13,null,false,browser,2,null
1546,39923,39912,false,2008-09-02T16:16:19.200,16,null,false,c++,1,null
1546,39923,39912,false,2008-09-02T16:16:19.200,16,null,false,stl,1,null
2131,39924,39771,false,2008-09-02T16:16:20.590,6,null,false,language-agnostic,2,null
2131,39924,39771,false,2008-09-02T16:16:20.590,6,null,false,guid,2,null
4200,39926,39874,false,2008-09-02T16:16:46.923,4,null,false,chess,0,null
3792,36440,4724,false,2008-08-30T22:47:55.930,5,null,true,functional-programming,2,null
3792,36440,4724,false,2008-08-30T22:47:55.930,5,null,true,lisp,2,null
3407,36444,36417,false,2008-08-30T22:53:41.207,19,null,false,php,1,null
380,16619,16616,false,2008-08-19T17:49:45.147,2,null,false,.net,0,null
517,16622,16616,false,2008-08-19T17:50:47.843,8,null,false,.net,0,null
1546,16627,16616,false,2008-08-19T17:54:41.673,0,null,false,.net,0,null
380,16628,16611,false,2008-08-19T17:55:44.243,0,null,false,c#,0,null
380,16628,16611,false,2008-08-19T17:55:44.243,0,null,false,xml,0,null
380,16628,16611,false,2008-08-19T17:55:44.243,0,null,false,visual-studio,0,null
380,16628,16611,false,2008-08-19T17:55:44.243,0,null,false,schema,0,null
863,16629,15163,false,2008-08-19T17:56:39.843,3,null,false,events,0,null
863,16629,15163,false,2008-08-19T17:56:39.843,3,null,false,vb6,0,null
863,16629,15163,false,2008-08-19T17:56:39.843,3,null,false,treeview,0,null
2422,40268,40211,false,2008-09-02T18:44:47.520,5,null,false,c#,0,null
2422,40268,40211,false,2008-09-02T18:44:47.520,5,null,false,.net,0,null
2422,40268,40211,false,2008-09-02T18:44:47.520,5,null,false,enums,0,null
2422,40268,40211,false,2008-09-02T18:44:47.520,5,null,false,attributes,0,null
2422,40268,40211,false,2008-09-02T18:44:47.520,5,null,false,flags,0,null
3043,40274,40242,false,2008-09-02T18:46:10.793,2,null,false,java,0,null
3043,40274,40242,false,2008-09-02T18:46:10.793,2,null,false,model-view-controller,0,null
3043,40274,40242,false,2008-09-02T18:46:10.793,2,null,false,jsp,0,null
3043,40274,40242,false,2008-09-02T18:46:10.793,2,null,false,architecture,0,null
3314,40275,40230,false,2008-09-02T18:47:31.990,0,null,false,sql-server,0,null
3314,40275,40230,false,2008-09-02T18:47:31.990,0,null,false,synchronization,0,null
3314,40275,40230,false,2008-09-02T18:47:31.990,0,null,false,guid,0,null
3314,40275,40230,false,2008-09-02T18:47:31.990,0,null,false,offline,0,null
3314,40275,40230,false,2008-09-02T18:47:31.990,0,null,false,oltp,0,null
4133,40276,40264,false,2008-09-02T18:47:40.757,-5,null,false,parameters,1,null
4133,40276,40264,false,2008-09-02T18:47:40.757,-5,null,false,refactoring,1,null
4133,40276,40264,false,2008-09-02T18:47:40.757,-5,null,false,constructor,1,null
4133,40276,40264,false,2008-09-02T18:47:40.757,-5,null,false,coding-style,1,null
3776,40278,40264,false,2008-09-02T18:48:09.040,5,null,false,parameters,0,null
3776,40278,40264,false,2008-09-02T18:48:09.040,5,null,false,refactoring,0,null
3776,40278,40264,false,2008-09-02T18:48:09.040,5,null,false,constructor,0,null
3776,40278,40264,false,2008-09-02T18:48:09.040,5,null,false,coding-style,0,null
1287,40279,40230,false,2008-09-02T18:48:23.907,0,null,false,sql-server,0,null
1287,40279,40230,false,2008-09-02T18:48:23.907,0,null,false,synchronization,0,null
1287,40279,40230,false,2008-09-02T18:48:23.907,0,null,false,guid,0,null
1287,40279,40230,false,2008-09-02T18:48:23.907,0,null,false,offline,0,null
1287,40279,40230,false,2008-09-02T18:48:23.907,0,null,false,oltp,0,null
3274,40280,40242,false,2008-09-02T18:48:31.490,2,null,false,java,0,null
3274,40280,40242,false,2008-09-02T18:48:31.490,2,null,false,model-view-controller,0,null
3274,40280,40242,false,2008-09-02T18:48:31.490,2,null,false,jsp,0,null
3274,40280,40242,false,2008-09-02T18:48:31.490,2,null,false,architecture,0,null
29,40282,34519,false,2008-09-02T18:49:13.857,75,null,false,multithreading,3,null
29,40282,34519,false,2008-09-02T18:49:13.857,75,null,false,concurrency,3,null
29,40282,34519,false,2008-09-02T18:49:13.857,75,null,false,semaphore,3,null
341,4729,4724,false,2008-08-07T14:00:39.473,26,null,true,functional-programming,1,null
341,4729,4724,false,2008-08-07T14:00:39.473,26,null,true,lisp,1,null
194,4730,4724,false,2008-08-07T14:01:22.623,4,null,true,functional-programming,2,null
194,4730,4724,false,2008-08-07T14:01:22.623,4,null,true,lisp,2,null
83,4732,4689,false,2008-08-07T14:01:32.200,12,null,true,fonts,2,null
83,4732,4689,false,2008-08-07T14:01:32.200,12,null,true,development-environment,2,null
390,4733,4724,false,2008-08-07T14:01:59.687,4,null,true,functional-programming,0,null
390,4733,4724,false,2008-08-07T14:01:59.687,4,null,true,lisp,0,null
634,4744,4724,false,2008-08-07T14:12:15.563,3,null,true,functional-programming,0,null
634,4744,4724,false,2008-08-07T14:12:15.563,3,null,true,lisp,0,null
227,4746,4738,false,2008-08-07T14:14:44.187,131,null,false,asp.net,4,null
227,4746,4738,false,2008-08-07T14:14:44.187,131,null,false,configuration,4,null
227,4746,4738,false,2008-08-07T14:14:44.187,131,null,false,asp-classic,4,null
547,4753,4689,false,2008-08-07T14:22:34.453,18,null,true,fonts,1,null
547,4753,4689,false,2008-08-07T14:22:34.453,18,null,true,development-environment,1,null
271,4755,4724,false,2008-08-07T14:22:36.603,59,null,true,functional-programming,4,null
271,4755,4724,false,2008-08-07T14:22:36.603,59,null,true,lisp,4,null
462,4768,4519,false,2008-08-07T14:31:09.207,0,null,false,unix,0,null
462,4768,4519,false,2008-08-07T14:31:09.207,0,null,false,vpn,0,null
462,4768,4519,false,2008-08-07T14:31:09.207,0,null,false,xming,0,null
519,4777,4661,false,2008-08-07T14:36:06.890,23,null,false,openid,1,null
1075,27905,27894,false,2008-08-26T12:33:10.293,18,null,false,sql-server,1,null
1075,27905,27894,false,2008-08-26T12:33:10.293,18,null,false,temp-tables,1,null
1075,27905,27894,false,2008-08-26T12:33:10.293,18,null,false,table-variable,1,null
1185,27906,27758,false,2008-08-26T12:34:50.240,3,null,false,.net,0,null
1185,27906,27758,false,2008-08-26T12:34:50.240,3,null,false,attributes,0,null
653,27911,27509,false,2008-08-26T12:38:22.120,12,null,false,javascript,3,null
653,27911,27509,false,2008-08-26T12:38:22.120,12,null,false,object,3,null
653,27911,27509,false,2008-08-26T12:38:22.120,12,null,false,undefined,3,null
653,27911,27509,false,2008-08-26T12:38:22.120,12,null,false,object-property,3,null
2342,27914,27663,false,2008-08-26T12:39:39.857,0,null,false,database,0,null
2342,27914,27663,false,2008-08-26T12:39:39.857,0,null,false,refactoring,0,null
1011,27922,27899,false,2008-08-26T12:47:37.357,2,null,false,amazon-s3,0,null
1011,27922,27899,false,2008-08-26T12:47:37.357,2,null,false,amazon-web-services,0,null
2993,27926,27916,false,2008-08-26T12:50:24.057,0,null,false,sql-server,0,null
2993,27926,27916,false,2008-08-26T12:50:24.057,0,null,false,unit-testing,0,null
905,27930,9256,false,2008-08-26T12:51:31.637,0,null,false,apache-flex,0,null
905,27930,9256,false,2008-08-26T12:51:31.637,0,null,false,actionscript-3,0,null
905,27930,9256,false,2008-08-26T12:51:31.637,0,null,false,firefox,0,null
2078,27936,27663,false,2008-08-26T12:53:10.617,0,null,false,database,0,null
2078,27936,27663,false,2008-08-26T12:53:10.617,0,null,false,refactoring,0,null
1288,42152,42146,false,2008-09-03T17:29:16.507,13,null,false,sql-server,0,null
1288,42152,42146,false,2008-09-03T17:29:16.507,13,null,false,port,0,null
1288,42152,42146,false,2008-09-03T17:29:16.507,13,null,false,msde,0,null
2469,42155,42150,false,2008-09-03T17:32:03.847,10,null,false,c#,1,null
2469,42155,42150,false,2008-09-03T17:32:03.847,10,null,false,.net,1,null
2469,42155,42150,false,2008-09-03T17:32:03.847,10,null,false,unit-testing,1,null
2469,42155,42150,false,2008-09-03T17:32:03.847,10,null,false,windows-services,1,null
2194,42157,42150,false,2008-09-03T17:33:08.027,90,null,false,c#,0,null
2194,42157,42150,false,2008-09-03T17:33:08.027,90,null,false,.net,0,null
2194,42157,42150,false,2008-09-03T17:33:08.027,90,null,false,unit-testing,0,null
2194,42157,42150,false,2008-09-03T17:33:08.027,90,null,false,windows-services,0,null
1902010,42159,42143,false,2008-09-03T17:33:13.360,2,null,false,google-chrome,0,null
1902010,42159,42143,false,2008-09-03T17:33:13.360,2,null,false,process,0,null
4407,42161,42150,false,2008-09-03T17:33:43.983,37,null,false,c#,1,null
4407,42161,42150,false,2008-09-03T17:33:43.983,37,null,false,.net,1,null
4407,42161,42150,false,2008-09-03T17:33:43.983,37,null,false,unit-testing,1,null
4407,42161,42150,false,2008-09-03T17:33:43.983,37,null,false,windows-services,1,null
1122,46322,46280,false,2008-09-05T17:07:25.480,0,null,false,architecture,0,null
1958,46325,46231,false,2008-09-05T17:13:13.233,0,null,false,algorithm,0,null
1958,46325,46231,false,2008-09-05T17:13:13.233,0,null,false,checksum,0,null
1958,46325,46231,false,2008-09-05T17:13:13.233,0,null,false,error-checking,0,null
1958,46325,46231,false,2008-09-05T17:13:13.233,0,null,false,data-consistency,0,null
2859,46327,46280,false,2008-09-05T17:14:09.427,1,null,false,architecture,0,null
2947,46328,46305,false,2008-09-05T17:14:10.703,1,null,false,dns,0,null
2947,46328,46305,false,2008-09-05T17:14:10.703,1,null,false,config,0,null
3560,37443,37441,false,2008-09-01T04:15:44.357,8,null,false,sql,0,null
3560,37443,37441,false,2008-09-01T04:15:44.357,8,null,false,sql-server,0,null
3560,37443,37441,false,2008-09-01T04:15:44.357,8,null,false,postgresql,0,null
3146,37446,37441,false,2008-09-01T04:17:30.653,5,null,false,sql,0,null
3146,37446,37441,false,2008-09-01T04:17:30.653,5,null,false,sql-server,0,null
3146,37446,37441,false,2008-09-01T04:17:30.653,5,null,false,postgresql,0,null
291,37450,37343,false,2008-09-01T04:19:19.543,2,null,false,php,1,null
291,37450,37343,false,2008-09-01T04:19:19.543,2,null,false,wordpress,1,null
291,37450,37343,false,2008-09-01T04:19:19.543,2,null,false,lamp,1,null
291,37450,37343,false,2008-09-01T04:19:19.543,2,null,false,mediawiki,1,null
792,36447,36430,false,2008-08-30T23:02:07.020,16,null,false,ruby,0,null
1450,36452,36430,false,2008-08-30T23:04:36.733,1,null,false,ruby,0,null
1450,36458,36430,false,2008-08-30T23:11:30.727,-1,null,false,ruby,0,null
893,36459,36455,false,2008-08-30T23:11:51.990,4,null,false,c,0,null
893,36459,36455,false,2008-08-30T23:11:51.990,4,null,false,memory,0,null
893,36459,36455,false,2008-08-30T23:11:51.990,4,null,false,malloc,0,null
893,36459,36455,false,2008-08-30T23:11:51.990,4,null,false,allocation,0,null
1795,16630,16298,false,2008-08-19T17:57:10.233,11,null,false,dns,6,null
1795,16630,16298,false,2008-08-19T17:57:10.233,11,null,false,web-hosting,6,null
1795,16630,16298,false,2008-08-19T17:57:10.233,11,null,false,cname,6,null
1940,16636,16610,false,2008-08-19T18:02:42.170,0,null,false,c#,0,null
1940,16636,16610,false,2008-08-19T18:02:42.170,0,null,false,sql-server,0,null
1940,16636,16610,false,2008-08-19T18:02:42.170,0,null,false,t-sql,0,null
1940,16636,16610,false,2008-08-19T18:02:42.170,0,null,false,ado.net,0,null
1940,16636,16610,false,2008-08-19T18:02:42.170,0,null,false,sql-server-2000,0,null
1993,16643,16563,false,2008-08-19T18:07:09.480,4,null,false,php,1,null
1993,16643,16563,false,2008-08-19T18:07:09.480,4,null,false,regex,1,null
792,36463,36430,false,2008-08-30T23:17:59.137,1,null,false,ruby,0,null
550,36464,36407,false,2008-08-30T23:18:48.790,0,null,false,firefox,0,null
550,36464,36407,false,2008-08-30T23:18:48.790,0,null,false,add-on,0,null
2493,36465,36407,false,2008-08-30T23:21:03.027,0,null,false,firefox,0,null
2493,36465,36407,false,2008-08-30T23:21:03.027,0,null,false,add-on,0,null
3631,36466,36455,false,2008-08-30T23:22:35.707,1,null,false,c,0,null
3631,36466,36455,false,2008-08-30T23:22:35.707,1,null,false,memory,0,null
3631,36466,36455,false,2008-08-30T23:22:35.707,1,null,false,malloc,0,null
3631,36466,36455,false,2008-08-30T23:22:35.707,1,null,false,allocation,0,null
792,36469,36430,false,2008-08-30T23:24:07.590,1,null,false,ruby,0,null
1432,16650,9361,false,2008-08-19T18:09:44.513,0,null,false,java,0,null
1432,16650,9361,false,2008-08-19T18:09:44.513,0,null,false,ajax,0,null
1432,16650,9361,false,2008-08-19T18:09:44.513,0,null,false,jsf,0,null
1432,16650,9361,false,2008-08-19T18:09:44.513,0,null,false,icefaces,0,null
1795,16652,16320,false,2008-08-19T18:10:54.463,0,null,false,database,0,null
1795,16652,16320,false,2008-08-19T18:10:54.463,0,null,false,orm,0,null
1795,16652,16320,false,2008-08-19T18:10:54.463,0,null,false,class-design,0,null
1219,16655,16634,false,2008-08-19T18:13:13.040,4,null,false,sql-server,0,null
1219,16655,16634,false,2008-08-19T18:13:13.040,4,null,false,sql-server-2005,0,null
267,2183,2134,false,2008-08-05T12:32:40.510,65,null,false,.net,7,null
267,2183,2134,false,2008-08-05T12:32:40.510,65,null,false,performance,7,null
267,2183,2134,false,2008-08-05T12:32:40.510,65,null,false,optimization,7,null
193,2184,2123,false,2008-08-05T12:34:27.947,-2,null,false,html,0,null
193,2184,2123,false,2008-08-05T12:34:27.947,-2,null,false,checkbox,0,null
34,2189,2134,false,2008-08-05T12:37:07.067,3,null,false,.net,1,null
34,2189,2134,false,2008-08-05T12:37:07.067,3,null,false,performance,1,null
34,2189,2134,false,2008-08-05T12:37:07.067,3,null,false,optimization,1,null
72,2197,2041,false,2008-08-05T12:40:31.337,15,null,false,svn,0,null
72,2197,2041,false,2008-08-05T12:40:31.337,15,null,false,version-control,0,null
72,2197,2041,false,2008-08-05T12:40:31.337,15,null,false,branch,0,null
72,2197,2041,false,2008-08-05T12:40:31.337,15,null,false,branching-and-merging,0,null
287,2207,2041,false,2008-08-05T12:46:40.637,12,null,false,svn,0,null
287,2207,2041,false,2008-08-05T12:46:40.637,12,null,false,version-control,0,null
287,2207,2041,false,2008-08-05T12:46:40.637,12,null,false,branch,0,null
287,2207,2041,false,2008-08-05T12:46:40.637,12,null,false,branching-and-merging,0,null
123,4817,1644,false,2008-08-07T14:58:20.353,0,null,true,podcast,0,null
275,4821,4816,false,2008-08-07T14:59:15.517,20,null,false,c#,0,null
275,4821,4816,false,2008-08-07T14:59:15.517,20,null,false,.net,0,null
275,4821,4816,false,2008-08-07T14:59:15.517,20,null,false,dns,0,null
275,4821,4816,false,2008-08-07T14:59:15.517,20,null,false,reverse-dns,0,null
51,4823,4816,false,2008-08-07T15:00:08.027,1,null,false,c#,0,null
51,4823,4816,false,2008-08-07T15:00:08.027,1,null,false,.net,0,null
51,4823,4816,false,2008-08-07T15:00:08.027,1,null,false,dns,0,null
51,4823,4816,false,2008-08-07T15:00:08.027,1,null,false,reverse-dns,0,null
177,4828,4782,false,2008-08-07T15:02:49.707,2,null,false,sql-server,0,null
177,4828,4782,false,2008-08-07T15:02:49.707,2,null,false,linq,0,null
177,4828,4782,false,2008-08-07T15:02:49.707,2,null,false,performance,0,null
177,4828,4782,false,2008-08-07T15:02:49.707,2,null,false,linq-to-sql,0,null
194,4829,4824,false,2008-08-07T15:04:16.100,0,null,false,c,1,null
194,4829,4824,false,2008-08-07T15:04:16.100,0,null,false,string,1,null
102,4832,4824,false,2008-08-07T15:04:47.440,39,null,false,c,4,null
102,4832,4824,false,2008-08-07T15:04:47.440,39,null,false,string,4,null
75,3398,3385,false,2008-08-06T13:51:52.267,7,null,false,javascript,0,null
75,3398,3385,false,2008-08-06T13:51:52.267,7,null,false,mac-address,0,null
419,3405,3400,false,2008-08-06T13:57:28.683,3,null,false,sql-server,2,null
419,3405,3400,false,2008-08-06T13:57:28.683,3,null,false,full-text-search,2,null
34,3406,3404,false,2008-08-06T13:58:57.167,4,null,false,javascript,0,null
34,3406,3404,false,2008-08-06T13:58:57.167,4,null,false,internet-explorer,0,null
34,3406,3404,false,2008-08-06T13:58:57.167,4,null,false,debugging,0,null
60,3409,3404,false,2008-08-06T13:59:47.213,30,null,false,javascript,1,null
60,3409,3404,false,2008-08-06T13:59:47.213,30,null,false,internet-explorer,1,null
60,3409,3404,false,2008-08-06T13:59:47.213,30,null,false,debugging,1,null
792,36480,36407,false,2008-08-30T23:32:12.627,2,null,false,firefox,0,null
792,36480,36407,false,2008-08-30T23:32:12.627,2,null,false,add-on,0,null
2885,36482,31840,false,2008-08-30T23:34:39.797,23,null,false,java,0,null
2885,36482,31840,false,2008-08-30T23:34:39.797,23,null,false,logging,0,null
2885,36482,31840,false,2008-08-30T23:34:39.797,23,null,false,log4j,0,null
2885,36482,31840,false,2008-08-30T23:34:39.797,23,null,false,java.util.logging,0,null
1862,36484,36477,false,2008-08-30T23:36:59.353,0,null,false,c#,0,null
1862,36484,36477,false,2008-08-30T23:36:59.353,0,null,false,asp.net,0,null
1862,36484,36477,false,2008-08-30T23:36:59.353,0,null,false,caching,0,null
1862,36484,36477,false,2008-08-30T23:36:59.353,0,null,false,static,0,null
2567,36485,36477,false,2008-08-30T23:37:05.860,0,null,false,c#,0,null
2567,36485,36477,false,2008-08-30T23:37:05.860,0,null,false,asp.net,0,null
2567,36485,36477,false,2008-08-30T23:37:05.860,0,null,false,caching,0,null
2567,36485,36477,false,2008-08-30T23:37:05.860,0,null,false,static,0,null
1105,19680,19519,false,2008-08-21T12:01:11.033,0,null,false,desktop,0,null
1105,19680,19519,false,2008-08-21T12:01:11.033,0,null,false,virtualization,0,null
1105,19680,19519,false,2008-08-21T12:01:11.033,0,null,false,legacy,0,null
837,19685,19654,false,2008-08-21T12:03:43.320,0,null,false,php,0,null
837,19685,19654,false,2008-08-21T12:03:43.320,0,null,false,python,0,null
1344,19692,19654,false,2008-08-21T12:09:46.147,2,null,false,php,0,null
1344,19692,19654,false,2008-08-21T12:09:46.147,2,null,false,python,0,null
3114,37451,37428,false,2008-09-01T04:21:57.960,10,null,false,c++,0,null
3560,37452,37449,false,2008-09-01T04:22:00.707,0,null,false,java,0,null
3560,37452,37449,false,2008-09-01T04:22:00.707,0,null,false,c,0,null
3560,37452,37449,false,2008-09-01T04:22:00.707,0,null,false,xml,0,null
3114,37455,37449,false,2008-09-01T04:24:19.297,0,null,false,java,0,null
3114,37455,37449,false,2008-09-01T04:24:19.297,0,null,false,c,0,null
3114,37455,37449,false,2008-09-01T04:24:19.297,0,null,false,xml,0,null
2147,37461,37428,false,2008-09-01T04:43:12.683,7,null,false,c++,0,null
3955,37463,37428,false,2008-09-01T04:50:22.493,6,null,false,c++,0,null
3171,37466,37335,false,2008-09-01T05:00:01.927,155,null,false,java,2,null
3171,37466,37335,false,2008-09-01T05:00:01.927,155,null,false,jvm,2,null
3171,37466,37335,false,2008-09-01T05:00:01.927,155,null,false,out-of-memory,2,null
3171,37466,37335,false,2008-09-01T05:00:01.927,155,null,false,heap-memory,2,null
3641,37470,37468,false,2008-09-01T05:07:22.483,2,null,false,.net,1,null
3641,37470,37468,false,2008-09-01T05:07:22.483,2,null,false,asp.net,1,null
456,37474,37473,false,2008-09-01T05:15:18.800,29,null,false,c++,9,null
456,37474,37473,false,2008-09-01T05:15:18.800,29,null,false,exception,9,null
456,37474,37473,false,2008-09-01T05:15:18.800,29,null,false,assert,9,null
580,37475,37378,false,2008-09-01T05:15:19.953,1,null,false,oop,0,null
143,37476,37464,false,2008-09-01T05:16:40.170,18,null,false,ios,5,null
143,37476,37464,false,2008-09-01T05:16:40.170,18,null,false,iphone,5,null
1190,37477,37471,false,2008-09-01T05:16:46.487,1,null,false,algorithm,1,null
1190,37477,37471,false,2008-09-01T05:16:46.487,1,null,false,correctness,1,null
3868,37484,37471,false,2008-09-01T05:21:53.293,1,null,false,algorithm,0,null
3868,37484,37471,false,2008-09-01T05:21:53.293,1,null,false,correctness,0,null
2925,37485,37483,false,2008-09-01T05:23:53.490,2,null,false,math,0,null
2925,37485,37483,false,2008-09-01T05:23:53.490,2,null,false,video,0,null
2925,37485,37483,false,2008-09-01T05:23:53.490,2,null,false,duration,0,null
122,25768,25765,false,2008-08-25T08:23:22.227,29,null,false,java,3,null
122,25768,25765,false,2008-08-25T08:23:22.227,29,null,false,xml,3,null
122,25768,25765,false,2008-08-25T08:23:22.227,29,null,false,configuration,3,null
122,25768,25765,false,2008-08-25T08:23:22.227,29,null,false,frameworks,3,null
122,25768,25765,false,2008-08-25T08:23:22.227,29,null,false,configurationmanager,3,null
832,25770,25767,false,2008-08-25T08:27:37.957,0,null,false,php,0,null
832,25770,25767,false,2008-08-25T08:27:37.957,0,null,false,mysql,0,null
832,25770,25767,false,2008-08-25T08:27:37.957,0,null,false,session,0,null
1709,25775,25767,false,2008-08-25T08:30:56.717,0,null,false,php,0,null
1709,25775,25767,false,2008-08-25T08:30:56.717,0,null,false,mysql,0,null
1709,25775,25767,false,2008-08-25T08:30:56.717,0,null,false,session,0,null
2131,24661,24620,false,2008-08-23T22:13:44.867,0,null,false,oop,0,null
163,24664,24644,false,2008-08-23T22:21:11.713,0,null,false,c#,0,null
163,24664,24644,false,2008-08-23T22:21:11.713,0,null,false,.net,0,null
163,24664,24644,false,2008-08-23T22:21:11.713,0,null,false,file,0,null
163,24664,24644,false,2008-08-23T22:21:11.713,0,null,false,io,0,null
1600,24665,24620,false,2008-08-23T22:24:49.927,0,null,false,oop,0,null
163,24667,24648,false,2008-08-23T22:26:45.210,5,null,false,linux,0,null
163,24667,24648,false,2008-08-23T22:26:45.210,5,null,false,operating-system,0,null
163,24667,24648,false,2008-08-23T22:26:45.210,5,null,false,kernel,0,null
163,24667,24648,false,2008-08-23T22:26:45.210,5,null,false,bsd,0,null
163,24667,24648,false,2008-08-23T22:26:45.210,5,null,false,osdev,0,null
2647,24668,24648,false,2008-08-23T22:27:51.730,7,null,false,linux,0,null
2647,24668,24648,false,2008-08-23T22:27:51.730,7,null,false,operating-system,0,null
2647,24668,24648,false,2008-08-23T22:27:51.730,7,null,false,kernel,0,null
2647,24668,24648,false,2008-08-23T22:27:51.730,7,null,false,bsd,0,null
2647,24668,24648,false,2008-08-23T22:27:51.730,7,null,false,osdev,0,null
3198,32127,32087,false,2008-08-28T12:48:09.537,1,null,false,windows,0,null
3198,32127,32087,false,2008-08-28T12:48:09.537,1,null,false,scripting,0,null
1084,32135,32010,false,2008-08-28T12:51:35.177,0,null,false,regex,0,null
1084,32135,32010,false,2008-08-28T12:51:35.177,0,null,false,language-agnostic,0,null
1948,32138,31854,false,2008-08-28T12:52:00.480,1,null,false,.net,0,null
1948,32138,31854,false,2008-08-28T12:52:00.480,1,null,false,interop,0,null
1948,32138,31854,false,2008-08-28T12:52:00.480,1,null,false,marshalling,0,null
1633,32141,31535,false,2008-08-28T12:53:47.090,0,null,false,html,0,null
1633,32141,31535,false,2008-08-28T12:53:47.090,0,null,false,regex,0,null
1633,32141,31535,false,2008-08-28T12:53:47.090,0,null,false,language-agnostic,0,null
1975282,36487,36475,false,2008-08-30T23:47:34.697,0,null,false,sql,0,null
3736,36488,36477,false,2008-08-30T23:48:26.380,2,null,false,c#,0,null
3736,36488,36477,false,2008-08-30T23:48:26.380,2,null,false,asp.net,0,null
3736,36488,36477,false,2008-08-30T23:48:26.380,2,null,false,caching,0,null
3736,36488,36477,false,2008-08-30T23:48:26.380,2,null,false,static,0,null
3043,36490,16320,false,2008-08-30T23:52:01.940,0,null,false,database,0,null
3043,36490,16320,false,2008-08-30T23:52:01.940,0,null,false,orm,0,null
3043,36490,16320,false,2008-08-30T23:52:01.940,0,null,false,class-design,0,null
383,36494,34544,false,2008-08-31T00:00:50.857,0,null,false,c++,0,null
383,36494,34544,false,2008-08-31T00:00:50.857,0,null,false,internet-explorer,0,null
383,36494,34544,false,2008-08-31T00:00:50.857,0,null,false,internet-explorer-7,0,null
383,36494,34544,false,2008-08-31T00:00:50.857,0,null,false,bho,0,null
3288,36497,36475,false,2008-08-31T00:05:15.450,1,null,false,sql,0,null
1739,16658,13607,false,2008-08-19T18:14:50.227,1,null,false,c++,0,null
1739,16658,13607,false,2008-08-19T18:14:50.227,1,null,false,user-interface,0,null
1739,16658,13607,false,2008-08-19T18:14:50.227,1,null,false,playstation-portable,0,null
1432,16662,10980,false,2008-08-19T18:15:58.570,6,null,false,java,0,null
1432,16662,10980,false,2008-08-19T18:15:58.570,6,null,false,.net,0,null
1432,16662,10980,false,2008-08-19T18:15:58.570,6,null,false,ikvm,0,null
1432,16662,10980,false,2008-08-19T18:15:58.570,6,null,false,gnu-classpath,0,null
72,16664,16657,false,2008-08-19T18:17:42.313,2,null,false,hosting,0,null
72,16664,16657,false,2008-08-19T18:17:42.313,2,null,false,web-applications,0,null
1694,16666,16657,false,2008-08-19T18:17:54.713,1,null,false,hosting,0,null
1694,16666,16657,false,2008-08-19T18:17:54.713,1,null,false,web-applications,0,null
419,9374,9338,false,2008-08-13T01:04:19.013,2,null,false,monitoring,0,null
419,9374,9338,false,2008-08-13T01:04:19.013,2,null,false,logging,0,null
633,9377,9338,false,2008-08-13T01:07:02.957,2,null,false,monitoring,0,null
633,9377,9338,false,2008-08-13T01:07:02.957,2,null,false,logging,0,null
493,9378,9314,false,2008-08-13T01:07:15.857,2,null,false,c#,0,null
493,9378,9314,false,2008-08-13T01:07:15.857,2,null,false,.net,0,null
493,9378,9314,false,2008-08-13T01:07:15.857,2,null,false,winforms,0,null
493,9378,9314,false,2008-08-13T01:07:15.857,2,null,false,visual-studio-2008,0,null
493,9378,9314,false,2008-08-13T01:07:15.857,2,null,false,visual-studio-2005,0,null
419,9380,9372,false,2008-08-13T01:09:00.033,4,null,false,http,5,null
419,9380,9372,false,2008-08-13T01:09:00.033,4,null,false,iis,5,null
419,9380,9372,false,2008-08-13T01:09:00.033,4,null,false,iis-7,5,null
419,9380,9372,false,2008-08-13T01:09:00.033,4,null,false,cookies,5,null
419,9380,9372,false,2008-08-13T01:09:00.033,4,null,false,windows-vista,5,null
364,9382,9336,false,2008-08-13T01:12:17.970,0,null,false,.net,0,null
364,9382,9336,false,2008-08-13T01:12:17.970,0,null,false,asp.net,0,null
364,9382,9336,false,2008-08-13T01:12:17.970,0,null,false,sitemap,0,null
298,24671,24644,false,2008-08-23T22:31:11.813,5,null,false,c#,0,null
298,24671,24644,false,2008-08-23T22:31:11.813,5,null,false,.net,0,null
298,24671,24644,false,2008-08-23T22:31:11.813,5,null,false,file,0,null
298,24671,24644,false,2008-08-23T22:31:11.813,5,null,false,io,0,null
2548,24673,22696,false,2008-08-23T22:34:33.647,1,null,false,sql,0,null
2548,24673,22696,false,2008-08-23T22:34:33.647,1,null,false,ms-access,0,null
1662,24679,24675,false,2008-08-23T22:45:58.067,9,null,false,php,0,null
1662,24679,24675,false,2008-08-23T22:45:58.067,9,null,false,performance,0,null
1662,24679,24675,false,2008-08-23T22:45:58.067,9,null,false,high-load,0,null
2594,24681,24675,false,2008-08-23T22:50:17.120,9,null,false,php,2,null
2594,24681,24675,false,2008-08-23T22:50:17.120,9,null,false,performance,2,null
2594,24681,24675,false,2008-08-23T22:50:17.120,9,null,false,high-load,2,null
122,24682,24648,false,2008-08-23T22:51:16.073,12,null,false,linux,0,null
122,24682,24648,false,2008-08-23T22:51:16.073,12,null,false,operating-system,0,null
122,24682,24648,false,2008-08-23T22:51:16.073,12,null,false,kernel,0,null
122,24682,24648,false,2008-08-23T22:51:16.073,12,null,false,bsd,0,null
122,24682,24648,false,2008-08-23T22:51:16.073,12,null,false,osdev,0,null
1026,24683,24678,false,2008-08-23T22:51:26.197,1,null,false,javascript,0,null
1026,24683,24678,false,2008-08-23T22:51:26.197,1,null,false,eclipse,0,null
1026,24683,24678,false,2008-08-23T22:51:26.197,1,null,false,plugins,0,null
1026,24683,24678,false,2008-08-23T22:51:26.197,1,null,false,editor,0,null
3288,36499,36498,false,2008-08-31T00:11:36.247,15,null,false,linux,1,null
3288,36499,36498,false,2008-08-31T00:11:36.247,15,null,false,email,1,null
3288,36499,36498,false,2008-08-31T00:11:36.247,15,null,false,command-line,1,null
658,36500,36498,false,2008-08-31T00:12:15.323,11,null,false,linux,2,null
658,36500,36498,false,2008-08-31T00:12:15.323,11,null,false,email,2,null
658,36500,36498,false,2008-08-31T00:12:15.323,11,null,false,command-line,2,null
689,16667,16656,false,2008-08-19T18:18:02.530,1,null,false,.net,0,null
689,16667,16656,false,2008-08-19T18:18:02.530,1,null,false,io,0,null
1982,16668,16656,false,2008-08-19T18:18:12.873,2,null,false,.net,0,null
1982,16668,16656,false,2008-08-19T18:18:12.873,2,null,false,io,0,null
194,16669,16657,false,2008-08-19T18:18:39.970,1,null,false,hosting,0,null
194,16669,16657,false,2008-08-19T18:18:39.970,1,null,false,web-applications,0,null
1795,16670,16491,false,2008-08-19T18:18:46.647,0,null,false,sql-server,0,null
1795,16670,16491,false,2008-08-19T18:18:46.647,0,null,false,database,0,null
1795,16670,16491,false,2008-08-19T18:18:46.647,0,null,false,sql-server-2005,0,null
1795,16670,16491,false,2008-08-19T18:18:46.647,0,null,false,backup,0,null
1795,16670,16491,false,2008-08-19T18:18:46.647,0,null,false,restore,0,null
72,16671,16656,false,2008-08-19T18:19:03.557,1,null,false,.net,0,null
72,16671,16656,false,2008-08-19T18:19:03.557,1,null,false,io,0,null
1782,16672,16656,false,2008-08-19T18:19:31.480,19,null,false,.net,1,null
1782,16672,16656,false,2008-08-19T18:19:31.480,19,null,false,io,1,null
1797,16674,16657,false,2008-08-19T18:21:15.393,1,null,false,hosting,0,null
1797,16674,16657,false,2008-08-19T18:21:15.393,1,null,false,web-applications,0,null
914,16679,16657,false,2008-08-19T18:25:03.560,5,null,false,hosting,0,null
914,16679,16657,false,2008-08-19T18:25:03.560,5,null,false,web-applications,0,null
1659,16680,16501,false,2008-08-19T18:25:22.030,7,null,false,lambda,0,null
1659,16680,16501,false,2008-08-19T18:25:22.030,7,null,false,language-agnostic,0,null
1659,16680,16501,false,2008-08-19T18:25:22.030,7,null,false,computer-science,0,null
1659,16680,16501,false,2008-08-19T18:25:22.030,7,null,false,terminology,0,null
1659,16680,16501,false,2008-08-19T18:25:22.030,7,null,false,theory,0,null
1200,16685,16656,false,2008-08-19T18:28:30.590,3,null,false,.net,1,null
1200,16685,16656,false,2008-08-19T18:28:30.590,3,null,false,io,1,null
1104,16687,16657,false,2008-08-19T18:29:45.440,1,null,false,hosting,0,null
1104,16687,16657,false,2008-08-19T18:29:45.440,1,null,false,web-applications,0,null
805,16690,15102,false,2008-08-19T18:31:39.880,3,null,false,c#,1,null
805,16690,15102,false,2008-08-19T18:31:39.880,3,null,false,visual-studio,1,null
805,16690,15102,false,2008-08-19T18:31:39.880,3,null,false,ms-word,1,null
805,16690,15102,false,2008-08-19T18:31:39.880,3,null,false,vsto,1,null
1975282,16691,16615,false,2008-08-19T18:31:47.917,0,null,false,c,0,null
1975282,16691,16615,false,2008-08-19T18:31:47.917,0,null,false,windows,0,null
1975282,16691,16615,false,2008-08-19T18:31:47.917,0,null,false,winapi,0,null
1975282,16691,16615,false,2008-08-19T18:31:47.917,0,null,false,file,0,null
1975282,16691,16615,false,2008-08-19T18:31:47.917,0,null,false,notifications,0,null
71,16695,16657,false,2008-08-19T18:33:07.257,2,null,false,hosting,0,null
71,16695,16657,false,2008-08-19T18:33:07.257,2,null,false,web-applications,0,null
4272,39927,39475,false,2008-09-02T16:17:20.587,8,null,false,git,1,null
4272,39927,39475,false,2008-09-02T16:17:20.587,8,null,false,version-control,1,null
811,39931,39879,false,2008-09-02T16:19:46.603,25,null,false,javascript,2,null
811,39931,39879,false,2008-09-02T16:19:46.603,25,null,false,multithreading,2,null
811,39931,39879,false,2008-09-02T16:19:46.603,25,null,false,browser,2,null
4272,39935,39916,false,2008-09-02T16:20:51.717,-2,null,false,php,2,null
4272,39935,39916,false,2008-09-02T16:20:51.717,-2,null,false,automation,2,null
4272,39935,39916,false,2008-09-02T16:20:51.717,-2,null,false,.htpasswd,2,null
4203,39938,39915,false,2008-09-02T16:21:37.770,1,null,false,database-design,0,null
4203,39938,39915,false,2008-09-02T16:21:37.770,1,null,false,foreign-keys,0,null
4203,39938,39915,false,2008-09-02T16:21:37.770,1,null,false,normalization,0,null
4177,39941,39912,false,2008-09-02T16:22:24.507,5,null,false,c++,2,null
4177,39941,39912,false,2008-09-02T16:22:24.507,5,null,false,stl,2,null
200,16697,16689,false,2008-08-19T18:34:19.347,1,null,false,c#,0,null
200,16697,16689,false,2008-08-19T18:34:19.347,1,null,false,java,0,null
200,16697,16689,false,2008-08-19T18:34:19.347,1,null,false,interop,0,null
404,16700,16689,false,2008-08-19T18:35:04.757,3,null,false,c#,0,null
404,16700,16689,false,2008-08-19T18:35:04.757,3,null,false,java,0,null
404,16700,16689,false,2008-08-19T18:35:04.757,3,null,false,interop,0,null
1795,16701,16656,false,2008-08-19T18:35:49.357,1,null,false,.net,0,null
1795,16701,16656,false,2008-08-19T18:35:49.357,1,null,false,io,0,null
2666,39944,39912,false,2008-09-02T16:23:15.520,191,null,false,c++,15,null
2666,39944,39912,false,2008-09-02T16:23:15.520,191,null,false,stl,15,null
1265,39945,39879,false,2008-09-02T16:24:01.710,6,null,false,javascript,0,null
1265,39945,39879,false,2008-09-02T16:24:01.710,6,null,false,multithreading,0,null
1265,39945,39879,false,2008-09-02T16:24:01.710,6,null,false,browser,0,null
4272,39947,39742,false,2008-09-02T16:25:27.917,14,null,false,svn,4,null
4272,39947,39742,false,2008-09-02T16:25:27.917,14,null,false,git,4,null
4272,39947,39742,false,2008-09-02T16:25:27.917,14,null,false,version-control,4,null
4276,39948,31584,false,2008-09-02T16:25:59.803,0,null,false,java,0,null
4280,39952,22708,false,2008-09-02T16:26:56.603,0,null,false,algorithm,0,null
4280,39952,22708,false,2008-09-02T16:26:56.603,0,null,false,excel,0,null
4280,39952,22708,false,2008-09-02T16:26:56.603,0,null,false,language-agnostic,0,null
748,16707,16656,false,2008-08-19T18:39:10.927,0,null,false,.net,0,null
748,16707,16656,false,2008-08-19T18:39:10.927,0,null,false,io,0,null
1968,16711,16704,false,2008-08-19T18:40:48.193,1,null,false,visual-studio-2008,0,null
1968,16711,16704,false,2008-08-19T18:40:48.193,1,null,false,eclipse,0,null
1659,16712,16689,false,2008-08-19T18:41:12.843,7,null,false,c#,1,null
1659,16712,16689,false,2008-08-19T18:41:12.843,7,null,false,java,1,null
1659,16712,16689,false,2008-08-19T18:41:12.843,7,null,false,interop,1,null
765,16714,16611,false,2008-08-19T18:43:18.097,5,null,false,c#,0,null
765,16714,16611,false,2008-08-19T18:43:18.097,5,null,false,xml,0,null
765,16714,16611,false,2008-08-19T18:43:18.097,5,null,false,visual-studio,0,null
765,16714,16611,false,2008-08-19T18:43:18.097,5,null,false,schema,0,null
730,16718,12225,false,2008-08-19T18:44:53.757,1,null,false,asp.net,0,null
730,16718,12225,false,2008-08-19T18:44:53.757,1,null,false,validation,0,null
730,16718,12225,false,2008-08-19T18:44:53.757,1,null,false,asp.net-ajax,0,null
71,16720,16638,false,2008-08-19T18:46:25.670,1,null,false,javascript,0,null
71,16720,16638,false,2008-08-19T18:46:25.670,1,null,false,google-maps,0,null
17,16722,16716,false,2008-08-19T18:47:01.817,8,null,false,asp.net,0,null
17,16722,16716,false,2008-08-19T18:47:01.817,8,null,false,openid,0,null
17,16722,16716,false,2008-08-19T18:47:01.817,8,null,false,dotnetopenauth,0,null
2655,45138,45123,false,2008-09-05T02:29:49.770,5,null,false,naming-conventions,0,null
2655,45138,45123,false,2008-09-05T02:29:49.770,5,null,false,interface,0,null
2655,45138,45123,false,2008-09-05T02:29:49.770,5,null,false,versioning,0,null
1196,45142,45123,false,2008-09-05T02:39:33.070,4,null,false,naming-conventions,0,null
1196,45142,45123,false,2008-09-05T02:39:33.070,4,null,false,interface,0,null
1196,45142,45123,false,2008-09-05T02:39:33.070,4,null,false,versioning,0,null
820,45143,45132,false,2008-09-05T02:42:10.990,2,null,false,c#,1,null
820,45143,45132,false,2008-09-05T02:42:10.990,2,null,false,interop,1,null
820,45143,45132,false,2008-09-05T02:42:10.990,2,null,false,lotus-notes,1,null
2536,45148,45123,false,2008-09-05T02:47:38.310,7,null,false,naming-conventions,1,null
2536,45148,45123,false,2008-09-05T02:47:38.310,7,null,false,interface,1,null
2536,45148,45123,false,2008-09-05T02:47:38.310,7,null,false,versioning,1,null
1412,45151,44965,false,2008-09-05T02:50:54.807,90,null,true,haskell,5,null
1412,45151,44965,false,2008-09-05T02:50:54.807,90,null,true,functional-programming,5,null
1412,45151,44965,false,2008-09-05T02:50:54.807,90,null,true,monads,5,null
1412,45151,44965,false,2008-09-05T02:50:54.807,90,null,true,terminology,5,null
,33748,33703,false,2008-08-29T01:23:09.003,6,null,false,.net,0,null
,33748,33703,false,2008-08-29T01:23:09.003,6,null,false,visual-studio,0,null
,33748,33703,false,2008-08-29T01:23:09.003,6,null,false,winforms,0,null
,33748,33703,false,2008-08-29T01:23:09.003,6,null,false,user-interface,0,null
1196,33749,33746,false,2008-08-29T01:23:23.857,5,null,false,xml,0,null
1196,33749,33746,false,2008-08-29T01:23:23.857,5,null,false,xsd,0,null
2134,21675,21669,false,2008-08-22T03:06:10.907,1,null,false,regex,0,null
2134,21675,21669,false,2008-08-22T03:06:10.907,1,null,false,complexity-theory,0,null
814,21678,21652,false,2008-08-22T03:07:02.260,10,null,false,c#,2,null
814,21678,21652,false,2008-08-22T03:07:02.260,10,null,false,java,2,null
814,21678,21652,false,2008-08-22T03:07:02.260,10,null,false,exception,2,null
1600,21693,21574,false,2008-08-22T03:11:30.643,12,null,false,ruby,0,null
1600,21693,21574,false,2008-08-22T03:11:30.643,12,null,false,ruby-1.9,0,null
1600,21693,21574,false,2008-08-22T03:11:30.643,12,null,false,ruby-1.8,0,null
940,21702,21669,false,2008-08-22T03:15:13.690,15,null,false,regex,5,null
940,21702,21669,false,2008-08-22T03:15:13.690,15,null,false,complexity-theory,5,null
40,15205,15139,false,2008-08-18T20:50:06.170,1,null,false,javascript,0,null
40,15205,15139,false,2008-08-18T20:50:06.170,1,null,false,deployment,0,null
40,15205,15139,false,2008-08-18T20:50:06.170,1,null,false,web-applications,0,null
40,15205,15139,false,2008-08-18T20:50:06.170,1,null,false,browser,0,null
357,15206,15142,false,2008-08-18T20:51:16.323,1,null,true,c#,0,null
357,15206,15142,false,2008-08-18T20:51:16.323,1,null,true,sql,0,null
357,15206,15142,false,2008-08-18T20:51:16.323,1,null,true,sql-server,0,null
357,15206,15142,false,2008-08-18T20:51:16.323,1,null,true,stored-procedures,0,null
1117,15207,15047,false,2008-08-18T20:51:49.070,20,null,false,.net,0,null
1117,15207,15047,false,2008-08-18T20:51:49.070,20,null,false,design-patterns,0,null
1117,15207,15047,false,2008-08-18T20:51:49.070,20,null,false,command,0,null
295,15209,1390,false,2008-08-18T20:52:22.470,2,null,false,sql-server,0,null
295,15209,1390,false,2008-08-18T20:52:22.470,2,null,false,windows-server-2008,0,null
810,15210,15204,false,2008-08-18T20:52:25.980,32,null,false,c#,1,null
810,15210,15204,false,2008-08-18T20:52:25.980,32,null,false,.net,1,null
810,15210,15204,false,2008-08-18T20:52:25.980,32,null,false,vb.net,1,null
810,15210,15204,false,2008-08-18T20:52:25.980,32,null,false,generics,1,null
810,15210,15204,false,2008-08-18T20:52:25.980,32,null,false,collections,1,null
1585,25776,25767,false,2008-08-25T08:31:26.700,0,null,false,php,0,null
1585,25776,25767,false,2008-08-25T08:31:26.700,0,null,false,mysql,0,null
1585,25776,25767,false,2008-08-25T08:31:26.700,0,null,false,session,0,null
269,25780,25771,false,2008-08-25T08:34:17.707,12,null,false,c++,1,null
269,25780,25771,false,2008-08-25T08:34:17.707,12,null,false,visual-c++,1,null
269,25780,25771,false,2008-08-25T08:34:17.707,12,null,false,execution,1,null
269,25780,25771,false,2008-08-25T08:34:17.707,12,null,false,compile-time,1,null
832,25781,25767,false,2008-08-25T08:35:08.453,0,null,false,php,0,null
832,25781,25767,false,2008-08-25T08:35:08.453,0,null,false,mysql,0,null
832,25781,25767,false,2008-08-25T08:35:08.453,0,null,false,session,0,null
1709,25782,25767,false,2008-08-25T08:35:34.757,0,null,false,php,0,null
1709,25782,25767,false,2008-08-25T08:35:34.757,0,null,false,mysql,0,null
1709,25782,25767,false,2008-08-25T08:35:34.757,0,null,false,session,0,null
714,25784,25749,false,2008-08-25T08:36:29.887,164,null,false,objective-c,10,null
361,46336,46324,false,2008-09-05T17:17:56.157,25,null,false,sql,2,null
361,46336,46324,false,2008-09-05T17:17:56.157,25,null,false,postgresql,2,null
501,4833,4824,false,2008-08-07T15:05:07.877,14,null,false,c,1,null
501,4833,4824,false,2008-08-07T15:05:07.877,14,null,false,string,1,null
658,4834,4824,false,2008-08-07T15:07:47.730,4,null,false,c,1,null
658,4834,4824,false,2008-08-07T15:07:47.730,4,null,false,string,1,null
309844,4838,4824,false,2008-08-07T15:09:30.973,16,null,false,c,4,null
309844,4838,4824,false,2008-08-07T15:09:30.973,16,null,false,string,4,null
56,6701,6666,false,2008-08-09T08:35:18.077,9,null,false,.net,0,null
56,6701,6666,false,2008-08-09T08:35:18.077,9,null,false,wcf,0,null
56,6701,6666,false,2008-08-09T08:35:18.077,9,null,false,web-services,0,null
56,6701,6666,false,2008-08-09T08:35:18.077,9,null,false,visual-studio,0,null
56,6701,6666,false,2008-08-09T08:35:18.077,9,null,false,asmx,0,null
383,6702,6530,false,2008-08-09T08:47:31.670,1,null,false,asp.net,0,null
383,6702,6530,false,2008-08-09T08:47:31.670,1,null,false,logging,0,null
383,6702,6530,false,2008-08-09T08:47:31.670,1,null,false,permissions,0,null
571,6704,6681,false,2008-08-09T08:58:24.707,5,null,false,c#,0,null
571,6704,6681,false,2008-08-09T08:58:24.707,5,null,false,asp.net,0,null
571,6704,6681,false,2008-08-09T08:58:24.707,5,null,false,web-services,0,null
122,6705,6703,false,2008-08-09T09:07:27.653,6,null,false,oop,0,null
304,6708,6639,false,2008-08-09T09:16:10.023,3,null,false,java,1,null
304,6708,6639,false,2008-08-09T09:16:10.023,3,null,false,file,1,null
304,6708,6639,false,2008-08-09T09:16:10.023,3,null,false,loading,1,null
86,183,123,false,2008-08-01T18:51:12.090,70,null,false,java,0,null
86,183,123,false,2008-08-01T18:51:12.090,70,null,false,xml,0,null
86,183,123,false,2008-08-01T18:51:12.090,70,null,false,csv,0,null
86,183,123,false,2008-08-01T18:51:12.090,70,null,false,data-conversion,0,null
55,190,123,false,2008-08-01T19:21:57.517,16,null,false,java,0,null
55,190,123,false,2008-08-01T19:21:57.517,16,null,false,xml,0,null
55,190,123,false,2008-08-01T19:21:57.517,16,null,false,csv,0,null
55,190,123,false,2008-08-01T19:21:57.517,16,null,false,data-conversion,0,null
572,39953,39946,false,2008-09-02T16:27:02.093,71,null,false,oop,0,null
572,39953,39946,false,2008-09-02T16:27:02.093,71,null,false,architecture,0,null
572,39953,39946,false,2008-09-02T16:27:02.093,71,null,false,theory,0,null
572,39953,39946,false,2008-09-02T16:27:02.093,71,null,false,software-design,0,null
572,39953,39946,false,2008-09-02T16:27:02.093,71,null,false,ooad,0,null
3776,39955,39903,false,2008-09-02T16:28:29.767,8,null,false,c#,0,null
3776,39955,39903,false,2008-09-02T16:28:29.767,8,null,false,visual-studio,0,null
3043,39958,39903,false,2008-09-02T16:29:19.373,0,null,false,c#,0,null
3043,39958,39903,false,2008-09-02T16:29:19.373,0,null,false,visual-studio,0,null
4174,39961,39879,false,2008-09-02T16:29:36.627,230,null,false,javascript,4,null
4174,39961,39879,false,2008-09-02T16:29:36.627,230,null,false,multithreading,4,null
4174,39961,39879,false,2008-09-02T16:29:36.627,230,null,false,browser,4,null
4269,39963,39916,false,2008-09-02T16:29:51.587,38,null,false,php,1,null
4269,39963,39916,false,2008-09-02T16:29:51.587,38,null,false,automation,1,null
4269,39963,39916,false,2008-09-02T16:29:51.587,38,null,false,.htpasswd,1,null
4224,39964,39874,false,2008-09-02T16:29:58.687,4,null,false,chess,0,null
3655,39966,39734,false,2008-09-02T16:30:22.820,3,null,false,windows,1,null
3655,39966,39734,false,2008-09-02T16:30:22.820,3,null,false,user-interface,1,null
3655,39966,39734,false,2008-09-02T16:30:22.820,3,null,false,windows-shell,1,null
3245,39968,39946,false,2008-09-02T16:31:10.337,2,null,false,oop,0,null
3245,39968,39946,false,2008-09-02T16:31:10.337,2,null,false,architecture,0,null
3245,39968,39946,false,2008-09-02T16:31:10.337,2,null,false,theory,0,null
3245,39968,39946,false,2008-09-02T16:31:10.337,2,null,false,software-design,0,null
3245,39968,39946,false,2008-09-02T16:31:10.337,2,null,false,ooad,0,null
956,39970,39691,false,2008-09-02T16:31:14.143,36,null,true,javascript,1,null
956,39970,39691,false,2008-09-02T16:31:14.143,36,null,true,unit-testing,1,null
521,39974,39915,false,2008-09-02T16:34:19.080,0,null,false,database-design,0,null
521,39974,39915,false,2008-09-02T16:34:19.080,0,null,false,foreign-keys,0,null
521,39974,39915,false,2008-09-02T16:34:19.080,0,null,false,normalization,0,null
1344,40284,40264,false,2008-09-02T18:49:29.957,1,null,false,parameters,0,null
1344,40284,40264,false,2008-09-02T18:49:29.957,1,null,false,refactoring,0,null
1344,40284,40264,false,2008-09-02T18:49:29.957,1,null,false,constructor,0,null
1344,40284,40264,false,2008-09-02T18:49:29.957,1,null,false,coding-style,0,null
2586,40285,40119,false,2008-09-02T18:49:35.590,133,null,false,java,4,null
2586,40285,40119,false,2008-09-02T18:49:35.590,133,null,false,memory,4,null
2586,40285,40119,false,2008-09-02T18:49:35.590,133,null,false,memory-leaks,4,null
2586,40285,40119,false,2008-09-02T18:49:35.590,133,null,false,jhat,4,null
3191,40286,40242,false,2008-09-02T18:50:28.427,2,null,false,java,0,null
3191,40286,40242,false,2008-09-02T18:50:28.427,2,null,false,model-view-controller,0,null
3191,40286,40242,false,2008-09-02T18:50:28.427,2,null,false,jsp,0,null
3191,40286,40242,false,2008-09-02T18:50:28.427,2,null,false,architecture,0,null
4069,40287,40264,false,2008-09-02T18:50:45.523,3,null,false,parameters,0,null
4069,40287,40264,false,2008-09-02T18:50:45.523,3,null,false,refactoring,0,null
4069,40287,40264,false,2008-09-02T18:50:45.523,3,null,false,constructor,0,null
4069,40287,40264,false,2008-09-02T18:50:45.523,3,null,false,coding-style,0,null
2066,40288,40264,false,2008-09-02T18:50:50.873,5,null,false,parameters,0,null
2066,40288,40264,false,2008-09-02T18:50:50.873,5,null,false,refactoring,0,null
2066,40288,40264,false,2008-09-02T18:50:50.873,5,null,false,constructor,0,null
2066,40288,40264,false,2008-09-02T18:50:50.873,5,null,false,coding-style,0,null
50,40289,40264,false,2008-09-02T18:51:22.247,2,null,false,parameters,1,null
50,40289,40264,false,2008-09-02T18:51:22.247,2,null,false,refactoring,1,null
50,40289,40264,false,2008-09-02T18:51:22.247,2,null,false,constructor,1,null
50,40289,40264,false,2008-09-02T18:51:22.247,2,null,false,coding-style,1,null
2818,32146,32087,false,2008-08-28T12:54:16.590,0,null,false,windows,0,null
2818,32146,32087,false,2008-08-28T12:54:16.590,0,null,false,scripting,0,null
,32155,32144,false,2008-08-28T12:58:20.183,3,null,false,sql-server,0,null
,32155,32144,false,2008-08-28T12:58:20.183,3,null,false,novell,0,null
1709,25787,25767,false,2008-08-25T08:38:20.223,0,null,false,php,0,null
1709,25787,25767,false,2008-08-25T08:38:20.223,0,null,false,mysql,0,null
1709,25787,25767,false,2008-08-25T08:38:20.223,0,null,false,session,0,null
2257,25789,25785,false,2008-08-25T08:41:24.227,124,null,false,bash,8,null
2257,25789,25785,false,2008-08-25T08:41:24.227,124,null,false,unix,8,null
2257,25789,25785,false,2008-08-25T08:41:24.227,124,null,false,scripting,8,null
163,25790,25785,false,2008-08-25T08:42:05.487,89,null,false,bash,13,null
163,25790,25785,false,2008-08-25T08:42:05.487,89,null,false,unix,13,null
163,25790,25785,false,2008-08-25T08:42:05.487,89,null,false,scripting,13,null
116,25792,25785,false,2008-08-25T08:43:44.830,4,null,false,bash,4,null
116,25792,25785,false,2008-08-25T08:43:44.830,4,null,false,unix,4,null
116,25792,25785,false,2008-08-25T08:43:44.830,4,null,false,scripting,4,null
2686,25793,1323,false,2008-08-25T08:44:06.310,3,null,false,algorithm,0,null
2686,25793,1323,false,2008-08-25T08:44:06.310,3,null,false,language-agnostic,0,null
2686,25793,1323,false,2008-08-25T08:44:06.310,3,null,false,colors,0,null
1709,25795,25767,false,2008-08-25T08:47:46.240,0,null,false,php,0,null
1709,25795,25767,false,2008-08-25T08:47:46.240,0,null,false,mysql,0,null
1709,25795,25767,false,2008-08-25T08:47:46.240,0,null,false,session,0,null
2470,24684,24626,false,2008-08-23T22:53:48.813,2,null,false,encapsulation,0,null
2470,24684,24626,false,2008-08-23T22:53:48.813,2,null,false,abstraction,0,null
2470,24684,24626,false,2008-08-23T22:53:48.813,2,null,false,glossary,0,null
2470,24684,24626,false,2008-08-23T22:53:48.813,2,null,false,ooad,0,null
2470,24684,24626,false,2008-08-23T22:53:48.813,2,null,false,information-hiding,0,null
956,24685,24675,false,2008-08-23T22:54:17.843,43,null,false,php,2,null
956,24685,24675,false,2008-08-23T22:54:17.843,43,null,false,performance,2,null
956,24685,24675,false,2008-08-23T22:54:17.843,43,null,false,high-load,2,null
1384,24686,24675,false,2008-08-23T22:54:21.697,6,null,false,php,0,null
1384,24686,24675,false,2008-08-23T22:54:21.697,6,null,false,performance,0,null
1384,24686,24675,false,2008-08-23T22:54:21.697,6,null,false,high-load,0,null
1627,24687,24439,false,2008-08-23T22:59:47.003,5,null,false,internet-explorer,0,null
1627,24687,24439,false,2008-08-23T22:59:47.003,5,null,false,bookmarks,0,null
1627,24687,24439,false,2008-08-23T22:59:47.003,5,null,false,favorites,0,null
573,6713,6658,false,2008-08-09T09:33:28.257,18,null,false,java,1,null
573,6713,6658,false,2008-08-09T09:33:28.257,18,null,false,testing,1,null
573,6713,6658,false,2008-08-09T09:33:28.257,18,null,false,junit,1,null
573,6713,6658,false,2008-08-09T09:33:28.257,18,null,false,testng,1,null
573,6716,6484,false,2008-08-09T09:40:37.727,14,null,false,unit-testing,8,null
573,6716,6484,false,2008-08-09T09:40:37.727,14,null,false,language-agnostic,8,null
573,6716,6484,false,2008-08-09T09:40:37.727,14,null,false,tdd,8,null
573,6716,6484,false,2008-08-09T09:40:37.727,14,null,false,mocking,8,null
364,6720,6719,false,2008-08-09T09:55:02.660,6,null,false,asp.net,0,null
364,6720,6719,false,2008-08-09T09:55:02.660,6,null,false,.net,0,null
364,6720,6719,false,2008-08-09T09:55:02.660,6,null,false,master-pages,0,null
364,6720,6719,false,2008-08-09T09:55:02.660,6,null,false,asp.net-2.0,0,null
706,6723,1644,false,2008-08-09T10:34:06.527,1,null,true,podcast,0,null
