UserId,CommentId,PostId,PostTypeId,Tag,CreationDate
18658,24342921,4,1,c#,2008-09-21T04:09:42.507
18658,24342921,4,1,floating-point,2008-09-21T04:09:42.507
18658,24342921,4,1,type-conversion,2008-09-21T04:09:42.507
18658,24342921,4,1,double,2008-09-21T04:09:42.507
18658,24342921,4,1,decimal,2008-09-21T04:09:42.507
2748412,117303571,4,1,c#,2021-02-24T13:07:37.333
2748412,117303571,4,1,floating-point,2021-02-24T13:07:37.333
2748412,117303571,4,1,type-conversion,2021-02-24T13:07:37.333
2748412,117303571,4,1,double,2021-02-24T13:07:37.333
2748412,117303571,4,1,decimal,2021-02-24T13:07:37.333
42552,119523765,4,1,c#,2021-05-20T13:17:54.800
42552,119523765,4,1,floating-point,2021-05-20T13:17:54.800
42552,119523765,4,1,type-conversion,2021-05-20T13:17:54.800
42552,119523765,4,1,double,2021-05-20T13:17:54.800
42552,119523765,4,1,decimal,2021-05-20T13:17:54.800
63550,129582146,4,1,c#,2022-08-16T15:03:40.723
63550,129582146,4,1,floating-point,2022-08-16T15:03:40.723
63550,129582146,4,1,type-conversion,2022-08-16T15:03:40.723
63550,129582146,4,1,double,2022-08-16T15:03:40.723
63550,129582146,4,1,decimal,2022-08-16T15:03:40.723
2743206,137929248,4,1,c#,2024-03-28T08:05:56.640
2743206,137929248,4,1,floating-point,2024-03-28T08:05:56.640
2743206,137929248,4,1,type-conversion,2024-03-28T08:05:56.640
2743206,137929248,4,1,double,2024-03-28T08:05:56.640
2743206,137929248,4,1,decimal,2024-03-28T08:05:56.640
184025,7043687,9,1,c#,2011-05-21T07:34:10.397
184025,7043687,9,1,.net,2011-05-21T07:34:10.397
184025,7043687,9,1,datetime,2011-05-21T07:34:10.397
155077,9270342,9,1,c#,2011-10-03T10:20:32.650
155077,9270342,9,1,.net,2011-10-03T10:20:32.650
155077,9270342,9,1,datetime,2011-10-03T10:20:32.650
171950,28407717,9,1,c#,2013-10-05T13:32:13.767
171950,28407717,9,1,.net,2013-10-05T13:32:13.767
171950,28407717,9,1,datetime,2013-10-05T13:32:13.767
2458438,50688884,9,1,c#,2015-07-11T03:42:39.013
2458438,50688884,9,1,.net,2015-07-11T03:42:39.013
2458438,50688884,9,1,datetime,2015-07-11T03:42:39.013
1115360,81414526,9,1,c#,2017-11-10T22:09:51.280
1115360,81414526,9,1,.net,2017-11-10T22:09:51.280
1115360,81414526,9,1,datetime,2017-11-10T22:09:51.280
1000939,113834756,9,1,c#,2020-10-15T16:27:08.077
1000939,113834756,9,1,.net,2020-10-15T16:27:08.077
1000939,113834756,9,1,datetime,2020-10-15T16:27:08.077
8224113,116203683,9,1,c#,2021-01-14T17:03:02.857
8224113,116203683,9,1,.net,2021-01-14T17:03:02.857
8224113,116203683,9,1,datetime,2021-01-14T17:03:02.857
42552,117120698,9,1,c#,2021-02-17T16:56:02.500
42552,117120698,9,1,.net,2021-02-17T16:56:02.500
42552,117120698,9,1,datetime,2021-02-17T16:56:02.500
42552,118621824,9,1,c#,2021-04-15T13:37:17.527
42552,118621824,9,1,.net,2021-04-15T13:37:17.527
42552,118621824,9,1,datetime,2021-04-15T13:37:17.527
8261867,122518629,9,1,c#,2021-09-24T16:43:32.720
8261867,122518629,9,1,.net,2021-09-24T16:43:32.720
8261867,122518629,9,1,datetime,2021-09-24T16:43:32.720
1563833,134926702,9,1,c#,2023-06-21T15:14:15.560
1563833,134926702,9,1,.net,2023-06-21T15:14:15.560
1563833,134926702,9,1,datetime,2023-06-21T15:14:15.560
76832,501111,11,1,c#,2009-03-26T20:42:53.700
76832,501111,11,1,datetime,2009-03-26T20:42:53.700
76832,501111,11,1,time,2009-03-26T20:42:53.700
76832,501111,11,1,datediff,2009-03-26T20:42:53.700
76832,501111,11,1,relative-time-span,2009-03-26T20:42:53.700
666835,37912017,11,1,c#,2014-06-30T13:26:43.820
666835,37912017,11,1,datetime,2014-06-30T13:26:43.820
666835,37912017,11,1,time,2014-06-30T13:26:43.820
666835,37912017,11,1,datediff,2014-06-30T13:26:43.820
666835,37912017,11,1,relative-time-span,2014-06-30T13:26:43.820
459102,105662939,11,1,c#,2020-01-15T19:44:15.400
459102,105662939,11,1,datetime,2020-01-15T19:44:15.400
459102,105662939,11,1,time,2020-01-15T19:44:15.400
459102,105662939,11,1,datediff,2020-01-15T19:44:15.400
459102,105662939,11,1,relative-time-span,2020-01-15T19:44:15.400
23082833,137169632,11,1,c#,2024-01-12T16:48:49.533
23082833,137169632,11,1,datetime,2024-01-12T16:48:49.533
23082833,137169632,11,1,time,2024-01-12T16:48:49.533
23082833,137169632,11,1,datediff,2024-01-12T16:48:49.533
23082833,137169632,11,1,relative-time-span,2024-01-12T16:48:49.533
13087,316584,12,2,c#,2009-02-01T19:33:54.970
13087,316584,12,2,datetime,2009-02-01T19:33:54.970
13087,316584,12,2,time,2009-02-01T19:33:54.970
13087,316584,12,2,datediff,2009-02-01T19:33:54.970
13087,316584,12,2,relative-time-span,2009-02-01T19:33:54.970
76859,788927,12,2,c#,2009-06-11T12:50:23.760
76859,788927,12,2,datetime,2009-06-11T12:50:23.760
76859,788927,12,2,time,2009-06-11T12:50:23.760
76859,788927,12,2,datediff,2009-06-11T12:50:23.760
76859,788927,12,2,relative-time-span,2009-06-11T12:50:23.760
190168,4464595,12,2,c#,2010-11-09T23:38:21.200
190168,4464595,12,2,datetime,2010-11-09T23:38:21.200
190168,4464595,12,2,time,2010-11-09T23:38:21.200
190168,4464595,12,2,datediff,2010-11-09T23:38:21.200
190168,4464595,12,2,relative-time-span,2010-11-09T23:38:21.200
600500,8682751,12,2,c#,2011-08-28T18:46:47.613
600500,8682751,12,2,datetime,2011-08-28T18:46:47.613
600500,8682751,12,2,time,2011-08-28T18:46:47.613
600500,8682751,12,2,datediff,2011-08-28T18:46:47.613
600500,8682751,12,2,relative-time-span,2011-08-28T18:46:47.613
571203,11424830,12,2,c#,2012-02-01T13:42:59.723
571203,11424830,12,2,datetime,2012-02-01T13:42:59.723
571203,11424830,12,2,time,2012-02-01T13:42:59.723
571203,11424830,12,2,datediff,2012-02-01T13:42:59.723
571203,11424830,12,2,relative-time-span,2012-02-01T13:42:59.723
984378,15269958,12,2,c#,2012-07-18T17:48:53.773
984378,15269958,12,2,datetime,2012-07-18T17:48:53.773
984378,15269958,12,2,time,2012-07-18T17:48:53.773
984378,15269958,12,2,datediff,2012-07-18T17:48:53.773
984378,15269958,12,2,relative-time-span,2012-07-18T17:48:53.773
314230,24923018,12,2,c#,2013-06-20T05:53:14.297
314230,24923018,12,2,datetime,2013-06-20T05:53:14.297
314230,24923018,12,2,time,2013-06-20T05:53:14.297
314230,24923018,12,2,datediff,2013-06-20T05:53:14.297
314230,24923018,12,2,relative-time-span,2013-06-20T05:53:14.297
278044,26028296,12,2,c#,2013-07-24T11:51:14.553
278044,26028296,12,2,datetime,2013-07-24T11:51:14.553
278044,26028296,12,2,time,2013-07-24T11:51:14.553
278044,26028296,12,2,datediff,2013-07-24T11:51:14.553
278044,26028296,12,2,relative-time-span,2013-07-24T11:51:14.553
1426095,31546493,12,2,c#,2014-01-08T10:59:47.590
1426095,31546493,12,2,datetime,2014-01-08T10:59:47.590
1426095,31546493,12,2,time,2014-01-08T10:59:47.590
1426095,31546493,12,2,datediff,2014-01-08T10:59:47.590
1426095,31546493,12,2,relative-time-span,2014-01-08T10:59:47.590
2052655,87002751,12,2,c#,2018-04-24T04:01:31.027
2052655,87002751,12,2,datetime,2018-04-24T04:01:31.027
2052655,87002751,12,2,time,2018-04-24T04:01:31.027
2052655,87002751,12,2,datediff,2018-04-24T04:01:31.027
2052655,87002751,12,2,relative-time-span,2018-04-24T04:01:31.027
26682,21790487,13,1,html,2008-12-02T00:51:27.623
26682,21790487,13,1,browser,2008-12-02T00:51:27.623
26682,21790487,13,1,timezone,2008-12-02T00:51:27.623
26682,21790487,13,1,user-agent,2008-12-02T00:51:27.623
26682,21790487,13,1,timezone-offset,2008-12-02T00:51:27.623
254896,21790488,13,1,html,2010-11-11T08:48:18.233
254896,21790488,13,1,browser,2010-11-11T08:48:18.233
254896,21790488,13,1,timezone,2010-11-11T08:48:18.233
254896,21790488,13,1,user-agent,2010-11-11T08:48:18.233
254896,21790488,13,1,timezone-offset,2010-11-11T08:48:18.233
218196,34441725,13,1,html,2014-03-24T18:50:27.720
218196,34441725,13,1,browser,2014-03-24T18:50:27.720
218196,34441725,13,1,timezone,2014-03-24T18:50:27.720
218196,34441725,13,1,user-agent,2014-03-24T18:50:27.720
218196,34441725,13,1,timezone-offset,2014-03-24T18:50:27.720
768392,34442067,13,1,html,2014-03-24T19:00:52.153
768392,34442067,13,1,browser,2014-03-24T19:00:52.153
768392,34442067,13,1,timezone,2014-03-24T19:00:52.153
768392,34442067,13,1,user-agent,2014-03-24T19:00:52.153
768392,34442067,13,1,timezone-offset,2014-03-24T19:00:52.153
218196,34449546,13,1,html,2014-03-24T23:10:03.940
218196,34449546,13,1,browser,2014-03-24T23:10:03.940
218196,34449546,13,1,timezone,2014-03-24T23:10:03.940
218196,34449546,13,1,user-agent,2014-03-24T23:10:03.940
218196,34449546,13,1,timezone-offset,2014-03-24T23:10:03.940
300224,91918592,13,1,html,2018-09-24T23:41:50.197
300224,91918592,13,1,browser,2018-09-24T23:41:50.197
300224,91918592,13,1,timezone,2018-09-24T23:41:50.197
300224,91918592,13,1,user-agent,2018-09-24T23:41:50.197
300224,91918592,13,1,timezone-offset,2018-09-24T23:41:50.197
792066,92267183,13,1,html,2018-10-05T15:15:49.520
792066,92267183,13,1,browser,2018-10-05T15:15:49.520
792066,92267183,13,1,timezone,2018-10-05T15:15:49.520
792066,92267183,13,1,user-agent,2018-10-05T15:15:49.520
792066,92267183,13,1,timezone-offset,2018-10-05T15:15:49.520
46,92391638,13,1,html,2008-08-04T11:11:14.230
46,92391638,13,1,browser,2008-08-04T11:11:14.230
46,92391638,13,1,timezone,2008-08-04T11:11:14.230
46,92391638,13,1,user-agent,2008-08-04T11:11:14.230
46,92391638,13,1,timezone-offset,2008-08-04T11:11:14.230
272733,96337116,13,1,html,2019-02-20T04:53:52.247
272733,96337116,13,1,browser,2019-02-20T04:53:52.247
272733,96337116,13,1,timezone,2019-02-20T04:53:52.247
272733,96337116,13,1,user-agent,2019-02-20T04:53:52.247
272733,96337116,13,1,timezone-offset,2019-02-20T04:53:52.247
314320,124168740,13,1,html,2021-12-06T07:21:34.693
314320,124168740,13,1,browser,2021-12-06T07:21:34.693
314320,124168740,13,1,timezone,2021-12-06T07:21:34.693
314320,124168740,13,1,user-agent,2021-12-06T07:21:34.693
314320,124168740,13,1,timezone-offset,2021-12-06T07:21:34.693
153557,13776919,14,1,.net,2011-12-14T10:49:36.163
153557,13776919,14,1,math,2011-12-14T10:49:36.163
575376,83696236,17,1,mysql,2018-01-20T10:10:26.267
575376,83696236,17,1,database,2018-01-20T10:10:26.267
575376,83696236,17,1,binary-data,2018-01-20T10:10:26.267
575376,83696236,17,1,data-storage,2018-01-20T10:10:26.267
623041,83699941,17,1,mysql,2018-01-20T13:31:47.550
623041,83699941,17,1,database,2018-01-20T13:31:47.550
623041,83699941,17,1,binary-data,2018-01-20T13:31:47.550
623041,83699941,17,1,data-storage,2018-01-20T13:31:47.550
null,113884325,17,1,mysql,2020-10-17T16:07:29.673
null,113884325,17,1,database,2020-10-17T16:07:29.673
null,113884325,17,1,binary-data,2020-10-17T16:07:29.673
null,113884325,17,1,data-storage,2020-10-17T16:07:29.673
2859,4428,18,2,mysql,2008-09-14T14:21:17.893
2859,4428,18,2,database,2008-09-14T14:21:17.893
2859,4428,18,2,binary-data,2008-09-14T14:21:17.893
2859,4428,18,2,data-storage,2008-09-14T14:21:17.893
47529,225387,18,2,mysql,2008-12-30T06:28:21.717
47529,225387,18,2,database,2008-12-30T06:28:21.717
47529,225387,18,2,binary-data,2008-12-30T06:28:21.717
47529,225387,18,2,data-storage,2008-12-30T06:28:21.717
47161,1863980,19,1,performance,2009-12-23T12:09:51.023
47161,1863980,19,1,algorithm,2009-12-23T12:09:51.023
47161,1863980,19,1,language-agnostic,2009-12-23T12:09:51.023
47161,1863980,19,1,unix,2009-12-23T12:09:51.023
47161,1863980,19,1,pi,2009-12-23T12:09:51.023
13,1866931,19,1,performance,2009-12-23T19:43:34.377
13,1866931,19,1,algorithm,2009-12-23T19:43:34.377
13,1866931,19,1,language-agnostic,2009-12-23T19:43:34.377
13,1866931,19,1,unix,2009-12-23T19:43:34.377
13,1866931,19,1,pi,2009-12-23T19:43:34.377
677684,9679758,19,1,performance,2011-10-28T00:58:24.770
677684,9679758,19,1,algorithm,2011-10-28T00:58:24.770
677684,9679758,19,1,language-agnostic,2011-10-28T00:58:24.770
677684,9679758,19,1,unix,2011-10-28T00:58:24.770
677684,9679758,19,1,pi,2011-10-28T00:58:24.770
185881,19110117,19,1,performance,2012-12-14T09:04:47.637
185881,19110117,19,1,algorithm,2012-12-14T09:04:47.637
185881,19110117,19,1,language-agnostic,2012-12-14T09:04:47.637
185881,19110117,19,1,unix,2012-12-14T09:04:47.637
185881,19110117,19,1,pi,2012-12-14T09:04:47.637
2038288,38239295,19,1,performance,2014-07-10T00:07:54.687
2038288,38239295,19,1,algorithm,2014-07-10T00:07:54.687
2038288,38239295,19,1,language-agnostic,2014-07-10T00:07:54.687
2038288,38239295,19,1,unix,2014-07-10T00:07:54.687
2038288,38239295,19,1,pi,2014-07-10T00:07:54.687
13,38261271,19,1,performance,2014-07-10T13:26:27.753
13,38261271,19,1,algorithm,2014-07-10T13:26:27.753
13,38261271,19,1,language-agnostic,2014-07-10T13:26:27.753
13,38261271,19,1,unix,2014-07-10T13:26:27.753
13,38261271,19,1,pi,2014-07-10T13:26:27.753
13,38280059,19,1,performance,2014-07-10T22:52:32.780
13,38280059,19,1,algorithm,2014-07-10T22:52:32.780
13,38280059,19,1,language-agnostic,2014-07-10T22:52:32.780
13,38280059,19,1,unix,2014-07-10T22:52:32.780
13,38280059,19,1,pi,2014-07-10T22:52:32.780
13,38770627,19,1,performance,2014-07-25T01:45:53.140
13,38770627,19,1,algorithm,2014-07-25T01:45:53.140
13,38770627,19,1,language-agnostic,2014-07-25T01:45:53.140
13,38770627,19,1,unix,2014-07-25T01:45:53.140
13,38770627,19,1,pi,2014-07-25T01:45:53.140
13,48126040,19,1,performance,2015-05-02T15:04:02.643
13,48126040,19,1,algorithm,2015-05-02T15:04:02.643
13,48126040,19,1,language-agnostic,2015-05-02T15:04:02.643
13,48126040,19,1,unix,2015-05-02T15:04:02.643
13,48126040,19,1,pi,2015-05-02T15:04:02.643
null,55772891,19,1,performance,2015-11-30T21:39:06.807
null,55772891,19,1,algorithm,2015-11-30T21:39:06.807
null,55772891,19,1,language-agnostic,2015-11-30T21:39:06.807
null,55772891,19,1,unix,2015-11-30T21:39:06.807
null,55772891,19,1,pi,2015-11-30T21:39:06.807
574872,62903184,19,1,performance,2016-06-08T23:56:46.690
574872,62903184,19,1,algorithm,2016-06-08T23:56:46.690
574872,62903184,19,1,language-agnostic,2016-06-08T23:56:46.690
574872,62903184,19,1,unix,2016-06-08T23:56:46.690
574872,62903184,19,1,pi,2016-06-08T23:56:46.690
13,62903211,19,1,performance,2016-06-08T23:58:05.303
13,62903211,19,1,algorithm,2016-06-08T23:58:05.303
13,62903211,19,1,language-agnostic,2016-06-08T23:58:05.303
13,62903211,19,1,unix,2016-06-08T23:58:05.303
13,62903211,19,1,pi,2016-06-08T23:58:05.303
574872,62903287,19,1,performance,2016-06-09T00:02:14.520
574872,62903287,19,1,algorithm,2016-06-09T00:02:14.520
574872,62903287,19,1,language-agnostic,2016-06-09T00:02:14.520
574872,62903287,19,1,unix,2016-06-09T00:02:14.520
574872,62903287,19,1,pi,2016-06-09T00:02:14.520
43981,106755107,19,1,performance,2009-01-12T18:46:22.357
43981,106755107,19,1,algorithm,2009-01-12T18:46:22.357
43981,106755107,19,1,language-agnostic,2009-01-12T18:46:22.357
43981,106755107,19,1,unix,2009-01-12T18:46:22.357
43981,106755107,19,1,pi,2009-01-12T18:46:22.357
75594,106759819,19,1,performance,2010-01-06T12:41:03.790
75594,106759819,19,1,algorithm,2010-01-06T12:41:03.790
75594,106759819,19,1,language-agnostic,2010-01-06T12:41:03.790
75594,106759819,19,1,unix,2010-01-06T12:41:03.790
75594,106759819,19,1,pi,2010-01-06T12:41:03.790
13,106759820,19,1,performance,2010-01-06T15:06:04.270
13,106759820,19,1,algorithm,2010-01-06T15:06:04.270
13,106759820,19,1,language-agnostic,2010-01-06T15:06:04.270
13,106759820,19,1,unix,2010-01-06T15:06:04.270
13,106759820,19,1,pi,2010-01-06T15:06:04.270
null,113887458,19,1,performance,2020-10-17T19:10:01.807
null,113887458,19,1,algorithm,2020-10-17T19:10:01.807
null,113887458,19,1,language-agnostic,2020-10-17T19:10:01.807
null,113887458,19,1,unix,2020-10-17T19:10:01.807
null,113887458,19,1,pi,2020-10-17T19:10:01.807
5739443,122061313,22,2,c#,2021-09-05T12:42:22.347
5739443,122061313,22,2,.net,2021-09-05T12:42:22.347
5739443,122061313,22,2,datetime,2021-09-05T12:42:22.347
13611174,121222108,25,1,c++,2021-07-30T14:37:36.790
13611174,121222108,25,1,c,2021-07-30T14:37:36.790
13611174,121222108,25,1,sockets,2021-07-30T14:37:36.790
13611174,121222108,25,1,mainframe,2021-07-30T14:37:36.790
13611174,121222108,25,1,zos,2021-07-30T14:37:36.790
184546,58680185,29,2,html,2016-02-18T22:32:47.500
184546,58680185,29,2,browser,2016-02-18T22:32:47.500
184546,58680185,29,2,timezone,2016-02-18T22:32:47.500
184546,58680185,29,2,user-agent,2016-02-18T22:32:47.500
184546,58680185,29,2,timezone-offset,2016-02-18T22:32:47.500
334451,71699455,29,2,html,2017-02-16T10:47:21.667
334451,71699455,29,2,browser,2017-02-16T10:47:21.667
334451,71699455,29,2,timezone,2017-02-16T10:47:21.667
334451,71699455,29,2,user-agent,2017-02-16T10:47:21.667
334451,71699455,29,2,timezone-offset,2017-02-16T10:47:21.667
1098603,75087150,29,2,html,2017-05-17T16:31:36.077
1098603,75087150,29,2,browser,2017-05-17T16:31:36.077
1098603,75087150,29,2,timezone,2017-05-17T16:31:36.077
1098603,75087150,29,2,user-agent,2017-05-17T16:31:36.077
1098603,75087150,29,2,timezone-offset,2017-05-17T16:31:36.077
334451,75118301,29,2,html,2017-05-18T11:30:51.263
334451,75118301,29,2,browser,2017-05-18T11:30:51.263
334451,75118301,29,2,timezone,2017-05-18T11:30:51.263
334451,75118301,29,2,user-agent,2017-05-18T11:30:51.263
334451,75118301,29,2,timezone-offset,2017-05-18T11:30:51.263
459347,98318886,29,2,html,2019-04-24T09:42:16.230
459347,98318886,29,2,browser,2019-04-24T09:42:16.230
459347,98318886,29,2,timezone,2019-04-24T09:42:16.230
459347,98318886,29,2,user-agent,2019-04-24T09:42:16.230
459347,98318886,29,2,timezone-offset,2019-04-24T09:42:16.230
14860,392189,33,2,.net,2009-02-24T02:44:18.303
14860,392189,33,2,math,2009-02-24T02:44:18.303
93031,688952,33,2,.net,2009-05-19T10:40:50.203
93031,688952,33,2,math,2009-05-19T10:40:50.203
65387,14494619,33,2,.net,2012-06-17T17:57:33.003
65387,14494619,33,2,math,2012-06-17T17:57:33.003
1518100,64261781,33,2,.net,2016-07-18T01:58:36.783
1518100,64261781,33,2,math,2016-07-18T01:58:36.783
871910,26409305,36,1,sql,2011-11-03T22:15:15.977
871910,26409305,36,1,sql-server,2011-11-03T22:15:15.977
871910,26409305,36,1,datatable,2011-11-03T22:15:15.977
871910,26409305,36,1,rdbms,2011-11-03T22:15:15.977
2087090,101277477,36,1,sql,2019-08-07T15:37:27.370
2087090,101277477,36,1,sql-server,2019-08-07T15:37:27.370
2087090,101277477,36,1,datatable,2019-08-07T15:37:27.370
2087090,101277477,36,1,rdbms,2019-08-07T15:37:27.370
2016831,112145751,48,1,html,2020-08-14T23:31:09.640
2016831,112145751,48,1,forms,2020-08-14T23:31:09.640
2016831,112145751,48,1,form-submit,2020-08-14T23:31:09.640
2016831,112145751,48,1,submit-button,2020-08-14T23:31:09.640
397861,5953986,49,2,mysql,2011-03-12T14:44:09.653
397861,5953986,49,2,database,2011-03-12T14:44:09.653
397861,5953986,49,2,triggers,2011-03-12T14:44:09.653
15114,1561495,56,2,html,2009-11-06T11:14:02.883
15114,1561495,56,2,forms,2009-11-06T11:14:02.883
15114,1561495,56,2,form-submit,2009-11-06T11:14:02.883
15114,1561495,56,2,submit-button,2009-11-06T11:14:02.883
92813,2366893,56,2,html,2010-03-05T17:34:52.050
92813,2366893,56,2,forms,2010-03-05T17:34:52.050
92813,2366893,56,2,form-submit,2010-03-05T17:34:52.050
92813,2366893,56,2,submit-button,2010-03-05T17:34:52.050
84118,98061397,56,2,html,2019-04-15T12:30:22.793
84118,98061397,56,2,forms,2019-04-15T12:30:22.793
84118,98061397,56,2,form-submit,2019-04-15T12:30:22.793
84118,98061397,56,2,submit-button,2019-04-15T12:30:22.793
771461,108969859,56,2,html,2020-05-04T23:30:41.393
771461,108969859,56,2,forms,2020-05-04T23:30:41.393
771461,108969859,56,2,form-submit,2020-05-04T23:30:41.393
771461,108969859,56,2,submit-button,2020-05-04T23:30:41.393
517705,23919752,58,2,html,2013-05-19T10:18:37.790
517705,23919752,58,2,forms,2013-05-19T10:18:37.790
517705,23919752,58,2,form-submit,2013-05-19T10:18:37.790
517705,23919752,58,2,submit-button,2013-05-19T10:18:37.790
999508,33082797,58,2,html,2014-02-18T12:53:46.867
999508,33082797,58,2,forms,2014-02-18T12:53:46.867
999508,33082797,58,2,form-submit,2014-02-18T12:53:46.867
999508,33082797,58,2,submit-button,2014-02-18T12:53:46.867
3987238,45083295,58,2,html,2015-02-06T17:28:57.467
3987238,45083295,58,2,forms,2015-02-06T17:28:57.467
3987238,45083295,58,2,form-submit,2015-02-06T17:28:57.467
3987238,45083295,58,2,submit-button,2015-02-06T17:28:57.467
3987238,45083618,58,2,html,2015-02-06T17:39:30.497
3987238,45083618,58,2,forms,2015-02-06T17:39:30.497
3987238,45083618,58,2,form-submit,2015-02-06T17:39:30.497
3987238,45083618,58,2,submit-button,2015-02-06T17:39:30.497
517705,45122278,58,2,html,2015-02-08T10:12:36.790
517705,45122278,58,2,forms,2015-02-08T10:12:36.790
517705,45122278,58,2,form-submit,2015-02-08T10:12:36.790
517705,45122278,58,2,submit-button,2015-02-08T10:12:36.790
517705,45122335,58,2,html,2015-02-08T10:17:33.877
517705,45122335,58,2,forms,2015-02-08T10:17:33.877
517705,45122335,58,2,form-submit,2015-02-08T10:17:33.877
517705,45122335,58,2,submit-button,2015-02-08T10:17:33.877
1471,166072,68,2,linq,2008-11-29T03:39:50.237
1471,166072,68,2,.net-3.5,2008-11-29T03:39:50.237
17,167685,68,2,linq,2008-11-30T20:35:33.897
17,167685,68,2,.net-3.5,2008-11-30T20:35:33.897
40814,319593,71,2,performance,2009-02-02T21:01:27.727
40814,319593,71,2,algorithm,2009-02-02T21:01:27.727
40814,319593,71,2,language-agnostic,2009-02-02T21:01:27.727
40814,319593,71,2,unix,2009-02-02T21:01:27.727
40814,319593,71,2,pi,2009-02-02T21:01:27.727
3756358,55632016,72,1,ruby,2015-11-26T10:27:37.230
3756358,55632016,72,1,rdoc,2015-11-26T10:27:37.230
130121,3533005,76,2,php,2010-08-03T13:53:15.850
130121,3533005,76,2,plugins,2010-08-03T13:53:15.850
130121,3533005,76,2,architecture,2010-08-03T13:53:15.850
130121,3533005,76,2,hook,2010-08-03T13:53:15.850
8331,2305373,77,2,php,2010-02-25T14:47:31.670
8331,2305373,77,2,plugins,2010-02-25T14:47:31.670
8331,2305373,77,2,architecture,2010-02-25T14:47:31.670
8331,2305373,77,2,hook,2010-02-25T14:47:31.670
338665,5523966,77,2,php,2011-02-09T23:35:07.600
338665,5523966,77,2,plugins,2011-02-09T23:35:07.600
338665,5523966,77,2,architecture,2011-02-09T23:35:07.600
338665,5523966,77,2,hook,2011-02-09T23:35:07.600
2987930,82737253,77,2,php,2017-12-19T11:21:08.237
2987930,82737253,77,2,plugins,2017-12-19T11:21:08.237
2987930,82737253,77,2,architecture,2017-12-19T11:21:08.237
2987930,82737253,77,2,hook,2017-12-19T11:21:08.237
291496,38607224,82,2,sql,2014-07-21T08:15:31.293
291496,38607224,82,2,sql-server,2014-07-21T08:15:31.293
291496,38607224,82,2,datatable,2014-07-21T08:15:31.293
291496,38607224,82,2,rdbms,2014-07-21T08:15:31.293
837365,79113994,85,1,php,2017-09-06T13:24:26.483
837365,79113994,85,1,sql,2017-09-06T13:24:26.483
837365,79113994,85,1,database,2017-09-06T13:24:26.483
837365,79113994,85,1,flat-file,2017-09-06T13:24:26.483
2452680,92745349,85,1,php,2018-10-21T17:01:58.473
2452680,92745349,85,1,sql,2018-10-21T17:01:58.473
2452680,92745349,85,1,database,2018-10-21T17:01:58.473
2452680,92745349,85,1,flat-file,2018-10-21T17:01:58.473
73747,1837164,98,2,linux,2009-12-18T16:21:37.377
73747,1837164,98,2,winapi,2009-12-18T16:21:37.377
73747,1837164,98,2,visual-c++,2009-12-18T16:21:37.377
73747,1837164,98,2,unix,2009-12-18T16:21:37.377
73747,1837164,98,2,timer,2009-12-18T16:21:37.377
150577,3111125,98,2,linux,2010-06-14T20:32:52.627
150577,3111125,98,2,winapi,2010-06-14T20:32:52.627
150577,3111125,98,2,visual-c++,2010-06-14T20:32:52.627
150577,3111125,98,2,unix,2010-06-14T20:32:52.627
150577,3111125,98,2,timer,2010-06-14T20:32:52.627
73747,3199896,98,2,linux,2010-06-25T12:07:54.000
73747,3199896,98,2,winapi,2010-06-25T12:07:54.000
73747,3199896,98,2,visual-c++,2010-06-25T12:07:54.000
73747,3199896,98,2,unix,2010-06-25T12:07:54.000
73747,3199896,98,2,timer,2010-06-25T12:07:54.000
379897,5198420,98,2,linux,2011-01-16T23:02:29.110
379897,5198420,98,2,winapi,2011-01-16T23:02:29.110
379897,5198420,98,2,visual-c++,2011-01-16T23:02:29.110
379897,5198420,98,2,unix,2011-01-16T23:02:29.110
379897,5198420,98,2,timer,2011-01-16T23:02:29.110
410767,7436261,98,2,linux,2011-06-15T06:16:18.127
410767,7436261,98,2,winapi,2011-06-15T06:16:18.127
410767,7436261,98,2,visual-c++,2011-06-15T06:16:18.127
410767,7436261,98,2,unix,2011-06-15T06:16:18.127
410767,7436261,98,2,timer,2011-06-15T06:16:18.127
815724,10077232,103,2,html,2011-11-20T06:52:34.140
815724,10077232,103,2,browser,2011-11-20T06:52:34.140
815724,10077232,103,2,timezone,2011-11-20T06:52:34.140
815724,10077232,103,2,user-agent,2011-11-20T06:52:34.140
815724,10077232,103,2,timezone-offset,2011-11-20T06:52:34.140
1458506,56629624,103,2,html,2015-12-23T21:26:42.573
1458506,56629624,103,2,browser,2015-12-23T21:26:42.573
1458506,56629624,103,2,timezone,2015-12-23T21:26:42.573
1458506,56629624,103,2,user-agent,2015-12-23T21:26:42.573
1458506,56629624,103,2,timezone-offset,2015-12-23T21:26:42.573
1378018,134138093,103,2,html,2023-04-19T18:57:58.257
1378018,134138093,103,2,browser,2023-04-19T18:57:58.257
1378018,134138093,103,2,timezone,2023-04-19T18:57:58.257
1378018,134138093,103,2,user-agent,2023-04-19T18:57:58.257
1378018,134138093,103,2,timezone-offset,2023-04-19T18:57:58.257
740,8365767,109,1,c#,2008-09-10T18:07:10.927
740,8365767,109,1,sql,2008-09-10T18:07:10.927
740,8365767,109,1,vb.net,2008-09-10T18:07:10.927
740,8365767,109,1,ascii,2008-09-10T18:07:10.927
740,8365767,109,1,hex,2008-09-10T18:07:10.927
106,8365771,109,1,c#,2008-08-02T01:33:38.970
106,8365771,109,1,sql,2008-08-02T01:33:38.970
106,8365771,109,1,vb.net,2008-08-02T01:33:38.970
106,8365771,109,1,ascii,2008-08-02T01:33:38.970
106,8365771,109,1,hex,2008-08-02T01:33:38.970
null,8365803,109,1,c#,2011-08-10T06:21:18.283
null,8365803,109,1,sql,2011-08-10T06:21:18.283
null,8365803,109,1,vb.net,2011-08-10T06:21:18.283
null,8365803,109,1,ascii,2011-08-10T06:21:18.283
null,8365803,109,1,hex,2011-08-10T06:21:18.283
17007,16603,111,2,windows,2008-09-19T05:25:15.220
17007,16603,111,2,svn,2008-09-19T05:25:15.220
17007,16603,111,2,64-bit,2008-09-19T05:25:15.220
117710,771198,111,2,windows,2009-06-07T19:26:57.563
117710,771198,111,2,svn,2009-06-07T19:26:57.563
117710,771198,111,2,64-bit,2009-06-07T19:26:57.563
1116,1399684,112,2,.net,2009-10-09T11:01:05.053
1116,1399684,112,2,performance,2009-10-09T11:01:05.053
1116,1399684,112,2,memory-leaks,2009-10-09T11:01:05.053
1116,1399684,112,2,com-interop,2009-10-09T11:01:05.053
129175,3213823,112,2,.net,2010-06-27T23:08:39.413
129175,3213823,112,2,performance,2010-06-27T23:08:39.413
129175,3213823,112,2,memory-leaks,2010-06-27T23:08:39.413
129175,3213823,112,2,com-interop,2010-06-27T23:08:39.413
1796,4286436,112,2,.net,2010-10-22T23:40:23.087
1796,4286436,112,2,performance,2010-10-22T23:40:23.087
1796,4286436,112,2,memory-leaks,2010-10-22T23:40:23.087
1796,4286436,112,2,com-interop,2010-10-22T23:40:23.087
55637,5245412,112,2,.net,2011-01-20T07:10:01.797
55637,5245412,112,2,performance,2011-01-20T07:10:01.797
55637,5245412,112,2,memory-leaks,2011-01-20T07:10:01.797
55637,5245412,112,2,com-interop,2011-01-20T07:10:01.797
223863,7650783,112,2,.net,2011-06-28T08:34:03.643
223863,7650783,112,2,performance,2011-06-28T08:34:03.643
223863,7650783,112,2,memory-leaks,2011-06-28T08:34:03.643
223863,7650783,112,2,com-interop,2011-06-28T08:34:03.643
null,55776170,112,2,.net,2015-11-30T23:40:54.457
null,55776170,112,2,performance,2015-11-30T23:40:54.457
null,55776170,112,2,memory-leaks,2015-11-30T23:40:54.457
null,55776170,112,2,com-interop,2015-11-30T23:40:54.457
987,54666938,113,2,windows,2015-10-30T15:27:26.820
987,54666938,113,2,svn,2015-10-30T15:27:26.820
987,54666938,113,2,64-bit,2015-10-30T15:27:26.820
870248,27679811,123,1,java,2013-09-12T21:24:53.153
870248,27679811,123,1,xml,2013-09-12T21:24:53.153
870248,27679811,123,1,csv,2013-09-12T21:24:53.153
870248,27679811,123,1,data-conversion,2013-09-12T21:24:53.153
2371861,33255634,123,1,java,2014-02-22T06:35:03.487
2371861,33255634,123,1,xml,2014-02-22T06:35:03.487
2371861,33255634,123,1,csv,2014-02-22T06:35:03.487
2371861,33255634,123,1,data-conversion,2014-02-22T06:35:03.487
null,76973247,123,1,java,2017-07-09T18:28:19.880
null,76973247,123,1,xml,2017-07-09T18:28:19.880
null,76973247,123,1,csv,2017-07-09T18:28:19.880
null,76973247,123,1,data-conversion,2017-07-09T18:28:19.880
2371861,76978108,123,1,java,2017-07-09T23:37:44.157
2371861,76978108,123,1,xml,2017-07-09T23:37:44.157
2371861,76978108,123,1,csv,2017-07-09T23:37:44.157
2371861,76978108,123,1,data-conversion,2017-07-09T23:37:44.157
null,76980618,123,1,java,2017-07-10T03:19:47.730
null,76980618,123,1,xml,2017-07-10T03:19:47.730
null,76980618,123,1,csv,2017-07-10T03:19:47.730
null,76980618,123,1,data-conversion,2017-07-10T03:19:47.730
6696926,94584350,123,1,java,2018-12-20T12:27:44.797
6696926,94584350,123,1,xml,2018-12-20T12:27:44.797
6696926,94584350,123,1,csv,2018-12-20T12:27:44.797
6696926,94584350,123,1,data-conversion,2018-12-20T12:27:44.797
2340341,96880783,123,1,java,2019-03-08T15:46:29.310
2340341,96880783,123,1,xml,2019-03-08T15:46:29.310
2340341,96880783,123,1,csv,2019-03-08T15:46:29.310
2340341,96880783,123,1,data-conversion,2019-03-08T15:46:29.310
5899585,110156174,123,1,java,2020-06-09T14:27:07.530
5899585,110156174,123,1,xml,2020-06-09T14:27:07.530
5899585,110156174,123,1,csv,2020-06-09T14:27:07.530
5899585,110156174,123,1,data-conversion,2020-06-09T14:27:07.530
26,116982,124,2,apache-flex,2008-11-03T14:28:05.837
26,116982,124,2,actionscript-3,2008-11-03T14:28:05.837
26,116982,124,2,air,2008-11-03T14:28:05.837
15527,120619755,126,1,java,2021-07-04T20:30:10.190
15527,120619755,126,1,php,2021-07-04T20:30:10.190
15527,120619755,126,1,oop,2021-07-04T20:30:10.190
15527,120619755,126,1,theory,2021-07-04T20:30:10.190
78351,3580861,127,2,java,2010-08-09T02:37:19.643
78351,3580861,127,2,php,2010-08-09T02:37:19.643
78351,3580861,127,2,oop,2010-08-09T02:37:19.643
78351,3580861,127,2,theory,2010-08-09T02:37:19.643
35,3591387,127,2,java,2010-08-10T03:19:02.377
35,3591387,127,2,php,2010-08-10T03:19:02.377
35,3591387,127,2,oop,2010-08-10T03:19:02.377
35,3591387,127,2,theory,2010-08-10T03:19:02.377
3421575,106388623,127,2,java,2020-02-10T13:26:42.703
3421575,106388623,127,2,php,2020-02-10T13:26:42.703
3421575,106388623,127,2,oop,2020-02-10T13:26:42.703
3421575,106388623,127,2,theory,2020-02-10T13:26:42.703
10759,15969,128,2,java,2008-09-19T00:19:04.880
10759,15969,128,2,php,2008-09-19T00:19:04.880
10759,15969,128,2,oop,2008-09-19T00:19:04.880
10759,15969,128,2,theory,2008-09-19T00:19:04.880
58,2062256,128,2,java,2010-01-23T18:37:45.597
58,2062256,128,2,php,2010-01-23T18:37:45.597
58,2062256,128,2,oop,2010-01-23T18:37:45.597
58,2062256,128,2,theory,2010-01-23T18:37:45.597
16206,15091778,129,1,mysql,2008-09-22T13:27:49.770
16206,15091778,129,1,sql-server,2008-09-22T13:27:49.770
16206,15091778,129,1,csv,2008-09-22T13:27:49.770
16206,15091778,129,1,sql-server-2005,2008-09-22T13:27:49.770
16206,15091778,129,1,bcp,2008-09-22T13:27:49.770
35,15092952,129,1,mysql,2008-08-01T16:24:57.767
35,15092952,129,1,sql-server,2008-08-01T16:24:57.767
35,15092952,129,1,csv,2008-08-01T16:24:57.767
35,15092952,129,1,sql-server-2005,2008-08-01T16:24:57.767
35,15092952,129,1,bcp,2008-08-01T16:24:57.767
368200,15636015,129,1,mysql,2012-08-02T08:35:57.297
368200,15636015,129,1,sql-server,2012-08-02T08:35:57.297
368200,15636015,129,1,csv,2012-08-02T08:35:57.297
368200,15636015,129,1,sql-server-2005,2012-08-02T08:35:57.297
368200,15636015,129,1,bcp,2012-08-02T08:35:57.297
1506399,15640381,129,1,mysql,2012-08-02T11:34:36.863
1506399,15640381,129,1,sql-server,2012-08-02T11:34:36.863
1506399,15640381,129,1,csv,2012-08-02T11:34:36.863
1506399,15640381,129,1,sql-server-2005,2012-08-02T11:34:36.863
1506399,15640381,129,1,bcp,2012-08-02T11:34:36.863
999,16332522,129,1,mysql,2012-08-30T12:07:18.063
999,16332522,129,1,sql-server,2012-08-30T12:07:18.063
999,16332522,129,1,csv,2012-08-30T12:07:18.063
999,16332522,129,1,sql-server-2005,2012-08-30T12:07:18.063
999,16332522,129,1,bcp,2012-08-30T12:07:18.063
7708,3294020,133,2,java,2010-07-07T16:19:43.537
7708,3294020,133,2,xml,2010-07-07T16:19:43.537
7708,3294020,133,2,csv,2010-07-07T16:19:43.537
7708,3294020,133,2,data-conversion,2010-07-07T16:19:43.537
201078,34162170,151,2,c#,2014-03-17T16:41:40.270
201078,34162170,151,2,.net,2014-03-17T16:41:40.270
201078,34162170,151,2,file,2014-03-17T16:41:40.270
201078,34162170,151,2,compression,2014-03-17T16:41:40.270
16668,22795,152,2,php,2008-09-22T04:36:40.310
16668,22795,152,2,apache,2008-09-22T04:36:40.310
16668,22795,152,2,logging,2008-09-22T04:36:40.310
16668,22795,152,2,download,2008-09-22T04:36:40.310
16668,22795,152,2,analytics,2008-09-22T04:36:40.310
512685,7827066,152,2,php,2011-07-08T17:17:39.073
512685,7827066,152,2,apache,2011-07-08T17:17:39.073
512685,7827066,152,2,logging,2011-07-08T17:17:39.073
512685,7827066,152,2,download,2011-07-08T17:17:39.073
512685,7827066,152,2,analytics,2011-07-08T17:17:39.073
1733295,24840697,152,2,php,2013-06-18T00:49:09.197
1733295,24840697,152,2,apache,2013-06-18T00:49:09.197
1733295,24840697,152,2,logging,2013-06-18T00:49:09.197
1733295,24840697,152,2,download,2013-06-18T00:49:09.197
1733295,24840697,152,2,analytics,2013-06-18T00:49:09.197
238419,29724421,152,2,php,2013-11-14T02:34:51.597
238419,29724421,152,2,apache,2013-11-14T02:34:51.597
238419,29724421,152,2,logging,2013-11-14T02:34:51.597
238419,29724421,152,2,download,2013-11-14T02:34:51.597
238419,29724421,152,2,analytics,2013-11-14T02:34:51.597
446188,78570997,152,2,php,2017-08-21T22:55:35.037
446188,78570997,152,2,apache,2017-08-21T22:55:35.037
446188,78570997,152,2,logging,2017-08-21T22:55:35.037
446188,78570997,152,2,download,2017-08-21T22:55:35.037
446188,78570997,152,2,analytics,2017-08-21T22:55:35.037
512685,78572325,152,2,php,2017-08-22T00:34:42.463
512685,78572325,152,2,apache,2017-08-22T00:34:42.463
512685,78572325,152,2,logging,2017-08-22T00:34:42.463
512685,78572325,152,2,download,2017-08-22T00:34:42.463
512685,78572325,152,2,analytics,2017-08-22T00:34:42.463
194489,2758021,160,2,mysql,2010-04-28T14:58:55.160
194489,2758021,160,2,sql-server,2010-04-28T14:58:55.160
194489,2758021,160,2,csv,2010-04-28T14:58:55.160
194489,2758021,160,2,sql-server-2005,2010-04-28T14:58:55.160
194489,2758021,160,2,bcp,2010-04-28T14:58:55.160
84733,2934607,160,2,mysql,2010-05-22T01:39:28.683
84733,2934607,160,2,sql-server,2010-05-22T01:39:28.683
84733,2934607,160,2,csv,2010-05-22T01:39:28.683
84733,2934607,160,2,sql-server-2005,2010-05-22T01:39:28.683
84733,2934607,160,2,bcp,2010-05-22T01:39:28.683
353178,6122638,160,2,mysql,2011-03-23T20:25:37.357
353178,6122638,160,2,sql-server,2011-03-23T20:25:37.357
353178,6122638,160,2,csv,2011-03-23T20:25:37.357
353178,6122638,160,2,sql-server-2005,2011-03-23T20:25:37.357
353178,6122638,160,2,bcp,2011-03-23T20:25:37.357
96319,9534348,160,2,mysql,2011-10-19T14:26:55.983
96319,9534348,160,2,sql-server,2011-10-19T14:26:55.983
96319,9534348,160,2,csv,2011-10-19T14:26:55.983
96319,9534348,160,2,sql-server-2005,2011-10-19T14:26:55.983
96319,9534348,160,2,bcp,2011-10-19T14:26:55.983
228755,7892574,163,1,.net,2011-07-13T03:21:20.647
228755,7892574,163,1,asp.net,2011-07-13T03:21:20.647
228755,7892574,163,1,svn,2011-07-13T03:21:20.647
228755,7892574,163,1,versioning,2011-07-13T03:21:20.647
9021,13770928,163,1,.net,2008-09-15T19:04:33.680
9021,13770928,163,1,asp.net,2008-09-15T19:04:33.680
9021,13770928,163,1,svn,2008-09-15T19:04:33.680
9021,13770928,163,1,versioning,2008-09-15T19:04:33.680
9021,13770951,163,1,.net,2008-09-16T07:37:16.117
9021,13770951,163,1,asp.net,2008-09-16T07:37:16.117
9021,13770951,163,1,svn,2008-09-16T07:37:16.117
9021,13770951,163,1,versioning,2008-09-16T07:37:16.117
267,5741,166,2,.net,2008-09-15T19:11:27.173
267,5741,166,2,asp.net,2008-09-15T19:11:27.173
267,5741,166,2,svn,2008-09-15T19:11:27.173
267,5741,166,2,versioning,2008-09-15T19:11:27.173
42926,500879,166,2,.net,2009-03-26T19:29:15.063
42926,500879,166,2,asp.net,2009-03-26T19:29:15.063
42926,500879,166,2,svn,2009-03-26T19:29:15.063
42926,500879,166,2,versioning,2009-03-26T19:29:15.063
307338,622577,166,2,.net,2009-05-01T19:55:17.087
307338,622577,166,2,asp.net,2009-05-01T19:55:17.087
307338,622577,166,2,svn,2009-05-01T19:55:17.087
307338,622577,166,2,versioning,2009-05-01T19:55:17.087
13508,2641791,166,2,.net,2010-04-13T10:36:34.703
13508,2641791,166,2,asp.net,2010-04-13T10:36:34.703
13508,2641791,166,2,svn,2010-04-13T10:36:34.703
13508,2641791,166,2,versioning,2010-04-13T10:36:34.703
91,13770969,166,2,.net,2008-08-01T19:52:09.500
91,13770969,166,2,asp.net,2008-08-01T19:52:09.500
91,13770969,166,2,svn,2008-08-01T19:52:09.500
91,13770969,166,2,versioning,2008-08-01T19:52:09.500
475,13770982,166,2,.net,2008-08-06T14:49:55.520
475,13770982,166,2,asp.net,2008-08-06T14:49:55.520
475,13770982,166,2,svn,2008-08-06T14:49:55.520
475,13770982,166,2,versioning,2008-08-06T14:49:55.520
5662,202506,170,2,.net,2008-12-17T10:19:20.373
5662,202506,170,2,asp.net,2008-12-17T10:19:20.373
5662,202506,170,2,svn,2008-12-17T10:19:20.373
5662,202506,170,2,versioning,2008-12-17T10:19:20.373
376382,38876659,170,2,.net,2014-07-28T20:06:04.417
376382,38876659,170,2,asp.net,2014-07-28T20:06:04.417
376382,38876659,170,2,svn,2014-07-28T20:06:04.417
376382,38876659,170,2,versioning,2014-07-28T20:06:04.417
96,79726470,174,1,c#,2017-09-23T20:49:05.100
96,79726470,174,1,html,2017-09-23T20:49:05.100
96,79726470,174,1,web-services,2017-09-23T20:49:05.100
96,79726470,174,1,printing,2017-09-23T20:49:05.100
14768,102113226,174,1,c#,2019-09-08T14:42:31.243
14768,102113226,174,1,html,2019-09-08T14:42:31.243
14768,102113226,174,1,web-services,2019-09-08T14:42:31.243
14768,102113226,174,1,printing,2019-09-08T14:42:31.243
96,102724376,174,1,c#,2019-09-30T16:16:29.960
96,102724376,174,1,html,2019-09-30T16:16:29.960
96,102724376,174,1,web-services,2019-09-30T16:16:29.960
96,102724376,174,1,printing,2019-09-30T16:16:29.960
14768,102724740,174,1,c#,2019-09-30T16:31:36.437
14768,102724740,174,1,html,2019-09-30T16:31:36.437
14768,102724740,174,1,web-services,2019-09-30T16:31:36.437
14768,102724740,174,1,printing,2019-09-30T16:31:36.437
115432,78378816,180,1,algorithm,2009-09-30T18:00:26.917
115432,78378816,180,1,language-agnostic,2009-09-30T18:00:26.917
115432,78378816,180,1,colors,2009-09-30T18:00:26.917
115432,78378816,180,1,color-space,2009-09-30T18:00:26.917
482609,9983383,195,null,null,2011-11-15T12:24:55.097
139560,44720630,195,null,null,2015-01-27T16:56:22.867
897326,58163082,195,null,null,2016-02-05T12:44:40.483
5808757,90234980,206,null,null,2018-08-01T14:04:00.167
112795,4556491,207,null,null,2010-11-18T07:48:02.377
214446,27369302,207,null,null,2013-09-03T16:11:12.537
380317,68275266,229,null,null,2016-11-09T22:06:26.240
5862700,105907667,231,null,null,2020-01-24T01:04:17.907
91,112821131,231,null,null,2008-08-01T22:18:21.623
62,112821132,231,null,null,2008-11-01T16:26:35.287
91,16421064,236,null,null,2008-08-01T22:31:54.623
1039608,13486622,260,null,null,2012-05-04T09:34:41.413
91,13493626,260,null,null,2012-05-04T14:32:41.550
1039608,13493948,260,null,null,2012-05-04T14:44:15.160
224132,134691583,264,null,null,2023-06-01T16:23:01.667
13407802,134691651,264,null,null,2023-06-01T16:29:01.453
null,4651384,269,null,null,2010-11-26T18:00:00.317
2943403,136698346,274,null,null,2023-11-23T21:29:46.783
398630,85746089,289,null,null,2018-03-19T21:16:38.917
199364,121955773,289,null,null,2021-08-31T19:51:35.967
274503,122625094,289,null,null,2021-09-29T14:11:57.123
14694660,134307680,289,null,null,2023-05-02T20:06:38.550
111327,3053252,291,null,null,2010-06-07T15:10:11.780
1167953,16862674,291,null,null,2012-09-21T07:17:03.787
1430156,44622398,291,null,null,2015-01-24T10:25:04.090
null,63853798,292,null,null,2016-07-06T01:28:23.490
2518608,38049976,297,null,null,2014-07-04T01:31:08.333
650206,38185443,297,null,null,2014-07-08T16:30:07.393
837365,113711221,297,null,null,2020-10-11T15:20:38.340
650206,113774073,297,null,null,2020-10-13T18:16:53.613
27794,513586,298,null,null,2009-03-31T13:33:19.590
220064,3894880,298,null,null,2010-09-12T15:07:55.560
82062,4026818,298,null,null,2010-09-26T16:40:27.907
294242,4383595,298,null,null,2010-11-02T12:56:09.563
379486,14216027,298,null,null,2012-06-05T19:15:03.867
278980,17513697,298,null,null,2012-10-16T22:43:48.067
3786,41440238,298,null,null,2014-10-15T23:41:18.337
398630,85745970,298,null,null,2018-03-19T21:12:45.747
266978,97880204,298,null,null,2019-04-09T11:31:56.977
91,100934,307,null,null,2008-10-25T15:08:04.660
117069,1496326,307,null,null,2009-10-27T00:49:19.397
19799,1961962,307,null,null,2010-01-10T13:37:33.593
100,8656661,308,null,null,2008-08-02T04:00:34.100
6471538,85211978,308,null,null,2018-03-05T04:21:53.130
109318,4567054,310,null,null,2010-11-19T00:02:30.590
85616,1091687,331,null,null,2009-08-12T04:02:00.363
58,1126325,331,null,null,2009-08-18T18:06:37.470
58,3667231,331,null,null,2010-08-18T02:48:04.743
148195,16166167,336,null,null,2012-08-23T17:31:53.470
1536976,41222053,336,null,null,2014-10-09T09:13:01.903
61,91959108,337,null,null,2008-08-02T03:43:33.620
103167,12992691,339,null,null,2012-04-13T04:18:36.817
10649,19687,342,null,null,2008-09-20T01:07:39.800
1462485,62435791,352,null,null,2016-05-26T18:35:37.967
3997521,90008665,352,null,null,2018-07-25T13:22:23.873
1462485,90088136,352,null,null,2018-07-27T15:00:19.627
148195,16166057,354,null,null,2012-08-23T17:27:41.240
2757035,100044055,354,null,null,2019-06-24T19:05:55.320
57357,13598948,360,null,null,2012-05-09T12:50:54.250
527702,76630519,361,null,null,2017-06-29T12:33:26.870
5245903,115016726,361,null,null,2020-11-29T08:16:13.757
838608,13999744,362,null,null,2012-05-26T17:25:47.050
106761,22283966,362,null,null,2013-03-28T23:06:14.077
370887,4192938,364,null,null,2010-10-14T03:07:40.003
28258,909615,367,null,null,2009-07-07T23:03:19.667
58926,947252,367,null,null,2009-07-15T07:26:02.820
58926,947283,367,null,null,2009-07-15T07:32:11.403
410767,7436082,367,null,null,2011-06-15T05:54:36.843
758806,19924487,382,null,null,2013-01-15T10:28:37.533
517826,36205406,388,null,null,2014-05-11T05:07:19.717
77308,1427712,391,null,null,2009-10-14T18:00:59.923
90691,1678664,396,null,null,2009-11-24T16:51:41.880
25194,3068726,396,null,null,2010-06-09T07:02:53.413
283608,3671052,396,null,null,2010-08-18T12:33:52.650
372654,14226900,396,null,null,2012-06-06T07:58:21.597
1112472,33320065,396,null,null,2014-02-24T12:04:28.923
4131126,74751727,396,null,null,2017-05-08T22:07:54.490
294884,7389796,402,null,null,2011-06-12T08:26:13.647
53271,1703578,407,null,null,2009-11-29T00:13:07.950
137,1717170,407,null,null,2009-12-01T13:43:24.177
102937,13982913,407,null,null,2012-05-25T16:48:57.220
405809,21950313,407,null,null,2013-03-19T14:49:02.787
21450,339502,451,null,null,2009-02-08T21:15:58.847
9567,28358,471,null,null,2008-09-23T21:09:50.727
45005,1004799,471,null,null,2009-07-25T22:45:56.820
26853,956500,473,null,null,2009-07-16T16:14:15.077
72478,2651678,483,null,null,2010-04-14T13:09:52.630
51387,25944858,483,null,null,2013-07-22T11:35:11.713
179311,71410015,483,null,null,2017-02-08T18:31:08.537
652269,49224277,509,null,null,2015-06-01T15:13:45.943
3195477,98330541,509,null,null,2019-04-24T14:51:43.093
20310,30355,516,null,null,2008-09-24T14:36:20.930
13468,813079,516,null,null,2009-06-16T21:50:38.547
108977,906164,516,null,null,2009-07-07T13:16:24.087
109302,2102340,516,null,null,2010-01-28T22:46:23.587
608886,42158412,516,null,null,2014-11-06T23:26:52.663
178757,54735796,516,null,null,2015-11-02T10:16:45.357
33219,57347019,516,null,null,2016-01-14T23:45:01.703
3510773,102674538,516,null,null,2019-09-28T08:28:43.463
27898,136372,522,null,null,2008-11-13T13:38:40.843
73747,1837176,522,null,null,2009-12-18T16:23:27.840
12943,3784705,531,null,null,2010-08-30T22:20:27.347
558721,5536837,531,null,null,2011-02-10T19:46:21.473
99896,2569142,538,null,null,2010-04-02T03:32:02.837
745,5310505,538,null,null,2011-01-25T12:30:26.280
156,5452460,538,null,null,2011-02-04T14:31:10.693
67393,9149586,538,null,null,2011-09-26T00:48:28.553
2566672,44252776,539,null,null,2015-01-13T17:24:11.243
2040877,52985192,539,null,null,2015-09-14T12:46:06.373
135862,76370725,539,null,null,2017-06-22T08:14:49.997
52963,858028,549,null,null,2009-06-25T22:50:56.703
301832,3115288,549,null,null,2010-06-15T10:53:40.943
223992,7519078,549,null,null,2011-06-20T13:08:56.727
252253,8338060,549,null,null,2011-08-08T19:13:13.543
211327,8339383,549,null,null,2011-08-08T20:41:41.050
202648,8340369,549,null,null,2011-08-08T21:41:40.257
458193,8361155,549,null,null,2011-08-09T21:41:34.570
162354,18135376,549,null,null,2012-11-08T22:34:35.223
4483113,58292932,549,null,null,2016-02-09T12:05:29.920
56145,64430470,549,null,null,2016-07-22T01:54:55.263
52277,69616026,549,null,null,2016-12-18T13:10:16.073
1056644,75277213,549,null,null,2017-05-23T08:19:28.113
5212501,80058918,549,null,null,2017-10-03T19:44:44.380
1056644,80155502,549,null,null,2017-10-06T08:50:31.720
5212501,80294084,549,null,null,2017-10-10T17:45:37.177
1845672,86031114,549,null,null,2018-03-27T12:46:52.637
13834,278816,555,null,null,2009-01-20T00:20:23.853
26,303010,555,null,null,2009-01-28T05:26:01.087
66973,8352467,555,null,null,2011-08-09T14:10:33.193
63550,16035803,555,null,null,2012-08-18T11:23:40.223
9817602,91013497,555,null,null,2018-08-27T01:28:11.827
3591273,46040022,561,null,null,2015-03-05T23:04:49.540
21574,7558220,562,null,null,2011-06-22T11:56:00.287
536,2361868,564,null,null,2010-03-05T02:58:39.750
22656,103075,566,null,null,2008-10-27T11:18:02.857
1559,313921,566,null,null,2009-01-31T03:36:09.863
36157,328576,566,null,null,2009-02-05T07:14:06.020
7708,3293796,566,null,null,2010-07-07T15:59:14.630
73070,5144026,566,null,null,2011-01-12T11:40:26.623
44852,13260226,566,null,null,2012-04-24T18:07:12.280
159369,16759100,566,null,null,2012-09-17T14:03:42.847
8521,28030896,566,null,null,2013-09-24T09:18:12.357
2515353,65621136,566,null,null,2016-08-25T06:48:47.123
11236,17104,568,null,null,2008-09-19T11:13:57.303
44852,13260183,568,null,null,2012-04-24T18:05:19.317
2291,70100216,576,null,null,2017-01-03T15:35:48.227
102492,1282986,582,null,null,2009-09-17T10:40:45.590
536,2361879,583,null,null,2010-03-05T03:02:50.087
65703,371668,586,null,null,2009-02-18T10:42:56.577
187606,2144663,588,null,null,2010-02-03T21:02:19.093
386579,6995419,588,null,null,2011-05-18T14:42:38.310
103295,13911159,594,null,null,2012-05-23T02:13:52.510
101969,1696536,595,null,null,2009-11-27T10:50:17.223
116,1699322,595,null,null,2009-11-27T20:25:49.913
40521,16448725,598,null,null,2012-09-04T16:07:37.660
845092,16600857,601,null,null,2012-09-11T00:36:39.393
365496,16602528,601,null,null,2012-09-11T03:21:01.450
13,41274359,601,null,null,2014-10-10T15:32:30.413
7472267,71124065,601,null,null,2017-02-01T06:08:30.390
411316,3957785,608,null,null,2010-09-19T02:54:34.807
2642059,44994719,609,null,null,2015-02-04T14:11:15.470
1983338,89004214,611,null,null,2018-06-23T21:52:47.340
1615,83997,622,null,null,2008-10-17T15:43:32.210
47341,1075073,622,null,null,2009-08-08T10:39:50.250
96780,15749319,622,null,null,2012-08-07T09:48:32.763
4279,60198,623,null,null,2008-10-06T20:06:37.500
20426,1079643,623,null,null,2009-08-10T01:12:34.627
310574,2276761,623,null,null,2010-02-22T08:01:22.743
139985,33563769,623,null,null,2014-03-02T01:57:35.440
4156577,61058380,623,null,null,2016-04-20T08:27:35.967
9482057,137124157,623,null,null,2024-01-08T20:02:04.250
1695,2175538,626,null,null,2010-02-08T13:03:48.873
344923,22346864,626,null,null,2013-03-31T13:13:38.650
2128295,66364485,626,null,null,2016-09-16T05:58:44.043
2045611,21050817,629,null,null,2013-02-20T20:10:35.793
222893,41878321,629,null,null,2014-10-29T16:14:58.600
25868,13376981,650,null,null,2012-04-29T23:54:46.567
52277,80919565,650,null,null,2017-10-28T04:34:45.033
81411,2976592,655,null,null,2010-05-27T18:15:18.410
67258,9841000,655,null,null,2011-11-07T14:35:44.763
3504007,49325914,655,null,null,2015-06-03T20:31:01.853
81411,49408568,655,null,null,2015-06-05T18:24:57.360
1016343,76383648,655,null,null,2017-06-22T13:12:27.400
805266,37145319,667,null,null,2014-06-06T15:17:17.100
42106,554990,679,null,null,2009-04-13T10:18:16.063
340142,20316209,679,null,null,2013-01-28T11:44:32.570
592323,22745487,679,null,null,2013-04-11T21:57:03.777
18265,550585,699,null,null,2009-04-10T21:37:14.820
497418,5681144,699,null,null,2011-02-21T22:14:24.813
719023,9695853,699,null,null,2011-10-28T22:32:49.560
2571043,32001685,699,null,null,2014-01-20T20:33:56.370
1721298,30813098,705,null,null,2013-12-15T12:53:22.917
91,85562,707,null,null,2008-10-18T15:05:20.943
714,24675331,707,null,null,2008-08-10T09:08:09.493
1721298,30812974,707,null,null,2013-12-15T12:46:47.230
1350209,13850766,709,null,null,2012-05-20T16:09:33.133
17360,575088,712,null,null,2009-04-18T09:05:01.767
277767,4574122,723,null,null,2010-11-19T15:49:47.790
242933,5630738,723,null,null,2011-02-17T19:13:40.003
498594,8235123,723,null,null,2011-08-02T15:10:09.740
498594,8235326,723,null,null,2011-08-02T15:20:46.233
264084,19355967,723,null,null,2012-12-24T03:13:08.530
909266,19854434,723,null,null,2013-01-12T16:35:08.063
1555312,26323308,723,null,null,2013-08-01T18:24:53.030
1445986,94418177,723,null,null,2018-12-14T16:19:03.277
192,23701,725,null,null,2008-09-22T14:20:09.083
205,23992,725,null,null,2008-09-22T15:50:53.670
91,24675309,730,null,null,2008-08-03T16:06:09.190
10942736,112239409,735,null,null,2020-08-18T16:28:16.497
16940,3068040,747,null,null,2010-06-09T04:22:58.033
101999,3068052,747,null,null,2010-06-09T04:27:50.277
306651,4831867,747,null,null,2010-12-13T09:47:28.403
47773,10086758,747,null,null,2011-11-21T01:01:55.263
2766176,58157,751,null,null,2008-10-06T01:19:52.067
7390686,122660362,752,null,null,2020-08-13T11:43:46.157
15259,44341,754,null,null,2008-09-29T22:53:06.143
687190,34026077,755,null,null,2014-03-13T15:08:47.883
1951524,89618696,755,null,null,2018-07-13T09:13:20.423
398630,92597336,755,null,null,2018-10-16T17:14:01.740
98814,95344394,755,null,null,2019-01-18T19:16:00.000
234667,13683517,759,null,null,2012-05-13T04:49:48.420
96,1157004,768,null,null,2009-08-24T16:25:54.440
1816687,68014828,768,null,null,2016-11-02T13:45:46.853
16044,48198349,769,null,null,2008-09-26T19:46:42.373
1292003,101289352,773,null,null,2019-08-08T01:02:19.533
157237,2213572,781,null,null,2010-02-12T19:11:53.683
1178890,78944912,781,null,null,2017-09-01T02:24:18.547
1577947,73639411,783,null,null,2017-04-07T19:22:10.560
5615873,86092343,783,null,null,2018-03-28T19:14:07.450
799988,110824458,783,null,null,2020-07-01T01:23:13.480
1741868,877225,787,null,null,2009-06-30T18:10:04.220
8741,125268798,791,null,null,2022-01-26T07:37:10.717
25844,11992623,794,null,null,2012-02-28T04:01:34.757
34440,48716918,794,null,null,2015-05-18T18:55:45.253
157,48750792,794,null,null,2015-05-19T14:14:30.937
284111,49443601,794,null,null,2015-06-07T10:28:03.393
757459,54632120,794,null,null,2015-10-29T17:53:45.237
123998,5348703,797,null,null,2011-01-27T21:57:48.037
217071,5635095,797,null,null,2011-02-18T01:33:02.087
530153,8053929,797,null,null,2011-07-22T08:04:51.997
29805,8359759,797,null,null,2011-08-09T20:20:40.453
692799,12846849,797,null,null,2012-04-06T10:26:25.660
88409,45212031,797,null,null,2015-02-10T20:30:25.127
401643,65720406,797,null,null,2016-08-28T09:38:36.780
177227,2810211,799,null,null,2010-05-05T19:07:47.820
162,2819842,799,null,null,2010-05-06T21:18:44.450
177227,2825474,799,null,null,2010-05-07T14:58:24.440
null,2155708,840,null,null,2010-02-05T02:55:23.063
2268,8764901,845,null,null,2008-09-01T08:18:20.467
113,8764903,845,null,null,2008-08-04T01:05:30.413
1271978,116718198,845,null,null,2021-02-02T17:54:34.063
1872046,120259170,845,null,null,2021-06-18T19:06:39.317
1463681,58881371,849,null,null,2016-02-24T09:35:01.820
16385213,124730459,849,null,null,2022-01-02T21:19:36.783
93,125904604,849,null,null,2022-02-22T21:33:29.480
33412,129430,873,null,null,2008-11-10T07:44:29.317
108238,4004640,873,null,null,2010-09-23T18:22:36.893
65977,4696315,873,null,null,2010-12-01T08:53:49.280
286871,7171190,873,null,null,2011-05-29T17:56:28.757
33244,276202,875,null,null,2009-01-19T03:13:13.160
91,276553,875,null,null,2009-01-19T07:29:47.450
64423,348280,875,null,null,2009-02-11T05:40:07.033
91,349022,875,null,null,2009-02-11T12:26:44.373
99354,626067,875,null,null,2009-05-03T09:55:09.447
91,1071895,875,null,null,2009-08-07T15:30:09.677
44540,1417214,875,null,null,2009-10-13T06:13:00.407
91,1882172,875,null,null,2009-12-28T04:52:38.037
73656,1966850,875,null,null,2010-01-11T10:29:00.800
134848,2536815,875,null,null,2010-03-29T09:24:44.890
91,2735837,875,null,null,2010-04-26T04:09:18.020
35364,2735891,875,null,null,2010-04-26T04:30:21.877
64423,3245782,875,null,null,2010-07-01T10:36:20.753
91,3249880,875,null,null,2010-07-01T18:00:44.787
64423,3330820,875,null,null,2010-07-12T09:46:59.953
368544,4120958,875,null,null,2010-10-06T14:04:23.423
389745,4352263,875,null,null,2010-10-29T14:37:09.120
174971,4541879,875,null,null,2010-11-17T02:27:56.110
457853,4704749,875,null,null,2010-12-01T21:21:35.770
174284,5407530,875,null,null,2011-02-01T16:59:58.617
374953,7023998,875,null,null,2011-05-20T00:32:36.007
80112,9083090,875,null,null,2011-09-21T14:51:01.107
46058,349534,876,null,null,2009-02-11T14:58:38.097
46642,1246178,876,null,null,2009-09-10T11:02:25.277
661933,55330324,879,null,null,2015-11-18T13:56:52.340
4407063,97651520,879,null,null,2019-04-02T08:38:10.373
147601,1121492,880,null,null,2009-08-17T23:44:20.117
346921,108765493,880,null,null,2020-04-28T16:57:12.060
86989,28249456,881,null,null,2013-10-01T00:03:01.123
4974784,113859287,881,null,null,2020-10-16T13:18:45.810
null,2155711,884,null,null,2010-02-05T02:56:20.520
1244126,30070988,885,null,null,2013-11-24T06:06:01.487
1577649,44570086,885,null,null,2015-01-22T19:31:39.470
953566,60441045,885,null,null,2016-04-04T20:54:31.300
4512651,67141115,885,null,null,2016-10-08T05:31:34.630
1951524,76217018,885,null,null,2017-06-18T13:21:56.620
2526181,115167374,885,null,null,2020-12-04T12:20:19.890
8740349,134388120,885,null,null,2023-05-09T03:47:49.820
46058,389096,886,null,null,2009-02-23T10:44:35.597
55075,26534427,888,null,null,2013-08-08T09:10:10.463
1114320,32457722,888,null,null,2014-02-01T17:07:13.680
371016,35563033,888,null,null,2014-04-23T11:26:42.290
1966091,36056467,888,null,null,2014-05-07T05:26:25.253
668027,45013739,888,null,null,2015-02-04T23:18:19.243
3326275,48741244,888,null,null,2015-05-19T10:42:16.810
887092,59611505,888,null,null,2016-03-14T02:43:47.460
755692,12814761,890,null,null,2012-04-05T00:05:10.167
112000,33033227,890,null,null,2014-02-17T10:09:46.067
1598891,33993072,890,null,null,2014-03-12T20:36:18.003
535122,35632875,890,null,null,2014-04-24T21:42:50.877
385953,40908484,890,null,null,2014-09-29T16:16:29.177
1665649,42884721,890,null,null,2014-11-29T08:57:57.747
938236,43949711,890,null,null,2015-01-04T19:29:24.767
1262357,58001452,890,null,null,2016-02-01T21:21:13.347
887092,59152399,890,null,null,2016-03-02T05:40:03.883
350193,28712119,891,null,null,2013-10-15T07:07:45.043
46058,349540,893,null,null,2009-02-11T14:59:55.817
121828,4068047,893,null,null,2010-09-30T14:03:56.307
234,4071488,893,null,null,2010-09-30T19:32:32.373
234,4071526,893,null,null,2010-09-30T19:36:36.263
7211,29814,894,null,null,2008-09-24T11:13:32.493
86989,28249463,897,null,null,2013-10-01T00:03:33.123
96,81780,904,null,null,2008-10-16T17:53:11.450
96,81784,904,null,null,2008-10-16T17:54:35.723
527702,18493421,904,null,null,2012-11-22T10:39:27.257
104380,67041390,904,null,null,2016-10-05T14:54:55.147
15639,303767,906,null,null,2009-01-28T13:05:27.243
64423,352931,910,null,null,2009-02-12T10:31:14.030
44540,487597,910,null,null,2009-03-23T16:42:47.920
13744,1071776,910,null,null,2009-08-07T15:09:46.060
53107,1073254,910,null,null,2009-08-07T19:59:17.340
50158,3447077,910,null,null,2010-07-24T09:23:12.930
96,88964,911,null,null,2008-10-20T22:02:07.030
414220,17703223,911,null,null,2012-10-23T21:05:04.670
10245,12952369,912,null,null,2012-04-11T15:47:07.347
95353,13895954,921,null,null,2012-05-22T13:36:56.947
150577,3111079,931,null,null,2010-06-14T20:27:25.013
61,5280820,931,null,null,2011-01-22T23:30:01.683
201780,15928011,938,null,null,2012-08-14T14:02:20.683
1001286,18333463,938,null,null,2012-11-16T12:37:08.227
332936,56841086,938,null,null,2015-12-31T17:09:32.230
204,16043418,942,null,null,2008-08-04T02:18:30.593
296974,37009654,982,null,null,2014-06-03T10:06:33.670
1812732,127309525,982,null,null,2022-04-28T21:15:51.110
2976,21276425,1005,null,null,2008-08-26T10:14:23.590
125179,1649064,1026,null,null,2009-11-19T17:20:31.247
121921,1984639,1033,null,null,2010-01-13T13:45:19.720
532238,20602435,1033,null,null,2013-02-06T10:26:11.407
null,13675820,1037,null,null,2008-08-04T06:35:44.397
477420,36687102,1039,null,null,2014-05-24T04:13:11.550
1181535,70987592,1040,null,null,2017-01-27T20:43:40.243
103,10313996,1041,null,null,2008-08-06T16:16:31.837
null,10314005,1041,null,null,2008-08-11T06:10:13.970
649665,26515263,1041,null,null,2013-08-07T18:17:00.320
null,36132602,1041,null,null,2014-05-08T18:49:16.990
649665,36150428,1041,null,null,2014-05-09T08:16:44.780
55,15063551,1042,null,null,2008-08-04T06:04:41.900
107625,16119050,1044,null,null,2012-08-22T07:21:25.970
30698,221124,1053,null,null,2008-12-26T20:26:28.360
13,9112559,1053,null,null,2011-09-23T00:41:40.437
590042,9112577,1053,null,null,2011-09-23T00:43:31.867
13,9112594,1053,null,null,2011-09-23T00:45:58.047
590042,9112624,1053,null,null,2011-09-23T00:49:15.483
13,9112706,1053,null,null,2011-09-23T00:59:33.797
7128034,74705829,1053,null,null,2017-05-07T17:35:43.817
2756409,129236813,1053,null,null,2022-07-30T13:37:41.613
312471,33059973,1056,null,null,2014-02-17T23:04:10.073
13,51487478,1057,null,null,2008-08-04T06:36:06.440
198244,1773805,1065,null,null,2009-12-09T16:32:33.113
640517,16595893,1065,null,null,2012-09-10T19:37:22.867
116,16599966,1065,null,null,2012-09-10T23:15:43.707
1737,2435444,1069,null,null,2010-03-15T15:49:00.287
103,8894379,1069,null,null,2008-08-05T21:03:11.913
257,15937629,1069,null,null,2008-08-06T12:36:16.710
342,15937660,1069,null,null,2008-08-06T12:49:02.237
46058,17447669,2042,2,svn,2012-10-14T18:45:48.483
46058,17447669,2042,2,version-control,2012-10-14T18:45:48.483
46058,17447669,2042,2,branch,2012-10-14T18:45:48.483
46058,17447669,2042,2,branching-and-merging,2012-10-14T18:45:48.483
46058,17455511,2042,2,svn,2012-10-15T05:54:57.950
46058,17455511,2042,2,version-control,2012-10-15T05:54:57.950
46058,17455511,2042,2,branch,2012-10-15T05:54:57.950
46058,17455511,2042,2,branching-and-merging,2012-10-15T05:54:57.950
2242359,26980382,2042,2,svn,2013-08-22T07:31:16.620
2242359,26980382,2042,2,version-control,2013-08-22T07:31:16.620
2242359,26980382,2042,2,branch,2013-08-22T07:31:16.620
2242359,26980382,2042,2,branching-and-merging,2013-08-22T07:31:16.620
630176,47956314,2042,2,svn,2015-04-28T11:04:18.370
630176,47956314,2042,2,version-control,2015-04-28T11:04:18.370
630176,47956314,2042,2,branch,2015-04-28T11:04:18.370
630176,47956314,2042,2,branching-and-merging,2015-04-28T11:04:18.370
2388257,63633955,2042,2,svn,2016-06-29T12:45:21.233
2388257,63633955,2042,2,version-control,2016-06-29T12:45:21.233
2388257,63633955,2042,2,branch,2016-06-29T12:45:21.233
2388257,63633955,2042,2,branching-and-merging,2016-06-29T12:45:21.233
2388257,63634442,2042,2,svn,2016-06-29T12:55:57.207
2388257,63634442,2042,2,version-control,2016-06-29T12:55:57.207
2388257,63634442,2042,2,branch,2016-06-29T12:55:57.207
2388257,63634442,2042,2,branching-and-merging,2016-06-29T12:55:57.207
1889329,137462674,2043,1,windows,2024-02-10T14:01:27.120
1889329,137462674,2043,1,delphi,2024-02-10T14:01:27.120
1889329,137462674,2043,1,winapi,2024-02-10T14:01:27.120
1889329,137462674,2043,1,dll,2024-02-10T14:01:27.120
1889329,137462674,2043,1,path,2024-02-10T14:01:27.120
744588,11543009,2044,2,windows,2012-02-07T11:42:11.220
744588,11543009,2044,2,delphi,2012-02-07T11:42:11.220
744588,11543009,2044,2,winapi,2012-02-07T11:42:11.220
744588,11543009,2044,2,dll,2012-02-07T11:42:11.220
744588,11543009,2044,2,path,2012-02-07T11:42:11.220
2047725,42515464,2044,2,windows,2014-11-18T10:36:50.257
2047725,42515464,2044,2,delphi,2014-11-18T10:36:50.257
2047725,42515464,2044,2,winapi,2014-11-18T10:36:50.257
2047725,42515464,2044,2,dll,2014-11-18T10:36:50.257
2047725,42515464,2044,2,path,2014-11-18T10:36:50.257
7852,69381990,2056,1,user-interface,2016-12-11T16:51:08.013
7852,69381990,2056,1,model-view-controller,2016-12-11T16:51:08.013
7852,69381990,2056,1,design-patterns,2016-12-11T16:51:08.013
7852,69381990,2056,1,terminology,2016-12-11T16:51:08.013
7852,69381990,2056,1,mvp,2016-12-11T16:51:08.013
172274,78998763,2056,1,user-interface,2017-09-03T01:19:59.887
172274,78998763,2056,1,model-view-controller,2017-09-03T01:19:59.887
172274,78998763,2056,1,design-patterns,2017-09-03T01:19:59.887
172274,78998763,2056,1,terminology,2017-09-03T01:19:59.887
172274,78998763,2056,1,mvp,2017-09-03T01:19:59.887
2715384,83903044,2056,1,user-interface,2018-01-26T02:33:20.367
2715384,83903044,2056,1,model-view-controller,2018-01-26T02:33:20.367
2715384,83903044,2056,1,design-patterns,2018-01-26T02:33:20.367
2715384,83903044,2056,1,terminology,2018-01-26T02:33:20.367
2715384,83903044,2056,1,mvp,2018-01-26T02:33:20.367
4514796,85724434,2056,1,user-interface,2018-03-19T11:49:00.077
4514796,85724434,2056,1,model-view-controller,2018-03-19T11:49:00.077
4514796,85724434,2056,1,design-patterns,2018-03-19T11:49:00.077
4514796,85724434,2056,1,terminology,2018-03-19T11:49:00.077
4514796,85724434,2056,1,mvp,2018-03-19T11:49:00.077
9863904,99434260,2056,1,user-interface,2019-06-02T22:17:14.953
9863904,99434260,2056,1,model-view-controller,2019-06-02T22:17:14.953
9863904,99434260,2056,1,design-patterns,2019-06-02T22:17:14.953
9863904,99434260,2056,1,terminology,2019-06-02T22:17:14.953
9863904,99434260,2056,1,mvp,2019-06-02T22:17:14.953
727208,14517715,2067,2,user-interface,2012-06-18T17:26:32.063
727208,14517715,2067,2,model-view-controller,2012-06-18T17:26:32.063
727208,14517715,2067,2,design-patterns,2012-06-18T17:26:32.063
727208,14517715,2067,2,terminology,2012-06-18T17:26:32.063
727208,14517715,2067,2,mvp,2012-06-18T17:26:32.063
364,14528552,2067,2,user-interface,2012-06-19T05:08:20.257
364,14528552,2067,2,model-view-controller,2012-06-19T05:08:20.257
364,14528552,2067,2,design-patterns,2012-06-19T05:08:20.257
364,14528552,2067,2,terminology,2012-06-19T05:08:20.257
364,14528552,2067,2,mvp,2012-06-19T05:08:20.257
12943,9301485,2068,2,user-interface,2011-10-05T00:25:40.090
12943,9301485,2068,2,model-view-controller,2011-10-05T00:25:40.090
12943,9301485,2068,2,design-patterns,2011-10-05T00:25:40.090
12943,9301485,2068,2,terminology,2011-10-05T00:25:40.090
12943,9301485,2068,2,mvp,2011-10-05T00:25:40.090
null,14466625,2068,2,user-interface,2012-06-15T19:36:23.893
null,14466625,2068,2,model-view-controller,2012-06-15T19:36:23.893
null,14466625,2068,2,design-patterns,2012-06-15T19:36:23.893
null,14466625,2068,2,terminology,2012-06-15T19:36:23.893
null,14466625,2068,2,mvp,2012-06-15T19:36:23.893
372,14800320,2068,2,user-interface,2012-06-29T09:46:41.053
372,14800320,2068,2,model-view-controller,2012-06-29T09:46:41.053
372,14800320,2068,2,design-patterns,2012-06-29T09:46:41.053
372,14800320,2068,2,terminology,2012-06-29T09:46:41.053
372,14800320,2068,2,mvp,2012-06-29T09:46:41.053
2069269,29620254,2068,2,user-interface,2013-11-11T14:12:24.740
2069269,29620254,2068,2,model-view-controller,2013-11-11T14:12:24.740
2069269,29620254,2068,2,design-patterns,2013-11-11T14:12:24.740
2069269,29620254,2068,2,terminology,2013-11-11T14:12:24.740
2069269,29620254,2068,2,mvp,2013-11-11T14:12:24.740
133747,34230658,2068,2,user-interface,2014-03-19T07:55:12.083
133747,34230658,2068,2,model-view-controller,2014-03-19T07:55:12.083
133747,34230658,2068,2,design-patterns,2014-03-19T07:55:12.083
133747,34230658,2068,2,terminology,2014-03-19T07:55:12.083
133747,34230658,2068,2,mvp,2014-03-19T07:55:12.083
2401535,59255366,2068,2,user-interface,2016-03-04T09:47:41.093
2401535,59255366,2068,2,model-view-controller,2016-03-04T09:47:41.093
2401535,59255366,2068,2,design-patterns,2016-03-04T09:47:41.093
2401535,59255366,2068,2,terminology,2016-03-04T09:47:41.093
2401535,59255366,2068,2,mvp,2016-03-04T09:47:41.093
2401535,59255435,2068,2,user-interface,2016-03-04T09:49:26.570
2401535,59255435,2068,2,model-view-controller,2016-03-04T09:49:26.570
2401535,59255435,2068,2,design-patterns,2016-03-04T09:49:26.570
2401535,59255435,2068,2,terminology,2016-03-04T09:49:26.570
2401535,59255435,2068,2,mvp,2016-03-04T09:49:26.570
1602584,75702634,2068,2,user-interface,2017-06-04T02:01:35.640
1602584,75702634,2068,2,model-view-controller,2017-06-04T02:01:35.640
1602584,75702634,2068,2,design-patterns,2017-06-04T02:01:35.640
1602584,75702634,2068,2,terminology,2017-06-04T02:01:35.640
1602584,75702634,2068,2,mvp,2017-06-04T02:01:35.640
1602584,75723597,2069,2,user-interface,2017-06-05T02:33:59.090
1602584,75723597,2069,2,model-view-controller,2017-06-05T02:33:59.090
1602584,75723597,2069,2,design-patterns,2017-06-05T02:33:59.090
1602584,75723597,2069,2,terminology,2017-06-05T02:33:59.090
1602584,75723597,2069,2,mvp,2017-06-05T02:33:59.090
269,10042929,2070,2,rss,2008-08-05T10:50:49.233
37055,1647824,2073,2,sql-server,2009-11-19T14:50:55.623
37055,1647824,2073,2,unit-testing,2009-11-19T14:50:55.623
37055,1647824,2073,2,tdd,2009-11-19T14:50:55.623
5058,66173,2123,1,html,2008-10-08T23:01:54.650
5058,66173,2123,1,checkbox,2008-10-08T23:01:54.650
753632,79797895,2133,2,html,2017-09-26T07:33:37.340
753632,79797895,2133,2,checkbox,2017-09-26T07:33:37.340
232593,3818126,2134,1,.net,2010-09-03T07:02:02.060
232593,3818126,2134,1,performance,2010-09-03T07:02:02.060
232593,3818126,2134,1,optimization,2010-09-03T07:02:02.060
274340,3818143,2134,1,.net,2010-09-03T07:04:16.990
274340,3818143,2134,1,performance,2010-09-03T07:04:16.990
274340,3818143,2134,1,optimization,2010-09-03T07:04:16.990
83695,4235090,2134,1,.net,2010-10-18T18:15:20.153
83695,4235090,2134,1,performance,2010-10-18T18:15:20.153
83695,4235090,2134,1,optimization,2010-10-18T18:15:20.153
285465,11830709,2134,1,.net,2010-09-03T07:15:30.063
285465,11830709,2134,1,performance,2010-09-03T07:15:30.063
285465,11830709,2134,1,optimization,2010-09-03T07:15:30.063
281678,11830710,2134,1,.net,2010-09-03T07:33:04.427
281678,11830710,2134,1,performance,2010-09-03T07:33:04.427
281678,11830710,2134,1,optimization,2010-09-03T07:33:04.427
285465,11830711,2134,1,.net,2010-09-03T08:10:55.927
285465,11830711,2134,1,performance,2010-09-03T08:10:55.927
285465,11830711,2134,1,optimization,2010-09-03T08:10:55.927
343957,14768645,2134,1,.net,2012-06-28T07:49:23.217
343957,14768645,2134,1,performance,2012-06-28T07:49:23.217
343957,14768645,2134,1,optimization,2012-06-28T07:49:23.217
343957,14768685,2134,1,.net,2012-06-28T07:51:29.317
343957,14768685,2134,1,performance,2012-06-28T07:51:29.317
343957,14768685,2134,1,optimization,2012-06-28T07:51:29.317
126537,121035422,2134,1,.net,2021-07-22T13:41:38.420
126537,121035422,2134,1,performance,2021-07-22T13:41:38.420
126537,121035422,2134,1,optimization,2021-07-22T13:41:38.420
3566,221483,2146,2,.net,2008-12-27T04:28:22.910
3566,221483,2146,2,linq,2008-12-27T04:28:22.910
3566,221483,2146,2,.net-3.5,2008-12-27T04:28:22.910
3566,221483,2146,2,.net-2.0,2008-12-27T04:28:22.910
3566,221483,2146,2,clr,2008-12-27T04:28:22.910
24231,690295,2146,2,.net,2009-05-19T15:46:09.080
24231,690295,2146,2,linq,2009-05-19T15:46:09.080
24231,690295,2146,2,.net-3.5,2009-05-19T15:46:09.080
24231,690295,2146,2,.net-2.0,2009-05-19T15:46:09.080
24231,690295,2146,2,clr,2009-05-19T15:46:09.080
59202,31657024,2146,2,.net,2014-01-10T20:52:27.680
59202,31657024,2146,2,linq,2014-01-10T20:52:27.680
59202,31657024,2146,2,.net-3.5,2014-01-10T20:52:27.680
59202,31657024,2146,2,.net-2.0,2014-01-10T20:52:27.680
59202,31657024,2146,2,clr,2014-01-10T20:52:27.680
2596334,73502202,2146,2,.net,2017-04-04T18:50:10.267
2596334,73502202,2146,2,linq,2017-04-04T18:50:10.267
2596334,73502202,2146,2,.net-3.5,2017-04-04T18:50:10.267
2596334,73502202,2146,2,.net-2.0,2017-04-04T18:50:10.267
2596334,73502202,2146,2,clr,2017-04-04T18:50:10.267
24231,690338,2147,2,.net,2009-05-19T15:51:35.600
24231,690338,2147,2,linq,2009-05-19T15:51:35.600
24231,690338,2147,2,.net-3.5,2009-05-19T15:51:35.600
24231,690338,2147,2,.net-2.0,2009-05-19T15:51:35.600
24231,690338,2147,2,clr,2009-05-19T15:51:35.600
559648,18983175,2147,2,.net,2012-12-10T12:21:23.143
559648,18983175,2147,2,linq,2012-12-10T12:21:23.143
559648,18983175,2147,2,.net-3.5,2012-12-10T12:21:23.143
559648,18983175,2147,2,.net-2.0,2012-12-10T12:21:23.143
559648,18983175,2147,2,clr,2012-12-10T12:21:23.143
91,18990539,2147,2,.net,2012-12-10T16:21:52.313
91,18990539,2147,2,linq,2012-12-10T16:21:52.313
91,18990539,2147,2,.net-3.5,2012-12-10T16:21:52.313
91,18990539,2147,2,.net-2.0,2012-12-10T16:21:52.313
91,18990539,2147,2,clr,2012-12-10T16:21:52.313
559648,20985581,2147,2,.net,2013-02-19T05:58:01.000
559648,20985581,2147,2,linq,2013-02-19T05:58:01.000
559648,20985581,2147,2,.net-3.5,2013-02-19T05:58:01.000
559648,20985581,2147,2,.net-2.0,2013-02-19T05:58:01.000
559648,20985581,2147,2,clr,2013-02-19T05:58:01.000
13541,65187550,2147,2,.net,2016-08-12T10:00:40.323
13541,65187550,2147,2,linq,2016-08-12T10:00:40.323
13541,65187550,2147,2,.net-3.5,2016-08-12T10:00:40.323
13541,65187550,2147,2,.net-2.0,2016-08-12T10:00:40.323
13541,65187550,2147,2,clr,2016-08-12T10:00:40.323
9345,77550,2183,2,.net,2008-10-14T21:52:17.833
9345,77550,2183,2,performance,2008-10-14T21:52:17.833
9345,77550,2183,2,optimization,2008-10-14T21:52:17.833
9345,77551,2183,2,.net,2008-10-14T21:53:16.193
9345,77551,2183,2,performance,2008-10-14T21:53:16.193
9345,77551,2183,2,optimization,2008-10-14T21:53:16.193
9345,77558,2183,2,.net,2008-10-14T21:55:16.347
9345,77558,2183,2,performance,2008-10-14T21:55:16.347
9345,77558,2183,2,optimization,2008-10-14T21:55:16.347
9345,77560,2183,2,.net,2008-10-14T21:57:11.770
9345,77560,2183,2,performance,2008-10-14T21:57:11.770
9345,77560,2183,2,optimization,2008-10-14T21:57:11.770
13552,1653948,2183,2,.net,2009-11-20T09:58:55.500
13552,1653948,2183,2,performance,2009-11-20T09:58:55.500
13552,1653948,2183,2,optimization,2009-11-20T09:58:55.500
267,1657595,2183,2,.net,2009-11-20T19:07:23.280
267,1657595,2183,2,performance,2009-11-20T19:07:23.280
267,1657595,2183,2,optimization,2009-11-20T19:07:23.280
576857,94560706,2183,2,.net,2018-12-19T17:33:01.763
576857,94560706,2183,2,performance,2018-12-19T17:33:01.763
576857,94560706,2183,2,optimization,2018-12-19T17:33:01.763
234,11830648,2189,2,.net,2012-02-20T21:04:54.030
234,11830648,2189,2,performance,2012-02-20T21:04:54.030
234,11830648,2189,2,optimization,2012-02-20T21:04:54.030
51,7302510,2196,1,asp.net,2008-08-06T12:51:44.510
51,7302510,2196,1,ajax,2008-08-06T12:51:44.510
51,7302510,2196,1,web-controls,2008-08-06T12:51:44.510
196919,64625964,2209,null,null,2016-07-27T18:00:56.253
40,18588599,2213,null,null,2008-08-06T22:58:35.237
12381813,132687013,2222,null,null,2023-01-21T09:33:08.703
32726,1195207,2223,null,null,2009-08-31T17:21:39.670
423544,14235725,2223,null,null,2012-06-06T14:06:33.637
128421,74069894,2232,null,null,2017-04-19T23:21:04.733
184212,87962624,2232,null,null,2018-05-22T18:47:34.513
498594,94171948,2232,null,null,2018-12-06T17:31:53.397
196919,64625079,2233,null,null,2016-07-27T17:34:33.217
440336,4830362,2245,null,null,2010-12-13T05:51:59.087
1291492,71575956,2245,null,null,2017-02-13T15:14:43.717
6624,15617849,2250,null,null,2008-09-15T13:38:09.703
23354,111157819,2250,null,null,2020-07-12T08:42:29.197
3187803,111748782,2250,null,null,2020-07-31T15:53:12.970
23354,111757865,2250,null,null,2020-07-31T22:52:45.777
2422,896436,2254,null,null,2009-07-05T00:17:55.873
null,8262496,2262,null,null,2011-08-03T12:26:13.550
225,88774115,2262,null,null,2008-08-05T13:28:32.097
2386040,82384795,2264,null,null,2017-12-08T10:31:31.490
5202687,60016927,2267,null,null,2016-03-24T00:10:42.143
5202687,60044285,2267,null,null,2016-03-24T16:43:21.687
51949,334596,2268,null,null,2009-02-06T17:13:32.860
17,719381,2268,null,null,2009-05-26T16:14:42.767
5662,14832611,2308,null,null,2008-12-14T21:29:15.810
107510,2411645,2310,null,null,2010-03-11T19:37:29.343
43681,23088608,2310,null,null,2013-04-22T21:42:39.510
176423,85757164,2310,null,null,2018-03-20T07:15:35.307
165435,1669957,2316,null,null,2009-11-23T14:16:27.023
259,3200315,2316,null,null,2010-06-25T13:00:23.037
48082,2475384,2335,null,null,2010-03-20T13:39:35.673
52499,36978391,2350,null,null,2014-06-02T13:24:18.747
765271,50008186,2350,null,null,2015-06-22T20:24:53.767
2896533,69260816,2350,null,null,2016-12-07T20:28:18.113
192,7302514,2373,null,null,2008-08-05T14:44:36.327
401636,63434073,2376,null,null,2016-06-23T14:59:20.147
311108,9758780,2382,null,null,2011-11-02T11:55:27.663
329494,10515802,2382,null,null,2011-12-13T22:33:00.820
1112636,11813739,2382,null,null,2012-02-20T05:46:07.997
315850,13316107,2382,null,null,2012-04-26T18:27:27.387
432976,45752290,2382,null,null,2015-02-26T02:18:02.097
289430,62067313,2382,null,null,2016-05-17T08:15:41.203
968244,76440645,2382,null,null,2017-06-23T19:50:11.217
968244,76440667,2382,null,null,2017-06-23T19:50:55.693
5824843,95213077,2382,null,null,2019-01-15T04:37:12.087
2246475,36865955,2393,null,null,2014-05-29T14:20:47.843
524759,17110070,2400,null,null,2012-10-01T17:37:18.963
10293,20626937,2400,null,null,2013-02-06T23:20:46.227
1127485,20896204,2400,null,null,2013-02-15T16:19:44.120
1127485,20896550,2400,null,null,2013-02-15T16:29:47.447
841064,20944734,2400,null,null,2013-02-17T22:19:50.697
1500195,35745535,2400,null,null,2014-04-28T13:34:36.187
2392172,45287422,2400,null,null,2015-02-12T16:29:39.360
1132101,46271475,2400,null,null,2015-03-12T15:05:10.030
407732,48723767,2400,null,null,2015-05-18T23:09:36.250
5185210,62160974,2400,null,null,2016-05-19T10:39:35.187
650475,102049586,2400,null,null,2019-09-05T15:46:38.543
2392172,115150650,2400,null,null,2020-12-03T20:12:03.060
501266,115152245,2400,null,null,2020-12-03T21:18:17.757
790981,129487161,2400,null,null,2022-08-11T14:08:54.797
869936,135183874,2400,null,null,2023-07-13T05:39:16.013
1796,41375,2421,null,null,2008-09-28T19:00:00.457
1601,83213,2421,null,null,2008-10-17T09:43:41.313
41981,952393,2421,null,null,2009-07-15T23:26:00.883
41981,952401,2421,null,null,2009-07-15T23:28:06.963
414,7662042,2432,null,null,2008-08-05T14:58:39.497
411,8817989,2432,null,null,2008-08-05T15:08:09.587
95,8817990,2432,null,null,2009-12-09T23:05:51.910
109102,1005644,2436,null,null,2009-07-26T07:11:52.933
95,2061418,2440,null,null,2010-01-23T14:54:53.787
95,3911719,2442,null,null,2010-09-14T12:00:00.897
517914,10530672,2452,null,null,2011-12-14T15:53:49.047
1606323,23952098,2471,null,null,2013-05-20T14:43:44.100
373553,58065398,2471,null,null,2016-02-03T10:11:30.480
5314,2550517,2483,null,null,2010-03-30T21:35:26.177
2157772,28516429,2483,null,null,2013-10-09T02:17:07.827
91,28516542,2483,null,null,2013-10-09T02:25:42.283
558243,18349669,2486,null,null,2012-11-16T14:23:37.383
524975,76745129,2488,null,null,2017-07-03T10:42:30.187
135566,91495266,2488,null,null,2018-09-11T10:37:59.890
1807836,121155704,2488,null,null,2021-07-28T04:48:12.533
143979,2275258,2495,null,null,2010-02-22T01:32:24.197
91,2275285,2495,null,null,2010-02-22T01:40:17.830
199217,4851023,2495,null,null,2010-12-14T18:45:55.273
348503,5505258,2495,null,null,2011-02-08T20:30:08.470
64911,21253476,2495,null,null,2013-02-27T06:45:50.850
null,31361037,2495,null,null,2014-01-03T00:58:51.163
622864,37588363,2495,null,null,2014-06-20T01:41:50.443
1370896,39569643,2495,null,null,2014-08-19T01:54:39.410
3550063,39715669,2495,null,null,2014-08-22T18:05:02.703
247893,41380981,2495,null,null,2014-10-14T13:06:14.333
18333,51763019,2495,null,null,2015-08-10T17:06:47.053
97964,65928669,2495,null,null,2016-09-02T16:58:38.613
3779853,71823453,2495,null,null,2017-02-20T02:18:28.933
null,87777574,2495,null,null,2018-05-16T22:18:35.520
905,13468,2497,null,null,2008-09-18T11:03:09.630
124486,30326539,2509,null,null,2013-12-02T05:18:42.057
578041,97722399,2509,null,null,2019-04-04T05:42:32.670
277,4072,2514,null,null,2008-09-13T10:48:17.010
390977,10404215,2517,null,null,2011-12-07T19:58:50.240
690841,18125243,2517,null,null,2012-11-08T16:21:52.443
514128,33242122,2517,null,null,2014-02-21T19:24:47.770
2218546,83156106,2517,null,null,2018-01-04T07:55:54.877
515205,74436412,2518,null,null,2014-05-09T19:32:28.010
2566,100692,2522,null,null,2008-10-25T09:32:00.260
123620,14825299,2524,null,null,2009-07-20T15:26:04.960
44765,958250,2525,null,null,2009-07-16T21:37:49.357
51591,958256,2525,null,null,2009-07-16T21:39:28.447
2263185,56971368,2525,null,null,2016-01-05T13:44:24.693
1480104,98970245,2525,null,null,2019-05-16T15:20:43.900
27194,126387145,2525,null,null,2022-03-17T06:00:14.703
1487529,33727650,2528,null,null,2014-03-06T03:37:36.007
18192,61834287,2528,null,null,2016-05-10T20:19:17.320
1274725,120204765,2528,null,null,2021-06-16T19:36:20.073
16940,9033252,2530,null,null,2009-11-22T05:15:53.403
1839495,117327565,2530,null,null,2021-02-25T08:50:26.233
8372853,122697624,2530,null,null,2021-10-02T18:03:19.767
13784005,130324127,2530,null,null,2022-09-21T19:09:21.860
3724513,135590563,2530,null,null,2023-08-16T13:38:58.313
2304168,136682180,2530,null,null,2023-11-22T14:18:41.050
31015,133631,2531,null,null,2008-11-12T04:11:48.793
6681,276582,2531,null,null,2009-01-19T08:04:08.097
10080,4833209,2531,null,null,2010-12-13T12:11:57.747
525872,5747569,2531,null,null,2011-02-26T00:57:53.303
6487625,123260472,2531,null,null,2021-10-27T05:46:05.497
3301836,123509517,2531,null,null,2021-11-07T09:47:00.253
8462925,127885181,2531,null,null,2022-05-26T11:41:58.280
14199515,135217865,2531,null,null,2023-07-16T01:08:21.930
2287,87405,2536,null,null,2008-10-20T09:01:51.693
16124,665490,2536,null,null,2009-05-13T12:50:36.393
16940,1663708,2536,null,null,2009-11-22T05:11:47.093
89789,2842251,2537,null,null,2010-05-10T16:48:52.813
10080,4833201,2537,null,null,2010-12-13T12:11:25.610
1507210,34354721,2537,null,null,2014-03-21T21:18:42.290
48523,58309518,2537,null,null,2016-02-09T18:41:27.533
4958,6709712,2538,null,null,2011-04-30T15:14:31.920
218294,31451284,2538,null,null,2014-01-06T02:55:32.783
972499,46103831,2538,null,null,2015-03-08T05:58:45.100
1614973,62208875,2538,null,null,2016-05-20T12:09:48.880
298,26103,2543,null,null,2008-09-23T08:26:32.043
716719,25529629,2546,null,null,2013-07-09T14:44:42.403
1297272,26268744,2546,null,null,2013-07-31T12:53:51.460
333819,7016871,2548,null,null,2011-05-19T16:01:28.787
202229,18293429,2548,null,null,2012-11-15T06:46:00.567
201663,44424853,2548,null,null,2015-01-19T06:41:54.143
578041,97759191,2548,null,null,2019-04-05T03:09:50.050
21450,921633,2561,null,null,2009-07-09T21:51:30.997
41861,1282666,4954,null,null,2009-09-17T09:21:56.030
5058,73867,4962,null,null,2008-10-13T10:19:46.140
1705829,82457224,4962,null,null,2017-12-11T08:03:10.207
419,13911947,5002,null,null,2008-08-08T02:02:21.420
64833,9485635,5013,null,null,2011-10-16T23:06:17.427
12923,15061563,5025,null,null,2008-09-19T17:48:18.360
414,15174004,5027,null,null,2008-08-07T17:45:27.973
43337,484844,5029,null,null,2009-03-22T17:40:23.267
47835,665352,5029,null,null,2009-05-13T12:16:06.920
2766176,20950,5041,null,null,2008-09-20T22:09:17.317
287,295697,5042,null,null,2009-01-26T01:46:17.973
1331451,25088237,5048,null,null,2013-06-25T15:12:56.663
31793,2575898,5053,null,null,2010-04-03T07:35:55.093
23571,2622610,5057,null,null,2010-04-10T01:30:17.567
1899,3253857,5057,null,null,2010-07-02T06:25:12.853
null,15161517,5061,null,null,2010-05-09T14:16:11.050
981922,15283010,5071,null,null,2012-07-19T07:13:24.527
26160,136402,5083,null,null,2008-11-13T13:53:22.420
26160,136408,5083,null,null,2008-11-13T13:56:27.750
141172,9992123,8472,null,null,2011-11-15T19:41:29.307
1058,18275207,8472,null,null,2008-08-12T05:32:21.517
143854,1119528,8480,null,null,2009-08-17T17:30:32.837
1111886,22230488,8480,null,null,2013-03-27T15:50:09.110
313445,22644153,8480,null,null,2013-04-09T12:06:02.977
2558610,23465413,8480,null,null,2013-05-04T12:59:26.227
1155387,25033464,8480,null,null,2013-06-24T06:46:32.383
2558610,25139415,8480,null,null,2013-06-26T20:45:10.093
1155387,25144815,8480,null,null,2013-06-27T01:35:20.627
2558610,25206357,8480,null,null,2013-06-28T14:59:50.967
8543,30524017,8480,null,null,2013-12-06T21:29:16.633
735897,49603398,8480,null,null,2015-06-11T09:14:54.313
732673,84429032,8480,null,null,2018-02-09T22:20:53.063
480700,119658560,8480,null,null,2021-05-25T23:58:34.870
1220,919185,11987,null,null,2009-07-09T14:57:41.720
28973,852344,11994,null,null,2009-06-24T23:09:11.743
13376,135230,12002,null,null,2008-11-12T20:28:07.013
598,146686,12002,null,null,2008-11-19T08:49:10.657
1554,15960702,12002,null,null,2008-08-17T16:01:20.637
653,15960703,12002,null,null,2008-08-17T22:54:10.307
12381813,132687655,12008,null,null,2023-01-21T10:55:32.350
453992,79198148,12011,null,null,2017-09-08T13:43:48.513
368120,51398684,12016,null,null,2015-07-30T18:39:08.470
241876,2555024,12018,null,null,2010-03-31T13:00:36.110
3724464,56204100,12018,null,null,2015-12-11T18:28:40.840
2588953,63569139,12018,null,null,2016-06-28T00:25:00.707
9121235,109841330,12018,null,null,2020-05-30T16:02:34.023
2588953,109841876,12018,null,null,2020-05-30T16:24:09.507
53897,3172257,12030,null,null,2010-06-22T14:38:35.617
9437799,136012330,12030,null,null,2023-09-21T18:25:42.820
1335189,27106025,12032,null,null,2013-08-26T14:35:59.203
1124744,19545140,1069,null,null,2013-01-02T11:01:24.943
85360,2933536,1082,null,null,2010-05-21T21:27:06.733
1593860,20820726,1104,null,null,2013-02-13T13:42:55.683
15262489,121697537,1104,null,null,2021-08-20T10:51:11.907
1358124,20507774,1130,null,null,2013-02-03T10:20:27.313
255920,22832801,1130,null,null,2013-04-15T07:38:01.060
1667147,23031891,1130,null,null,2013-04-20T20:22:52.080
123695,25219034,1130,null,null,2013-06-28T22:09:11.053
578046,25473482,1130,null,null,2013-07-08T04:20:24.060
1809377,32377867,1130,null,null,2014-01-30T12:11:02.497
1875434,33668559,1130,null,null,2014-03-04T19:50:49.403
2602434,35067519,1130,null,null,2014-04-09T15:01:35.037
1857897,45510356,23734,null,null,2015-02-19T09:23:01.397
144734,6215537,23755,null,null,2011-03-30T00:56:02.860
13652,136743,23760,null,null,2008-11-13T16:23:49.557
11889,136783,23769,null,null,2008-11-13T16:36:20.547
69365,4996511,23769,null,null,2010-12-29T18:26:32.567
463206,12214133,23769,null,null,2012-03-08T20:29:00.013
10433,14567735,23770,null,null,2008-09-16T02:29:25.623
350,388582,23771,null,null,2009-02-23T05:30:25.323
10433,170797,23777,null,null,2008-12-02T11:00:36.443
9034,214645,23777,null,null,2008-12-22T19:33:13.557
null,11620691,23778,null,null,2011-07-24T14:44:14.113
2290369,52257234,23780,null,null,2015-08-24T15:19:52.793
1475331,79250775,23780,null,null,2017-09-10T19:07:31.943
1475331,79250976,23780,null,null,2017-09-10T19:17:52.850
2814308,70270990,23781,null,null,2017-01-08T13:05:21.760
599192,59506940,23785,null,null,2016-03-10T18:22:43.603
4246,673,48971,null,null,2008-09-09T04:43:42.427
6932,657400,48971,null,null,2009-05-11T17:26:03.887
563309,46416677,48971,null,null,2015-03-17T06:17:27.100
3594,34653862,48974,null,null,2008-08-29T19:11:39.627
4083,18151642,48984,null,null,2008-09-08T02:11:54.873
2975,18151643,48984,null,null,2008-09-08T02:46:36.850
1753,6524980,48990,null,null,2011-04-18T20:15:54.490
4945,25014030,49002,null,null,2008-09-10T02:22:49.650
2793141,52332190,49002,null,null,2015-08-26T11:00:50.870
4561887,133514848,49002,null,null,2023-03-09T06:50:26.313
300797,51081835,49011,null,null,2015-07-22T12:27:32.680
358538,14838735,49014,null,null,2010-06-09T09:13:34.600
12943,9222,49016,null,null,2008-09-17T00:25:32.027
3619,2659,56912,null,null,2008-09-11T19:54:05.090
372,2953,56912,null,null,2008-09-12T01:13:04.637
372,32316684,56912,null,null,2014-01-29T03:10:33.393
610966,33275610,56912,null,null,2014-02-22T22:59:26.613
505841,56117363,56912,null,null,2015-12-09T17:48:28.260
1109,2564,56914,null,null,2008-09-11T18:21:02.210
186112,6527490,56919,null,null,2011-04-19T00:06:11.753
4833,2486,56930,null,null,2008-09-11T16:57:23.940
5742,2923,56930,null,null,2008-09-12T00:46:57.727
158252,13883337,56933,null,null,2012-05-22T02:11:59.987
381285,32788617,56933,null,null,2014-02-10T21:44:48.127
1505309,35387993,56933,null,null,2014-04-17T21:31:41.297
40785,61539029,56933,null,null,2016-05-02T22:06:49.777
158252,61712424,56933,null,null,2016-05-07T02:48:04.023
158252,61712446,56933,null,null,2016-05-07T02:50:28.333
2797,2461,56937,null,null,2008-09-11T16:20:46.243
8745,89034,56940,null,null,2008-10-20T22:42:57.853
57159,811397,56944,null,null,2009-06-16T16:25:37.500
9034,11408574,46462,null,null,2012-01-31T19:39:29.133
12030,918251,46486,null,null,2009-07-09T12:42:17.707
1130,939583,46486,null,null,2009-07-14T00:10:20.580
476074,7754864,46486,null,null,2011-07-04T22:17:12.663
480700,28628356,46486,null,null,2013-10-11T20:23:27.813
143095,67269198,46486,null,null,2016-10-12T09:57:25.973
12030,67284486,46486,null,null,2016-10-12T16:07:39.760
null,76679944,46486,null,null,2017-06-30T15:11:58.467
102699,9991864,46491,null,null,2011-11-15T19:28:31.237
649363,14006844,46491,null,null,2012-05-27T08:13:31.547
127724,14009355,46491,null,null,2012-05-27T13:03:22.423
1806348,21151812,46491,null,null,2013-02-24T00:01:41.103
297015,21951782,46491,null,null,2013-03-19T15:23:27.613
114558,22669222,46491,null,null,2013-04-10T01:43:17.620
2286722,58338333,46491,null,null,2016-02-10T12:09:21.297
2005680,83610863,46491,null,null,2018-01-18T01:26:26.553
5947043,89780969,46491,null,null,2018-07-18T14:49:34.323
3554264,66923440,19419,2,sql,2016-10-02T11:35:13.773
3554264,66923440,19419,2,random,2016-10-02T11:35:13.773
8214951,116727454,19419,2,sql,2021-02-03T02:19:59.653
8214951,116727454,19419,2,random,2021-02-03T02:19:59.653
2864740,117003196,19419,2,sql,2021-02-12T22:48:08.350
2864740,117003196,19419,2,random,2021-02-12T22:48:08.350
7354469,124058242,19419,2,sql,2021-12-01T04:49:02.083
7354469,124058242,19419,2,random,2021-12-01T04:49:02.083
58477,1512339,19421,2,sql,2009-10-29T09:25:40.300
58477,1512339,19421,2,random,2009-10-29T09:25:40.300
171659,4514270,19422,2,sql,2010-11-14T17:38:31.243
171659,4514270,19422,2,random,2010-11-14T17:38:31.243
1265,4532819,19422,2,sql,2010-11-16T11:43:21.010
1265,4532819,19422,2,random,2010-11-16T11:43:21.010
476074,4553402,19422,2,sql,2010-11-17T22:59:56.303
476074,4553402,19422,2,random,2010-11-17T22:59:56.303
240337,6099064,19422,2,sql,2011-03-22T15:14:30.847
240337,6099064,19422,2,random,2011-03-22T15:14:30.847
268898,11582179,19422,2,sql,2012-02-08T21:49:32.563
268898,11582179,19422,2,random,2012-02-08T21:49:32.563
825011,11821374,19422,2,sql,2012-02-20T13:56:52.893
825011,11821374,19422,2,random,2012-02-20T13:56:52.893
855432,15355398,19422,2,sql,2012-07-22T13:51:44.640
855432,15355398,19422,2,random,2012-07-22T13:51:44.640
729288,15725927,19422,2,sql,2012-08-06T12:56:05.533
729288,15725927,19422,2,random,2012-08-06T12:56:05.533
25645,24940039,19422,2,sql,2013-06-20T14:34:09.777
25645,24940039,19422,2,random,2013-06-20T14:34:09.777
4307527,74389564,19422,2,sql,2017-04-28T03:46:25.177
4307527,74389564,19422,2,random,2017-04-28T03:46:25.177
4699575,88135222,19422,2,sql,2018-05-28T08:46:57.437
4699575,88135222,19422,2,random,2018-05-28T08:46:57.437
22820,7806792,65423,null,null,2011-07-07T16:38:24.143
22820,7807171,65423,null,null,2011-07-07T17:00:06.263
8566,700704,65424,null,null,2009-05-21T15:37:03.527
258539,6900966,65434,null,null,2011-05-12T14:08:30.910
334243,21666632,65434,null,null,2013-03-11T14:25:26.340
4727,6012,65438,null,null,2008-09-15T21:02:01.400
4441547,92612588,65438,null,null,2018-10-17T06:23:00.357
13152009,108778225,65438,null,null,2020-04-29T02:05:03.903
3033876,67966862,65439,null,null,2016-11-01T08:55:24.590
8739,5659,65445,null,null,2008-09-15T18:41:24.297
5380,5660,65445,null,null,2008-09-15T18:41:36.840
94990,3542950,65445,null,null,2010-08-04T12:34:41.770
129269,9846174,65445,null,null,2011-11-07T19:11:13.747
2480620,87114594,65447,null,null,2018-04-26T17:54:47.210
null,8329789,65452,null,null,2011-08-08T11:47:10.470
2257,20575766,65452,null,null,2008-09-15T18:38:19.763
1889,20575768,65452,null,null,2008-09-15T19:45:20.447
79125,15521494,65456,null,null,2012-07-28T17:03:42.380
661933,22836202,65457,null,null,2013-04-15T09:38:38.983
5314,6127,65458,null,null,2008-09-15T21:50:18.600
194709,2730071,37090,null,null,2010-04-24T22:30:57.423
139746,2801481,37092,null,null,2010-05-04T20:03:43.383
139746,2801512,37092,null,null,2010-05-04T20:06:17.743
1915854,76718390,37092,null,null,2017-07-02T10:32:30.140
149138,93316426,37092,null,null,2018-11-08T18:59:14.290
7138899,120072706,37092,null,null,2021-06-11T07:51:00.430
7790115,133883922,37092,null,null,2023-04-01T07:29:51.340
29290,28331277,37099,null,null,2013-10-03T07:42:41.643
411022,51241944,37103,null,null,2015-07-27T08:18:37.363
1549348,49861929,37111,null,null,2015-06-18T10:03:42.543
63202,5355419,37122,null,null,2011-01-28T10:52:32.343
31671,105129,37129,null,null,2008-10-28T06:27:30.090
373345,15992949,37129,null,null,2012-08-16T17:56:40.160
1249,26007341,34502,2,null,2013-07-23T21:06:47.707
39430,1992820,34509,1,sql-server,2010-01-14T13:28:33.933
39430,1992820,34509,1,sql-server-2005,2010-01-14T13:28:33.933
39430,1992820,34509,1,sorting,2010-01-14T13:28:33.933
39430,1992820,34509,1,natural-sort,2010-01-14T13:28:33.933
1736,18024586,34509,1,sql-server,2008-08-29T16:40:02.860
1736,18024586,34509,1,sql-server-2005,2008-08-29T16:40:02.860
1736,18024586,34509,1,sorting,2008-08-29T16:40:02.860
1736,18024586,34509,1,natural-sort,2008-08-29T16:40:02.860
577765,74277972,34509,1,sql-server,2017-04-25T15:09:48.973
577765,74277972,34509,1,sql-server-2005,2017-04-25T15:09:48.973
577765,74277972,34509,1,sorting,2017-04-25T15:09:48.973
577765,74277972,34509,1,natural-sort,2017-04-25T15:09:48.973
9583906,93643893,34509,1,sql-server,2018-11-19T23:12:23.210
9583906,93643893,34509,1,sql-server-2005,2018-11-19T23:12:23.210
9583906,93643893,34509,1,sorting,2018-11-19T23:12:23.210
9583906,93643893,34509,1,natural-sort,2018-11-19T23:12:23.210
1652234,126129855,34509,1,sql-server,2022-03-04T22:02:11.660
1652234,126129855,34509,1,sql-server-2005,2022-03-04T22:02:11.660
1652234,126129855,34509,1,sorting,2022-03-04T22:02:11.660
1652234,126129855,34509,1,natural-sort,2022-03-04T22:02:11.660
2881849,47688054,34510,1,multithreading,2015-04-21T17:18:00.480
2881849,47688054,34510,1,concurrency,2015-04-21T17:18:00.480
2881849,47688054,34510,1,terminology,2015-04-21T17:18:00.480
2881849,47688054,34510,1,race-condition,2015-04-21T17:18:00.480
1363844,65179234,34510,1,multithreading,2016-08-12T05:49:28.027
1363844,65179234,34510,1,concurrency,2016-08-12T05:49:28.027
1363844,65179234,34510,1,terminology,2016-08-12T05:49:28.027
1363844,65179234,34510,1,race-condition,2016-08-12T05:49:28.027
1454261,41532296,34512,1,multithreading,2014-10-18T21:40:16.157
1454261,41532296,34512,1,concurrency,2014-10-18T21:40:16.157
1454261,41532296,34512,1,locking,2014-10-18T21:40:16.157
1454261,41532296,34512,1,deadlock,2014-10-18T21:40:16.157
143378,17238170,34513,2,null,2012-10-06T07:48:19.273
432,11068550,34514,2,ruby,2012-01-14T01:31:24.823
432,11068550,34514,2,hash,2012-01-14T01:31:24.823
432,11068550,34514,2,sha1,2012-01-14T01:31:24.823
10559,14349399,34514,2,ruby,2012-06-11T18:07:47.557
10559,14349399,34514,2,hash,2012-06-11T18:07:47.557
10559,14349399,34514,2,sha1,2012-06-11T18:07:47.557
293280,113099462,34514,2,ruby,2020-09-18T15:22:07.540
293280,113099462,34514,2,hash,2020-09-18T15:22:07.540
293280,113099462,34514,2,sha1,2020-09-18T15:22:07.540
31615,181443,34518,1,algorithm,2008-12-07T19:59:51.577
31615,181443,34518,1,language-agnostic,2008-12-07T19:59:51.577
31615,181443,34518,1,sorting,2008-12-07T19:59:51.577
31615,181443,34518,1,natural-sort,2008-12-07T19:59:51.577
14148,4285700,34518,1,algorithm,2010-10-22T21:37:40.087
14148,4285700,34518,1,language-agnostic,2010-10-22T21:37:40.087
14148,4285700,34518,1,sorting,2010-10-22T21:37:40.087
14148,4285700,34518,1,natural-sort,2010-10-22T21:37:40.087
207391,9032990,34519,1,multithreading,2011-09-19T01:02:00.817
207391,9032990,34519,1,concurrency,2011-09-19T01:02:00.817
207391,9032990,34519,1,semaphore,2011-09-19T01:02:00.817
905,26948,34520,2,multithreading,2008-09-23T14:42:39.550
905,26948,34520,2,concurrency,2008-09-23T14:42:39.550
905,26948,34520,2,locking,2008-09-23T14:42:39.550
905,26948,34520,2,deadlock,2008-09-23T14:42:39.550
205521,34935372,71027,null,null,2014-04-06T11:00:33.883
1037,85206,71036,null,null,2008-10-18T04:29:07.717
1643642,100482853,71043,null,null,2019-07-10T14:49:03.180
2026065,107834008,71043,null,null,2020-03-31T12:57:24.237
22114,7698627,71045,null,null,2011-06-30T15:15:21.097
224704,11238413,71045,null,null,2012-01-23T12:49:08.900
108584,33192979,71045,null,null,2014-02-20T17:50:50.420
1412157,48883411,71045,null,null,2015-05-22T13:23:23.370
1495317,79606013,71045,null,null,2017-09-20T12:55:53.823
11372842,119701218,71045,null,null,2021-05-27T11:53:54.293
267,119703896,71045,null,null,2021-05-27T13:20:16.370
814297,15224048,71055,null,null,2012-07-17T09:12:53.433
4007,7158,71057,null,null,2008-09-16T10:43:12.317
407502,3803551,71057,null,null,2010-09-01T18:38:55.010
11673,7165,71060,null,null,2008-09-16T10:49:06.390
6309,98869534,71069,null,null,2019-05-13T18:44:16.477
11673,7164,71072,null,null,2008-09-16T10:48:35.687
48082,417244,71072,null,null,2009-03-03T03:54:48.777
393077,12425063,71072,null,null,2012-03-19T02:19:20.500
384005,25644481,71072,null,null,2013-07-12T14:16:43.130
130169,6618551,71074,null,null,2011-04-25T07:56:07.777
437892,97025999,71074,null,null,2019-03-13T13:19:57.530
566136,7014073,30645,null,null,2011-05-19T13:54:25.743
202834,11164801,30645,null,null,2012-01-19T09:09:23.480
202834,11172743,30645,null,null,2012-01-19T15:44:39.447
471213,12646262,30645,null,null,2012-03-28T15:30:07.903
642706,36564238,30645,null,null,2014-05-21T07:15:57.390
642706,36564587,30645,null,null,2014-05-21T07:25:02.860
1173112,42766258,30645,null,null,2014-11-25T18:20:10.797
642706,42767068,30645,null,null,2014-11-25T18:46:12.770
3317808,43423864,30645,null,null,2014-12-16T01:27:16.613
632951,44351636,30645,null,null,2015-01-16T08:42:29.397
642706,44353131,30645,null,null,2015-01-16T09:32:11.473
697388,21428719,78945,null,null,2013-03-04T16:13:15.823
1588198,32697220,78945,null,null,2014-02-07T19:49:05.763
1365319,50061569,78945,null,null,2015-06-24T04:55:30.537
1305332,62125711,78945,null,null,2016-05-18T13:58:38.217
5616722,93979548,78945,null,null,2018-11-30T11:59:25.697
968201,95995458,78945,null,null,2019-02-08T20:13:41.273
6111241,137202626,78945,null,null,2024-01-16T14:28:10.770
1353438,80037886,78947,null,null,2017-10-03T09:58:26.337
15416,1264003,78949,null,null,2009-09-14T10:19:07.407
369434,12639902,78950,null,null,2012-03-28T11:35:57.403
13368,16192,78952,null,null,2008-09-19T02:06:25.760
13709,10201,78953,null,null,2008-09-17T09:57:06.973
602585,58359646,78966,null,null,2016-02-10T20:36:49.110
287274,65122355,78966,null,null,2016-08-10T18:09:33.110
1703887,97038899,78966,null,null,2019-03-13T18:50:17.977
84206,97665891,78966,null,null,2019-04-02T14:57:18.673
4007,166451,79000,null,null,2008-11-29T15:22:34.840
190829,14611920,79000,null,null,2012-06-21T19:49:44.273
1392189,25433127,51999,null,null,2013-07-05T20:43:16.580
368896,34780329,51999,null,null,2014-04-02T09:33:49.553
51386,112753840,51999,null,null,2020-09-06T09:49:22.027
1772,902,52002,null,null,2008-09-09T14:26:03.150
1886,930,52002,null,null,2008-09-09T14:44:20.610
3474,966,52002,null,null,2008-09-09T15:19:21.087
123,2348,52002,null,null,2008-09-11T14:43:20.907
2044,8836993,52002,null,null,2011-09-07T03:54:53.810
454336,33186698,52002,null,null,2014-02-20T15:29:40.457
2257,907,52004,null,null,2008-09-09T14:29:05.343
2083160,909,52004,null,null,2008-09-09T14:31:05.523
832,913,52004,null,null,2008-09-09T14:33:03.680
2757,10065097,52004,null,null,2008-09-09T14:37:17.037
5357,1494,52006,null,null,2008-09-10T13:39:20.320
53341,575616,52006,null,null,2009-04-18T16:32:47.493
2284,914,52009,null,null,2008-09-09T14:33:03.787
2443,3505,15533,null,null,2008-09-12T15:59:37.703
35322,245559,15533,null,null,2009-01-07T19:14:55.163
35322,245565,15533,null,null,2009-01-07T19:16:57.203
35322,245621,15533,null,null,2009-01-07T19:33:22.410
15816,61709,15538,null,null,2008-10-07T12:36:32.900
42126,230023,15538,null,null,2009-01-01T13:23:55.120
47551,589377,15538,null,null,2009-04-22T19:27:32.233
24582,700644,15538,null,null,2009-05-21T15:28:13.807
162337,4349466,15538,null,null,2010-10-29T09:19:58.093
160811,10945765,15538,null,null,2012-01-08T15:19:43.893
2748628,59556415,15547,null,null,2016-03-11T21:17:08.167
2748628,91304048,15547,null,null,2018-09-05T04:05:46.330
null,6332,15590,null,null,2008-09-16T00:01:45.727
9021,6334,15590,null,null,2008-09-16T00:02:56.193
5812,20741,15621,null,null,2008-09-20T18:55:51.013
1351,8658061,15621,null,null,2008-08-25T12:20:12.390
536,495016,15627,null,null,2009-03-25T14:19:43.083
2457129,106036925,15627,null,null,2020-01-29T01:18:01.217
536,106071709,15627,null,null,2020-01-30T02:02:38.553
1168904,14965347,89859,null,null,2012-07-06T10:56:38.983
17092,12896,89883,null,null,2008-09-18T04:38:24.843
17092,12906,89883,null,null,2008-09-18T04:47:29.627
17092,12936,89883,null,null,2008-09-18T05:02:21.027
8233,13797,89883,null,null,2008-09-18T13:42:46.203
17092,17050,89883,null,null,2008-09-19T10:44:27.403
4279,167487,89909,null,null,2008-11-30T17:16:16.110
4325513,56024632,89911,null,null,2015-12-07T16:29:34.193
14637,12847,89915,null,null,2008-09-18T04:10:54.177
14648,12878,89915,null,null,2008-09-18T04:27:23.933
5628,12850,89919,null,null,2008-09-18T04:13:05.217
14648,12874,89919,null,null,2008-09-18T04:25:39.117
4279,167475,89919,null,null,2008-11-30T17:00:05.987
4279,167479,89919,null,null,2008-11-30T17:02:30.257
2448495,32878547,89919,null,null,2014-02-12T20:31:15.103
955619,100707839,89919,null,null,2019-07-18T11:13:52.067
955619,100723702,89919,null,null,2019-07-18T19:20:48.043
14648,12871,89940,null,null,2008-09-18T04:23:34.847
9493,14869,89940,null,null,2008-09-18T18:33:14.260
146698,33760568,40331,null,null,2014-03-06T18:34:49.847
1579915,51752000,40331,null,null,2015-08-10T12:39:01.583
null,28274102,40335,null,null,2013-10-01T15:22:20.397
1899556,35505137,40342,null,null,2014-04-22T04:14:23.277
9787,9479,40344,null,null,2008-09-17T03:06:24.637
2470,68335,40346,null,null,2008-10-09T19:10:45.710
320594,101849652,40354,null,null,2019-08-29T05:01:13.847
15168,131212252,40354,null,null,2022-11-04T21:00:24.973
null,604605,40355,null,null,2009-04-27T16:48:45.853
3012,1813,40358,null,null,2008-09-10T19:39:47.007
2284570,57115547,40362,null,null,2016-01-08T19:30:03.060
15354,75000,40363,null,null,2008-10-13T20:05:24.897
74865,3599238,40364,null,null,2010-08-10T19:11:08.630
1794106,98294545,40364,null,null,2019-04-23T14:50:53.283
1109215,38701816,40366,null,null,2014-07-23T12:37:56.607
1892,56042,40367,null,null,2008-10-04T03:30:41.273
14122,9606,40368,null,null,2008-09-17T04:08:36.797
14122,87172,40392,null,null,2008-10-20T03:20:26.000
3275,103888,40392,null,null,2008-10-27T17:20:34.560
544721,11545695,40398,null,null,2012-02-07T13:58:05.260
280392,6555384,40420,null,null,2011-04-20T13:51:19.173
1030010,74215056,43044,null,null,2017-04-24T08:12:09.867
1781104,77489027,43044,null,null,2016-08-23T08:06:15.420
35338,77489042,43044,null,null,2011-02-15T20:35:29.907
677409,97840371,43044,null,null,2019-04-08T09:58:03.717
104380,98375660,43044,null,null,2019-04-25T20:30:52.900
387989,6323035,43053,null,null,2011-04-05T23:54:18.890
115,573263,43054,null,null,2009-04-17T17:32:28.387
51101,1291076,43054,null,null,2009-09-18T15:12:54.790
51101,1291109,43054,null,null,2009-09-18T15:16:52.350
120999,3369148,43054,null,null,2010-07-15T19:11:49.987
144734,6072575,43054,null,null,2011-03-21T00:24:54.307
456223,6126531,43054,null,null,2011-03-24T02:37:26.223
20646,3690566,43059,null,null,2010-08-20T02:09:15.047
47161,1289710,43072,null,null,2009-09-18T12:16:37.063
74612,2078219,43072,null,null,2010-01-26T07:45:51.460
5700,2163484,43072,null,null,2010-02-06T00:59:53.463
1968,2165593,43072,null,null,2010-02-06T13:44:39.277
8047,2412914,43072,null,null,2010-03-11T22:16:51.830
5700,2421335,43072,null,null,2010-03-12T22:44:02.243
1605,15281645,73397,null,null,2012-07-19T05:59:02.520
1041046,133990654,73397,null,null,2023-04-09T07:27:30.120
3397,7830,73400,null,null,2008-09-16T15:21:43.457
155524,1624248,73400,null,null,2009-11-16T16:38:02.983
66708,2100636,73400,null,null,2010-01-28T19:04:44.537
1220,7801,73404,null,null,2008-09-16T15:13:46.283
1786,7804,73404,null,null,2008-09-16T15:15:51.130
24231,1517727,73408,null,null,2009-10-29T23:12:08.063
7647,7833,73409,null,null,2008-09-16T15:22:49.880
4660,7839,73416,null,null,2008-09-16T15:24:14.760
87997,7672205,73422,null,null,2011-06-29T09:41:56.700
141203,8762853,73424,null,null,2011-09-02T00:28:08.567
596349,84381773,73424,null,null,2018-02-08T17:51:32.450
206730,94784666,73428,null,null,2018-12-29T21:36:13.890
206730,94795048,73428,null,null,2018-12-30T15:24:05.573
9631,7873,73430,null,null,2008-09-16T15:34:52.240
3623,8054,73430,null,null,2008-09-16T16:45:18.700
56285,600018,73431,null,null,2009-04-25T19:59:39.407
453435,43234084,76626,null,null,2014-12-10T04:43:11.637
4100,10431,76637,null,null,2008-09-17T12:10:51.457
13676,74631,76637,null,null,2008-10-13T17:27:34.357
null,56382112,76641,null,null,2015-12-16T19:13:13.287
1971013,87809794,76641,null,null,2018-05-17T17:10:17.760
7826,8616,76650,null,null,2008-09-16T20:31:10.343
1438,8695,76650,null,null,2008-09-16T20:54:20.473
15721,144977,76651,null,null,2008-11-18T14:24:08.237
5812,165267,76651,null,null,2008-11-28T15:18:17.410
7116,8627,76661,null,null,2008-09-16T20:32:57.750
9360,8625,76671,null,null,2008-09-16T20:32:30.963
13594,8707,76682,null,null,2008-09-16T20:58:17.127
9236,8752,76683,null,null,2008-09-16T21:14:37.507
4792058,118229751,76683,null,null,2021-03-31T09:06:46.390
4337,8999,76688,null,null,2008-09-16T22:34:32.043
263607,5771380,76699,null,null,2011-02-28T13:56:06.180
419450,22718762,76699,null,null,2013-04-11T08:56:06.543
3308708,70824827,76699,null,null,2017-01-24T01:01:38.167
179795,2714076,76705,null,null,2010-04-22T16:26:11.933
75500,14195326,76711,null,null,2012-06-05T00:58:41.737
578,8652,76716,null,null,2008-09-16T20:39:02.727
8047,2406789,76722,null,null,2010-03-11T09:50:38.123
2355344,51011068,76722,null,null,2015-07-20T19:40:37.667
4134,16083,76724,null,null,2008-09-19T01:13:52.877
512994,63614137,76727,null,null,2016-06-29T01:56:14.217
2582,9600,76734,null,null,2008-09-17T04:05:40.080
73070,5114811,76734,null,null,2011-01-10T10:53:58.593
6817437,134247598,76734,null,null,2023-04-27T17:07:28.667
6054983,86925076,26750,null,null,2018-04-21T09:31:32.777
2530848,86929062,26750,null,null,2018-04-21T13:50:13.113
11029264,109537911,26750,null,null,2020-05-21T10:12:12.287
1025320,120518991,26750,null,null,2021-06-30T08:34:56.280
1371297,120549872,26750,null,null,2021-07-01T10:47:42.280
1546844,120770086,26750,null,null,2021-07-11T08:00:57.580
72760,123294194,26750,null,null,2021-10-28T09:59:36.233
4979159,125416784,26750,null,null,2022-02-01T17:14:39.940
1546844,125444522,26750,null,null,2022-02-02T18:11:08.473
458321,48773861,26752,null,null,2015-05-20T04:09:19.663
2557128,104791705,26752,null,null,2019-12-11T20:23:47.367
31802,1054534,26759,null,null,2009-08-04T18:20:50.283
24380,735860,26766,null,null,2009-05-29T20:22:05.297
458321,48773815,26766,null,null,2015-05-20T04:06:54.690
12048,41400,26767,null,null,2008-09-28T19:27:57.550
57611,11135553,87217,null,null,2012-01-18T00:01:52.467
1300049,41479111,87217,null,null,2014-10-17T00:01:19.447
16082,18070,87221,null,null,2008-09-19T16:26:57.493
13279,18087,87221,null,null,2008-09-19T16:31:27.327
16752,16350086,87222,null,null,2008-09-17T20:27:07.457
7116,11846,87227,null,null,2008-09-17T20:25:54.543
2679,12849,87228,null,null,2008-09-18T04:12:28.477
6770,11853,87229,null,null,2008-09-17T20:27:36.020
10034,13646,87233,null,null,2008-09-18T12:34:33.607
1683846,24654659,87233,null,null,2013-06-11T19:20:25.163
17862,460730,87260,null,null,2009-03-15T06:45:53.257
108238,5035954,87260,null,null,2011-01-03T15:17:56.830
492203,5122706,87260,null,null,2011-01-10T21:46:02.303
18936,5124516,87260,null,null,2011-01-11T00:53:30.433
3092116,5401708,87260,null,null,2011-02-01T10:13:51.333
18936,5463046,87260,null,null,2011-02-05T11:38:32.687
854672,18502561,87260,null,null,2012-11-22T16:04:06.380
512251,14006153,68320,null,null,2012-05-27T06:20:18.620
21640,25851039,68320,null,null,2013-07-18T20:25:55.353
452102,31423300,68320,null,null,2014-01-04T22:55:19.720
384700,45868383,68320,null,null,2015-03-01T17:58:06.530
3585768,80737513,68320,null,null,2017-10-23T17:30:33.283
10897,323775,68324,null,null,2009-02-03T23:51:48.987
10661,323930,68324,null,null,2009-02-04T01:07:38.383
1753349,49411972,68324,null,null,2015-06-05T20:17:09.150
1753349,51296965,68324,null,null,2015-07-28T13:23:02.737
2431997,51302304,68324,null,null,2015-07-28T15:09:17.320
2705845,64635895,68324,null,null,2016-07-28T00:32:47.320
2705845,64637453,68324,null,null,2016-07-28T02:50:41.977
606679,41249846,54281,null,null,2014-10-09T23:00:02.397
2469,1560,54292,null,null,2008-09-10T15:11:30.957
4048,1564,54297,null,null,2008-09-10T15:13:42.980
1471,1563,54299,null,null,2008-09-10T15:13:41.217
4410,1569,54299,null,null,2008-09-10T15:18:31.050
1772,1604,54299,null,null,2008-09-10T15:45:31.967
187954,3624262,54299,null,null,2010-08-13T01:16:06.153
41981,3245845,54300,null,null,2010-07-01T10:43:24.263
2147,4653066,54300,null,null,2010-11-26T21:53:08.430
41981,4653310,54300,null,null,2010-11-26T22:28:12.383
2147,4653648,54300,null,null,2010-11-26T23:23:59.183
2961,1557,54303,null,null,2008-09-10T15:05:09.083
2595,9642119,54306,null,null,2008-09-10T15:10:36.543
303,9642120,54306,null,null,2008-09-10T15:54:08.017
1344,1558,54312,null,null,2008-09-10T15:05:49.893
115,1562,54312,null,null,2008-09-10T15:12:49.363
13744,86675,54312,null,null,2008-10-19T19:13:44.767
1993396,96279050,54316,null,null,2019-02-18T13:38:31.927
20893,80426,54318,null,null,2008-10-16T04:17:17.620
1341,124852,54318,null,null,2008-11-06T22:48:16.107
null,4027762,54322,null,null,2010-09-26T19:31:34.330
137,28463,54324,null,null,2008-09-23T21:40:13.137
2506,31992,54324,null,null,2008-09-24T23:08:17.237
1908,1567,54326,null,null,2008-09-10T15:16:27.357
8985,234085,54326,null,null,2009-01-03T14:09:28.293
372,5060,62950,null,null,2008-09-15T13:57:35.257
672,5874,62950,null,null,2008-09-15T20:00:29.957
2875848,92869214,62964,null,null,2018-10-25T04:53:28.660
7355,92924581,62964,null,null,2018-10-26T14:10:45.627
6082851,122292852,62972,null,null,2021-09-15T11:11:45.250
5577,5428,62973,null,null,2008-09-15T16:57:33.780
13,6216,62973,null,null,2008-09-15T23:02:14.717
23233,70521,62985,null,null,2008-10-10T15:43:03.573
210462,13240684,62986,null,null,2012-04-24T01:43:57.140
1199623,5122,62994,null,null,2008-09-15T14:31:23.540
914,7397,62994,null,null,2008-09-16T13:13:30.847
35,19546906,62999,null,null,2008-09-15T13:47:24.690
null,19553196,62999,null,null,2010-01-06T23:25:08.370
82565,19553204,62999,null,null,2009-06-26T13:42:49.740
null,19553207,62999,null,null,2011-08-22T13:34:44.280
6777,11522487,63006,null,null,2012-02-06T14:34:49.560
6899,6179,63007,null,null,2008-09-15T22:29:33.780
471272,8403776,63007,null,null,2011-08-11T21:56:42.617
611007,35278792,63007,null,null,2014-04-15T12:05:34.053
303690,59939366,63010,null,null,2016-03-22T09:56:43.937
1351464,70466069,63010,null,null,2017-01-13T11:10:27.660
3153,4225,60835,null,null,2008-09-13T20:33:13.327
123,4226,60835,null,null,2008-09-13T20:38:05.530
363751,51232202,60835,null,null,2015-07-26T22:58:23.867
224132,92067913,60835,null,null,2018-09-29T04:03:06.287
3924118,44146463,60848,null,null,2015-01-10T01:52:42.830
3808882,94858856,60848,null,null,2019-01-02T18:04:13.707
3973,4246,60852,null,null,2008-09-13T21:56:24.610
3153,4231,60864,null,null,2008-09-13T21:02:58.060
2961,4353,60864,null,null,2008-09-14T09:27:38.567
null,997669,60864,null,null,2009-07-24T11:03:23.020
800817,24125841,60875,null,null,2013-05-25T12:15:00.220
95967,27083981,60875,null,null,2013-08-25T21:19:18.113
2443,4237,60878,null,null,2008-09-13T21:16:57.107
5469,4267,60878,null,null,2008-09-14T00:09:34.103
616438,26551155,60890,null,null,2013-08-08T16:34:52.807
1337,26564286,60890,null,null,2013-08-09T00:31:02.337
966097,37718971,60890,null,null,2014-06-24T13:18:01.007
1553,4286,60891,null,null,2008-09-14T02:28:40.353
1690,4269,60892,null,null,2008-09-14T00:43:46.390
5536,4506,60897,null,null,2008-09-14T18:15:03.260
1157037,79283752,84300,null,null,2017-09-11T17:02:06.337
2415524,88504797,84300,null,null,2018-06-07T19:15:34.610
1175,17014276,84303,null,null,2008-09-17T15:18:31.350
16163,11011,84304,null,null,2008-09-17T15:34:45.257
773,11108,84304,null,null,2008-09-17T16:10:08.497
12663,936137,84307,null,null,2009-07-13T14:34:08.483
5175,3199368,84307,null,null,2010-06-25T10:48:00.587
6899,10944,84315,null,null,2008-09-17T15:17:45.877
1461312,21300235,84315,null,null,2013-02-28T10:27:22.500
6899,21338068,84315,null,null,2013-03-01T09:30:52.890
286455,71200219,84317,null,null,2017-02-02T21:12:25.227
9268,71370384,84317,null,null,2017-02-07T21:13:29.117
93394,73694016,84317,null,null,2017-04-10T03:40:36.290
9268,73973267,84317,null,null,2017-04-17T20:01:53.193
233608,88363695,84317,null,null,2018-06-04T09:14:18.917
3294686,93457713,84317,null,null,2018-11-13T19:04:45.607
1430156,116272775,84317,null,null,2021-01-17T16:26:16.507
12874,11045,84332,null,null,2008-09-17T15:45:30.443
9604,908523,58818,null,null,2009-07-07T19:46:12.917
157460,1937602,58818,null,null,2010-01-06T21:02:48.370
7724,2391112,58818,null,null,2010-03-09T15:56:52.250
1733,3260,58819,null,null,2008-09-12T12:48:11.177
87302,2344117,58820,null,null,2010-03-03T02:16:39.417
1039,2349456,58820,null,null,2010-03-03T17:22:37.450
277522,8210276,58820,null,null,2011-08-01T09:44:43.603
138938,11885569,58820,null,null,2012-02-23T00:13:37.700
338101,20208549,58820,null,null,2013-01-24T10:53:38.487
2494394,39375388,58820,null,null,2014-08-12T16:43:27.730
67824,43041628,58820,null,null,2014-12-04T06:05:59.873
1584792,65986784,58820,null,null,2016-09-05T09:33:27.960
1150916,67499636,58820,null,null,2016-10-18T17:05:22.030
1229076,83255398,58820,null,null,2018-01-07T16:05:21.053
458214,88154516,58820,null,null,2018-05-28T19:28:35.883
422,3551,58830,null,null,2008-09-12T16:30:33.247
155082,1546858,58841,null,null,2009-11-04T12:33:02.150
3625298,72336976,81666,null,null,2017-03-05T01:14:16.813
14437,10263,81672,null,null,2008-09-17T10:34:09.303
117471,45739631,81672,null,null,2015-02-25T18:15:42.440
1837197,10246,81674,null,null,2008-09-17T10:26:42.173
10961,8239344,81674,null,null,2011-08-02T19:02:25.653
1766655,27204622,81674,null,null,2013-08-29T05:39:42.707
5751,13000,81675,null,null,2008-09-18T05:46:15.383
2684,10308,81678,null,null,2008-09-17T11:04:34.487
8131,11134,81688,null,null,2008-09-17T16:19:49.970
4203,11388,81688,null,null,2008-09-17T17:38:44.133
4865723,85706184,81698,null,null,2018-03-18T21:30:45.880
1040323,72781853,81711,null,null,2017-03-16T14:08:13.370
185257,74112577,81711,null,null,2017-04-20T21:06:32.303
188,74345217,81711,null,null,2017-04-27T04:22:04.257
14089,21531,81712,null,null,2008-09-21T10:41:39.397
848419,109429017,81718,null,null,2020-05-18T12:09:37.820
848419,109429102,81718,null,null,2020-05-18T12:12:02.220
298,37294,2564,null,null,2008-09-26T14:47:44.497
92239,3227647,2564,null,null,2010-06-29T14:00:00.687
10755,292301,2569,null,null,2009-01-23T22:24:49.853
76486,725184,2569,null,null,2009-05-27T18:44:18.583
1193598,3298114,2569,null,null,2010-07-08T02:07:38.317
11995,191734,2576,null,null,2008-12-11T22:30:37.120
563932,376474,2576,null,null,2009-02-19T13:28:21.897
371016,41491397,2599,null,null,2014-10-17T10:29:54.027
206466,8078674,2602,null,null,2011-07-24T00:16:26.293
10080,3162595,2620,null,null,2010-06-21T14:28:04.210
150582,35033148,2639,null,null,2014-04-08T20:02:13.807
3,2384150,2647,null,null,2010-03-08T19:44:58.873
5089204,64066778,2647,null,null,2016-07-12T10:18:27.733
632604,86349975,2647,null,null,2018-04-05T10:25:51.030
7358151,101991968,2647,null,null,2019-09-03T20:45:39.280
1255873,121501154,8480,null,null,2021-08-11T23:55:07.560
10875851,134390156,8480,null,null,2023-05-09T07:56:20.473
17035,25317,8481,null,null,2008-09-23T00:13:04.320
31671,107388,8481,null,null,2008-10-29T01:48:40.730
38426,215536,8481,null,null,2008-12-23T02:54:58.080
54491,282858,8481,null,null,2009-01-21T07:45:04.390
25949,426905,8481,null,null,2009-03-05T07:24:57.540
42048,900831,8481,null,null,2009-07-06T14:19:14.900
65285,4302670,8481,null,null,2010-10-25T11:28:55.863
1239706,77347702,8482,null,null,2017-07-19T12:18:31.510
342,77351183,8482,null,null,2017-07-19T13:25:43.447
615,520156,8483,null,null,2009-04-02T00:01:26.937
20774,627819,8484,null,null,2009-05-04T02:43:35.840
42048,900782,8484,null,null,2009-07-06T14:12:37.313
81947,1216095,5083,null,null,2009-09-04T03:29:41.313
91857,1299077,5083,null,null,2009-09-20T22:00:43.827
536,1299403,5083,null,null,2009-09-21T00:07:03.777
1796,4274800,5083,null,null,2010-10-21T23:09:21.400
177242,8852136,5083,null,null,2011-09-07T19:38:30.663
913487,28433558,5083,null,null,2013-10-06T20:16:30.097
1841243,35997615,5083,null,null,2014-05-05T17:09:03.793
536,36295647,5083,null,null,2014-05-13T16:10:12.757
448864,62331893,5083,null,null,2016-05-24T11:52:44.093
887092,94181323,5083,null,null,2018-12-07T00:06:48.227
3656241,115264879,5083,null,null,2020-12-08T12:41:05.773
9636,13701,81719,null,null,2008-09-18T13:00:45.040
1712,118623,81719,null,null,2008-11-04T10:02:02.473
560648,9214911,81731,null,null,2011-09-29T11:22:33.993
1666,10238,81742,null,null,2008-09-17T10:23:34.880
4203,10284,81742,null,null,2008-09-17T10:46:27.790
827263,10448300,81748,null,null,2011-12-09T21:29:36.640
2266481,49913168,81750,null,null,2015-06-19T13:20:22.337
770230,55566154,81750,null,null,2015-11-24T19:08:44.250
2266481,55596750,81750,null,null,2015-11-25T13:33:53.267
770230,55610738,81750,null,null,2015-11-25T19:28:19.493
770230,55610768,81750,null,null,2015-11-25T19:29:16.830
2266481,55617082,81750,null,null,2015-11-25T23:11:57.683
238,249156,54326,null,null,2009-01-08T18:25:20.287
258127,3154027,54332,null,null,2010-06-20T01:26:55.500
1098603,103017371,54343,null,null,2019-10-10T19:15:10.960
1790,1587,54349,null,null,2008-09-10T15:31:37.447
1727,2164,54356,null,null,2008-09-11T09:58:33.510
2152935,62681596,54360,null,null,2016-06-02T17:20:08.480
5486,62684638,54360,null,null,2016-06-02T18:49:55.160
2152935,62695299,54360,null,null,2016-06-03T03:35:40.127
2113342,45956401,54365,null,null,2015-03-03T23:06:46.317
911945,74524337,54365,null,null,2017-05-02T14:39:25.717
4337,1940,54380,null,null,2008-09-10T21:48:12.190
1060408,47812013,54381,null,null,2015-04-24T08:56:58.213
2464684,54582072,54381,null,null,2015-10-28T15:41:09.360
1944384,57921058,54381,null,null,2016-01-30T09:23:11.160
874671,74826617,54381,null,null,2017-05-10T15:05:20.743
1058166,103179261,54381,null,null,2019-10-16T17:03:29.810
2483271,105526062,54381,null,null,2020-01-10T15:28:16.443
2483271,105526223,54381,null,null,2020-01-10T15:33:37.543
1540350,127361478,54384,null,null,2022-05-01T23:30:42.497
23903,298480,54400,null,null,2009-01-26T23:12:39.717
134583,5065904,54415,null,null,2011-01-05T20:42:02.260
1140976,41196498,58841,null,null,2014-10-08T15:30:54.823
155082,42219190,58841,null,null,2014-11-09T05:24:25.097
2469,3265,58862,null,null,2008-09-12T12:53:17.887
422,3540,58870,null,null,2008-09-12T16:23:15.323
4337,3272,58874,null,null,2008-09-12T12:57:37.003
633267,29014924,58892,null,null,2013-10-23T22:22:15.357
330680,94973394,58910,null,null,2019-01-07T07:45:03.033
155077,102032125,58910,null,null,2019-09-05T06:54:05.330
5744,3297,58912,null,null,2008-09-12T13:16:49.907
2257,3303,58912,null,null,2008-09-12T13:19:56.247
5744,3321,58912,null,null,2008-09-12T13:36:27.893
745378,10414891,58912,null,null,2011-12-08T10:01:21.893
170217,10515379,58912,null,null,2011-12-13T22:08:03.970
124119,10542839,58912,null,null,2011-12-15T05:17:48.247
869290,29228380,58912,null,null,2013-10-30T10:24:39.040
64469,49721403,58912,null,null,2015-06-15T06:31:22.490
64469,49723334,58912,null,null,2015-06-15T07:35:33.590
682,1005811,5087,null,null,2009-07-26T09:03:25.970
1222355,36426151,5087,null,null,2014-05-16T20:28:50.010
7867,27966,5091,null,null,2008-09-23T19:22:55.180
1136709,18810639,5097,null,null,2012-12-04T08:27:39.170
1582415,21750161,5129,null,null,2013-03-13T14:34:21.733
181637,3328090,5156,null,null,2010-07-12T00:03:41.887
734860,21073728,5156,null,null,2013-02-21T12:42:29.927
49275,706088,5160,null,null,2009-05-22T15:54:02.550
7173,528153,5162,null,null,2009-04-03T23:17:00.903
40,8476973,5170,null,null,2008-08-07T20:20:20.737
80421,12747377,5170,null,null,2012-04-02T13:15:59.173
1683488,48322100,5170,null,null,2015-05-07T15:27:46.747
9476,1901289,5184,null,null,2009-12-31T11:31:08.780
275882,7232973,5184,null,null,2011-06-02T08:44:17.277
13390,7474658,5184,null,null,2011-06-17T01:29:19.923
80421,12747619,5184,null,null,2012-04-02T13:24:29.380
168689,21348628,5184,null,null,2013-03-01T15:03:02.017
1151923,35277321,5184,null,null,2014-04-15T11:25:42.023
28804,93375,5189,null,null,2008-10-22T15:36:15.093
794,60523,5204,null,null,2008-10-06T22:53:01.877
492,120338,5204,null,null,2008-11-05T02:00:03.740
1038726,69310617,23785,null,null,2016-12-09T01:15:18.223
599192,69329727,23785,null,null,2016-12-09T13:30:57.963
40342,438891,23798,null,null,2009-03-09T13:34:47.880
814,481777,23798,null,null,2009-03-20T22:16:50.217
4728,1357028,23798,null,null,2009-10-01T13:41:33.137
194547,1546248,23820,null,null,2009-11-04T10:31:19.300
171180,3359862,23820,null,null,2010-07-14T22:49:24.183
8677,7646845,23820,null,null,2011-06-28T01:39:05.837
136285,42491093,23820,null,null,2014-11-17T17:24:57.020
2558027,44205971,23820,null,null,2015-01-12T13:45:40.267
2558027,44206129,23820,null,null,2015-01-12T13:49:54.573
136285,44206186,23820,null,null,2015-01-12T13:51:24.483
1254880,50760917,23820,null,null,2015-07-13T19:52:02.827
155082,55867615,23820,null,null,2015-12-03T02:30:05.963
8981,3938021,23825,null,null,2010-09-16T17:27:42.910
1968,118502,23830,null,null,2008-11-04T07:37:09.287
661933,32372998,23833,null,null,2014-01-30T09:56:10.430
592,3030509,23836,null,null,2010-06-04T00:20:22.323
15639,5142453,23836,null,null,2011-01-12T09:20:50.943
1343,15694,23848,null,null,2008-09-18T22:24:06.903
1343,15697,23857,null,null,2008-09-18T22:25:32.673
2266481,55617087,81750,null,null,2015-11-25T23:12:03.527
770230,55802471,81750,null,null,2015-12-01T15:15:47.493
2266481,55811796,81750,null,null,2015-12-01T19:15:28.983
14351,12230,81751,null,null,2008-09-17T22:38:53.477
1591,35350,81752,null,null,2008-09-25T23:16:07.227
38626,164083,81752,null,null,2008-11-27T20:05:25.703
8976,13037,81755,null,null,2008-09-18T06:23:53.560
63984,3984015,81758,null,null,2010-09-21T23:11:27.553
416135,5785134,81761,null,null,2011-03-01T10:29:54.220
475758,4792647,81762,null,null,2010-12-09T09:58:04.033
2170994,5330119,81762,null,null,2011-01-26T18:34:13.480
2303700,72712562,81762,null,null,2017-03-15T00:30:46.787
1586025,23623669,81765,null,null,2013-05-09T16:03:01.903
465053,100659860,56947,null,null,2019-07-17T02:22:38.000
3853,114281551,56947,null,null,2008-09-11T16:02:16.333
158449,14975757,56952,null,null,2012-07-06T17:26:17.243
881559,55941314,56952,null,null,2015-12-04T17:56:25.617
1695,5001265,56961,null,null,2010-12-30T04:41:35.660
49209,262077,56970,null,null,2009-01-13T17:21:23.353
2230,2481,56972,null,null,2008-09-11T16:48:12.260
3096328,128985744,56980,null,null,2022-07-19T02:06:15.123
2599,135636995,56980,null,null,2023-08-20T20:31:41.250
2377343,70582723,56987,null,null,2017-01-17T09:28:49.777
1288,70596609,56987,null,null,2017-01-17T15:00:36.430
1223471,71307334,56987,null,null,2017-02-06T12:41:37.353
4101264,73941040,56987,null,null,2017-04-16T21:03:22.593
521799,29109786,56989,null,null,2013-10-26T18:36:58.593
2915,2441,56993,null,null,2008-09-11T16:11:29.743
15459,63015,56993,null,null,2008-10-07T20:48:14.233
1969,2445,56996,null,null,2008-09-11T16:14:12.967
null,1773566,57002,null,null,2009-12-09T16:12:01.790
384674,16778737,57002,null,null,2012-09-18T08:19:48.973
3396951,90287276,54421,null,null,2018-08-02T20:48:24.653
5408,1655,54424,null,null,2008-09-10T17:01:55.980
939860,17088647,54430,null,null,2012-09-30T20:45:11.217
4181677,70778877,54430,null,null,2017-01-22T19:47:34.840
3043,70778934,54430,null,null,2017-01-22T19:50:32.653
290221,12268550,54434,null,null,2012-03-12T00:01:27.560
66584,21481929,54434,null,null,2013-03-05T23:28:47.593
1457383,22806179,54434,null,null,2013-04-14T01:37:20.947
55075,27468850,54434,null,null,2013-09-06T09:30:11.740
17211,30443327,54434,null,null,2013-12-04T23:28:28.553
2388257,41037824,54434,null,null,2014-10-03T07:04:43.887
648159,51673178,54434,null,null,2015-08-07T12:31:42.703
398844,52944298,54434,null,null,2015-09-12T21:04:55.007
null,54054482,54434,null,null,2015-10-14T08:51:09.077
4970632,70202215,54434,null,null,2017-01-06T02:42:13.797
1852230,39744435,1130,null,null,2014-08-24T04:02:07.277
1852230,39744448,1130,null,null,2014-08-24T04:03:50.827
1852230,39744462,1130,null,null,2014-08-24T04:04:54.297
1476154,42345401,1130,null,null,2014-11-12T20:32:58.987
1925388,59133965,1130,null,null,2016-03-01T17:33:37.450
3589634,60636324,1130,null,null,2016-04-09T10:04:57.507
3184785,64826597,1130,null,null,2016-08-02T15:59:14.193
3002584,69275512,1130,null,null,2016-12-08T07:36:22.753
7017891,69559288,1130,null,null,2016-12-16T07:56:23.747
957950,70646239,1130,null,null,2017-01-18T17:32:03.000
5058677,74135583,1130,null,null,2017-04-21T11:46:51.443
2396539,74997671,1130,null,null,2017-05-15T16:13:56.530
334975,10025450,8484,null,null,2011-11-17T10:00:02.513
893406,37739737,8486,null,null,2014-06-25T00:46:52.613
784519,63287381,8486,null,null,2016-06-20T08:53:17.780
4083309,88853437,8486,null,null,2018-06-19T11:25:32.207
4906,1510,8489,null,null,2008-09-10T13:52:59.647
10080,20666,8489,null,null,2008-09-20T17:47:20.037
428876,916458,8489,null,null,2009-07-09T03:38:33.047
191507,1494021,8489,null,null,2009-10-26T17:34:49.643
80363,2526441,8489,null,null,2010-03-27T02:21:04.107
9330,2538657,8489,null,null,2010-03-29T14:08:34.863
53870,446410,8501,null,null,2009-03-11T04:46:57.977
611,451564,8501,null,null,2009-03-12T12:20:59.517
11538,6776635,8501,null,null,2011-05-04T22:04:52.910
655536,16467717,8501,null,null,2012-09-05T10:10:34.783
611,20302156,8501,null,null,2013-01-27T22:20:07.487
137451,25612596,8501,null,null,2013-07-11T16:31:52.740
292120,31071483,8501,null,null,2013-12-23T04:34:35.967
11718061,129265484,8526,null,null,2022-08-01T10:05:15.087
1018256,9901351,23857,null,null,2011-11-10T12:18:01.303
3709,132242132,23918,null,null,2008-09-02T04:10:48.743
4069,132242133,23918,null,null,2008-09-02T10:47:00.460
66056,3955365,23930,null,null,2010-09-18T16:33:43.883
718,8958850,23931,null,null,2008-08-23T03:50:21.260
1363337,69716314,23931,null,null,2016-12-21T08:19:22.000
4397135,123059777,23931,null,null,2021-10-18T19:24:26.290
1490,3591465,23946,null,null,2010-08-10T03:40:33.903
2543,43458,23969,null,null,2008-09-29T17:34:52.243
4279,86381,23969,null,null,2008-10-19T13:33:17.573
239916,2064510,23969,null,null,2010-01-24T06:07:41.870
56541,390221,23975,null,null,2009-02-23T16:59:37.087
446497,392026,23975,null,null,2009-02-24T01:06:52.467
2361,866238,23978,null,null,2009-06-28T08:59:10.377
82062,2288577,23978,null,null,2010-02-23T17:24:25.300
264017,2288662,23978,null,null,2010-02-23T17:33:06.317
177591,3364383,23978,null,null,2010-07-15T11:41:21.577
513905,82750879,23981,null,null,2017-12-19T17:24:26.827
44065,213259,23982,null,null,2008-12-22T04:55:13.563
5697,153922,23989,null,null,2008-11-22T08:30:58.930
21734,217474,23995,null,null,2008-12-23T22:05:49.237
724944,10331292,24003,null,null,2011-12-04T00:21:42.673
589259,31549039,24003,null,null,2014-01-08T12:01:16.373
18651,225688,5204,null,null,2008-12-30T11:37:38.847
2663,571234,5204,null,null,2009-04-17T06:48:37.780
21668,1084768,5204,null,null,2009-08-10T23:29:39.733
492,3837710,5204,null,null,2010-09-06T06:29:03.157
472388,25998490,5223,null,null,2013-07-23T16:53:41.093
326242,98805823,5223,null,null,2019-05-10T19:31:50.390
4642212,117795259,5223,null,null,2021-03-15T10:28:09.913
63550,126349869,5226,null,null,2022-03-15T16:35:53.907
304,12224400,5227,null,null,2012-03-09T09:05:49.920
1806628,28489531,5232,null,null,2013-10-08T11:32:57.233
1358722,14225278,5251,null,null,2012-06-06T06:22:30.043
573,14256542,5251,null,null,2012-06-07T09:17:48.220
421753,18369398,5251,null,null,2012-11-18T03:04:22.473
572,16073016,5256,null,null,2008-08-07T20:02:14.720
422,2180,5262,null,null,2008-09-11T10:47:04.860
1044799,13390705,5262,null,null,2012-04-30T15:01:53.387
862948,13805313,5270,null,null,2012-05-18T05:28:42.763
223752,36560300,5270,null,null,2014-05-21T04:59:45.390
6647188,102536542,5270,null,null,2019-09-23T21:34:47.283
303101,105393604,5270,null,null,2020-01-06T16:02:46.963
2541,2581,57004,null,null,2008-09-11T18:35:11.910
2443,2443,57006,null,null,2008-09-11T16:13:14.467
227299,1822559,57006,null,null,2009-12-16T19:04:34.260
2710,3361964,57006,null,null,2010-07-15T06:10:14.003
120990,14500369,57006,null,null,2012-06-18T04:38:25.500
6583,3788812,57008,null,null,2010-08-31T11:30:16.603
1199,2604,57010,null,null,2008-09-11T18:58:35.380
4200,2692,57010,null,null,2008-09-11T20:43:54.520
3561,2756,57010,null,null,2008-09-11T21:39:28.707
4200,2774,57010,null,null,2008-09-11T22:10:24.297
4200,2776,57010,null,null,2008-09-11T22:12:47.690
4200,2450,57013,null,null,2008-09-11T16:16:03.260
4200,2510,57013,null,null,2008-09-11T17:32:56.460
1288,2548,57013,null,null,2008-09-11T17:56:27.340
1443363,850920,57018,null,null,2009-06-24T18:45:09.263
4939,2463,57019,null,null,2008-09-11T16:22:47.300
17174,659463,57020,null,null,2009-05-12T04:55:38.987
4200,2489,57022,null,null,2008-09-11T17:02:28.593
30,2460,57023,null,null,2008-09-11T16:19:12.767
37381,1431543,57023,null,null,2009-10-15T09:17:48.257
2443,2471,57026,null,null,2008-09-11T16:38:11.130
543873,32610778,57026,null,null,2014-02-05T19:41:17.180
2361131,125197217,57027,null,null,2022-01-23T03:54:31.010
434480,8422911,49016,null,null,2011-08-12T21:51:33.870
1959,8441864,49016,null,null,2011-08-14T18:27:03.183
668455,8654270,49016,null,null,2011-08-26T11:53:21.493
129622,12719398,49016,null,null,2012-03-31T19:25:39.543
1497596,54531797,49016,null,null,2015-10-27T12:59:40.467
129622,54576865,49016,null,null,2015-10-28T13:46:44.043
2483271,80642626,49016,null,null,2017-10-20T10:57:45.323
3579212,110834199,49016,null,null,2020-07-01T09:46:17.790
7696223,126834148,49016,null,null,2022-04-06T17:09:35.260
8261867,137892783,49016,null,null,2024-03-24T22:11:05.083
129622,137894597,49016,null,null,2024-03-25T06:05:46.227
1285444,33448022,37131,null,null,2014-02-27T03:39:48.043
1536289,80789397,37131,null,null,2017-10-24T22:22:04.650
146309,19019272,37134,null,null,2012-12-11T14:40:00.143
29573,16613491,37161,null,null,2012-09-11T12:18:54.537
10046,33033231,37167,null,null,2014-02-17T10:09:55.603
50277,2322841,37173,null,null,2010-02-28T01:38:25.183
4646,80512,37180,null,null,2008-10-16T05:45:19.937
1196,82659,37180,null,null,2008-10-17T00:47:13.097
1595,84020,37182,null,null,2008-10-17T15:50:05.863
79574,823592,37182,null,null,2009-06-18T18:50:32.713
65387,1231096,37182,null,null,2009-09-07T18:57:29.477
1533,3008916,37186,null,null,2010-06-01T17:29:59.550
7724,375741,37189,null,null,2009-02-19T09:19:35.270
881846,64350070,37219,1,git,2016-07-20T06:15:26.170
3146,64382918,37219,1,git,2016-07-20T20:53:00.260
1487102,82283920,37219,1,git,2017-12-05T20:50:08.133
166686,1682626,37231,2,null,2009-11-25T06:06:24.167
1174378,34511072,8553,null,null,2014-03-26T10:02:23.783
382899,101505068,8553,null,null,2019-08-16T03:55:51.240
213871,7720243,8557,null,null,2011-07-01T19:07:48.627
872,7772732,8557,null,null,2011-07-05T21:51:46.377
458321,9273587,8566,null,null,2011-10-03T13:55:12.297
567,12538489,8566,null,null,2008-08-12T14:50:43.293
434376,8108594,8567,null,null,2011-07-26T03:04:53.157
131652,1158578,8569,null,null,2009-08-24T20:57:52.300
1421194,78966695,8580,null,null,2017-09-01T14:56:42.537
2669716,30137644,8586,null,null,2013-11-26T08:11:29.823
51382,260954,8598,null,null,2009-01-13T10:45:17.413
9636,8598,8620,null,null,2008-09-16T20:24:21.327
372,7067618,8625,null,null,2008-08-12T09:54:03.487
26877,15097561,8625,null,null,2012-07-11T21:26:08.730
1073157,93158761,8625,null,null,2018-11-03T15:21:02.937
75500,50646922,8632,null,null,2015-07-10T00:45:17.967
7839,46875,8633,null,null,2008-09-30T22:13:09.057
275,1968483,8633,null,null,2010-01-11T15:11:52.003
735897,29492667,8633,null,null,2013-11-07T10:45:40.880
314585,53029390,8633,null,null,2015-09-15T13:52:57.027
5536006,137655443,8633,null,null,2024-02-29T17:14:29.660
4906,1014,8637,null,null,2008-09-09T16:48:32.027
2005680,89802871,46491,null,null,2018-07-19T06:37:53.220
5947043,89805146,46491,null,null,2018-07-19T07:44:58.107
2005680,89837884,46491,null,null,2018-07-20T00:55:55.833
813988,92217873,46491,null,null,2018-10-04T09:00:35.520
1479945,92885130,46491,null,null,2018-10-25T13:04:17.670
1479945,92885512,46491,null,null,2018-10-25T13:13:10.427
813988,92917334,46491,null,null,2018-10-26T10:37:23.493
572,92917390,46491,null,null,2018-10-26T10:39:21.060
11827985,116178673,46491,null,null,2021-01-13T20:11:06.937
617466,20601365,46496,null,null,2013-02-06T09:48:57.840
3789665,65235615,46496,null,null,2016-08-14T07:50:53.853
13663,25107,46500,null,null,2008-09-22T22:43:05.473
1908,288,46507,null,null,2008-09-08T10:45:42.703
842865,47528732,46514,null,null,2015-04-17T10:13:26.943
172272,52011151,46517,null,null,2015-08-17T17:19:08.787
448779,118621102,73431,null,null,2021-04-15T13:12:55.800
459,18826415,73438,null,null,2012-12-04T17:09:26.197
200985,37858711,73438,null,null,2014-06-28T01:54:09.363
2573127,135290112,73438,null,null,2023-07-21T15:07:20.527
18038,236475,73440,null,null,2009-01-04T21:25:34.947
131789,38903121,73440,null,null,2014-07-29T14:09:14.757
4984564,86637559,73440,null,null,2018-04-13T07:28:46.547
7647,7848,73446,null,null,2008-09-16T15:27:21.727
7647,9970,73446,null,null,2008-09-17T07:26:06.167
515814,56965687,73446,null,null,2016-01-05T11:15:54.077
1960,7820,73460,null,null,2008-09-16T15:20:26.890
168493,64389051,73461,null,null,2016-07-21T03:01:59.067
3207,7982,73462,null,null,2008-09-16T16:13:14.283
184456,2243769,73465,null,null,2010-02-17T13:10:57.720
15055,27418020,73465,null,null,2013-09-04T22:21:15.933
515902,33232840,73465,null,null,2014-02-21T15:21:55.600
1340389,45522803,73465,null,null,2015-02-19T14:56:53.033
6300,7831,73468,null,null,2008-09-16T15:22:04.127
3773066,58311423,73471,null,null,2016-02-09T19:33:17.453
28604,1892312,73483,null,null,2009-12-29T22:39:08.990
6594367,74778483,73483,null,null,2017-05-09T13:49:34.063
2219831,79414185,54434,null,null,2017-09-14T17:49:15.337
501250,108101459,54434,null,null,2020-04-08T15:39:50.350
2668831,114207086,54434,null,null,2020-10-29T11:23:27.040
4633075,136724111,54434,null,null,2023-11-27T06:02:53.087
651368,10443365,54444,null,null,2011-12-09T16:41:47.867
73409,739073,54454,null,null,2009-05-31T03:00:57.763
1137043,14239918,54454,null,null,2012-06-06T16:38:53.010
28190,73843849,54454,null,null,2017-04-13T11:50:54.907
2144,1614,54463,null,null,2008-09-10T16:06:13.323
1117,1663,54463,null,null,2008-09-10T17:08:40.300
1117,1606,54473,null,null,2008-09-10T15:52:08.473
1902010,1605,54486,null,null,2008-09-10T15:50:49.740
1572283,84274833,54486,null,null,2018-02-06T09:13:08.437
1310,1617,54487,null,null,2008-09-10T16:08:06.267
312440,57820026,54496,null,null,2016-01-27T21:02:17.033
255243,131730832,54496,null,null,2022-11-30T15:11:36.880
4639,2095,54527,null,null,2008-09-11T06:55:14.387
20774,562841,54533,null,null,2009-04-15T13:11:37.863
3055,562863,54533,null,null,2009-04-15T13:17:30.640
20774,562879,54533,null,null,2009-04-15T13:21:39.587
10080,20664,8637,null,null,2008-09-20T17:44:54.880
27067,337355,8637,null,null,2009-02-07T16:59:59.860
29493,337975,8637,null,null,2009-02-07T22:41:06.863
4504,426593,8637,null,null,2009-03-05T05:31:59.603
383,427095,8637,null,null,2009-03-05T09:21:07.103
42048,900743,8637,null,null,2009-07-06T14:07:37.040
119046,916861,8637,null,null,2009-07-09T06:14:24.487
257493,3354397,8637,null,null,2010-07-14T13:53:12.787
383,3375978,8637,null,null,2010-07-16T12:05:18.130
21574,4430915,8637,null,null,2010-11-06T18:33:20.537
1386054,9006876,8637,null,null,2011-09-16T16:10:02.613
1010847,18852210,8637,null,null,2012-12-05T13:06:31.117
383,6451938,8657,null,null,2008-08-12T10:46:20.557
987,6452002,8657,null,null,2008-08-12T11:02:24.690
383,6452003,8657,null,null,2008-08-12T13:06:46.827
987,6452004,8657,null,null,2008-08-12T13:10:52.683
12711,44993,84335,null,null,2008-09-30T06:45:40.220
42595,26630217,84340,null,null,2013-08-11T19:37:56.610
874188,99724612,84355,null,null,2019-06-13T04:03:51.717
7548,14407,84356,null,null,2008-09-18T16:39:14.283
15614,187563,84356,null,null,2008-12-10T13:27:04.287
366051,3339829,84356,null,null,2010-07-13T07:11:18.907
42973,2918848,84360,null,null,2010-05-20T11:25:48.830
10088,11823,84362,null,null,2008-09-17T20:17:30.117
13956,11465,84371,null,null,2008-09-17T18:10:41.560
2915,17227,84371,null,null,2008-09-19T12:24:35.517
161737,1447931,84371,null,null,2009-10-18T17:04:47.827
5569,10966,84372,null,null,2008-09-17T15:23:39.060
5989,11606,84378,null,null,2008-09-17T19:04:06.563
425313,23387196,84378,null,null,2013-05-02T03:22:35.413
3469273,102393994,84378,null,null,2019-09-18T13:15:00.983
8388,11061,84379,null,null,2008-09-17T15:50:09.400
25457,1547008,84379,null,null,2009-11-04T12:55:18.003
15969,1554908,84379,null,null,2009-11-05T14:19:10.353
25457,1576650,84379,null,null,2009-11-09T13:07:46.350
1586025,23623842,81765,null,null,2013-05-09T16:08:06.613
25380,89444,81768,null,null,2008-10-21T03:58:48.870
2598,10793,81786,null,null,2008-09-17T14:28:03.373
243203,5054691,81786,null,null,2011-01-05T02:11:16.763
6369,10285,81790,null,null,2008-09-17T10:46:49.613
1695,10330,81790,null,null,2008-09-17T11:16:58.560
16590,3255249,81790,null,null,2010-07-02T10:42:20.537
6091,5590670,81790,null,null,2011-02-15T10:22:33.897
1196,10255,81799,null,null,2008-09-17T10:31:05.317
881224,20685635,81799,null,null,2013-02-08T15:29:36.990
24179,103648,81802,null,null,2008-10-27T16:00:18.047
18941,103779,81802,null,null,2008-10-27T16:39:22.553
7211,106106,81802,null,null,2008-10-28T15:33:24.403
364,10623,81806,null,null,2008-09-17T13:30:31.953
205736,33205945,81815,null,null,2014-02-21T00:37:30.707
1857897,46753738,81815,null,null,2015-03-26T11:58:55.593
11892,10355,81826,null,null,2008-09-17T11:33:01.033
11892,10376,81826,null,null,2008-09-17T11:43:50.773
1028434,10619461,81827,null,null,2011-12-19T19:25:37.767
4200,10898,81834,null,null,2008-09-17T15:01:37.070
7938,29672,81834,null,null,2008-09-24T10:03:26.373
25300,203019,46533,null,null,2008-12-17T14:54:40.520
1366016,95313815,46535,null,null,2019-01-17T21:37:07.557
301957,50018321,46541,null,null,2015-06-23T05:35:28.123
3128926,56022862,46541,null,null,2015-12-07T15:49:04.787
null,4200636,46542,null,null,2010-10-14T17:46:27.053
55208,1800023,46553,null,null,2009-12-13T19:25:11.963
8946,6796119,46554,null,null,2011-05-05T21:50:23.943
382974,35465805,46554,null,null,2014-04-20T22:06:53.460
28411,1788156,46560,null,null,2009-12-11T12:05:19.273
5274,703,46578,null,null,2008-09-09T08:08:54.880
8946,707100,46579,null,null,2009-05-22T19:32:57.227
4725,708268,46579,null,null,2009-05-23T01:13:23.653
3709685,60203851,46579,null,null,2016-03-29T15:54:33.047
8946,706368,46581,null,null,2009-05-22T16:57:45.217
12704,1930361,46581,null,null,2010-01-05T22:59:06.447
685,78558937,46581,null,null,2017-08-21T15:10:52.680
685,78558996,46581,null,null,2017-08-21T15:12:19.383
1344,11858814,46582,null,null,2008-09-06T20:30:22.377
110549,19193345,46582,null,null,2012-12-17T22:11:24.240
1258925,63137862,46582,null,null,2016-06-15T14:34:54.300
383,6451943,8663,null,null,2008-08-12T10:51:32.513
987,6451946,8663,null,null,2008-08-12T11:00:22.633
383,6451952,8663,null,null,2008-08-12T11:11:41.083
13467,102508,8668,null,null,2008-10-26T23:12:19.483
38124,213913,8668,null,null,2008-12-22T14:35:31.270
238,223699,8668,null,null,2008-12-29T10:57:53.480
1337,946825,8668,null,null,2009-07-15T04:49:50.827
17339,1287356,8668,null,null,2009-09-18T00:12:44.540
435985,26379806,8676,null,null,2013-08-03T14:21:55.020
237858,27196814,8676,null,null,2013-08-28T21:09:13.037
5486,32297566,8676,null,null,2014-01-28T16:00:40.303
3308043,36517317,8676,null,null,2014-05-20T05:50:19.660
5486,36536292,8676,null,null,2014-05-20T14:01:24.800
93394,51653528,8676,null,null,2015-08-06T23:05:39.017
601179,72992423,8676,null,null,2017-03-22T10:13:26.943
861716,129523638,8676,null,null,2022-08-13T09:30:05.520
1406702,30719269,8679,null,null,2013-12-12T12:31:59.603
1084,30724703,8679,null,null,2013-12-12T14:49:24.393
3531954,62718207,8679,null,null,2016-06-03T15:08:35.237
7659995,75263934,8679,null,null,2017-05-22T21:20:46.820
2316602,77043523,8679,null,null,2017-07-11T12:44:02.420
60281,89476018,8679,null,null,2018-07-09T15:01:42.110
4376,2469,57032,null,null,2008-09-11T16:35:20.637
4376,2474,57032,null,null,2008-09-11T16:40:52.030
202017,1851048,57051,null,null,2009-12-21T16:35:24.413
2554970,32209129,57051,null,null,2014-01-26T07:49:43.603
5628,32300814,57051,null,null,2014-01-28T17:15:09.460
4177565,104893608,57051,null,null,2019-12-15T22:59:54.487
6929343,124133773,57051,null,null,2021-12-03T23:40:13.597
5628,124180907,57051,null,null,2021-12-06T16:48:31.597
5834,2493,57054,null,null,2008-09-11T17:10:37.060
5908,2496,57059,null,null,2008-09-11T17:11:27.620
44330,34488278,57059,null,null,2014-03-25T19:24:46.080
2932052,126700907,57059,null,null,2022-03-31T11:45:27.007
384701,49832547,57061,null,null,2015-06-17T16:04:37.380
1098603,103017398,57061,null,null,2019-10-10T19:16:11.950
495455,72448943,57068,null,null,2017-03-08T01:52:00.333
1695,4532,57069,null,null,2008-09-14T18:56:05.597
77610,1320204,76738,null,null,2009-09-24T10:16:49.120
13070,1330277,76738,null,null,2009-09-25T22:07:30.983
374198,4412449,76740,null,null,2010-11-04T18:36:25.103
28053,7374163,76740,null,null,2011-06-10T18:01:44.430
275581,10019995,76740,null,null,2011-11-17T01:51:51.050
275581,10020012,76740,null,null,2011-11-17T01:55:37.223
94363,19337652,76740,null,null,2012-12-22T21:24:47.060
12713,8797,76746,null,null,2008-09-16T21:28:47.817
6386,8904,76746,null,null,2008-09-16T21:58:00.320
6386,8907,76746,null,null,2008-09-16T21:59:05.250
6386,8912,76746,null,null,2008-09-16T22:00:59.877
2064808,99590844,87260,null,null,2019-06-07T20:25:31.967
4615,11869,87262,null,null,2008-09-17T20:31:00.303
5812,34036,87262,null,null,2008-09-25T16:24:29.977
13279,11881,87263,null,null,2008-09-17T20:35:16.860
872616,37610627,87265,null,null,2014-06-20T15:28:39.957
8152,931581,87276,null,null,2009-07-12T09:54:58.110
71,14294,87288,null,null,2008-09-18T16:01:51.050
2135219,11868,87292,null,null,2008-09-17T20:30:52.957
4615,11917,87292,null,null,2008-09-17T20:44:21.083
14731,54999,87293,null,null,2008-10-03T18:10:14.773
541,109862,87293,null,null,2008-10-29T23:23:50.567
758,325160,87293,null,null,2009-02-04T13:31:41.453
324072,5309760,87293,null,null,2011-01-25T11:22:11.253
99003,9909974,87293,null,null,2011-11-10T19:51:55.780
319058,12318211,87293,null,null,2012-03-13T22:57:24.630
541,12339710,87293,null,null,2012-03-14T18:40:51.817
1038369,17701559,87293,null,null,2012-10-23T20:03:53.063
832693,12972236,87299,null,null,2012-04-12T11:07:51.893
492,163036,87300,null,null,2008-11-27T04:12:46.203
2961160,108434930,2647,null,null,2020-04-18T19:40:18.517
13106836,115982257,2647,null,null,2021-01-06T16:33:54.333
543873,130625986,2647,null,null,2022-10-06T22:52:11.203
87015,137386508,2647,null,null,2024-02-02T20:50:57.840
137508,4057317,2657,null,null,2010-09-29T15:13:55.823
619960,6045817,2657,null,null,2011-03-18T13:55:40.053
56079,49009585,2657,null,null,2015-05-26T16:56:29.907
334053,73460169,2657,null,null,2017-04-03T20:24:41.233
5670087,74534751,2657,null,null,2017-05-02T19:38:24.687
2014745,93632620,2657,null,null,2018-11-19T16:06:15.067
3357935,111879803,2657,null,null,2020-08-05T16:25:54.943
1118726,113561323,2657,null,null,2020-10-06T05:42:17.930
1337,9532,2658,null,null,2008-09-17T03:36:52.597
109747,9014288,2667,null,null,2011-09-17T03:50:21.950
415,86175,2668,null,null,2008-10-19T05:42:59.907
591875,5352614,2671,null,null,2011-01-28T05:47:01.570
993,88061,2677,null,null,2008-10-20T15:25:24.943
8479,1444456,2677,null,null,2009-10-17T16:30:54.287
5173926,72849350,68324,null,null,2017-03-18T08:28:52.800
3006846,73020551,68324,null,null,2017-03-22T21:45:39.823
533426,77985163,68324,null,null,2017-08-04T17:00:11.030
2908,1918690,68328,null,null,2010-01-04T14:53:48.863
1690217,107060658,68328,null,null,2020-03-03T23:42:46.897
287,455952,68332,null,null,2009-03-13T13:05:30.480
18234,320935,68333,null,null,2009-02-03T09:06:57.027
1118594,26752294,68333,null,null,2013-08-15T01:44:43.747
670446,131764847,68333,null,null,2022-12-02T03:27:58.100
1,6440,68338,null,null,2008-09-16T01:11:11.940
null,30016032,68338,null,null,2013-11-22T08:16:52.260
546709,40164790,68338,null,null,2014-09-06T03:30:34.450
2066861,50018280,68338,null,null,2015-06-23T05:33:42.297
601179,64540187,68338,null,null,2016-07-25T19:03:48.813
10675,6470,68346,null,null,2008-09-16T01:31:03.500
5234,8086,68347,null,null,2008-09-16T17:03:35.147
7178,6422,68349,null,null,2008-09-16T00:55:34.927
4279,34606289,68365,null,null,2014-03-28T10:37:50.517
585874,42458731,68365,null,null,2014-11-16T17:58:13.983
274502,6398038,46583,null,null,2011-04-11T01:56:34.213
166452,52324507,46584,null,null,2015-08-26T07:45:09.237
2628903,53106296,46585,null,null,2015-09-17T10:49:59.693
327074,54396506,46585,null,null,2015-10-23T09:15:19.190
613453,64211934,46585,null,null,2016-07-15T17:23:57.457
989468,112452801,46585,null,null,2020-08-26T08:07:02.417
33213,188426,46586,null,null,2008-12-10T18:43:32.713
92448,1483811,46586,null,null,2009-10-24T04:18:36.460
189973,1483912,46586,null,null,2009-10-24T05:12:18.853
189973,1483917,46586,null,null,2009-10-24T05:17:04.103
353483,3133005,46586,null,null,2010-06-17T07:45:30.900
19746,3133049,46586,null,null,2010-06-17T07:52:03.870
353483,3133073,46586,null,null,2010-06-17T07:56:36.910
227267,3589135,46586,null,null,2010-08-09T20:52:12.170
239916,9851721,46586,null,null,2011-11-08T01:15:52.037
740,16340890,46586,null,null,2010-08-09T20:51:52.073
84651,16340891,46586,null,null,2010-08-09T20:53:01.383
1194402,32027084,24003,null,null,2014-01-21T12:49:42.783
1085958,36868282,24003,null,null,2014-05-29T15:24:31.790
1085958,36868349,24003,null,null,2014-05-29T15:26:01.440
2657661,68098439,24003,null,null,2016-11-04T14:25:58.357
1790,100858878,24003,null,null,2019-07-23T22:23:09.303
60143,4417760,24005,null,null,2010-11-05T07:57:07.483
2239,2490715,24010,null,null,2010-03-22T23:39:21.783
63810,3682413,24012,null,null,2010-08-19T11:43:44.337
4921572,111680613,24018,null,null,2020-07-29T14:30:39.900
13514657,112273163,24041,null,null,2020-08-19T17:39:02.017
845584,79587560,24044,null,null,2017-09-20T03:42:56.100
5783745,108088364,24044,null,null,2020-04-08T08:58:38.993
60143,4348555,24045,null,null,2010-10-29T07:28:35.283
89432,12719410,24045,null,null,2012-03-31T19:26:54.673
761095,16327856,24045,null,null,2012-08-30T09:19:06.653
7913,21963281,24045,null,null,2013-03-19T20:18:56.857
854342,118494481,19422,2,sql,2021-04-10T17:01:15.750
854342,118494481,19422,2,random,2021-04-10T17:01:15.750
3893875,128040271,19422,2,sql,2022-06-02T19:25:04.483
3893875,128040271,19422,2,random,2022-06-02T19:25:04.483
5374,874755,19423,2,null,2009-06-30T10:04:20.280
1915,24176226,19433,1,audio,2008-09-04T22:09:47.197
479,6084758,19442,1,mercurial,2011-03-21T18:54:16.290
479,6084758,19442,1,windows-server-2003,2011-03-21T18:54:16.290
479,6084758,19442,1,hgignore,2011-03-21T18:54:16.290
1133479,25124920,19442,1,mercurial,2013-06-26T13:51:00.107
1133479,25124920,19442,1,windows-server-2003,2013-06-26T13:51:00.107
1133479,25124920,19442,1,hgignore,2013-06-26T13:51:00.107
465053,97315821,19442,1,mercurial,2019-03-22T05:50:54.390
465053,97315821,19442,1,windows-server-2003,2019-03-22T05:50:54.390
465053,97315821,19442,1,hgignore,2019-03-22T05:50:54.390
625904,21981985,19443,2,mercurial,2013-03-20T10:01:27.807
625904,21981985,19443,2,windows-server-2003,2013-03-20T10:01:27.807
625904,21981985,19443,2,hgignore,2013-03-20T10:01:27.807
227,21991261,19443,2,mercurial,2013-03-20T13:57:13.867
227,21991261,19443,2,windows-server-2003,2013-03-20T13:57:13.867
227,21991261,19443,2,hgignore,2013-03-20T13:57:13.867
738287,126435095,19443,2,mercurial,2022-03-19T08:46:58.027
738287,126435095,19443,2,windows-server-2003,2022-03-19T08:46:58.027
738287,126435095,19443,2,hgignore,2022-03-19T08:46:58.027
227,126435508,19443,2,mercurial,2022-03-19T09:24:00.673
227,126435508,19443,2,windows-server-2003,2022-03-19T09:24:00.673
227,126435508,19443,2,hgignore,2022-03-19T09:24:00.673
4418,145373,19453,2,gnu-assembler,2008-11-18T17:08:06.877
4418,145373,19453,2,assembly,2008-11-18T17:08:06.877
1726,1098866,19453,2,gnu-assembler,2009-08-13T07:40:39.570
1726,1098866,19453,2,assembly,2009-08-13T07:40:39.570
1155000,12242298,19453,2,gnu-assembler,2012-03-10T00:37:57.740
1155000,12242298,19453,2,assembly,2012-03-10T00:37:57.740
4418,12280289,19453,2,gnu-assembler,2012-03-12T13:52:36.937
4418,12280289,19453,2,assembly,2012-03-12T13:52:36.937
238,38705587,19461,1,javascript,2008-08-21T08:05:59.133
238,38705587,19461,1,html,2008-08-21T08:05:59.133
238,38705587,19461,1,image,2008-08-21T08:05:59.133
538646,7034022,19469,2,php,2011-05-20T14:44:56.610
538646,7034022,19469,2,file-permissions,2011-05-20T14:44:56.610
654789,12493115,19469,2,php,2012-03-21T16:45:08.523
654789,12493115,19469,2,file-permissions,2012-03-21T16:45:08.523
9302209,132839354,19469,2,php,2023-01-30T06:47:51.373
9302209,132839354,19469,2,file-permissions,2023-01-30T06:47:51.373
503572,42348847,19470,2,php,2014-11-12T22:30:01.127
503572,42348847,19470,2,file-permissions,2014-11-12T22:30:01.127
10941,13764,89950,null,null,2008-09-18T13:27:28.097
12682,12864,89959,null,null,2008-09-18T04:20:46.353
109676,673908,89965,null,null,2009-05-14T23:07:27.910
16248,14566,89970,null,null,2008-09-18T17:18:45.077
11289,14947,89970,null,null,2008-09-18T18:55:59.557
9493,13657,89971,null,null,2008-09-18T12:40:44.373
4279,167481,89971,null,null,2008-11-30T17:03:49.287
1220,12872,89980,null,null,2008-09-18T04:23:50.510
241142,21471263,89989,null,null,2013-03-05T17:36:31.530
201192,23087253,90001,null,null,2013-04-22T20:53:58.250
2422068,76567890,90001,null,null,2017-06-28T04:31:52.843
1441069,76613597,90001,null,null,2017-06-29T05:13:03.760
4597501,60954636,90002,null,null,2016-04-17T21:30:41.267
672226,70084775,90002,null,null,2017-01-03T08:36:17.523
672226,70085216,90002,null,null,2017-01-03T08:51:05.843
524504,122869211,90002,null,null,2021-10-10T11:03:14.743
621316,126888674,90002,null,null,2022-04-08T21:56:19.903
13179,13518,90003,null,null,2008-09-18T11:29:56.103
13179,13549,90003,null,null,2008-09-18T11:47:43.860
232593,16340896,46586,null,null,2010-08-09T20:52:52.330
544557,19670933,46586,null,null,2013-01-07T05:21:23.583
1031591,40553470,46586,null,null,2014-09-18T09:30:01.177
417501,42177572,46586,null,null,2014-11-07T13:19:40.690
null,47735023,46586,null,null,2015-04-22T16:28:10.920
1274934,71752316,46586,null,null,2017-02-17T13:16:37.693
5463015,75668129,46586,null,null,2017-06-02T15:08:47.857
38765,97458461,46586,null,null,2010-10-18T06:20:29.160
820321,124192543,46586,null,null,2021-12-07T06:05:11.233
248959,8619205,46594,null,null,2011-08-24T17:33:25.487
3978,8629224,46594,null,null,2011-08-25T07:23:57.940
1640715,90332017,46594,null,null,2018-08-04T11:09:21.937
1779091,104606516,46594,null,null,2019-12-05T11:24:24.723
226256,133028167,46594,null,null,2023-02-08T21:28:48.030
1779091,104606833,46602,null,null,2019-12-05T11:33:22.580
4027338,53663038,52009,null,null,2015-10-03T00:37:05.027
157274,60641162,52009,null,null,2016-04-09T14:10:03.937
5911206,101770011,52009,null,null,2019-08-26T14:59:21.570
2742717,113613196,52009,null,null,2020-10-07T17:22:08.850
5911206,113624634,52009,null,null,2020-10-08T04:36:33.793
1220,2393997,52010,null,null,2010-03-09T21:48:48.757
177333,4836978,52010,null,null,2010-12-13T17:43:00.017
4549416,923,52013,null,null,2008-09-09T14:38:17.753
1886,926,52013,null,null,2008-09-09T14:42:52.703
75,927,52013,null,null,2008-09-09T14:43:23.420
109880,2297727,52013,null,null,2010-02-24T17:23:49.627
29,932,52014,null,null,2008-09-09T14:45:46.800
271,944,52014,null,null,2008-09-09T14:53:47.687
3408,1067,52014,null,null,2008-09-09T18:00:55.490
4308,1184,52014,null,null,2008-09-09T22:08:27.033
15004,95183,52014,null,null,2008-10-23T05:28:50.607
1666,96787,52014,null,null,2008-10-23T18:48:51.600
299509,2522443,49034,null,null,2010-03-26T16:04:47.270
1839439,106985861,49034,null,null,2020-03-01T14:09:57.133
3225,699431,49037,null,null,2009-05-21T10:46:27.433
1211528,52508274,49037,null,null,2015-08-31T17:23:15.427
1211528,52508347,49037,null,null,2015-08-31T17:25:36.147
14089,13702,49044,null,null,2008-09-18T13:01:19.347
52598,30257600,49060,null,null,2013-11-29T09:01:36.657
3712,30260693,49060,null,null,2013-11-29T10:35:58.663
52598,30261445,49060,null,null,2013-11-29T11:01:55.730
10245,36682247,49066,null,null,2014-05-23T21:54:44.773
4803,111501,49073,null,null,2008-10-30T17:57:38.807
44330,238712,49078,null,null,2009-01-05T18:39:25.953
1084,4938077,49078,null,null,2010-12-22T15:26:44.693
44330,4938853,49078,null,null,2010-12-22T16:26:20.323
205756,3854417,15635,null,null,2010-09-07T22:32:30.387
null,2155628,15649,null,null,2010-02-05T02:26:51.740
142434,2155641,15649,null,null,2010-02-05T02:32:18.513
1659,2244799,15649,null,null,2010-02-17T15:02:44.347
25920,2950047,15649,null,null,2010-05-24T21:19:56.623
2434,73893,15653,null,null,2008-10-13T10:56:33.227
1063716,86979351,15658,null,null,2018-04-23T12:55:03.730
22088,344786,15660,null,null,2009-02-10T11:41:39.170
3534,2155865,15660,null,null,2010-02-05T03:38:48.437
20578,19427487,15660,null,null,2012-12-27T16:09:50.237
12860,31567,15667,null,null,2008-09-24T20:34:12.847
8026,72113,15667,null,null,2008-10-11T18:53:15.387
2648,3408550,15667,null,null,2010-07-20T16:04:17.260
2094,637468,15670,null,null,2009-05-06T10:16:45.190
59242,2365593,15677,null,null,2010-03-05T15:00:30.753
943,2377811,15677,null,null,2010-03-07T22:05:28.053
1043,14112088,15681,null,null,2008-08-19T04:51:44.920
21005,173242,15684,null,null,2008-12-03T13:35:27.707
4983231,117273038,8679,null,null,2021-02-23T13:42:51.717
1084,117284276,8679,null,null,2021-02-23T20:15:11.673
2410359,125792923,8679,null,null,2022-02-17T17:58:43.723
524504,136709739,8679,null,null,2023-11-25T02:18:28.007
107409,4957836,8686,null,null,2010-12-24T11:41:44.373
93468,5001486,8686,null,null,2010-12-30T05:21:11.097
93468,5001492,8686,null,null,2010-12-30T05:22:10.843
413032,15842113,8691,null,null,2012-08-10T12:27:34.937
84704,18598319,8692,null,null,2012-11-26T20:44:19.323
1450294,24848374,8692,null,null,2013-06-18T08:09:02.690
4909087,98226671,8692,null,null,2019-04-20T20:04:32.793
202229,110111066,8692,null,null,2020-06-08T10:00:12.060
81636,1745702,8699,null,null,2009-12-05T05:35:47.113
1394393,93038858,8699,null,null,2018-10-30T17:57:24.847
14751543,118195774,8699,null,null,2021-03-30T05:29:31.823
18529,75089,8704,null,null,2008-10-13T20:58:31.390
1042,95578,8704,null,null,2008-10-23T11:16:33.040
194,5759673,8706,null,null,2011-02-27T14:40:02.233
41981,511625,8707,null,null,2009-03-30T19:40:38.263
27703,925173,8739,null,null,2009-07-10T14:54:24.410
905,925277,8739,null,null,2009-07-10T15:10:48.517
1727470,82454766,46607,null,null,2017-12-11T06:15:14.587
364696,97295807,46607,null,null,2019-03-21T14:42:39.393
12043501,102633099,46607,null,null,2019-09-26T17:52:28.067
33433,177973,46614,null,null,2008-12-05T10:06:43.213
28166,562680,46614,null,null,2009-04-15T12:13:39.110
19068,751994,46614,null,null,2009-06-03T09:59:33.147
19746,752019,46614,null,null,2009-06-03T10:06:21.807
75761,3772533,46614,null,null,2010-08-29T11:40:35.073
310767,14141512,46614,null,null,2012-06-01T19:58:26.233
59202,18997120,46614,null,null,2012-12-10T20:21:54.537
1332999,34172242,46614,null,null,2014-03-17T21:18:47.140
255982,44297689,46614,null,null,2015-01-14T19:53:04.637
1252748,53032163,46614,null,null,2015-09-15T14:53:51.573
1344,53033538,46614,null,null,2015-09-15T15:24:48.487
9269,14300,90003,null,null,2008-09-18T16:03:06.397
13179,15100,90003,null,null,2008-09-18T19:33:50.167
65724,12879,90009,null,null,2008-09-18T04:29:04.290
713558,40779265,90009,null,null,2014-09-25T08:20:04.270
14637,40837568,90009,null,null,2014-09-26T17:47:14.183
144876,52812678,90009,null,null,2015-09-09T09:34:45.020
1667018,75821267,90009,null,null,2017-06-07T11:24:00.177
1718491,117224616,90009,null,null,2021-02-21T20:30:42.160
16050,12880,90011,null,null,2008-09-18T04:29:05.240
12702,12881,90011,null,null,2008-09-18T04:29:23.197
12702,12883,90011,null,null,2008-09-18T04:31:23.270
12702,28840870,90011,null,null,2013-10-18T13:26:41.137
7705,12882,90019,null,null,2008-09-18T04:30:55.190
5640,13577,90020,null,null,2008-09-18T12:05:49.463
16050,12886,90021,null,null,2008-09-18T04:34:40.873
372,12892,90021,null,null,2008-09-18T04:36:37.733
16050,12904,90021,null,null,2008-09-18T04:46:37.240
372,12942,90021,null,null,2008-09-18T05:05:45.010
1124703,15969890,24046,null,null,2012-08-15T23:22:43.857
24433,17066796,24046,null,null,2012-09-29T11:25:19.097
1090395,36367554,24046,null,null,2014-05-15T08:45:18.270
2051,51390639,24046,null,null,2015-07-30T15:02:11.223
2365458,120002884,24046,null,null,2021-06-08T18:32:25.767
3991164,121245901,24046,null,null,2021-07-31T22:13:35.227
2766,5259254,24059,null,null,2011-01-21T02:40:01.430
193061,19919740,24075,null,null,2013-01-15T07:07:59.310
45802,1418524,24079,null,null,2009-10-13T12:09:22.897
49,1561685,24079,null,null,2009-11-06T11:58:19.940
94657,3473197,24079,null,null,2010-07-27T18:17:03.477
376409,3473346,24079,null,null,2010-07-27T18:27:59.017
156755,4837366,24079,null,null,2010-12-13T18:09:58.203
23771,981655,24082,null,null,2009-07-21T23:47:39.560
2543,302413,24084,null,null,2009-01-28T00:06:03.260
2203144,40310517,24090,null,null,2014-09-10T21:23:52.853
3803058,85325884,24093,null,null,2018-03-07T19:59:18.320
751796,94360823,24093,null,null,2018-12-13T02:09:03.113
1794106,69691670,46614,null,null,2016-12-20T15:31:11.000
1344,69726119,46614,null,null,2016-12-21T12:28:40.360
2624806,78514949,46614,null,null,2017-08-20T05:14:44.703
1344,78557562,46614,null,null,2017-08-21T14:37:42.320
552792,85461471,46614,null,null,2018-03-12T06:08:08.707
1764521,97144590,46614,null,null,2019-03-17T04:52:52.643
1001199,102562800,46614,null,null,2019-09-24T16:15:52.537
1779091,104606505,46614,null,null,2019-12-05T11:24:06.887
781996,120033406,46614,null,null,2021-06-09T19:11:37.517
10176,102121400,46635,null,null,2019-09-09T02:17:28.267
10176,102121401,46635,null,null,2019-09-09T02:17:33.673
15771,11117,84386,null,null,2008-09-17T16:13:26.240
4725,1596855,84394,null,null,2009-11-11T23:30:58.097
179795,2771471,84394,null,null,2010-04-30T04:55:29.293
1087848,14842399,84396,null,null,2012-07-01T18:02:00.970
2240824,99447908,84396,null,null,2019-06-03T11:45:08.227
2977,11093,84397,null,null,2008-09-17T16:03:30.413
5826609,103685336,84397,null,null,2019-11-04T13:20:23.360
1188513,54027863,84406,null,null,2015-10-13T15:23:29.990
207817,2278054,84410,null,null,2010-02-22T12:38:58.090
74449,2761902,84410,null,null,2010-04-29T00:22:33.803
74449,2762626,84410,null,null,2010-04-29T03:39:00.097
475766,80121451,84410,null,null,2017-10-05T11:18:20.057
16154,83402570,84410,null,null,2018-01-11T15:38:18.687
7233062,102102805,84410,null,null,2019-09-07T20:34:58.127
37769,131600270,84410,null,null,2022-11-23T19:24:31.163
1480,11808,84419,null,null,2008-09-17T20:12:56.400
832,189877,90021,null,null,2008-12-11T10:14:56.810
691988,18036985,90021,null,null,2012-11-05T19:48:04.340
165292,19729534,90021,null,null,2013-01-08T20:37:00.083
201748,35658905,90021,null,null,2014-04-25T13:43:57.603
null,45856970,90021,null,null,2015-03-01T06:46:27.040
783887,47745950,90021,null,null,2015-04-22T21:12:20.243
4035,54168061,90021,null,null,2015-10-16T22:25:49.827
234270,55782081,90021,null,null,2015-12-01T05:29:28.483
2040552,56981404,90021,null,null,2016-01-05T17:42:36.230
372,57004427,90021,null,null,2016-01-06T09:26:00.777
2040552,57141016,90021,null,null,2016-01-09T18:44:51.827
627042,58090766,90021,null,null,2016-02-03T20:18:46.463
192910,3866718,24099,null,null,2010-09-09T00:36:53.607
113158,3913649,24109,null,null,2010-09-14T14:48:43.860
54013,3408237,24110,null,null,2010-07-20T15:36:57.857
25893,90768,24119,null,null,2008-10-21T17:40:38.837
1968,92383,24119,null,null,2008-10-22T09:31:56.077
15068,460724,24119,null,null,2009-03-15T06:42:16.010
4757,649552,24119,null,null,2009-05-08T18:51:35.707
59557,782683,24119,null,null,2009-06-10T09:13:30.360
1968,783943,24119,null,null,2009-06-10T13:56:06.687
59557,786124,24119,null,null,2009-06-10T20:15:07.387
1968,787769,24119,null,null,2009-06-11T06:20:12.513
1968,789252,24119,null,null,2009-06-11T13:53:06.667
2710,1189368,24119,null,null,2009-08-30T03:41:22.447
1968,1189673,24119,null,null,2009-08-30T07:22:41.723
267,102126217,46635,null,null,2019-09-09T07:45:34.167
10176,102136872,46635,null,null,2019-09-09T13:46:38.270
10176,102136902,46635,null,null,2019-09-09T13:47:48.177
10176,102137095,46635,null,null,2019-09-09T13:53:30.770
6897,27797,46638,null,null,2008-09-23T18:34:12.897
4891,64664,46638,null,null,2008-10-08T14:17:07.143
4685,164568,46638,null,null,2008-11-28T04:00:50.720
70915,553141,46638,null,null,2009-04-12T08:00:33.843
75690,777656,46638,null,null,2009-06-09T11:01:18.067
null,4808943,46638,null,null,2010-12-10T14:43:41.653
852254,15039560,46638,null,null,2012-07-10T01:59:46.670
43425,33564341,46638,null,null,2014-03-02T02:46:31.817
2886571,33693160,46638,null,null,2014-03-05T11:00:47.570
21966,2649001,2677,null,null,2010-04-14T05:14:35.293
190521,13864352,2677,null,null,2012-05-21T10:12:11.823
415865,3920378,2681,null,null,2010-09-15T06:57:48.957
434,882331,2685,null,null,2009-07-01T15:54:58.797
1569,3333066,2685,null,null,2010-07-12T14:09:43.140
1152602,13707520,2685,null,null,2012-05-14T13:57:58.083
696808,43156634,2685,null,null,2014-12-08T04:11:25.127
177694,50120315,2685,null,null,2015-06-25T11:57:04.610
57033,58243098,2685,null,null,2016-02-08T09:09:32.670
10245,63463055,2685,null,null,2016-06-24T09:34:23.870
5599210,67839380,2685,null,null,2016-10-27T17:14:16.623
5599210,67857732,2685,null,null,2016-10-28T07:23:04.877
5599210,67857932,2685,null,null,2016-10-28T07:29:06.920
57033,67942240,2685,null,null,2016-10-31T14:20:19.800
1920188,75550812,2685,null,null,2017-05-30T20:31:46.953
4022986,88033209,2685,null,null,2018-05-24T13:22:12.023
19966,75833,2688,null,null,2008-10-14T06:49:44.207
299152,59199701,90021,null,null,2016-03-03T04:53:57.917
1186837,59424962,90021,null,null,2016-03-09T00:49:31.690
401467,61510453,90021,null,null,2016-05-02T07:58:53.553
1434070,61724670,90021,null,null,2016-05-07T15:44:54.240
493759,65674182,90021,null,null,2016-08-26T12:09:22.630
5384679,66424365,90021,null,null,2016-09-18T10:45:06.487
3078523,66529571,90021,null,null,2016-09-21T08:19:29.910
3540841,67935616,90021,null,null,2016-10-31T10:52:34.283
407213,69780414,90021,null,null,2016-12-22T17:50:26.613
2580516,76805556,90021,null,null,2017-07-04T22:15:11.283
5628922,78471930,90021,null,null,2017-08-18T13:01:27.297
1886835,82163655,90021,null,null,2017-12-01T22:35:58.770
3588161,38366561,46638,null,null,2014-07-14T08:58:37.740
3450840,90992859,46638,null,null,2018-08-25T21:06:52.723
5170889,61373523,46639,null,null,2016-04-28T03:51:50.850
37370,80138763,46639,null,null,2017-10-05T18:55:02.283
1640715,90331888,46639,null,null,2018-08-04T11:00:08.327
9942015,112427426,46639,null,null,2020-08-25T12:23:34.277
3358589,120363201,46639,null,null,2021-06-23T13:07:47.013
5473170,71511482,46654,null,null,2017-02-11T08:12:40.527
342,71518148,46654,null,null,2017-02-11T15:10:43.593
14092,27816,46658,null,null,2008-09-23T18:41:04.563
27959,164552,46658,null,null,2008-11-28T03:32:33.493
20135,164612,46658,null,null,2008-11-28T04:53:15.403
400547,15892328,46658,null,null,2012-08-13T10:22:19.663
4767498,52271390,46658,null,null,2015-08-24T23:12:21.317
397524,107517216,46658,null,null,2020-03-20T05:58:16.400
53897,317588,46659,null,null,2009-02-02T08:23:52.810
4223,323973,46659,null,null,2009-02-04T01:37:43.953
48423,1483940,46661,null,null,2009-10-24T05:34:57.887
1220,1502484,46661,null,null,2009-10-27T20:55:00.973
161628,1386838,24119,null,null,2009-10-07T12:12:48.967
230744,2540933,24119,null,null,2010-03-29T18:50:33.150
188512,2582502,24119,null,null,2010-04-04T23:32:47.853
59557,2603230,24119,null,null,2010-04-07T19:04:17.773
126691,2755698,24119,null,null,2010-04-28T10:14:46.293
102,3164034,24119,null,null,2010-06-21T17:09:50.833
35364,3293387,24119,null,null,2010-07-07T15:20:16.067
17028,3567187,24119,null,null,2010-08-06T17:38:11.227
35364,3570093,24119,null,null,2010-08-07T00:56:28.313
1968,3571329,24119,null,null,2010-08-07T08:11:38.307
140343,5011428,24119,null,null,2010-12-31T02:13:50.533
324220,6670992,24119,null,null,2011-04-28T05:39:32.137
324220,6671030,24119,null,null,2011-04-28T05:45:05.310
1968,6676834,24119,null,null,2011-04-28T12:28:12.033
null,7005433,24119,null,null,2011-05-19T03:15:23.250
57698,27109374,40420,null,null,2013-08-26T16:19:22.480
369,27120038,40420,null,null,2013-08-26T22:53:49.040
120990,39712030,40420,null,null,2014-08-22T16:07:50.277
202553,66695258,40420,null,null,2016-09-26T08:52:21.103
16940,93683742,40420,null,null,2018-11-21T02:12:44.193
16940,93683810,40420,null,null,2018-11-21T02:17:42.103
2307174,104314347,40420,null,null,2019-11-25T16:00:55.557
17635,4246152,40427,null,null,2010-10-19T17:13:45.057
428887,4867310,40427,null,null,2010-12-15T22:14:14.067
355264,23218662,40427,null,null,2013-04-26T08:32:01.933
201648,68976549,40427,null,null,2016-11-30T05:39:46.310
1338797,104074041,40427,null,null,2019-11-17T22:03:12.080
210780,12005365,40434,null,null,2012-02-28T15:52:13.950
184572,16343760,40434,null,null,2012-08-30T18:20:09.083
326110,18990993,40434,null,null,2012-12-10T16:38:20.100
9436,19100743,40434,null,null,2012-12-13T22:55:03.557
17784,23739947,40434,null,null,2013-05-13T21:12:26.423
155082,119968184,40441,null,null,2021-06-07T14:13:23.260
174335,2938327,40450,null,null,2010-05-22T22:11:07.430
12713,9195,76746,null,null,2008-09-17T00:15:49.647
12713,9293,76746,null,null,2008-09-17T00:52:17.610
6386,9690,76746,null,null,2008-09-17T04:54:06.810
97394,4211511,76752,null,null,2010-10-15T16:51:15.817
null,3088286,76755,null,null,2010-06-11T07:05:17.837
null,65470149,76755,null,null,2016-08-21T02:28:02.263
76722,2193077,76756,null,null,2010-02-10T13:33:49.570
76722,7915215,76756,null,null,2011-07-14T07:05:33.657
76722,2193095,76757,null,null,2010-02-10T13:36:01.657
847201,13629357,76760,null,null,2012-05-10T14:05:25.577
12332,8668,76762,null,null,2008-09-16T20:45:17.360
14461,169483,76762,null,null,2008-12-01T19:34:40.103
1312080,21124435,76773,null,null,2013-02-22T19:37:53.193
1438,21127687,76773,null,null,2013-02-22T21:34:49.303
12529,8674,76783,null,null,2008-09-16T20:46:59.010
324332,49434833,76796,null,null,2015-06-06T21:20:17.370
2829676,55622014,76796,null,null,2015-11-26T04:41:31.910
30404,435397,76797,null,null,2009-03-07T21:15:28.790
268,9151,76801,null,null,2008-09-17T00:03:27.040
10468,9191,76801,null,null,2008-09-17T00:15:02.083
1968,10160,76801,null,null,2008-09-17T09:33:17.483
36565,234179,76801,null,null,2009-01-03T15:17:39.747
14148,246007,76801,null,null,2009-01-07T21:10:38.720
1593077,25356628,2697,null,null,2013-07-03T16:02:28.277
1281264,30286740,2697,null,null,2013-11-30T08:42:38.207
206367,1939030,2701,null,null,2010-01-07T00:39:51.933
25702,9170601,2702,null,null,2011-09-27T05:21:18.607
414,88744188,2702,null,null,2018-06-15T07:54:17.403
572769,18091781,2703,null,null,2012-11-07T15:31:18.197
1027198,21791890,2703,null,null,2013-03-14T14:45:06.677
1027198,21819894,2703,null,null,2013-03-15T09:03:46.647
1225845,51397554,2703,null,null,2015-07-30T18:05:52.273
10245,63463437,2703,null,null,2016-06-24T09:45:06.700
1750995,106437892,2703,null,null,2020-02-11T21:15:34.060
null,87506027,2707,null,null,2018-05-09T01:15:05.037
1600,13874736,2709,null,null,2008-08-17T18:36:10.187
588306,17373800,2709,null,null,2012-10-11T13:27:56.487
2147,44466,2711,null,null,2008-09-29T23:42:06.247
274789,8165229,2742,null,null,2011-07-28T19:15:38.257
22201,83533,2753,null,null,2008-10-17T13:28:11.593
179386,3882119,2753,null,null,2010-09-10T14:18:59.613
null,12127,87307,null,null,2008-09-17T21:53:09.107
832,11902,87309,null,null,2008-09-17T20:40:18.377
832,11936,87309,null,null,2008-09-17T20:48:30.387
242489,2574607,87309,null,null,2010-04-02T22:22:46.460
null,2577477,87309,null,null,2010-04-03T16:43:38.830
4281,13828,87321,null,null,2008-09-18T13:51:47.337
1577190,41230,87321,null,null,2008-09-28T16:43:59.240
1083855,130184688,87333,null,null,2022-09-14T22:13:50.203
3747,12885,87334,null,null,2008-09-18T04:34:06.290
402551,17241210,87335,null,null,2012-10-06T12:22:35.170
7361270,137764589,87335,null,null,2024-03-11T22:30:40.600
3747,12889,87348,null,null,2008-09-18T04:34:54.820
3159183,46891901,87351,null,null,2015-03-30T18:20:12.753
207421,28436823,87352,null,null,2013-10-07T00:01:45.593
170990,10933961,87355,null,null,2012-01-07T17:07:38.490
1886835,82163841,90021,null,null,2017-12-01T22:44:51.093
1064375,84901455,90021,null,null,2018-02-23T12:11:58.227
1262904,88837545,90021,null,null,2018-06-18T23:41:25.977
288096,94556235,90021,null,null,2018-12-19T15:28:31.830
2714128,99390860,90021,null,null,2019-05-31T13:39:38.647
2503644,106039746,90021,null,null,2020-01-29T05:35:19.373
3382549,127808368,90021,null,null,2022-05-23T09:16:39.440
12682,12930,90023,null,null,2008-09-18T04:58:51.597
15682,20104,90023,null,null,2008-09-20T08:55:19.660
16050,12890,90026,null,null,2008-09-18T04:35:25.803
44620,2014327,90036,null,null,2010-01-17T22:27:35.847
51577,311042,90040,null,null,2009-01-30T12:17:58.017
1695,311235,90040,null,null,2009-01-30T13:40:28.833
1695,859105,90040,null,null,2009-06-26T07:21:46.933
2233,6414661,90040,null,null,2011-04-11T23:40:36.430
1695,6475886,90040,null,null,2011-04-15T07:04:38.477
15614,17345952,19476,2,mercurial,2012-10-10T15:49:31.893
15614,17345952,19476,2,windows-server-2003,2012-10-10T15:49:31.893
15614,17345952,19476,2,hgignore,2012-10-10T15:49:31.893
1951,14195643,19493,1,apache,2008-08-21T09:33:59.467
1951,14195643,19493,1,mod-rewrite,2008-08-21T09:33:59.467
1712,33541,19494,2,data-binding,2008-09-25T13:44:40.267
1163,5481811,19553,1,c#,2011-02-07T10:29:01.720
1163,5481811,19553,1,garbage-collection,2011-02-07T10:29:01.720
1163,5481811,19553,1,dispose,2011-02-07T10:29:01.720
1163,5481811,19553,1,destructor,2011-02-07T10:29:01.720
20860,3369368,19555,2,sql,2010-07-15T19:32:27.043
1617711,37330315,19571,2,null,2014-06-12T11:59:26.040
42048,900797,19585,2,null,2009-07-06T14:15:17.683
54408,1650679,19585,2,null,2009-11-19T21:01:28.620
95353,2545573,19585,2,null,2010-03-30T11:00:01.347
327679,3606548,19585,2,null,2010-08-11T13:40:55.323
295677,4302229,19585,2,null,2010-10-25T10:39:16.677
19513,4306198,19585,2,null,2010-10-25T16:49:46.227
28004,5157417,19585,2,null,2011-01-13T09:04:58.073
492203,5610816,19585,2,null,2011-02-16T15:15:41.973
727074,6977814,19585,2,null,2011-05-17T16:20:50.777
617450,21291478,19593,2,null,2013-02-28T04:21:12.960
90259,28977604,19594,2,c#,2013-10-23T01:56:19.943
90259,28977604,19594,2,.net,2013-10-23T01:56:19.943
90259,28977604,19594,2,xml,2013-10-23T01:56:19.943
90259,28977604,19594,2,wcf,2013-10-23T01:56:19.943
90259,28977604,19594,2,configurationmanager,2013-10-23T01:56:19.943
2846766,82351895,19597,2,apache,2017-12-07T13:28:38.340
2846766,82351895,19597,2,mod-rewrite,2017-12-07T13:28:38.340
1968,7008504,24119,null,null,2011-05-19T08:19:45.860
131264,7013673,24119,null,null,2011-05-19T13:35:32.823
1968,7014205,24119,null,null,2011-05-19T14:00:22.853
499636,9781254,24119,null,null,2011-11-03T13:36:45.677
1968,9785828,24119,null,null,2011-11-03T17:08:22.813
485185,11744571,24119,null,null,2012-02-16T11:53:59.667
485185,11744612,24119,null,null,2012-02-16T11:56:39.043
1968,11744680,24119,null,null,2012-02-16T11:59:47.270
485185,11749719,24119,null,null,2012-02-16T15:39:43.313
48423,1509354,46661,null,null,2009-10-28T20:29:58.490
48423,1509364,46661,null,null,2009-10-28T20:31:00.407
1220,1516900,46661,null,null,2009-10-29T20:37:29.037
48423,1521059,46661,null,null,2009-10-30T14:26:09.940
48423,1521115,46661,null,null,2009-10-30T14:34:32.403
48423,1521154,46661,null,null,2009-10-30T14:39:25.780
3854340,101160064,46661,null,null,2019-08-03T03:45:46.053
48423,1483963,46665,null,null,2009-10-24T05:45:04.827
150254,2233648,46666,null,null,2010-02-16T09:04:21.193
13578,7685642,46666,null,null,2011-06-29T22:09:29.797
20770,104468,52014,null,null,2008-10-27T21:39:15.303
4002,953,52022,null,null,2008-09-09T15:03:25.277
1849,4661,52022,null,null,2008-09-14T23:49:10.697
1199,955,52023,null,null,2008-09-09T15:07:42.083
3171,962,52023,null,null,2008-09-09T15:16:42.670
3408,1065,52023,null,null,2008-09-09T17:58:56.383
1709,1095,52023,null,null,2008-09-09T18:54:02.770
1199,1110,52023,null,null,2008-09-09T19:29:28.037
4279,119265,52023,null,null,2008-11-04T16:38:09.880
4279,119228,52028,null,null,2008-11-04T16:23:44.170
4279,119236,52028,null,null,2008-11-04T16:26:21.060
327,217211,52029,null,null,2008-12-23T20:06:37.357
126769,2969141,52029,null,null,2010-05-26T22:08:22.787
60518,4059191,52029,null,null,2010-09-29T18:11:44.253
5410,851869,52030,null,null,2009-06-24T21:15:34.890
9645646,118171431,52032,null,null,2021-03-29T09:36:28.363
1081110,12760019,90040,null,null,2012-04-02T23:12:30.563
614800,16312569,90040,null,null,2012-08-29T18:26:31.213
1695,61419280,90040,null,null,2016-04-29T04:27:06.097
3382549,127808403,90040,null,null,2022-05-23T09:18:19.463
9626,12917,90050,null,null,2008-09-18T04:51:54.950
17023,12941,90050,null,null,2008-09-18T05:05:28.227
7724,493905,90050,null,null,2009-03-25T08:03:39.197
13179,13524,90055,null,null,2008-09-18T11:34:05.827
13179,13912,90055,null,null,2008-09-18T14:23:22.160
9269,14297,90055,null,null,2008-09-18T16:02:24.107
856172,28164113,90075,null,null,2013-09-27T17:04:47.507
16050,12907,90089,null,null,2008-09-18T04:48:25.333
372,12946,90089,null,null,2008-09-18T05:07:25.070
627042,58090868,90089,null,null,2016-02-03T20:22:04.760
372,12967,90094,null,null,2008-09-18T05:18:28.193
10002,8064,73486,null,null,2008-09-16T16:46:00.850
11961,8254,73486,null,null,2008-09-16T18:21:46.503
11820,10129,73486,null,null,2008-09-17T09:10:09.427
1026,111678182,73489,null,null,2020-07-29T13:28:37.640
946,8361,73501,null,null,2008-09-16T18:54:54.880
373025,3236113,73520,null,null,2010-06-30T11:36:44.287
1915854,51618516,73520,null,null,2015-08-06T07:05:18.923
224132,89669933,73520,null,null,2018-07-15T13:13:40.330
224132,89669946,73520,null,null,2018-07-15T13:14:26.347
963864,104255790,73520,null,null,2019-11-22T22:50:55.113
224132,104256115,73520,null,null,2019-11-22T23:11:18.530
8020,9434,79002,null,null,2008-09-17T02:38:30.100
6335,9379,79008,null,null,2008-09-17T02:03:20.043
974758,22241654,79010,null,null,2013-03-27T21:06:54.693
2975,9384,79012,null,null,2008-09-17T02:05:39.743
13,9422,79016,null,null,2008-09-17T02:31:02.270
1450,587278,79022,null,null,2009-04-22T10:35:58.563
18265,2031832,79022,null,null,2010-01-20T00:53:18.587
95033,2815098,79022,null,null,2010-05-06T10:18:49.913
10200417,124647472,79022,null,null,2021-12-29T00:28:38.317
469491,129849820,79022,null,null,2022-08-29T16:20:46.880
6607497,136405874,79022,null,null,2023-10-27T13:12:14.117
111021,3090869,79023,null,null,2010-06-11T13:43:21.703
895245,50656542,79023,null,null,2015-07-10T08:31:36.220
938111,76937514,79023,null,null,2017-07-07T23:45:41.977
4561887,110603236,79023,null,null,2020-06-23T18:59:10.320
5190,9359,79024,null,null,2008-09-17T01:45:07.263
46207,47962046,79033,null,null,2015-04-28T13:07:17.357
6335,9386,79047,null,null,2008-09-17T02:05:59.103
254837,9627200,79050,null,null,2011-10-25T10:49:20.497
63119,11886878,79050,null,null,2012-02-23T02:12:16.673
632951,44390798,30645,null,null,2015-01-17T15:15:48.527
584189,61259696,30645,null,null,2016-04-25T15:40:39.950
4451732,79170118,30645,null,null,2017-09-07T19:21:31.183
2718295,83850609,30645,null,null,2018-01-24T19:15:44.213
416122,97328629,30645,null,null,2019-03-22T13:00:32.140
5948,30086032,30651,null,null,2013-11-24T20:59:10.730
395857,37873105,30651,null,null,2014-06-28T20:14:39.653
3195477,89040475,30653,null,null,2018-06-25T12:57:29.893
192337,571519,30655,null,null,2009-04-17T08:52:55.063
3055,574184,30655,null,null,2009-04-17T21:35:46.010
3055,574204,30655,null,null,2009-04-17T21:45:18.543
168086,2624365,30655,null,null,2010-04-10T13:01:33.963
3055,2624488,30655,null,null,2010-04-10T13:27:48.110
53139,51817125,12032,null,null,2015-08-12T00:09:36.393
20969632,137007222,12045,null,null,2023-12-25T12:46:31.347
162325,16670479,12046,null,null,2012-09-13T11:22:37.563
1143,11307883,12051,null,null,2008-08-15T13:30:04.983
196919,111662385,12051,null,null,2020-07-29T02:48:53.603
15765660,120930720,12051,null,null,2021-07-18T07:30:52.783
12264475,125554704,12051,null,null,2022-02-07T19:59:25.883
1143,133865321,12051,null,null,2023-03-30T22:34:58.387
24177,366293,12052,null,null,2009-02-16T21:03:32.237
372,367745,12052,null,null,2009-02-17T10:46:38.013
33080,6500725,12052,null,null,2011-04-17T03:03:18.020
2788872,56068748,12052,null,null,2015-12-08T16:27:51.570
2281790,56353960,12052,null,null,2015-12-16T07:28:27.500
180529,35988827,5273,null,null,2014-05-05T13:11:15.800
1827288,38510256,5273,null,null,2014-07-17T16:55:23.550
326,41205986,5273,null,null,2014-10-08T20:12:38.703
2362035,54767746,5273,null,null,2015-11-03T04:56:30.313
4080514,110866927,5273,null,null,2020-07-02T09:06:28.643
4080514,110866928,5273,null,null,2020-07-02T09:06:32.043
213880,2645449,5276,null,null,2010-04-13T18:26:12.947
63550,126350027,5293,null,null,2022-03-15T16:43:22.917
31671,170074,5323,null,null,2008-12-02T00:34:54.710
1420279,15700465,5328,null,null,2012-08-04T23:41:57.617
14768,18802899,5328,null,null,2012-12-04T00:08:40.110
581994,42121164,5328,null,null,2014-11-06T01:51:04.640
5,14212826,5331,null,null,2008-08-07T22:31:13.263
357,14212831,5331,null,null,2008-08-07T23:29:46.703
1420279,15700455,5351,null,null,2012-08-04T23:40:40.393
137,175480,5402,null,null,2008-12-04T08:38:28.337
137,175483,5402,null,null,2008-12-04T08:40:04.557
137,175485,5402,null,null,2008-12-04T08:41:03.620
4279,10878993,5419,null,null,2012-01-04T22:51:43.630
414,14212856,5419,null,null,2008-08-07T22:30:38.570
5284370,66426829,5419,null,null,2016-09-18T13:22:04.753
5284370,66784385,5419,null,null,2016-09-28T09:50:16.583
67824,38187338,71082,null,null,2014-07-08T17:25:13.927
4465,7725,71085,null,null,2008-09-16T14:56:36.760
193347,23632389,71086,null,null,2013-05-09T20:54:07.853
53538,66425342,71086,null,null,2016-09-18T11:51:25.453
196315,69213255,71086,null,null,2016-12-06T18:21:24.727
2120131,80645990,71086,null,null,2017-10-20T12:44:53.950
279640,97499320,71086,null,null,2019-03-28T01:18:35.733
1511417,108278175,71086,null,null,2020-04-14T11:17:05.450
7652,3975695,71087,null,null,2010-09-21T09:15:04.007
1292652,44127198,71087,null,null,2015-01-09T14:20:20.367
69742,3764030,71092,null,null,2010-08-27T19:45:16.890
1288,3764260,71092,null,null,2010-08-27T20:08:33.527
69742,3765288,71092,null,null,2010-08-27T22:28:08.853
9362,20829,71094,null,null,2008-09-20T20:28:48.807
44540,400756,71094,null,null,2009-02-26T02:42:15.110
44540,400758,71094,null,null,2009-02-26T02:42:54.483
14569,3076946,71094,null,null,2010-06-09T23:50:13.280
1666,6437,68372,null,null,2008-09-16T01:08:29.343
1793,52846,68372,null,null,2008-10-02T22:05:40.057
86871,563905,68372,null,null,2009-04-15T16:54:44.737
25625,746941,68372,null,null,2009-06-02T10:57:35.423
1870,1247967,68372,null,null,2009-09-10T16:03:57.217
4525,5798911,68372,null,null,2011-03-02T05:30:45.487
8598,6762,68376,null,null,2008-09-16T04:59:21.220
3148,6814,68376,null,null,2008-09-16T05:56:33.190
694469,19650945,68379,null,null,2013-01-06T05:42:25.820
53897,13406149,68381,null,null,2012-05-01T09:01:10.870
14122,78482,68382,null,null,2008-10-15T12:07:24.817
467573,10596780,68382,null,null,2011-12-18T12:19:52.197
2682142,30626232,68382,null,null,2013-12-10T09:48:43.103
4279,34607585,68382,null,null,2014-03-28T11:10:21.707
2682142,34608927,68382,null,null,2014-03-28T11:45:04.587
122,6432,68386,null,null,2008-09-16T01:01:56.957
15842,97308,68386,null,null,2008-10-23T21:17:49.270
37664,1261412,68386,null,null,2009-09-13T17:47:38.443
3499,6473,68388,null,null,2008-09-16T01:34:58.547
47680,1053349,68388,null,null,2009-08-04T14:59:37.557
26428,3077915,68390,null,null,2010-06-10T04:17:07.050
null,14352984,68392,null,null,2012-06-11T20:50:42.120
453594,16843270,68392,null,null,2012-09-20T13:39:39.173
1779091,104606841,46666,null,null,2019-12-05T11:33:38.600
127776,4717374,46670,null,null,2010-12-02T19:29:40.053
620054,39903287,46670,null,null,2014-08-28T16:57:16.193
177324,6559858,46674,null,null,2011-04-20T18:03:09.557
240337,5676855,46681,null,null,2011-02-21T16:35:16.027
616553,7663911,46681,null,null,2011-06-28T20:36:00.170
401546,17158535,46681,null,null,2012-10-03T12:35:25.757
504112,77241417,46681,null,null,2017-07-17T04:43:05.220
401546,77260939,46681,null,null,2017-07-17T13:51:17.843
389,33169,46686,null,null,2008-09-25T11:27:09.050
51734,496126,46700,null,null,2009-03-25T17:55:37.417
189048,4705894,46700,null,null,2010-12-01T23:00:25.423
109946,31383701,46700,null,null,2014-01-03T15:40:09.493
2820,7208,46706,null,null,2008-09-16T11:26:46.860
183579,8731655,46713,null,null,2011-08-31T12:53:36.053
415522,12538957,46727,null,null,2012-03-23T13:13:15.633
1116230,125166438,46737,null,null,2022-01-21T12:58:45.607
5548,10077371,46746,null,null,2008-09-05T19:54:53.907
23852,147466,90094,null,null,2008-11-19T16:43:45.130
8787,657001,90094,null,null,2009-05-11T15:38:06.280
17209,12949,90102,null,null,2008-09-18T05:09:10.370
17,5435218,90112,null,null,2011-02-03T12:48:05.223
575,14654,90116,null,null,2008-09-18T17:37:56.013
14484,14904317,90117,null,null,2008-09-18T05:13:11.267
240733,48366643,90118,null,null,2015-05-08T16:17:47.980
4337,12912,90120,null,null,2008-09-18T04:49:36.470
4337,12921,90120,null,null,2008-09-18T04:54:15.727
1220,12971,90120,null,null,2008-09-18T05:21:11.730
17023,12914,90123,null,null,2008-09-18T04:50:51.350
30818,8580623,90123,null,null,2011-08-22T19:58:17.640
24126,172075,90127,null,null,2008-12-02T21:40:13.017
4850,12944,90129,null,null,2008-09-18T05:06:39.907
11972,12918,90132,null,null,2008-09-18T04:53:28.053
6043,12945,90138,null,null,2008-09-18T05:06:45.710
4279,431205,90138,null,null,2009-03-06T10:08:17.280
18775,5531957,90140,null,null,2011-02-10T14:27:39.817
38765,2960679,90147,null,null,2010-05-26T03:23:50.967
62130,10408384,90147,null,null,2011-12-07T23:52:00.710
3705840,60398394,90147,null,null,2016-04-03T20:31:08.160
89682,600557,30656,null,null,2009-04-26T03:34:48.640
601179,11318188,30656,null,null,2012-01-26T21:10:20.253
2587505,27366660,30656,null,null,2013-09-03T14:54:56.793
14148,549818,30657,null,null,2009-04-10T16:54:12.830
1120617,13628884,30660,null,null,2012-05-10T13:50:45.820
38207,248417,30673,null,null,2009-01-08T14:59:39.110
59501,7687350,30673,null,null,2011-06-30T01:09:52.067
1577190,11687,30699,null,null,2008-09-17T19:32:38.867
702266,16596191,30699,null,null,2012-09-10T19:51:58.887
713012,30649677,30700,null,null,2013-12-10T19:58:03.357
1329401,2271455,30705,null,null,2010-02-21T08:06:31.943
3044,23707817,30706,null,null,2008-08-27T17:53:58.250
1655625,29211581,30707,null,null,2013-10-29T21:33:18.127
15985,190681,30708,null,null,2008-12-11T16:28:13.123
170361,9382620,30708,null,null,2011-10-10T14:21:26.260
4101364,79903367,34520,2,multithreading,2017-09-28T16:37:16.103
4101364,79903367,34520,2,concurrency,2017-09-28T16:37:16.103
4101364,79903367,34520,2,locking,2017-09-28T16:37:16.103
4101364,79903367,34520,2,deadlock,2017-09-28T16:37:16.103
905,79904287,34520,2,multithreading,2017-09-28T17:05:08.597
905,79904287,34520,2,concurrency,2017-09-28T17:05:08.597
905,79904287,34520,2,locking,2017-09-28T17:05:08.597
905,79904287,34520,2,deadlock,2017-09-28T17:05:08.597
4101364,79905724,34520,2,multithreading,2017-09-28T17:46:46.763
4101364,79905724,34520,2,concurrency,2017-09-28T17:46:46.763
4101364,79905724,34520,2,locking,2017-09-28T17:46:46.763
4101364,79905724,34520,2,deadlock,2017-09-28T17:46:46.763
905,79909266,34520,2,multithreading,2017-09-28T19:37:59.717
905,79909266,34520,2,concurrency,2017-09-28T19:37:59.717
905,79909266,34520,2,locking,2017-09-28T19:37:59.717
905,79909266,34520,2,deadlock,2017-09-28T19:37:59.717
7775986,82153971,34520,2,multithreading,2017-12-01T16:53:21.507
7775986,82153971,34520,2,concurrency,2017-12-01T16:53:21.507
7775986,82153971,34520,2,locking,2017-12-01T16:53:21.507
7775986,82153971,34520,2,deadlock,2017-12-01T16:53:21.507
905,82155531,34520,2,multithreading,2017-12-01T17:41:00.133
905,82155531,34520,2,concurrency,2017-12-01T17:41:00.133
905,82155531,34520,2,locking,2017-12-01T17:41:00.133
905,82155531,34520,2,deadlock,2017-12-01T17:41:00.133
7775986,82158575,34520,2,multithreading,2017-12-01T19:16:21.333
7775986,82158575,34520,2,concurrency,2017-12-01T19:16:21.333
7775986,82158575,34520,2,locking,2017-12-01T19:16:21.333
7775986,82158575,34520,2,deadlock,2017-12-01T19:16:21.333
905,82159527,34520,2,multithreading,2017-12-01T19:50:37.080
905,82159527,34520,2,concurrency,2017-12-01T19:50:37.080
905,82159527,34520,2,locking,2017-12-01T19:50:37.080
905,82159527,34520,2,deadlock,2017-12-01T19:50:37.080
7775986,82161863,34520,2,multithreading,2017-12-01T21:15:25.823
7775986,82161863,34520,2,concurrency,2017-12-01T21:15:25.823
7775986,82161863,34520,2,locking,2017-12-01T21:15:25.823
7775986,82161863,34520,2,deadlock,2017-12-01T21:15:25.823
905,82162199,34520,2,multithreading,2017-12-01T21:28:44.657
905,82162199,34520,2,concurrency,2017-12-01T21:28:44.657
905,82162199,34520,2,locking,2017-12-01T21:28:44.657
905,82162199,34520,2,deadlock,2017-12-01T21:28:44.657
963864,104256168,73520,null,null,2019-11-22T23:15:34.840
224132,104256294,73520,null,null,2019-11-22T23:22:55.803
224132,104256337,73520,null,null,2019-11-22T23:25:58.867
963864,104256430,73520,null,null,2019-11-22T23:33:31.267
224132,104256604,73520,null,null,2019-11-22T23:44:54.127
963864,104256663,73520,null,null,2019-11-22T23:49:32.327
null,104897669,73520,null,null,2019-12-16T05:40:05.250
null,104897677,73520,null,null,2019-12-16T05:40:43.960
7918,8129,73525,null,null,2008-09-16T17:24:52.070
6128,7852,73537,null,null,2008-09-16T15:28:55.390
5811,8665,73537,null,null,2008-09-16T20:44:15.863
48026,219692,73537,null,null,2008-12-25T07:42:20.040
288,8026,73543,null,null,2008-09-16T16:34:31.050
2744,7845,73545,null,null,2008-09-16T15:26:44.817
68805,5283481,46766,null,null,2011-01-23T09:48:23.530
156755,29652141,46780,null,null,2013-11-12T10:49:13.443
166893,8160422,46788,null,null,2011-07-28T15:03:22.793
4215,17289152,46788,null,null,2008-09-05T20:54:16.370
15139,3322080,46789,null,null,2010-07-10T18:29:56.950
6629,4983756,46789,null,null,2010-12-28T15:05:41.933
544557,19670998,46789,null,null,2013-01-07T05:25:29.333
2725910,28428564,46789,null,null,2013-10-06T15:53:20.357
453803,37289419,46789,null,null,2014-06-11T11:36:36.483
560972,40321521,46789,null,null,2014-09-11T07:33:07.280
1443496,41666558,46789,null,null,2014-10-22T22:57:05.173
560972,41674927,46789,null,null,2014-10-23T07:37:28.147
null,45206577,46789,null,null,2015-02-10T17:50:46.633
60281,54225898,46789,null,null,2015-10-19T09:22:04.947
505088,55540669,46789,null,null,2015-11-24T08:22:54.173
255,55552998,46789,null,null,2015-11-24T13:39:15.247
505088,55553135,46789,null,null,2015-11-24T13:43:13.800
210780,33799284,30708,null,null,2014-03-07T15:34:02.703
8718,42395457,30708,null,null,2014-11-14T06:36:48.513
8718,42397093,30708,null,null,2014-11-14T07:51:43.543
9731176,135190805,30708,null,null,2023-07-13T14:36:48.963
77,68791856,30712,null,null,2008-08-27T18:11:29.160
369894,13717505,30714,null,null,2012-05-14T21:00:04.740
4016119,51143237,30715,null,null,2015-07-23T18:50:27.120
2245634,51720077,30715,null,null,2015-08-09T09:33:26.937
221213,5628640,30719,null,null,2011-02-17T16:42:45.083
53974,266783,30745,null,null,2009-01-15T00:09:26.400
905,357700,30747,null,null,2009-02-13T12:55:57.903
3191,374171,30747,null,null,2009-02-18T21:27:49.803
118098,1002191,30747,null,null,2009-07-25T01:39:11.473
39321,1193172,30747,null,null,2009-08-31T08:14:46.953
3191,1197289,30747,null,null,2009-09-01T01:00:29.390
374420,8912344,30747,null,null,2011-09-11T21:56:29.353
39321,8916733,30747,null,null,2011-09-12T07:47:38.497
3055,564846,54533,null,null,2009-04-15T20:04:03.300
1353085,38828477,54536,null,null,2008-09-10T16:39:05.583
3387608,55318020,54536,null,null,2015-11-18T09:06:21.303
15371,6763895,54539,null,null,2011-05-04T09:23:36.860
2257,44528287,54539,null,null,2008-09-10T16:17:23.887
298206,75929369,54541,null,null,2017-06-09T20:33:52.123
1884363,79129022,54541,null,null,2017-09-06T20:09:33.483
774133,20637464,54543,null,null,2013-02-07T09:05:08.723
1942,1626,54554,null,null,2008-09-10T16:16:41.737
13179,12013,54554,null,null,2008-09-17T21:17:18.443
null,29351594,54561,null,null,2013-11-03T10:38:45.000
1884363,79128982,54561,null,null,2017-09-06T20:08:09.883
485431,99703339,54561,null,null,2019-06-12T12:13:22.793
1200,20939089,54566,null,null,2008-09-10T16:20:57.717
2181738,24385276,54566,null,null,2013-06-03T14:00:59.500
2257,1627,54571,null,null,2008-09-10T16:21:56.637
454470,4549427,54571,null,null,2010-11-17T17:08:53.277
6435,10315,81845,null,null,2008-09-17T11:09:04.787
4203,10329,81845,null,null,2008-09-17T11:16:48.887
6435,10352,81845,null,null,2008-09-17T11:31:28.463
4203,10369,81845,null,null,2008-09-17T11:42:30.853
210,382617,81845,null,null,2009-02-20T19:58:59.440
4203,2799769,81845,null,null,2010-05-04T16:34:49.133
5331589,99700010,81849,null,null,2019-06-12T10:38:37.500
11514,99766284,81849,null,null,2019-06-14T09:06:43.883
54427,4971052,81860,null,null,2010-12-27T03:39:37.050
18658,21541,81869,null,null,2008-09-21T10:46:59.400
52074,63837522,81870,null,null,2016-07-05T15:01:55.157
895245,64465439,81870,null,null,2016-07-22T22:05:05.540
1944004,75480607,81870,null,null,2017-05-29T06:01:12.170
4850040,106488042,81870,null,null,2020-02-13T09:44:04.570
1078,10271,81874,null,null,2008-09-17T10:38:25.250
15476,10279,81874,null,null,2008-09-17T10:41:26.023
123389,3742945,81874,null,null,2010-08-25T19:52:39.557
255,124035,81876,null,null,2008-11-06T17:18:34.573
4734,26763,81881,null,null,2008-09-23T13:50:15.917
118959,1092799,81881,null,null,2009-08-12T10:01:51.510
7775986,82163529,34520,2,multithreading,2017-12-01T22:29:52.640
7775986,82163529,34520,2,concurrency,2017-12-01T22:29:52.640
7775986,82163529,34520,2,locking,2017-12-01T22:29:52.640
7775986,82163529,34520,2,deadlock,2017-12-01T22:29:52.640
905,82163656,34520,2,multithreading,2017-12-01T22:36:03.880
905,82163656,34520,2,concurrency,2017-12-01T22:36:03.880
905,82163656,34520,2,locking,2017-12-01T22:36:03.880
905,82163656,34520,2,deadlock,2017-12-01T22:36:03.880
11461,2462008,34523,2,null,2010-03-18T16:32:21.473
11461,2462153,34523,2,null,2010-03-18T16:51:43.527
131110,2707119,34523,2,null,2010-04-21T21:23:30.263
2915,47446510,34524,1,multithreading,2015-04-15T14:45:33.280
2915,47446510,34524,1,concurrency,2015-04-15T14:45:33.280
2915,47446510,34524,1,mutex,2015-04-15T14:45:33.280
453673,87398767,34524,1,multithreading,2018-05-05T15:20:05.090
453673,87398767,34524,1,concurrency,2018-05-05T15:20:05.090
453673,87398767,34524,1,mutex,2018-05-05T15:20:05.090
1267639,105303478,34524,1,multithreading,2020-01-02T17:51:43.223
1267639,105303478,34524,1,concurrency,2020-01-02T17:51:43.223
1267639,105303478,34524,1,mutex,2020-01-02T17:51:43.223
129475,6987725,34528,2,algorithm,2011-05-18T06:42:32.673
129475,6987725,34528,2,language-agnostic,2011-05-18T06:42:32.673
129475,6987725,34528,2,sorting,2011-05-18T06:42:32.673
129475,6987725,34528,2,natural-sort,2011-05-18T06:42:32.673
207391,9032967,34529,2,multithreading,2011-09-19T00:57:52.113
207391,9032967,34529,2,concurrency,2011-09-19T00:57:52.113
207391,9032967,34529,2,semaphore,2011-09-19T00:57:52.113
7069126,100126226,34530,2,c#,2019-06-27T07:30:11.950
7069126,100126226,34530,2,comments,2019-06-27T07:30:11.950
2375040,125517732,34530,2,c#,2022-02-05T23:31:04.470
2375040,125517732,34530,2,comments,2022-02-05T23:31:04.470
1553283,84867804,34532,2,c#,2018-02-22T15:01:54.280
1553283,84867804,34532,2,comments,2018-02-22T15:01:54.280
1635523,134808534,34532,2,c#,2023-06-12T07:06:15.457
1635523,134808534,34532,2,comments,2023-06-12T07:06:15.457
10156,259632,34533,2,c#,2009-01-12T21:09:12.520
10156,259632,34533,2,comments,2009-01-12T21:09:12.520
5174065,89026325,34533,2,c#,2018-06-25T05:43:46.803
5174065,89026325,34533,2,comments,2018-06-25T05:43:46.803
7031374,125608033,34533,2,c#,2022-02-09T18:52:58.740
7031374,125608033,34533,2,comments,2022-02-09T18:52:58.740
827979,126882791,34533,2,c#,2022-04-08T16:09:45.633
827979,126882791,34533,2,comments,2022-04-08T16:09:45.633
6456701,89373517,46789,null,null,2018-07-05T16:19:05.393
3854340,101159987,46789,null,null,2019-08-03T03:36:42.497
252975,10773597,46801,null,null,2011-12-29T13:26:29.857
17635,415446,46809,null,null,2009-03-02T17:54:44.493
103900,687295,46809,null,null,2009-05-18T22:38:43.887
130718,2163538,46809,null,null,2010-02-06T01:13:53.483
349,1915263,46832,null,null,2010-01-03T23:25:31.613
16883,526021,46858,null,null,2009-04-03T13:13:59.887
4725,526148,46858,null,null,2009-04-03T13:46:10.247
44330,881802,46858,null,null,2009-07-01T14:30:07.943
13253,4915530,46858,null,null,2010-12-20T19:31:57.543
1218010,20458203,46858,null,null,2013-02-01T09:28:14.827
4725,20470177,46858,null,null,2013-02-01T16:01:03.807
1218010,20491768,46858,null,null,2013-02-02T13:21:06.727
1927206,49496083,46863,null,null,2015-06-08T21:24:01.970
3191,8921732,30747,null,null,2011-09-12T13:04:01.937
374420,8925207,30747,null,null,2011-09-12T15:55:53.370
39321,8939979,30747,null,null,2011-09-13T10:59:13.023
39321,8940021,30747,null,null,2011-09-13T11:01:38.043
2035384,27909321,30747,null,null,2013-09-19T22:31:00.417
714112,17762214,30754,null,null,2012-10-25T18:39:01.077
2954,429874,30768,null,null,2009-03-05T22:51:53.990
160363,14553664,30768,null,null,2012-06-19T22:00:33.630
253676,54921437,30768,null,null,2015-11-06T16:53:21.293
2559313,4179587,30769,null,null,2010-10-12T21:45:17.210
314291,13993159,30772,null,null,2012-05-26T07:22:52.693
139855,17827761,30772,null,null,2012-10-28T21:42:59.210
769137,20779051,30772,null,null,2013-02-12T10:45:45.087
325209,25392379,30772,null,null,2013-07-04T15:10:10.680
6144,127694,30778,null,null,2008-11-08T13:50:33.620
207421,57962660,30789,null,null,2016-01-31T23:54:10.407
4491768,133333642,30797,null,null,2023-02-26T19:24:24.490
980097,23297375,37231,2,null,2013-04-29T12:32:00.790
12291742,109009593,37245,2,null,2020-05-06T02:20:10.990
135769,16798840,37248,1,c#,2012-09-18T21:56:39.597
135769,16798840,37248,1,c-preprocessor,2012-09-18T21:56:39.597
708,16803264,37248,1,c#,2012-09-19T04:44:09.743
708,16803264,37248,1,c-preprocessor,2012-09-19T04:44:09.743
253938,26687640,37248,1,c#,2013-08-13T12:08:35.407
253938,26687640,37248,1,c-preprocessor,2013-08-13T12:08:35.407
15639,39443543,37248,1,c#,2014-08-14T11:07:46.243
15639,39443543,37248,1,c-preprocessor,2014-08-14T11:07:46.243
439792,6280335,37267,2,git,2011-04-03T07:26:07.047
439792,6280660,37267,2,git,2011-04-03T08:22:35.627
1055489,39416914,37267,2,git,2014-08-13T17:19:27.087
842768,121683445,37267,2,git,2021-08-19T18:37:31.767
65863,813707,37282,2,null,2009-06-17T02:01:39.150
1743,815555,37282,2,null,2009-06-17T12:35:22.500
312317,50355511,37284,2,sql,2015-07-02T00:56:03.400
312317,50355511,37284,2,sql-server,2015-07-02T00:56:03.400
2090,182058,37285,2,null,2008-12-08T07:21:12.433
15710,747162,37285,2,null,2009-06-02T12:04:04.523
111575,5933193,37285,2,null,2011-03-10T23:01:19.057
475763,6613079,71094,null,null,2011-04-24T18:31:27.257
1228560,26315854,71094,null,null,2013-08-01T15:02:35.760
2762,126132,71099,null,null,2008-11-07T15:37:49.970
330420,50606614,71099,null,null,2015-07-09T05:38:42.793
32914,228828,71102,null,null,2008-12-31T18:19:43.323
5190,230736,71102,null,null,2009-01-01T23:11:00.270
909,7210,71105,null,null,2008-09-16T11:27:52.207
11708,7180,71116,null,null,2008-09-16T11:10:36.883
238,9693501,71118,null,null,2008-09-16T11:08:13.817
11710,10487,71123,null,null,2008-09-17T12:33:36.503
18664,2701285,71143,null,null,2010-04-21T09:22:00.760
3777958,46108872,71143,null,null,2015-03-08T12:26:23.240
224704,11238367,71147,null,null,2012-01-23T12:47:00.680
1015164,67750298,71147,null,null,2016-10-25T15:36:11.117
75642,13406800,71150,null,null,2012-05-01T09:44:09.800
11387,13542694,71150,null,null,2012-05-07T10:45:35.727
3788772,62101543,71161,null,null,2016-05-18T00:41:57.383
1281306,13131853,71172,null,null,2012-04-19T05:41:45.177
1265,7252,71178,null,null,2008-09-16T11:52:20.603
2434726,93448765,71179,null,null,2018-11-13T14:48:26.493
1140579,30974326,71180,null,null,2013-12-19T14:20:13.537
641067,31031045,71180,null,null,2013-12-21T02:56:31.580
6461462,76921298,71180,null,null,2017-07-07T14:23:23.500
205756,12446941,79050,null,null,2012-03-19T22:29:41.357
933963,20655230,79050,null,null,2013-02-07T18:04:48.480
16672,32656711,79050,null,null,2014-02-06T20:33:04.717
30672,38728418,79050,null,null,2014-07-24T03:13:48.250
1460422,81390538,79050,null,null,2017-11-10T10:23:26.883
187998,86120422,79050,null,null,2018-03-29T12:48:33.210
434562,96907969,79050,null,null,2019-03-09T19:21:01.830
3638059,121629697,79050,null,null,2021-08-17T18:48:25.217
9810,9366,79052,null,null,2008-09-17T01:52:11.333
40322,2995628,79052,null,null,2010-05-30T21:40:23.600
5728,3002553,79052,null,null,2010-05-31T23:06:40.363
9810,9377,79062,null,null,2008-09-17T02:02:00.813
13347,592040,79062,null,null,2009-04-23T12:47:53.980
861,16124,79067,null,null,2008-09-19T01:36:14.680
14528,11406,79071,null,null,2008-09-17T17:46:27.890
524504,37512633,79073,null,null,2014-06-18T07:01:39.033
524504,37512220,79091,null,null,2014-06-18T06:48:35.153
282474,5445894,76801,null,null,2011-02-04T02:16:18.597
12497,4553833,76808,null,null,2010-11-17T23:49:14.703
1242,6471630,76808,null,null,2011-04-14T22:15:43.210
740575,30904855,76808,null,null,2013-12-17T21:20:59.110
608820,12185825,76810,null,null,2012-03-07T16:53:42.077
10433,1449709,76811,null,null,2009-10-19T03:28:04.177
12457,1459631,76811,null,null,2009-10-20T15:45:38.543
1348,1473379,76811,null,null,2009-10-22T14:57:12.763
12457,1483121,76811,null,null,2009-10-23T23:03:33.040
162698,3819849,76811,null,null,2010-09-03T11:16:29.380
564145,6709397,76811,null,null,2011-04-30T14:33:30.417
12982,9207521,76811,null,null,2011-09-28T23:33:59.727
1679516,24207251,76811,null,null,2013-05-28T16:32:12.270
268850,41104282,76811,null,null,2014-10-06T06:11:43.133
3843815,84346030,76811,null,null,2018-02-07T21:48:06.150
115,8679,76812,null,null,2008-09-16T20:48:01.223
7432,37521342,79091,null,null,2014-06-18T10:52:38.260
12881,9372,79093,null,null,2008-09-17T02:00:11.877
3137,9378,79093,null,null,2008-09-17T02:03:09.530
305,9387,79093,null,null,2008-09-17T02:06:06.310
12881,9393,79093,null,null,2008-09-17T02:08:51.717
372,9401,79093,null,null,2008-09-17T02:15:15.680
3820,9873,79093,null,null,2008-09-17T06:33:25.607
2961,1916790,79093,null,null,2010-01-04T08:17:22.617
3137,1939289,79093,null,null,2010-01-07T01:39:46.167
159361,13431433,79093,null,null,2012-05-02T09:41:09.707
83100,2409792,79094,null,null,2010-03-11T16:05:03.220
825924,65378491,79094,null,null,2016-08-18T08:56:20.443
7141,84518,79121,null,null,2008-10-17T19:01:55.430
669604,13321583,79121,null,null,2012-04-26T23:07:16.693
75500,1123910,79126,null,null,2009-08-18T12:08:15.703
2655,3204661,79126,null,null,2010-06-25T21:52:39.890
134076,12137653,79126,null,null,2012-03-05T20:01:23.267
458157,34644364,68392,null,null,2014-03-29T13:03:33.677
7705,6435,68395,null,null,2008-09-16T01:02:54.190
432426,6771573,68396,null,null,2011-05-04T16:41:12.733
9652,6481,68397,null,null,2008-09-16T01:37:35.933
2954,6809,68397,null,null,2008-09-16T05:50:26.170
2599,18694,68397,null,null,2008-09-19T19:14:12.943
372654,5692367,68397,null,null,2011-02-22T16:55:09.823
33663,132319,68407,null,null,2008-11-11T16:38:03.997
1395101,56386601,68407,null,null,2015-12-16T21:28:51.510
4057688,57423454,68407,null,null,2016-01-17T17:34:50.583
43012,1463090,68411,null,null,2009-10-21T02:13:17.420
10311,6443,68412,null,null,2008-09-16T01:12:39.347
954,6738,68412,null,null,2008-09-16T04:46:55.853
10320,8901,68412,null,null,2008-09-16T21:57:06.517
2871,6924,68419,null,null,2008-09-16T07:20:35.110
11815,103073,68419,null,null,2008-10-27T11:17:15.543
52958,2034176,68419,null,null,2010-01-20T10:26:37.697
273566,2944239,68419,null,null,2010-05-24T06:05:14.237
312172,7086153,68419,null,null,2011-05-24T12:17:33.070
2571881,9406838,68419,null,null,2011-10-11T19:09:24.087
11344,12349,68421,null,null,2008-09-17T23:34:08.257
11344,12353,68421,null,null,2008-09-17T23:35:30.547
11344,12356,68421,null,null,2008-09-17T23:36:44.757
11344,12359,68421,null,null,2008-09-17T23:37:16.657
26002,180730,68421,null,null,2008-12-07T00:08:27.597
400127,4544874,68421,null,null,2010-11-17T10:38:43.377
1968,11749984,24119,null,null,2012-02-16T15:49:36.473
1968,11750048,24119,null,null,2012-02-16T15:51:39.010
1104197,11760239,24119,null,null,2012-02-16T23:43:12.710
485185,11768371,24119,null,null,2012-02-17T10:40:48.910
1124466,12066762,24119,null,null,2012-03-01T23:01:13.663
1968,12067195,24119,null,null,2012-03-01T23:28:21.063
677202,55171984,24119,null,null,2015-11-13T19:08:14.393
1968,55173050,24119,null,null,2015-11-13T19:44:08.147
76722,59211710,24119,null,null,2016-03-03T10:51:43.297
152598,1147929,40464,null,null,2009-08-22T04:31:54.380
267,1148832,40464,null,null,2009-08-22T13:37:00.437
2446305,89607770,40471,null,null,2017-04-09T22:10:19.140
642706,105203863,40471,null,null,2019-12-29T01:11:13.510
9317690,126006792,40471,null,null,2022-02-27T17:26:09.683
4917881,128598700,40471,null,null,2022-06-29T19:36:36.057
466862,134450752,40471,null,null,2023-05-13T10:14:01.377
3546,1297623,40472,null,null,2009-09-20T13:22:36.257
83083,3107907,40472,null,null,2010-06-14T14:23:19.330
139237,36927737,40473,null,null,2014-05-31T09:12:37.897
936,36937696,40473,null,null,2014-05-31T19:57:47.453
55408,46788536,40473,null,null,2015-03-27T08:50:45.093
6041389,81191722,40473,null,null,2017-11-05T11:33:11.293
5646176,115692324,40473,null,null,2020-12-24T12:49:23.480
3015101,131119989,40473,null,null,2022-10-31T19:21:46.893
5159173,82339642,40477,null,null,2017-12-07T08:09:24.007
267,82340307,40477,null,null,2017-12-07T08:31:18.800
5159173,82340630,40477,null,null,2017-12-07T08:40:57.110
4257,5018461,40483,null,null,2011-01-01T01:46:36.663
319403,6518655,40483,null,null,2011-04-18T14:03:08.313
650492,59973985,40485,null,null,2016-03-23T01:46:47.967
464087,32661296,26767,null,null,2014-02-06T22:47:48.220
1681259,118797551,26768,null,null,2021-04-22T08:16:43.173
4987013,123165648,26768,null,null,2021-10-22T16:48:36.837
2321577,132893670,26768,null,null,2023-02-01T16:47:11.883
184155,5053847,26769,null,null,2011-01-04T23:54:40.690
82417,8958879,26769,null,null,2011-09-14T08:39:03.870
206730,85095623,26769,null,null,2018-03-01T08:32:11.960
206730,85095855,26769,null,null,2018-03-01T08:40:08.950
1260563,28307348,26778,null,null,2013-10-02T14:48:58.907
206730,85095651,26780,null,null,2018-03-01T08:33:14.447
9649,388030,26805,null,null,2009-02-23T00:16:04.440
96,407358,26805,null,null,2009-02-27T16:30:36.000
9649,408356,26805,null,null,2009-02-27T20:14:48.487
96,431631,26805,null,null,2009-03-06T12:43:23.663
661933,30686340,26809,null,null,2013-12-11T16:42:38.757
2230,114091,26825,null,null,2008-10-31T20:21:59.573
2894,121328,26825,null,null,2008-11-05T15:40:15.817
1752905,109923069,26832,null,null,2020-06-02T12:56:26.007
1633823,32219533,26847,null,null,2014-01-26T17:43:08.640
456684,32260032,26847,null,null,2014-01-27T18:51:36.000
5290519,114478663,12052,null,null,2020-11-09T07:00:46.467
679123,35682542,12078,null,null,2014-04-26T07:08:27.830
275,10687,12079,null,null,2008-09-17T13:51:25.380
130028,33855655,12080,null,null,2014-03-09T17:08:38.223
354009,43819292,12080,null,null,2014-12-30T10:22:05.373
130028,43913846,12080,null,null,2015-01-03T03:17:52.913
1069,8656653,12088,null,null,2008-08-15T09:16:17.860
8946,70325916,12100,null,null,2017-01-10T03:13:10.957
2766176,52013023,12103,null,null,2015-08-17T18:17:31.580
1069,136348159,12107,null,null,2008-08-15T09:54:52.150
232706,1908448,12108,null,null,2010-01-02T08:54:29.387
2766176,52013089,12108,null,null,2015-08-17T18:19:18.327
96737,11431046,12120,null,null,2012-02-01T18:14:51.837
407213,20941415,12120,null,null,2013-02-17T19:11:11.987
1579771,76007418,12120,null,null,2017-06-12T19:13:01.963
187883,32393868,12133,null,null,2014-01-30T18:48:28.500
1554,4544,57069,null,null,2008-09-14T19:06:34.010
1695,40893,57069,null,null,2008-09-28T12:19:15.320
349100,3420248,57069,null,null,2010-07-21T16:52:43.033
302677,9009921,57069,null,null,2011-09-16T19:30:29.383
5058,4398,57071,null,null,2008-09-14T12:54:18.757
4007,4776,57071,null,null,2008-09-15T07:09:23.553
393704,28660679,57071,null,null,2013-10-13T12:45:47.810
null,2480,57072,null,null,2008-09-11T16:48:08.737
28045,52387821,57078,null,null,2015-08-27T15:41:37.453
null,3835855,57079,null,null,2010-09-05T22:12:50.700
170443,3837304,57079,null,null,2010-09-06T04:51:08.150
47961,26179688,57079,null,null,2013-07-29T09:09:25.020
null,56740980,57081,null,null,2015-12-28T19:45:50.073
5834,2492,57084,null,null,2008-09-11T17:08:30.823
5348,3622806,57091,null,null,2010-08-12T21:21:52.330
1269037,17485863,57091,null,null,2012-10-16T05:16:29.073
2126792,46338427,57091,null,null,2015-03-14T14:44:52.303
2927114,82756301,57091,null,null,2017-12-19T20:36:49.487
8047,2422273,43072,null,null,2010-03-13T03:22:30.683
152580,2802726,43074,null,null,2010-05-04T22:59:09.267
8543,14859380,43074,null,null,2012-07-02T13:57:52.183
2286762,64227682,43088,null,null,2016-07-16T09:35:23.647
1199,64247262,43088,null,null,2016-07-17T10:41:30.817
2286762,64268249,43088,null,null,2016-07-18T07:45:34.940
1199,64316147,43088,null,null,2016-07-19T10:34:20.623
1445572,95744003,43088,null,null,2019-01-31T19:38:50.050
384042,14114573,43090,null,null,2012-05-31T19:15:36.880
364,1365993,43103,null,null,2009-10-02T21:15:29.500
445517,8970406,43103,null,null,2011-09-14T19:12:31.137
1793,3136191,43112,null,null,2010-06-17T14:34:44.910
2876079,51988459,43112,null,null,2015-08-17T06:49:08.853
32453,16970343,43116,null,null,2012-09-25T22:30:32.060
1048456,28401392,43116,null,null,2013-04-10T03:11:25.183
1858225,59969839,43116,null,null,2016-03-22T22:21:33.713
2359679,76284353,43116,null,null,2017-06-20T09:51:49.523
955263,79009489,43116,null,null,2017-09-03T15:37:10.977
4561887,123739128,43116,null,null,2021-11-17T04:27:33.440
10433,39694433,34540,2,null,2014-08-22T07:32:12.280
3485,39706734,34540,2,null,2014-08-22T13:47:27.977
4869947,77259778,34540,2,null,2017-07-17T13:26:23.287
2042691,57100806,34541,2,c#,2016-01-08T13:10:57.067
2042691,57100806,34541,2,.net,2016-01-08T13:10:57.067
1968,57124155,34541,2,c#,2016-01-09T01:42:30.587
1968,57124155,34541,2,.net,2016-01-09T01:42:30.587
2042691,57236429,34541,2,c#,2016-01-12T13:52:21.527
2042691,57236429,34541,2,.net,2016-01-12T13:52:21.527
1968,57236519,34541,2,c#,2016-01-12T13:54:29.907
1968,57236519,34541,2,.net,2016-01-12T13:54:29.907
7086678,127777532,34541,2,c#,2022-05-21T08:03:51.460
7086678,127777532,34541,2,.net,2022-05-21T08:03:51.460
1968,127780199,34541,2,c#,2022-05-21T12:16:47.747
1968,127780199,34541,2,.net,2022-05-21T12:16:47.747
207421,32492350,34546,2,multithreading,2014-02-03T05:36:51.637
207421,32492350,34546,2,concurrency,2014-02-03T05:36:51.637
207421,32492350,34546,2,locking,2014-02-03T05:36:51.637
207421,32492350,34546,2,deadlock,2014-02-03T05:36:51.637
74296,9556203,34547,2,winapi,2011-10-20T15:07:54.740
74296,9556203,34547,2,rsync,2011-10-20T15:07:54.740
74296,9556203,34547,2,porting,2011-10-20T15:07:54.740
13395,1449487,34550,2,multithreading,2009-10-19T01:58:26.837
13395,1449487,34550,2,concurrency,2009-10-19T01:58:26.837
13395,1449487,34550,2,terminology,2009-10-19T01:58:26.837
13395,1449487,34550,2,race-condition,2009-10-19T01:58:26.837
142,1471345,34550,2,multithreading,2009-10-22T09:01:39.340
142,1471345,34550,2,concurrency,2009-10-22T09:01:39.340
142,1471345,34550,2,terminology,2009-10-22T09:01:39.340
142,1471345,34550,2,race-condition,2009-10-22T09:01:39.340
1160036,13454136,34550,2,multithreading,2012-05-03T05:16:27.907
1160036,13454136,34550,2,concurrency,2012-05-03T05:16:27.907
1160036,13454136,34550,2,terminology,2012-05-03T05:16:27.907
1160036,13454136,34550,2,race-condition,2012-05-03T05:16:27.907
221683,13467565,34550,2,multithreading,2012-05-03T15:07:46.947
221683,13467565,34550,2,concurrency,2012-05-03T15:07:46.947
221683,13467565,34550,2,terminology,2012-05-03T15:07:46.947
221683,13467565,34550,2,race-condition,2012-05-03T15:07:46.947
14728,21776,15688,null,null,2008-09-21T15:32:43.643
1233,21831,15688,null,null,2008-09-21T16:43:06.750
1310,1166,15695,null,null,2008-09-09T21:33:51.263
1886,665,15700,null,null,2008-09-09T03:47:46.833
362332,12846037,15702,null,null,2012-04-06T09:32:08.720
368630,12368314,15711,null,null,2012-03-15T20:05:59.153
266392,11987363,15713,null,null,2012-02-27T21:45:10.703
2094,123722,15715,null,null,2008-11-06T15:11:56.170
70060,631271,15715,null,null,2009-05-04T22:02:54.400
1886,632163,15715,null,null,2009-05-05T03:06:09.087
82062,769088,15715,null,null,2009-06-06T20:04:28.523
142914,1454106,15715,null,null,2009-10-19T19:49:19.190
1793718,51993896,15719,null,null,2015-08-17T09:35:38.860
332517,125919061,15719,null,null,2022-02-23T12:21:46.770
13940,68045,15722,null,null,2008-10-09T17:37:33.620
535,69037,15722,null,null,2008-10-10T00:07:33.380
56039,402786,15722,null,null,2009-02-26T15:46:44.270
835945,12482493,15722,null,null,2012-03-21T09:48:48.410
975097,21124653,15722,null,null,2013-02-22T19:44:56.163
198374,31904332,15722,null,null,2014-01-17T15:19:35.520
262810,39158504,84419,null,null,2014-08-06T06:46:55.073
2314427,73514643,84419,null,null,2017-04-05T04:52:19.613
632951,8289202,84422,null,null,2011-08-05T08:02:36.483
16163,11016,84429,null,null,2008-09-17T15:36:01.853
5989,11601,84439,null,null,2008-09-17T19:01:59.737
6819,10985,84449,null,null,2008-09-17T15:30:31.430
210916,36122516,84449,null,null,2014-05-08T14:33:38.017
12874,10994,84454,null,null,2008-09-17T15:31:34.313
12086,113126,84455,null,null,2008-10-31T13:07:30.667
148412,6103058,84455,null,null,2011-03-22T19:08:30.043
783814,18166362,84455,null,null,2012-11-09T23:40:40.023
499167,19864583,84455,null,null,2013-01-13T04:58:10.023
6329,20824185,84455,null,null,2013-02-13T15:22:15.603
924109,27064430,84455,null,null,2013-08-24T19:43:38.533
388916,29196624,84455,null,null,2013-10-29T14:47:41.017
1348,10471963,84460,null,null,2008-12-19T09:20:23.033
286685,42155804,84460,null,null,2014-11-06T21:37:52.050
12874,11010,84462,null,null,2008-09-17T15:34:41.437
56604,9508568,84463,null,null,2011-10-18T08:41:42.720
9360,9536528,84463,null,null,2011-10-19T16:06:10.777
11387,10988,84467,null,null,2008-09-17T15:31:00.087
337,176499,84467,null,null,2008-12-04T17:28:54.413
1559,188619,84467,null,null,2008-12-10T19:37:47.267
17211,28748819,8739,null,null,2013-10-16T06:02:36.507
905,28751060,8739,null,null,2013-10-16T07:41:38.910
17211,28883512,8739,null,null,2013-10-20T09:32:20.783
17211,28976651,8739,null,null,2013-10-23T00:32:27.630
122182,31020791,8739,null,null,2013-12-20T18:18:11.417
184405,31630261,8739,null,null,2014-01-10T08:38:11.817
238419,63321420,8739,null,null,2016-06-21T04:53:07.670
905,63324703,8739,null,null,2016-06-21T07:05:10.803
238419,63346232,8739,null,null,2016-06-21T15:33:07.273
905,63346757,8739,null,null,2016-06-21T15:45:17.720
2594446,82088434,1130,null,null,2017-11-30T03:05:15.003
3317808,82827432,1130,null,null,2017-12-21T16:55:57.257
416100,88054720,1130,null,null,2018-05-25T03:56:00.037
1172971,89439099,1130,null,null,2018-07-08T07:34:30.437
1714029,91571446,1130,null,null,2018-09-13T11:00:28.497
7938494,92864753,1130,null,null,2018-10-24T23:14:41.717
357429,95869790,1130,null,null,2019-02-05T12:14:57.117
1220014,102552927,1130,null,null,2019-09-24T11:27:03.963
1220014,102553053,1130,null,null,2019-09-24T11:30:55.283
1220014,102553220,1130,null,null,2019-09-24T11:36:45.447
458093,11395988,63016,null,null,2012-01-31T10:06:28.063
885464,17222597,63016,null,null,2012-10-05T14:24:33.710
192886,33109739,63016,null,null,2014-02-19T00:58:27.380
188246,45208190,63016,null,null,2015-02-10T18:39:38.913
4977,5778,63017,null,null,2008-09-15T19:26:39.553
null,43821742,63024,null,null,2014-12-30T11:49:10.487
61,6632,63025,null,null,2008-09-16T03:11:38.920
351031,18753108,63029,null,null,2012-12-01T21:49:53.430
26,59165,63031,null,null,2008-10-06T14:27:57.590
6948,65146,63031,null,null,2008-10-08T16:49:40.610
118878,2023218,63031,null,null,2010-01-19T01:40:27.620
6948,2037236,63031,null,null,2010-01-20T16:57:06.207
1504556,25168230,63031,null,null,2013-06-27T14:56:17.717
6948,25170297,63031,null,null,2013-06-27T15:48:49.820
1504556,25173633,63031,null,null,2013-06-27T17:25:14.283
6948,25175468,63031,null,null,2013-06-27T18:24:52.137
732808,18078269,63032,null,null,2012-11-07T06:39:25.993
825,4953736,49078,null,null,2010-12-23T22:02:14.533
1709,299,49082,null,null,2008-09-08T11:29:24.160
405039,5211443,49092,null,null,2011-01-17T22:38:52.270
24755,7139312,49092,null,null,2011-05-27T04:27:23.070
2653,55444,49096,null,null,2008-10-03T20:22:06.083
1694,230,49097,null,null,2008-09-08T03:38:04.587
179581,13209317,49097,null,null,2012-04-22T19:33:04.000
462865,28911074,49110,null,null,2013-10-21T10:33:51.190
1782798,58818655,49111,null,null,2016-02-22T22:28:45.137
5105305,69071402,49114,null,null,2016-12-02T10:44:12.153
3451846,133715411,49114,null,null,2023-03-21T15:25:06.110
1778275,137853731,49115,null,null,2024-03-20T14:46:34.913
3030,1215,49122,null,null,2008-09-09T23:56:28.847
null,200895,49124,null,null,2008-12-16T18:19:53.243
53599,362058,49124,null,null,2009-02-15T05:43:37.287
54929,4587658,49124,null,null,2010-11-21T08:31:25.900
514749,7495739,49124,null,null,2011-06-18T10:40:14.033
11514,14685778,49124,null,null,2012-06-25T13:09:14.593
4285,248,49125,null,null,2008-09-08T06:43:11.617
93004,1114700,26852,null,null,2009-08-16T18:22:46.737
519856,19261286,26853,null,null,2012-12-19T23:20:45.523
740,10153497,26857,null,null,2008-08-25T20:53:55.667
215552,109288628,26857,null,null,2020-05-13T23:52:21.327
10199,458312,26858,null,null,2009-03-13T23:09:16.473
2404470,55704889,26858,null,null,2015-11-28T17:36:13.110
1001395,50011181,26863,null,null,2015-06-22T22:18:08.140
16940,75362446,26863,null,null,2017-05-25T06:25:07.183
35767,4863016,26868,null,null,2010-12-15T16:18:34.203
15918,7154987,26868,null,null,2011-05-27T23:19:57.317
1952213,50838505,26868,null,null,2015-07-15T15:07:02.523
2916640,59092880,26868,null,null,2016-02-29T19:39:08.830
459467,61806990,26868,null,null,2016-05-10T09:08:14.537
28411,1090912,26870,null,null,2009-08-11T23:14:57.467
2226357,109906501,26871,null,null,2020-06-02T00:24:29.877
1671639,28941583,26872,null,null,2013-10-22T05:49:13.037
380,20211233,26877,null,null,2008-08-25T21:05:20.693
34397,20211234,26877,null,null,2009-06-26T02:18:38.297
51734,505148,26881,null,null,2009-03-27T21:39:48.160
1627,505615,26881,null,null,2009-03-28T02:39:13.680
125507,1797746,65459,null,null,2009-12-13T05:58:15.567
3320,1798384,65459,null,null,2009-12-13T11:15:55.243
965382,25051162,65461,null,null,2013-06-24T16:00:55.510
267,25051254,65461,null,null,2013-06-24T16:03:54.570
210780,26738140,65461,null,null,2013-08-14T16:30:54.727
45620,258518,65464,null,null,2009-01-12T15:37:21.193
387076,40882954,65473,null,null,2014-09-28T22:04:56.270
1194420,99741593,65473,null,null,2019-06-13T13:42:12.337
80421,1953386,65474,null,null,2010-01-08T18:57:02.157
895245,47055857,65475,null,null,2015-04-04T08:14:22.890
1318479,127331530,65475,null,null,2022-04-29T20:29:16.750
16271,110137,65476,null,null,2008-10-30T02:32:40.157
120163,9730929,65482,null,null,2011-10-31T21:15:41.287
62553,554778,65483,null,null,2009-04-13T07:23:36.937
49658,3062796,65483,null,null,2010-06-08T15:33:08.850
null,6600781,65483,null,null,2011-04-23T11:18:08.750
3055,10767939,65483,null,null,2011-12-29T05:30:15.470
281545,84768515,5419,null,null,2018-02-20T09:46:48.163
1831784,121073638,5419,null,null,2021-07-24T07:12:09.160
476371,19826518,5430,null,null,2013-01-11T14:12:46.740
2357112,38337772,5430,null,null,2014-07-12T22:39:53.243
267,38346495,5430,null,null,2014-07-13T12:05:21.377
4279,52239891,5430,null,null,2015-08-24T07:55:58.873
99635,641391,5439,null,null,2009-05-07T04:18:16.213
360592,6929335,5439,null,null,2011-05-14T00:38:50.347
267,6932753,5439,null,null,2011-05-14T11:33:51.160
837649,32903496,5439,null,null,2014-02-13T11:48:55.690
3284178,114754024,5439,null,null,2020-11-19T06:30:16.593
293221,3585693,5445,null,null,2010-08-09T14:49:36.157
59808,912628,5465,null,null,2009-07-08T13:40:49.003
469932,25076454,5469,null,null,2013-06-25T09:54:59.320
312,26750493,5469,null,null,2013-08-14T23:29:10.747
405550,26562148,5473,null,null,2013-08-08T22:22:47.920
6349,35330248,5473,null,null,2008-09-16T17:13:48.803
1755598,61732352,5473,null,null,2016-05-07T22:25:57.640
3061305,67649058,5473,null,null,2016-10-22T11:10:50.993
1783588,71240772,5473,null,null,2017-02-03T21:15:12.460
2351099,12496214,79126,null,null,2008-09-19T13:07:08.473
195562,17966774,79126,null,null,2012-11-02T15:01:24.223
661933,21382327,79126,null,null,2013-03-02T21:02:55.660
422877,24067879,79126,null,null,2013-05-23T15:08:12.147
422877,24103505,79126,null,null,2013-05-24T14:10:58.947
503688,30039189,79126,null,null,2013-11-22T19:49:46.760
2642204,53499489,79126,null,null,2015-09-28T21:07:54.710
3814660,54163338,79126,null,null,2015-10-16T19:24:20.787
4009642,64261468,79126,null,null,2016-07-18T01:23:49.620
5302,64508721,79126,null,null,2016-07-25T02:20:28.550
229897,66261163,79126,null,null,2016-09-13T13:09:54.860
4587483,87557665,79126,null,null,2018-05-10T09:56:44.537
422877,88747531,79126,null,null,2018-06-15T09:44:35.937
1786516,99239295,79126,null,null,2019-05-26T15:56:49.380
1336654,128301016,79126,null,null,2022-06-15T14:21:29.313
4600,9749,79138,null,null,2008-09-17T05:26:15.907
84543,8048907,79138,null,null,2011-07-21T22:26:29.173
14050,9402,79146,null,null,2008-09-17T02:15:37.940
138772,1054090,43117,null,null,2009-08-04T16:58:44.317
30453,1057358,43117,null,null,2009-08-05T08:24:10.617
34813,1322636,43117,null,null,2009-09-24T17:15:16.853
19370,1496734,43117,null,null,2009-10-27T03:03:10.430
126529,2568526,43117,null,null,2010-04-02T00:23:40.957
82819,3278470,43117,null,null,2010-07-06T05:05:05.550
338825,10452573,43117,null,null,2011-12-10T06:01:10.063
2553437,26202165,43120,null,null,2013-07-29T19:29:49.527
2509,26209721,43120,null,null,2013-07-30T01:09:05.737
119527,50138749,43120,null,null,2015-06-25T19:17:13.063
955263,79009472,43120,null,null,2017-09-03T15:36:36.507
3049655,60279867,43122,null,null,2016-03-31T09:03:50.793
8047,230262,43129,null,null,2009-01-01T16:49:51.133
115,235085,43129,null,null,2009-01-04T00:22:13.423
115,235090,43129,null,null,2009-01-04T00:24:32.827
155077,102032261,58912,null,null,2019-09-05T06:59:36.900
4333033,106421076,58912,null,null,2020-02-11T12:26:40.450
null,3296,58914,null,null,2008-09-12T13:16:43.960
null,172891,58917,null,null,2008-12-03T09:12:41.123
817991,18155202,58931,null,null,2012-11-09T15:44:42.360
1026509,23348447,58931,null,null,2013-04-30T19:28:53.397
57311,35040082,58931,null,null,2014-04-09T00:53:26.770
131165,46322109,58931,null,null,2015-03-13T19:58:22.917
865939,50528151,58931,null,null,2015-07-07T11:02:50.593
1246870,53370585,58931,null,null,2015-09-24T15:53:23.137
15689,25717643,58939,null,null,2013-07-15T15:42:12.457
512602,6948751,58942,null,null,2011-05-16T02:35:34.773
64262,382987,58945,null,null,2009-02-20T21:08:47.230
298,691162,58945,null,null,2009-05-19T18:40:17.213
null,694808,58945,null,null,2009-05-20T13:23:15.953
58961,1060314,58945,null,null,2009-08-05T17:23:04.030
3055,1125610,58945,null,null,2009-08-18T16:17:13.430
null,1126475,58945,null,null,2009-08-18T18:31:18.933
21061,1385872,58945,null,null,2009-10-07T08:16:10.413
null,1755684,58945,null,null,2009-12-07T13:53:17.057
677202,60717780,24119,null,null,2016-04-11T20:31:19.777
1250422,63269113,24119,null,null,2016-06-19T14:59:02.193
1968,63269169,24119,null,null,2016-06-19T15:01:56.663
34509,68049684,24119,null,null,2016-11-03T11:04:57.257
69742,2540682,24122,null,null,2010-03-29T18:14:10.660
256138,3162969,24122,null,null,2010-06-21T15:10:57.127
54013,3408264,24122,null,null,2010-07-20T15:38:45.543
499636,6686517,24122,null,null,2011-04-28T21:28:27.557
499636,9781328,24122,null,null,2011-11-03T13:40:08.843
145587,9794731,24122,null,null,2011-11-04T04:40:39.547
4053283,54705716,24122,null,null,2015-11-01T06:26:31.313
1952009,54963812,24122,null,null,2015-11-08T13:23:26.307
379897,3618502,24138,null,null,2010-08-12T14:21:36.983
492,110147,24140,null,null,2008-10-30T02:46:47.023
92272,2288580,24143,null,null,2010-02-23T17:24:44.303
2085743,38095379,63032,null,null,2014-07-05T19:57:29.093
3232523,44840465,63032,null,null,2015-01-30T15:58:44.637
4880924,60911500,63032,null,null,2016-04-16T02:04:53.710
4880924,60911772,63032,null,null,2016-04-16T02:33:12.570
1700513,28345585,63033,null,null,2013-10-03T14:37:28.433
2298185,34504874,63033,null,null,2014-03-26T07:08:09.853
17205,67874,63035,null,null,2008-10-09T16:45:49.090
1310,5184,63042,null,null,2008-09-15T15:05:02.350
546661,9041103,63050,null,null,2011-09-19T13:26:36.100
3394,5064,63061,null,null,2008-09-15T14:00:16.140
1196,5066,63061,null,null,2008-09-15T14:01:15.733
3394,5811,63061,null,null,2008-09-15T19:43:29.873
127669,1615777,63061,null,null,2009-11-14T21:26:30.640
165495,2405642,63063,null,null,2010-03-11T05:38:14.353
141220,6133964,63071,null,null,2011-03-24T13:32:18.383
471272,8398228,63071,null,null,2011-08-11T16:47:47.577
1339,7463,63075,null,null,2008-09-16T13:37:39.073
2531,424336,63075,null,null,2009-03-04T18:23:34.937
21398,72268105,37290,2,sql,2017-03-02T22:20:29.997
21398,72268105,37290,2,sql-server,2017-03-02T22:20:29.997
53236,317954,37294,2,null,2009-02-02T12:13:41.177
17315,18067301,37302,2,c#,2012-11-06T19:17:15.117
17315,18067301,37302,2,c-preprocessor,2012-11-06T19:17:15.117
2350981,24004723,37302,2,c#,2013-05-21T23:28:43.053
2350981,24004723,37302,2,c-preprocessor,2013-05-21T23:28:43.053
251153,17828075,37304,2,xcode,2012-10-28T22:01:50.003
251153,17828075,37304,2,macos,2012-10-28T22:01:50.003
251153,17828075,37304,2,debugbreak,2012-10-28T22:01:50.003
726378,44526145,37304,2,xcode,2015-01-21T17:35:56.673
726378,44526145,37304,2,macos,2015-01-21T17:35:56.673
726378,44526145,37304,2,debugbreak,2015-01-21T17:35:56.673
2695,364257,37308,2,c#,2009-02-16T07:37:51.393
2695,364257,37308,2,c-preprocessor,2009-02-16T07:37:51.393
708,364607,37308,2,c#,2009-02-16T10:46:00.927
708,364607,37308,2,c-preprocessor,2009-02-16T10:46:00.927
708,366326,37308,2,c#,2009-02-16T21:14:09.043
708,366326,37308,2,c-preprocessor,2009-02-16T21:14:09.043
13397,163425,37321,2,null,2008-11-27T11:54:31.123
13397,163464,37321,2,null,2008-11-27T12:23:23.890
13397,163681,37321,2,null,2008-11-27T14:47:51.227
6691,170773,37321,2,null,2008-12-02T10:40:13.910
2385,758773,37321,2,null,2009-06-04T13:47:56.153
769294,14712468,37321,2,null,2012-06-26T11:46:04.010
807941,44036121,37321,2,null,2015-01-07T07:57:23.277
1026,86959345,71180,null,null,2018-04-22T23:42:42.503
7938,764480,71189,null,null,2009-06-05T14:22:23.113
129130,926241,71189,null,null,2009-07-10T17:48:21.420
88054,2044115,71189,null,null,2010-01-21T12:32:54.247
7938,2149833,71189,null,null,2010-02-04T13:34:40.170
11619,11809,71194,null,null,2008-09-17T20:13:10.020
null,579753,71194,null,null,2009-04-20T13:18:18.613
592377,24455486,71194,null,null,2013-06-05T11:45:22.617
null,24457874,71194,null,null,2013-06-05T12:47:38.087
138304,2078681,71195,null,null,2010-01-26T09:28:23.147
14148,2592606,71195,null,null,2010-04-06T14:14:09.180
492,15915211,71195,null,null,2012-08-14T04:50:26.597
1296968,19166506,71195,null,null,2012-12-17T01:51:04.667
427155,42968209,71195,null,null,2014-12-02T10:06:16.407
1220014,102553323,1130,null,null,2019-09-24T11:40:14.663
44330,114591625,1130,null,null,2020-11-12T21:54:44.623
2221645,121893880,1130,null,null,2021-08-29T08:24:26.157
3526682,129460434,1130,null,null,2022-08-10T12:28:25.647
5443527,132994726,1130,null,null,2023-02-07T10:37:28.203
48082,432948,1135,null,null,2009-03-06T19:05:24.523
91,437585,1135,null,null,2009-03-09T01:38:34.717
99354,9054758,1135,null,null,2011-09-20T07:18:00.647
15459,141643,1141,null,null,2008-11-16T15:02:05.587
99354,31888089,1141,null,null,2014-01-17T07:49:57.337
8446,919433,1149,null,null,2009-07-09T15:35:57.587
15168,62477636,1155,null,null,2016-05-27T19:04:00.513
14663,13775336,1156,null,null,2008-10-03T12:45:26.490
578046,25472864,1156,null,null,2013-07-08T03:19:44.547
2304872,107951097,5473,null,null,2020-04-03T18:32:34.957
6539635,109393128,5473,null,null,2020-05-17T07:46:02.193
9213345,115488382,5473,null,null,2020-12-16T14:34:58.807
2645713,121836790,5473,null,null,2021-08-26T13:54:31.877
871096,123285398,5473,null,null,2021-10-28T00:25:05.440
1676607,126895196,5473,null,null,2022-04-09T11:15:16.917
67824,136472370,5473,null,null,2023-11-02T18:04:08.480
691,8894397,5481,null,null,2008-08-08T02:58:25.097
812369,36337261,5482,null,null,2014-05-14T14:33:49.607
54101,14769369,5488,null,null,2012-06-28T08:23:58.133
13495,6320005,5500,null,null,2011-04-05T20:03:49.267
331855,9640038,5500,null,null,2011-10-25T22:20:50.733
322932,10253374,5500,null,null,2011-11-29T22:47:58.947
812369,36337309,5500,null,null,2014-05-14T14:35:01.170
15639,454379,5507,null,null,2009-03-12T22:59:41.590
38212,802095,5507,null,null,2009-06-14T16:53:05.633
234655,13299404,5507,null,null,2012-04-26T06:50:36.840
48082,658204,5527,null,null,2009-05-11T20:42:54.330
48082,658214,5538,null,null,2009-05-11T20:44:47.807
544557,60913644,87360,null,null,2016-04-16T05:33:09.817
14089,60938469,87360,null,null,2016-04-17T07:48:27.603
544557,60938639,87360,null,null,2016-04-17T08:00:52.737
14089,60948062,87360,null,null,2016-04-17T16:26:28.070
544557,60948492,87360,null,null,2016-04-17T16:46:22.343
14089,61216531,87360,null,null,2016-04-24T11:31:06.140
299327,28279066,87364,null,null,2013-10-01T18:31:08.213
730589,36566505,87364,null,null,2014-05-21T08:18:09.680
7315,782912,87370,null,null,2009-06-10T10:15:54.820
653689,24320685,87370,null,null,2013-05-31T16:30:43.890
74585,26933839,87370,null,null,2013-08-21T01:19:00.633
74585,34997570,87370,null,null,2014-04-08T03:46:58.167
207421,40237503,2753,null,null,2014-09-09T01:39:22.533
11333,45188,2754,null,null,2008-09-30T09:18:13.660
362461,75307576,2755,null,null,2017-05-23T21:02:52.240
5404861,68105816,2763,null,null,2016-11-04T17:34:58.503
5139130,103763481,2763,null,null,2019-11-06T18:47:11.020
7906063,135962089,2763,null,null,2023-09-18T05:04:56.363
null,68367975,2767,null,null,2016-11-12T17:24:55.087
824622,94232292,2767,null,null,2018-12-08T23:10:34.097
233,8656659,2770,null,null,2008-08-05T22:17:11.360
2635,49625,2771,null,null,2008-10-01T21:40:49.233
9476,185733,2771,null,null,2008-12-09T17:40:17.693
13913,185783,2771,null,null,2008-12-09T18:08:16.857
546709,5037122,2771,null,null,2011-01-03T17:08:04.053
6492006,89557822,2771,null,null,2018-07-11T16:12:25.350
531971,43154579,2776,null,null,2014-12-08T01:25:55.083
667820,15462431,2777,null,null,2012-07-26T09:49:52.443
1126841,15465985,2777,null,null,2012-07-26T12:10:02.150
232,79297132,2780,null,null,2017-09-12T03:42:46.527
57611,3897398,2781,null,null,2010-09-12T22:59:29.173
475,7049041,2781,null,null,2008-08-06T07:20:50.840
448858,4562758,2783,null,null,2010-11-18T17:37:31.377
453277,4030989,2785,null,null,2010-09-27T07:43:55.293
1596734,68648442,37324,1,c#,2016-11-20T22:35:21.863
1596734,68648442,37324,1,.net,2016-11-20T22:35:21.863
1596734,68648442,37324,1,sql,2016-11-20T22:35:21.863
1596734,68648442,37324,1,linq-to-sql,2016-11-20T22:35:21.863
1596734,68648442,37324,1,join,2016-11-20T22:35:21.863
2254951,88593366,37324,1,c#,2018-06-11T08:47:12.633
2254951,88593366,37324,1,.net,2018-06-11T08:47:12.633
2254951,88593366,37324,1,sql,2018-06-11T08:47:12.633
2254951,88593366,37324,1,linq-to-sql,2018-06-11T08:47:12.633
2254951,88593366,37324,1,join,2018-06-11T08:47:12.633
148412,88617259,37324,1,c#,2018-06-11T20:36:32.880
148412,88617259,37324,1,.net,2018-06-11T20:36:32.880
148412,88617259,37324,1,sql,2018-06-11T20:36:32.880
148412,88617259,37324,1,linq-to-sql,2018-06-11T20:36:32.880
148412,88617259,37324,1,join,2018-06-11T20:36:32.880
2254951,88617346,37324,1,c#,2018-06-11T20:39:23.217
2254951,88617346,37324,1,.net,2018-06-11T20:39:23.217
2254951,88617346,37324,1,sql,2018-06-11T20:39:23.217
2254951,88617346,37324,1,linq-to-sql,2018-06-11T20:39:23.217
2254951,88617346,37324,1,join,2018-06-11T20:39:23.217
2218697,57311687,37332,2,c#,2016-01-14T07:26:42.507
2218697,57311687,37332,2,.net,2016-01-14T07:26:42.507
2218697,57311687,37332,2,sql,2016-01-14T07:26:42.507
2218697,57311687,37332,2,linq-to-sql,2016-01-14T07:26:42.507
2218697,57311687,37332,2,join,2016-01-14T07:26:42.507
2569995,121678032,37332,2,c#,2021-08-19T14:50:20.747
2569995,121678032,37332,2,.net,2021-08-19T14:50:20.747
2569995,121678032,37332,2,sql,2021-08-19T14:50:20.747
2569995,121678032,37332,2,linq-to-sql,2021-08-19T14:50:20.747
2569995,121678032,37332,2,join,2021-08-19T14:50:20.747
769091,16666704,37333,2,c#,2012-09-13T08:55:21.703
769091,16666704,37333,2,.net,2012-09-13T08:55:21.703
769091,16666704,37333,2,sql,2012-09-13T08:55:21.703
769091,16666704,37333,2,linq-to-sql,2012-09-13T08:55:21.703
769091,16666704,37333,2,join,2012-09-13T08:55:21.703
320460,46556670,37333,2,c#,2015-03-20T14:44:07.077
320460,46556670,37333,2,.net,2015-03-20T14:44:07.077
320460,46556670,37333,2,sql,2015-03-20T14:44:07.077
320460,46556670,37333,2,linq-to-sql,2015-03-20T14:44:07.077
320460,46556670,37333,2,join,2015-03-20T14:44:07.077
202009,47193310,37335,1,java,2015-04-08T15:36:33.693
202009,47193310,37335,1,jvm,2015-04-08T15:36:33.693
202009,47193310,37335,1,out-of-memory,2015-04-08T15:36:33.693
202009,47193310,37335,1,heap-memory,2015-04-08T15:36:33.693
3892,87036739,37335,1,java,2018-04-24T20:13:02.653
3892,87036739,37335,1,jvm,2018-04-24T20:13:02.653
3892,87036739,37335,1,out-of-memory,2018-04-24T20:13:02.653
3892,87036739,37335,1,heap-memory,2018-04-24T20:13:02.653
53897,117220130,37335,1,java,2021-02-21T16:12:46.017
53897,117220130,37335,1,jvm,2021-02-21T16:12:46.017
53897,117220130,37335,1,out-of-memory,2021-02-21T16:12:46.017
53897,117220130,37335,1,heap-memory,2021-02-21T16:12:46.017
8258305,126312694,37335,1,java,2022-03-14T07:30:12.137
8258305,126312694,37335,1,jvm,2022-03-14T07:30:12.137
8258305,126312694,37335,1,out-of-memory,2022-03-14T07:30:12.137
8258305,126312694,37335,1,heap-memory,2022-03-14T07:30:12.137
111307,26123625,37346,1,c++,2013-07-26T18:01:36.370
111307,26123625,37346,1,stl,2013-07-26T18:01:36.370
2436175,119484561,37346,1,c++,2021-05-19T08:03:01.950
2436175,119484561,37346,1,stl,2021-05-19T08:03:01.950
1599736,22251973,65483,null,null,2013-03-28T06:11:44.473
null,25457303,65483,null,null,2013-07-07T07:44:58.873
9362,5655,65484,null,null,2008-09-15T18:39:48.497
4228,5686,65484,null,null,2008-09-15T18:49:48.440
9362,20831,65484,null,null,2008-09-20T20:29:33.673
38896,4943147,65486,null,null,2010-12-22T22:47:55.037
279,190053,65487,null,null,2008-12-11T12:27:08.620
608639,71792832,65490,null,null,2017-02-18T19:40:57.453
191761,123777817,65490,null,null,2021-11-18T13:47:09.563
863980,15493031,65491,null,null,2012-07-27T10:16:12.213
951517,34173142,65500,null,null,2014-03-17T21:44:18.577
1889,5818,65511,null,null,2008-09-15T19:45:49.180
738470,9405606,65511,null,null,2011-10-11T17:58:10.080
7675,1093495,65512,null,null,2009-08-12T12:47:18.777
16587,3034872,65512,null,null,2010-06-04T13:54:49.003
1925263,74395,63076,null,null,2008-10-13T15:22:22.147
null,62018575,63076,null,null,2016-05-15T23:43:51.050
252124,2043005,63084,null,null,2010-01-21T09:20:00.383
7046,2044691,63084,null,null,2010-01-21T13:53:19.843
611007,30240484,63086,null,null,2013-11-28T17:24:04.780
9566690,88864254,63086,null,null,2018-06-19T16:14:09.247
4999991,92243596,63086,null,null,2018-10-04T22:59:03.523
2126357,94961238,63086,null,null,2019-01-06T17:24:36.467
7498,122997254,63086,null,null,2008-09-15T13:56:32.000
3825996,133329724,63086,null,null,2023-02-26T13:09:27.757
215741,62145213,63090,null,null,2016-05-19T00:42:48.967
1313143,65435192,63090,null,null,2016-08-19T15:33:29.433
13778,17731,63094,null,null,2008-09-19T14:58:43.930
14122,25217,63094,null,null,2008-09-22T23:30:09.527
120999,1202341,63094,null,null,2009-09-01T20:36:06.893
14530,13102,90149,null,null,2008-09-18T07:12:41.820
11026,2145020,90151,null,null,2010-02-03T21:49:44.807
6440,29533,90157,null,null,2008-09-24T08:19:09.013
1927444,93475909,90168,null,null,2018-11-14T10:04:07.097
2598,12955,90176,null,null,2008-09-18T05:11:31.130
3128209,31969067,90178,null,null,2014-01-20T02:23:12.057
1818608,35236477,90178,null,null,2014-04-14T12:12:05.407
188784,37589616,90178,null,null,2014-06-20T03:30:51.053
438970,37961529,90178,null,null,2014-07-01T20:00:04.283
2512455,40932105,90178,null,null,2014-09-30T09:45:49.087
1416140,49158211,90178,null,null,2015-05-30T05:16:27.157
8071054,127078504,90178,null,null,2022-04-18T17:54:56.447
16113,9955704,90184,null,null,2008-09-18T05:28:35.097
8701,14144,90185,null,null,2008-09-18T15:21:50.193
4850,12956,90188,null,null,2008-09-18T05:11:31.473
20310,43118,90191,null,null,2008-09-29T15:20:56.030
15112,12952,90193,null,null,2008-09-18T05:10:18.790
6310,19765,90193,null,null,2008-09-20T02:48:33.537
200987,14648568,90197,null,null,2012-06-23T07:38:23.697
5808,13710,90200,null,null,2008-09-18T13:04:52.177
4279,431139,90206,null,null,2009-03-06T09:40:07.597
179081,9650477,90208,null,null,2011-10-26T14:12:15.927
24231,613432,57093,null,null,2009-04-29T17:22:30.560
2797,949201,57100,null,null,2009-07-15T14:56:06.007
18729,25020,57105,null,null,2008-09-22T21:47:57.773
2961372,38048185,57105,null,null,2014-07-03T23:15:32.123
206730,40777216,57105,null,null,2014-09-25T07:10:30.043
394322,3414146,57111,null,null,2010-07-21T04:59:58.877
191084,15283616,57111,null,null,2012-07-19T07:39:18.583
5348,3224,57121,null,null,2008-09-12T11:50:05.917
null,6941776,57124,null,null,2011-05-15T10:49:36.323
84704,9966247,57124,null,null,2011-11-14T15:57:26.263
14582,51988323,57124,null,null,2011-03-15T18:28:38.913
49925,72108115,57124,null,null,2017-02-27T11:13:51.137
46207,125447483,57124,null,null,2022-02-02T20:24:33.600
1889329,137468813,57124,null,null,2024-02-11T13:48:25.280
4997,2567,57128,null,null,2008-09-11T18:22:45.123
124119,1818179,57128,null,null,2009-12-16T07:54:30.033
84704,9966375,57128,null,null,2011-11-14T16:04:04.933
762175,37117026,1156,null,null,2014-06-05T20:35:29.497
1132642,14464508,1157,null,null,2012-06-15T17:53:27.000
188,51905379,1163,null,null,2015-08-14T01:42:13.457
3277889,95886610,1171,null,null,2019-02-05T20:45:33.860
145349,100148644,1171,null,null,2019-06-27T18:49:42.883
369,100153092,1171,null,null,2019-06-27T22:43:27.370
3884713,100274880,1171,null,null,2019-07-03T04:20:26.727
19931965,136949831,1171,null,null,2023-12-18T19:35:28.393
91,1938874,1175,null,null,2010-01-07T00:00:13.043
1267778,41015767,1185,null,null,2014-10-02T14:17:50.590
60,41031740,1185,null,null,2014-10-02T23:33:04.363
128397,1809583,1191,null,null,2009-12-15T06:58:24.163
95107,664909,1232,null,null,2009-05-13T10:02:29.477
41021,185624,1237,null,null,2008-12-09T16:56:06.033
8446,235942,1238,null,null,2009-01-04T14:52:45.443
91,432670,1238,null,null,2009-03-06T17:50:09.370
115749,2683014,1240,null,null,2010-04-19T03:22:42.760
2599416,40362414,1240,null,null,2014-09-12T08:30:21.083
2063755,131789152,2785,null,null,2022-12-03T11:02:05.083
23354,115589,2794,null,null,2008-11-02T11:08:01.170
26463,6317139,2794,null,null,2011-04-05T17:05:49.150
2323308,39249869,2797,null,null,2014-08-08T12:11:50.267
331325,97467062,2797,null,null,2019-03-27T08:07:39.850
8304176,130646183,2797,null,null,2022-10-07T20:25:55.827
11333,777686,2799,null,null,2009-06-09T11:09:29.610
192729,2077438,2799,null,null,2010-01-26T03:31:12.217
296149,2859608,2799,null,null,2010-05-12T14:44:30.027
1137199,57500715,2799,null,null,2016-01-19T16:00:51.670
2227106,59389526,2800,null,null,2016-03-08T08:44:05.870
342,59389734,2800,null,null,2016-03-08T08:49:29.500
2227106,59422461,2800,null,null,2016-03-08T22:49:26.457
34,15619054,2807,null,null,2008-08-05T20:36:31.267
240733,75464438,2807,null,null,2017-05-28T12:21:42.010
315595,7911906,2817,null,null,2011-07-14T00:43:26.650
116,11630557,2822,null,null,2008-08-05T21:06:36.760
304,5614,2823,null,null,2008-09-15T18:22:59.113
1851302,41019806,2823,null,null,2014-10-02T16:04:57.147
1114316,57458937,2823,null,null,2016-01-18T16:44:52.700
3504007,48134478,71195,null,null,2015-05-02T22:12:23.153
3195477,105389589,71195,null,null,2020-01-06T13:48:48.513
11410,10002,71200,null,null,2008-09-17T07:51:11.300
265521,123465996,71214,null,null,2021-11-04T23:25:03.763
265521,123466003,71214,null,null,2021-11-04T23:25:33.973
3996028,85542628,71215,null,null,2018-03-14T04:25:48.523
5726546,136097355,71215,null,null,2023-09-29T08:00:06.813
null,7179,71231,null,null,2008-09-16T11:08:26.373
6777,8724,71231,null,null,2008-09-16T21:04:22.807
254364,2247541,71231,null,null,2010-02-17T20:02:55.013
254364,2247646,71231,null,null,2010-02-17T20:15:12.680
39926,1465702,71232,null,null,2009-10-21T13:05:10.130
1199,1477662,71232,null,null,2009-10-23T05:59:24.490
46926,3382990,71232,null,null,2010-07-17T04:31:07.200
3504007,48134423,71232,null,null,2015-05-02T22:08:18.390
16587,3034876,65512,null,null,2010-06-04T13:55:27.240
40961,36725798,65515,null,null,2014-05-26T00:30:26.033
368691,41992918,65515,null,null,2014-11-02T13:03:55.623
1816138,45137055,65515,null,null,2015-02-08T23:46:18.457
964491,77614441,65515,null,null,2017-07-26T12:04:51.847
17,88659858,65515,null,null,2008-09-15T18:41:32.923
9253032,109416672,65515,null,null,2020-05-18T03:54:25.620
371240,135060387,65515,null,null,2023-07-03T08:21:54.597
7979,6718,65517,null,null,2008-09-16T04:16:54.443
6436,11670,65517,null,null,2008-09-17T19:27:34.793
714,26042,65517,null,null,2008-09-23T08:04:46.107
23233,63472,65517,null,null,2008-10-08T01:17:56.343
125361,1760222,65517,null,null,2009-12-08T01:02:06.463
2076,11773,65518,null,null,2008-09-17T20:03:40.323
99046,2611460,65518,null,null,2010-04-08T17:40:16.800
2543,58137,65520,null,null,2008-10-06T00:48:55.047
926988,29650103,65523,null,null,2013-11-12T09:51:35.997
2116495,32622404,65523,null,null,2014-02-06T03:42:15.690
2305600,38065577,65523,null,null,2014-07-04T12:19:56.300
5066,495,49130,null,null,2008-09-08T19:57:12.660
598,11137,49134,null,null,2008-09-17T16:20:54.367
297114,2544520,49136,null,null,2010-03-30T07:50:38.457
102896,1448899,49142,null,null,2009-10-18T22:17:32.647
4794,9771133,49146,null,null,2011-11-02T23:07:55.577
275,21124596,49146,null,null,2008-09-08T04:11:40.983
4396180,65009337,49146,null,null,2016-08-08T04:41:24.330
15238797,117932019,49146,null,null,2021-03-19T19:14:08.310
356,27987354,49147,null,null,2013-09-23T03:45:01.413
13263,123459083,49148,null,null,2021-11-04T17:06:10.913
110451,11143020,49155,null,null,2012-01-18T10:56:15.843
481073,26547481,49155,null,null,2013-08-08T15:03:14.023
3904557,74437067,49155,null,null,2017-04-29T13:13:55.340
1317559,76477386,49155,null,null,2017-06-25T16:21:13.040
5648649,86107878,49155,null,null,2018-03-29T07:32:45.837
46926,1766582,49161,null,null,2009-12-08T19:40:14.477
1178267,50871802,49171,null,null,2015-07-16T10:52:42.917
1843300,51672613,49171,null,null,2015-08-07T12:16:58.853
3293816,51934902,49171,null,null,2015-08-14T18:13:52.357
3547347,57652100,49171,null,null,2016-01-23T06:56:47.760
26428,574259,49180,null,null,2009-04-17T22:13:14.873
1306394,27499941,49184,null,null,2013-09-07T09:19:55.763
1666,238,49185,null,null,2008-09-08T05:17:40.527
1812,10378,49187,null,null,2008-09-17T11:45:05.497
8047,2432988,49195,null,null,2010-03-15T10:08:44.597
305552,4385184,49195,null,null,2010-11-02T15:18:14.980
45144,1395239,63094,null,null,2009-10-08T16:44:44.467
2420583,25975593,63094,null,null,2013-07-23T07:05:29.817
92471,82703264,63094,null,null,2017-12-18T13:06:07.123
513905,91811937,63094,null,null,2018-09-20T22:28:12.363
1492229,127802258,63094,null,null,2022-05-23T01:04:39.633
905,5367,63099,null,null,2008-09-15T16:33:16.943
2131,9290,63099,null,null,2008-09-17T00:51:57.347
null,8683476,63104,null,null,2011-08-28T01:03:34.433
3153,39892,63106,null,null,2008-09-27T18:43:03.110
16686,10520081,63108,null,null,2011-12-14T05:50:04.157
1122,10524401,63108,null,null,2011-12-14T10:50:18.503
49197,354309,63116,null,null,2009-02-12T16:53:44.423
7526,355737,63116,null,null,2009-02-12T22:35:04.370
5200064,135571038,63117,null,null,2023-08-14T23:04:39.120
1412,1202511,63122,null,null,2009-09-01T21:10:36.123
3005941,40539086,87370,null,null,2014-09-17T21:43:28.220
1750037,47352544,87370,null,null,2015-04-13T10:46:37.227
16398,11980,87371,null,null,2008-09-17T21:04:29.443
34509,1164834,87372,null,null,2009-08-25T20:02:47.693
947836,24247528,87372,null,null,2013-05-29T17:04:32.007
2073257,24252161,87372,null,null,2013-05-29T19:36:52.773
9793,206242,87375,null,null,2008-12-18T17:28:08.307
25586,556354,87377,null,null,2009-04-13T18:14:20.803
31326,1521353,87378,null,null,2009-10-30T15:05:07.867
976554,23218402,87378,null,null,2013-04-26T08:21:16.563
6309,23218630,87378,null,null,2013-04-26T08:30:32.530
543205,35181168,87378,null,null,2014-04-12T10:18:38.893
1750037,47352508,87378,null,null,2015-04-13T10:45:16.807
868342,53419527,87378,null,null,2015-09-25T20:39:02.887
1486850,55148446,87378,null,null,2015-11-13T08:03:06.840
1946412,57454718,87378,null,null,2016-01-18T14:59:05.077
6309,57454762,87378,null,null,2016-01-18T15:00:06.510
189818,61305744,87378,null,null,2016-04-26T15:25:39.467
1171201,118603514,87378,null,null,2021-04-14T21:01:30.287
6309,118605183,87378,null,null,2021-04-14T22:37:46.187
8233,11967,87380,null,null,2008-09-17T20:58:46.260
305,4403128,87382,null,null,2010-11-04T00:09:22.620
16744,1034992,43129,null,null,2009-07-31T08:29:05.870
131446,1053695,43129,null,null,2009-08-04T15:56:09.327
8047,1088963,43129,null,null,2009-08-11T17:13:02.220
115,1089904,43129,null,null,2009-08-11T20:07:45.207
34397,1584211,43130,null,null,2009-11-10T12:56:11.263
42377,467480,43133,null,null,2009-03-17T13:32:01.937
89586,962900,43133,null,null,2009-07-17T18:02:51.803
4344976,101201937,43135,null,null,2019-08-05T11:21:27.600
1811,129401,43139,null,null,2008-11-10T07:21:32.827
615754,8246732,43149,null,null,2011-08-03T06:18:45.803
953833,57901140,43157,null,null,2016-01-29T16:40:57.467
34088,194912,43163,null,null,2008-12-13T09:24:39.397
568508,8889390,43163,null,null,2011-09-09T18:28:41.460
3779853,43898123,43163,null,null,2015-01-02T14:26:17.933
233014,48278335,43163,null,null,2015-05-06T16:37:58.123
973580,51182042,43163,null,null,2015-07-24T17:19:28.457
207421,58915015,43163,null,null,2016-02-25T00:09:48.793
5221149,69556140,43163,null,null,2016-12-16T05:47:36.310
61,119505168,37346,1,c++,2021-05-19T20:51:26.730
61,119505168,37346,1,stl,2021-05-19T20:51:26.730
2436175,119523734,37346,1,c++,2021-05-20T13:16:51.617
2436175,119523734,37346,1,stl,2021-05-20T13:16:51.617
2436175,119523751,37346,1,c++,2021-05-20T13:17:25.313
2436175,119523751,37346,1,stl,2021-05-20T13:17:25.313
61,119537401,37346,1,c++,2021-05-20T22:33:26.303
61,119537401,37346,1,stl,2021-05-20T22:33:26.303
70198,6151399,37348,2,c++,2011-03-25T13:42:15.243
70198,6151399,37348,2,stl,2011-03-25T13:42:15.243
533,6616237,37348,2,c++,2011-04-25T01:52:03.950
533,6616237,37348,2,stl,2011-04-25T01:52:03.950
20984,10053642,37348,2,c++,2011-11-18T14:30:30.810
20984,10053642,37348,2,stl,2011-11-18T14:30:30.810
768469,48890761,37348,2,c++,2015-05-22T16:22:13.310
768469,48890761,37348,2,stl,2015-05-22T16:22:13.310
20984,48913534,37348,2,c++,2015-05-23T14:13:26.200
20984,48913534,37348,2,stl,2015-05-23T14:13:26.200
117220,22905268,37349,2,java,2013-04-17T04:40:43.507
117220,22905268,37349,2,jvm,2013-04-17T04:40:43.507
117220,22905268,37349,2,out-of-memory,2013-04-17T04:40:43.507
117220,22905268,37349,2,heap-memory,2013-04-17T04:40:43.507
3600935,122039097,37349,2,java,2021-09-03T22:35:21.130
3600935,122039097,37349,2,jvm,2021-09-03T22:35:21.130
3600935,122039097,37349,2,out-of-memory,2021-09-03T22:35:21.130
3600935,122039097,37349,2,heap-memory,2021-09-03T22:35:21.130
2052097,137894261,37349,2,java,2024-03-25T04:32:18.627
2052097,137894261,37349,2,jvm,2024-03-25T04:32:18.627
2052097,137894261,37349,2,out-of-memory,2024-03-25T04:32:18.627
2052097,137894261,37349,2,heap-memory,2024-03-25T04:32:18.627
14153,11352,37350,2,c++,2008-09-17T17:31:17.583
14153,11352,37350,2,stl,2008-09-17T17:31:17.583
926639,35264091,37363,2,null,2014-04-15T04:09:08.123
52277,25987292,37375,1,wcf,2013-07-23T12:32:30.367
52277,25987292,37375,1,unit-testing,2013-07-23T12:32:30.367
1719067,42450022,37375,1,wcf,2014-11-16T08:31:05.527
1719067,42450022,37375,1,unit-testing,2014-11-16T08:31:05.527
3777958,52579896,81886,null,null,2015-09-02T12:41:39.760
1968,52585775,81886,null,null,2015-09-02T14:52:13.723
3535616,57288445,81886,null,null,2016-01-13T16:22:01.197
2355357,61656910,81886,null,null,2016-05-05T15:52:39.313
257645,66972803,81886,null,null,2016-10-03T22:42:55.327
1496062,48818301,81890,null,null,2015-05-21T02:23:09.567
9654,49395848,81890,null,null,2015-06-05T12:49:15.587
40005,1845232,81899,null,null,2009-12-20T14:54:47.233
8388,1854044,81899,null,null,2009-12-22T00:35:17.430
15842,2706796,81899,null,null,2010-04-21T20:44:27.183
440805,30455635,81899,null,null,2013-12-05T09:13:45.160
1807569,48699522,81899,null,null,2015-05-18T11:24:10.417
423913,135860074,81899,null,null,2023-09-08T11:50:13.700
2648,10655,81912,null,null,2008-09-17T13:41:06.717
12870,10286,81923,null,null,2008-09-17T10:47:03.890
86969,44222310,81927,null,null,2015-01-12T21:54:49.023
2137711,49540764,81927,null,null,2015-06-09T20:43:53.277
4284627,66884786,81927,null,null,2016-09-30T16:25:20.577
3340758,82402666,81927,null,null,2017-12-08T19:35:53.270
8472392,133349804,30797,null,null,2023-02-27T17:33:35.477
1555496,133857202,30797,null,null,2023-03-30T13:20:12.480
2487969,137086488,30797,null,null,2024-01-04T15:04:24.483
975097,18872075,30798,null,null,2012-12-06T01:22:32.240
5662,62576,30809,null,null,2008-10-07T17:58:11.580
105667,3983604,30809,null,null,2010-09-21T22:15:06.403
null,14852943,30809,null,null,2012-07-02T09:29:41.677
2392157,28016529,30809,null,null,2013-09-23T20:44:52.043
4749879,132502646,30815,null,null,2023-01-11T15:23:29.163
1135092,17148369,30818,null,null,2012-10-03T03:59:18.943
139855,17827784,30818,null,null,2012-10-28T21:44:19.753
1057791,55221280,30818,null,null,2015-11-15T22:47:07.070
1322902,78522300,30818,null,null,2017-08-20T13:09:49.030
3271,78608345,30818,null,null,2017-08-22T18:58:24.780
1322902,78679230,30818,null,null,2017-08-24T11:42:22.110
777,10171393,30843,null,null,2008-08-27T19:08:30.317
221683,13471210,34550,2,multithreading,2012-05-03T17:29:21.707
221683,13471210,34550,2,concurrency,2012-05-03T17:29:21.707
221683,13471210,34550,2,terminology,2012-05-03T17:29:21.707
221683,13471210,34550,2,race-condition,2012-05-03T17:29:21.707
151325,17566921,34550,2,multithreading,2012-10-18T15:02:16.330
151325,17566921,34550,2,concurrency,2012-10-18T15:02:16.330
151325,17566921,34550,2,terminology,2012-10-18T15:02:16.330
151325,17566921,34550,2,race-condition,2012-10-18T15:02:16.330
1756636,18156110,34550,2,multithreading,2012-11-09T16:13:30.493
1756636,18156110,34550,2,concurrency,2012-11-09T16:13:30.493
1756636,18156110,34550,2,terminology,2012-11-09T16:13:30.493
1756636,18156110,34550,2,race-condition,2012-11-09T16:13:30.493
3761297,46083334,34550,2,multithreading,2015-03-07T07:16:00.860
3761297,46083334,34550,2,concurrency,2015-03-07T07:16:00.860
3761297,46083334,34550,2,terminology,2015-03-07T07:16:00.860
3761297,46083334,34550,2,race-condition,2015-03-07T07:16:00.860
2361979,59675669,34550,2,multithreading,2016-03-15T13:06:58.043
2361979,59675669,34550,2,concurrency,2016-03-15T13:06:58.043
2361979,59675669,34550,2,terminology,2016-03-15T13:06:58.043
2361979,59675669,34550,2,race-condition,2016-03-15T13:06:58.043
187690,61080389,34550,2,multithreading,2016-04-20T16:28:15.137
187690,61080389,34550,2,concurrency,2016-04-20T16:28:15.137
187690,61080389,34550,2,terminology,2016-04-20T16:28:15.137
187690,61080389,34550,2,race-condition,2016-04-20T16:28:15.137
187690,61080486,34550,2,multithreading,2016-04-20T16:30:47.493
187690,61080486,34550,2,concurrency,2016-04-20T16:30:47.493
187690,61080486,34550,2,terminology,2016-04-20T16:30:47.493
187690,61080486,34550,2,race-condition,2016-04-20T16:30:47.493
1737132,63976546,34550,2,multithreading,2016-07-09T06:08:14.310
1737132,63976546,34550,2,concurrency,2016-07-09T06:08:14.310
1737132,63976546,34550,2,terminology,2016-07-09T06:08:14.310
1737132,63976546,34550,2,race-condition,2016-07-09T06:08:14.310
2176740,71873510,34550,2,multithreading,2017-02-21T08:02:08.950
2176740,71873510,34550,2,concurrency,2017-02-21T08:02:08.950
2176740,71873510,34550,2,terminology,2017-02-21T08:02:08.950
2176740,71873510,34550,2,race-condition,2017-02-21T08:02:08.950
5371505,91252280,34550,2,multithreading,2018-09-03T13:52:27.220
5371505,91252280,34550,2,concurrency,2018-09-03T13:52:27.220
5371505,91252280,34550,2,terminology,2018-09-03T13:52:27.220
5371505,91252280,34550,2,race-condition,2018-09-03T13:52:27.220
3433133,94327491,34550,2,multithreading,2018-12-12T06:38:02.810
3433133,94327491,34550,2,concurrency,2018-12-12T06:38:02.810
3433133,94327491,34550,2,terminology,2018-12-12T06:38:02.810
3433133,94327491,34550,2,race-condition,2018-12-12T06:38:02.810
10613368,98341341,34550,2,multithreading,2019-04-24T21:18:54.407
10613368,98341341,34550,2,concurrency,2019-04-24T21:18:54.407
10613368,98341341,34550,2,terminology,2019-04-24T21:18:54.407
10613368,98341341,34550,2,race-condition,2019-04-24T21:18:54.407
2024950,99839242,34550,2,multithreading,2019-06-17T14:51:02.597
2024950,99839242,34550,2,concurrency,2019-06-17T14:51:02.597
2024950,99839242,34550,2,terminology,2019-06-17T14:51:02.597
2024950,99839242,34550,2,race-condition,2019-06-17T14:51:02.597
6897913,116701813,34550,2,multithreading,2021-02-02T08:07:54.500
6897913,116701813,34550,2,concurrency,2021-02-02T08:07:54.500
6897913,116701813,34550,2,terminology,2021-02-02T08:07:54.500
6897913,116701813,34550,2,race-condition,2021-02-02T08:07:54.500
6007244,126721519,34550,2,multithreading,2022-04-01T08:37:16.453
6007244,126721519,34550,2,concurrency,2022-04-01T08:37:16.453
6007244,126721519,34550,2,terminology,2022-04-01T08:37:16.453
6007244,126721519,34550,2,race-condition,2022-04-01T08:37:16.453
null,131007960,34550,2,multithreading,2022-10-26T01:26:10.173
null,131007960,34550,2,concurrency,2022-10-26T01:26:10.173
null,131007960,34550,2,terminology,2022-10-26T01:26:10.173
null,131007960,34550,2,race-condition,2022-10-26T01:26:10.173
72312,437227,19614,2,windows,2009-03-08T21:37:26.793
72312,437227,19614,2,patch,2009-03-08T21:37:26.793
903840,50697806,19614,2,windows,2015-07-11T14:39:01.880
903840,50697806,19614,2,patch,2015-07-11T14:39:01.880
140618,109008429,19614,2,windows,2020-05-06T00:56:22.277
140618,109008429,19614,2,patch,2020-05-06T00:56:22.277
84704,9694089,19615,2,windows,2011-10-28T20:05:51.400
84704,9694089,19615,2,patch,2011-10-28T20:05:51.400
903840,9846664,19615,2,windows,2011-11-07T19:41:36.563
903840,9846664,19615,2,patch,2011-11-07T19:41:36.563
6385870,105146497,19615,2,windows,2019-12-26T08:19:14.600
6385870,105146497,19615,2,patch,2019-12-26T08:19:14.600
102345,2253583,19624,2,c#,2010-02-18T14:59:07.203
102345,2253583,19624,2,.net,2010-02-18T14:59:07.203
102345,2253583,19624,2,automatic-properties,2010-02-18T14:59:07.203
2474,20211237,19708,null,null,2008-08-22T16:09:35.937
2285,98477,19746,null,null,2008-10-24T11:35:48.103
2361,714423,19746,null,null,2009-05-25T13:33:49.627
769,1971212,19746,null,null,2010-01-11T20:52:22.970
909,1972087,19746,null,null,2010-01-11T22:56:09.860
null,18482337,19766,null,null,2011-05-18T22:05:34.137
360557,106710519,19766,null,null,2020-02-20T17:08:04.100
null,17692478,19772,null,null,2008-08-21T13:06:39.660
6444,123358,19778,null,null,2008-11-06T11:31:57.843
464744,9915052,19778,null,null,2011-11-11T02:04:18.427
17373,13900596,19778,null,null,2012-05-22T16:23:43.827
54929,21562753,19778,null,null,2013-03-07T21:42:07.707
138304,2117534,76816,null,null,2010-01-31T13:29:19.807
13611,8670,76826,null,null,2008-09-16T20:45:53.787
832,8746,76826,null,null,2008-09-16T21:13:30.070
14122,66420545,76829,null,null,2016-09-18T06:10:55.563
12881,8669,76834,null,null,2008-09-16T20:45:44.100
6445,8793,76834,null,null,2008-09-16T21:27:46.993
13594,8685,76841,null,null,2008-09-16T20:50:20.903
436754,18659247,76844,null,null,2012-11-28T16:25:09.113
3477154,60078245,76844,null,null,2016-03-25T16:08:58.617
65589,8616229,76858,null,null,2011-08-24T15:01:29.910
9122,8694,76867,null,null,2008-09-16T20:54:12.847
1870,8701,76867,null,null,2008-09-16T20:57:06.927
3333,8705,76867,null,null,2008-09-16T20:58:09.013
65313,4475675,76867,null,null,2010-11-10T19:46:26.710
13594,8712,76873,null,null,2008-09-16T21:01:10.223
1219,8760,76873,null,null,2008-09-16T21:17:19.763
11649,93653,76881,null,null,2008-10-22T16:58:24.693
2908,8689,76882,null,null,2008-09-16T20:52:32.240
6173,20012104,76882,null,null,2013-01-17T19:41:34.273
3002116,31487560,76882,null,null,2014-01-06T23:40:09.393
9530,12031,79146,null,null,2008-09-17T21:22:07.967
44375,2096397,79148,null,null,2010-01-28T10:04:29.027
15727,72511,79149,null,null,2008-10-12T07:03:37.300
15727,89922,79149,null,null,2008-10-21T11:12:27.170
94977,1777371,79149,null,null,2009-12-10T00:49:37.880
7023156,87655767,79159,null,null,2018-05-13T19:47:20.893
7432,87655997,79159,null,null,2018-05-13T19:59:54.870
7023156,87656400,79159,null,null,2018-05-13T20:24:18.787
581205,30946937,79161,null,null,2013-12-18T20:58:53.907
524504,37512445,79161,null,null,2014-06-18T06:55:59.677
28574,85093,79163,null,null,2008-10-18T01:51:34.260
584518,8521123,79163,null,null,2011-08-18T19:14:17.703
1505939,45093723,79163,null,null,2015-02-06T23:51:47.570
224132,81413744,79163,null,null,2017-11-10T21:38:16.597
996605,118280865,60904,null,null,2021-04-02T02:45:56.737
6232,4288,60905,null,null,2008-09-14T02:51:02.123
1222654,26088433,60905,null,null,2013-07-25T19:53:47.373
662249,55541808,60905,null,null,2015-11-24T08:56:55.587
65706,727349,60907,null,null,2009-05-28T06:07:17.523
265916,10838169,60907,null,null,2012-01-03T06:53:32.780
106469,24538776,60907,null,null,2013-06-07T14:24:42.593
1385429,37150796,60907,null,null,2014-06-06T18:02:37.450
4228,40177734,60907,null,null,2014-09-06T19:23:41.393
89691,44808370,60907,null,null,2015-01-29T19:12:23.413
471597,47505216,60907,null,null,2015-04-16T19:25:56.517
471597,47505985,60907,null,null,2015-04-16T19:46:01.113
3541344,112592042,60907,null,null,2020-08-31T13:11:43.190
1744774,99124815,60913,null,null,2019-05-22T09:42:48.427
4228,85884,60914,null,null,2008-10-18T21:20:06.660
1655837,114747764,8739,null,null,2020-11-18T22:47:34.170
905,114769932,8739,null,null,2020-11-19T16:27:14.320
1655837,114840602,8739,null,null,2020-11-22T17:30:35.577
905,114852476,8739,null,null,2020-11-23T07:47:56.490
16587,176750,8747,null,null,2008-12-04T19:30:01.313
12381813,132686994,8753,null,null,2023-01-21T09:31:28.493
111647,3073304,8756,null,null,2010-06-09T16:12:46.480
228109,6922630,8776,null,null,2011-05-13T15:47:48.910
5704347,115802440,8777,null,null,2020-12-30T00:01:18.580
10750,85100,8778,null,null,2008-10-18T02:07:40.530
46354,1841239,8779,null,null,2009-12-19T09:36:24.080
279,2280182,8789,null,null,2010-02-22T17:27:03.397
905,6221972,12135,null,null,2008-08-15T13:15:49.867
1073742,80773764,12135,null,null,2017-10-24T14:38:11.660
2513721,92613653,12135,null,null,2018-10-17T06:59:56.767
905,92681039,12135,null,null,2018-10-18T23:21:28.287
905,6221955,12136,null,null,2008-08-15T11:10:10.767
5599,26954,12137,null,null,2008-09-23T14:44:34.867
9974,99399,12137,null,null,2008-10-24T17:38:28.217
29021,125966,12137,null,null,2008-11-07T14:38:10.700
19314,147327,12137,null,null,2008-11-19T15:44:17.090
24315,203441,12137,null,null,2008-12-17T17:17:10.310
5542,268158,12137,null,null,2009-01-15T14:27:42.563
5542,285166,12137,null,null,2009-01-21T21:41:59.320
21574,316347,12137,null,null,2009-02-01T17:06:05.190
34397,760835,12137,null,null,2009-06-04T19:35:57.553
91361,1240592,12137,null,null,2009-09-09T13:05:43.180
415498,102486862,65523,null,null,2019-09-21T19:08:05.113
2590,5776,65529,null,null,2008-09-15T19:25:23.973
7290,5865,65529,null,null,2008-09-15T19:58:45.750
2076,11791,65529,null,null,2008-09-17T20:07:24.183
2302437,58092189,65531,null,null,2016-02-03T20:55:22.600
2084,5667,65532,null,null,2008-09-15T18:44:27.067
2590,5770,65532,null,null,2008-09-15T19:23:06.863
1219,6270,65532,null,null,2008-09-15T23:22:38.317
2076,11767,65532,null,null,2008-09-17T20:01:25.163
401584,6066226,65532,null,null,2011-03-20T11:00:01.420
423769,40097053,65532,null,null,2014-09-04T07:20:08.007
7115048,93054789,65532,null,null,2018-10-31T07:58:58.830
3713,107874,65533,null,null,2008-10-29T07:15:45.217
1812732,88977404,65539,null,null,2018-06-22T15:40:55.820
1812344,99628289,65540,null,null,2019-06-10T07:13:38.093
1532334,22373659,63128,null,null,2013-04-01T14:30:54.537
2410892,122259565,63128,null,null,2021-09-14T07:07:27.157
438205,12182498,63129,null,null,2012-03-07T14:53:07.330
1420279,17105774,63129,null,null,2012-10-01T14:51:28.107
205245,17135171,63129,null,null,2012-10-02T15:40:17.523
1378243,77561329,63129,null,null,2017-07-25T10:00:58.263
726315,130416392,63129,null,null,2022-09-26T18:45:01.877
47043,56925462,63138,null,null,2016-01-04T11:39:08.737
3320,5130,63142,null,null,2008-09-15T14:33:14.143
3012,5157,63142,null,null,2008-09-15T14:47:46.823
437,5180,63142,null,null,2008-09-15T15:03:22.743
3012,5215,63142,null,null,2008-09-15T15:18:40.057
30946,1054232,63144,null,null,2009-08-04T17:22:01.383
6844,1080697,63144,null,null,2009-08-10T08:57:55.340
428241,28811952,63144,null,null,2013-10-17T17:40:21.030
6844,28813451,63144,null,null,2013-10-17T18:27:59.327
142222,57200882,63145,null,null,2016-01-11T17:23:51.907
815741,82865975,63145,null,null,2017-12-22T22:23:16.467
9239659,133116366,34551,2,multithreading,2023-02-14T07:47:51.553
9239659,133116366,34551,2,concurrency,2023-02-14T07:47:51.553
9239659,133116366,34551,2,mutex,2023-02-14T07:47:51.553
3555293,136356219,34551,2,multithreading,2023-10-23T15:35:19.303
3555293,136356219,34551,2,concurrency,2023-10-23T15:35:19.303
3555293,136356219,34551,2,mutex,2023-10-23T15:35:19.303
14860,81812947,34556,2,multithreading,2017-11-22T07:47:45.273
14860,81812947,34556,2,concurrency,2017-11-22T07:47:45.273
14860,81812947,34556,2,mutex,2017-11-22T07:47:45.273
480982,117082073,34556,2,multithreading,2021-02-16T12:39:19.767
480982,117082073,34556,2,concurrency,2021-02-16T12:39:19.767
480982,117082073,34556,2,mutex,2021-02-16T12:39:19.767
14860,117096519,34556,2,multithreading,2021-02-16T21:53:51.477
14860,117096519,34556,2,concurrency,2021-02-16T21:53:51.477
14860,117096519,34556,2,mutex,2021-02-16T21:53:51.477
480982,117104641,34556,2,multithreading,2021-02-17T07:37:26.080
480982,117104641,34556,2,concurrency,2021-02-17T07:37:26.080
480982,117104641,34556,2,mutex,2021-02-17T07:37:26.080
14860,117108954,34556,2,multithreading,2021-02-17T10:30:06.330
14860,117108954,34556,2,concurrency,2021-02-17T10:30:06.330
14860,117108954,34556,2,mutex,2021-02-17T10:30:06.330
14860,117108973,34556,2,multithreading,2021-02-17T10:30:51.550
14860,117108973,34556,2,concurrency,2021-02-17T10:30:51.550
14860,117108973,34556,2,mutex,2021-02-17T10:30:51.550
94815,17303891,34558,2,multithreading,2012-10-09T10:01:21.657
94815,17303891,34558,2,concurrency,2012-10-09T10:01:21.657
94815,17303891,34558,2,mutex,2012-10-09T10:01:21.657
625904,40653285,34558,2,multithreading,2014-09-21T22:51:46.810
625904,40653285,34558,2,concurrency,2014-09-21T22:51:46.810
625904,40653285,34558,2,mutex,2014-09-21T22:51:46.810
920322,56163963,34558,2,multithreading,2015-12-10T19:15:47.877
920322,56163963,34558,2,concurrency,2015-12-10T19:15:47.877
920322,56163963,34558,2,mutex,2015-12-10T19:15:47.877
16076,141155,90213,null,null,2008-11-16T02:01:42.620
45144,243137,90213,null,null,2009-01-07T02:05:12.793
3289,12963,90218,null,null,2008-09-18T05:16:02.100
51493,8875967,90218,null,null,2011-09-09T02:16:45.730
354132,10425369,90218,null,null,2011-12-08T18:59:45.320
4279,133300,90225,null,null,2008-11-12T00:16:43.557
445215,20767425,90225,null,null,2013-02-12T00:48:10.587
364696,124622499,90225,null,null,2021-12-27T20:05:30.710
4279,124652637,90225,null,null,2021-12-29T08:49:11.470
5638267,68899421,90229,null,null,2016-11-28T09:41:53.130
4450651,134534169,90229,null,null,2023-05-19T17:49:20.813
954,13381,90235,null,null,2008-09-18T10:01:24.317
379897,5475687,90235,null,null,2011-02-06T19:29:41.743
852254,13659536,90235,null,null,2012-05-11T15:56:00.103
145574,4040107,90242,null,null,2010-09-28T01:29:59.910
207421,60220951,90242,null,null,2016-03-30T01:51:25.787
1744774,98759261,90242,null,null,2019-05-09T12:28:35.843
1358,9967344,57128,null,null,2011-11-14T16:53:21.720
84704,6233336,57130,null,null,2011-03-31T00:01:25.937
3501,9640339,57130,null,null,2011-10-25T22:49:50.853
84704,9933363,57130,null,null,2011-11-12T01:03:41.130
4997,9949747,57130,null,null,2011-11-13T16:12:39.477
84704,9965960,57130,null,null,2011-11-14T15:42:38.970
4997,9966085,57130,null,null,2011-11-14T15:49:02.377
84704,9966204,57130,null,null,2011-11-14T15:54:37.140
109919,9969390,57130,null,null,2011-11-14T18:38:12.630
62662,23281630,57130,null,null,2013-04-28T23:02:10.103
2671330,90445990,57130,null,null,2018-08-08T09:21:37.013
4926,2531,57143,null,null,2008-09-11T17:45:17.913
4926,2537,57143,null,null,2008-09-11T17:49:35.593
642706,77381344,57143,null,null,2017-07-20T07:10:17.803
174709,3854918,57148,null,null,2010-09-07T23:55:10.353
174709,3854988,57148,null,null,2010-09-08T00:05:52.737
5626,3984419,57148,null,null,2010-09-22T00:30:33.603
34820,4689270,57148,null,null,2010-11-30T18:32:59.073
76,2555,57149,null,null,2008-09-11T18:06:10.250
5348,3218,57149,null,null,2008-09-12T11:47:02.837
44547,1569511,12137,null,null,2009-11-07T20:40:18.080
54937,2667955,12137,null,null,2010-04-16T09:26:49.317
420003,5292051,12137,null,null,2011-01-24T05:57:00.983
9967,6480914,12137,null,null,2011-04-15T13:05:22.610
398630,12012718,12137,null,null,2012-02-28T21:02:14.940
508717,46706196,12142,null,null,2015-03-25T08:53:12.213
968,46823788,12142,null,null,2015-03-28T09:52:29.977
609582,6078080,12143,null,null,2011-03-21T11:46:33.847
48082,690605,12144,null,null,2009-05-19T16:41:44.353
6461,128689,12145,null,null,2008-11-09T17:22:01.587
527702,18018356,12147,null,null,2012-11-05T08:05:46.963
23066,155539,12149,null,null,2008-11-23T21:57:45.387
null,2983220,12149,null,null,2010-05-28T14:17:57.463
448232,4831610,12152,null,null,2010-12-13T09:17:50.603
2233,31291,12159,null,null,2008-09-24T19:10:05.750
38765,2812915,12159,null,null,2010-05-06T03:55:04.840
912,2813814,12159,null,null,2010-05-06T06:58:31.490
233266,8657160,12159,null,null,2011-08-26T14:30:03.173
420400,61868381,12159,null,null,2016-05-11T15:06:25.020
1793718,51994082,15722,null,null,2015-08-17T09:39:55.253
1054842,121211507,15722,null,null,2021-07-30T07:05:36.343
32453,121386272,15722,null,null,2021-08-06T19:00:43.250
446456,610867,15726,null,null,2009-04-29T03:38:07.250
1265,611572,15726,null,null,2009-04-29T08:54:24.947
42223,80195366,15726,null,null,2017-10-07T16:16:20.753
1265,80216980,15726,null,null,2017-10-08T17:16:06.960
42223,80218547,15726,null,null,2017-10-08T18:36:06.357
304,11974,15739,null,null,2008-09-17T21:02:06.577
4140711,54621420,15739,null,null,2015-10-29T13:43:50.050
1599887,59534444,15739,null,null,2016-03-11T11:33:04.027
475458,24139196,15742,null,null,2013-05-26T07:37:50.220
42223,80218617,15742,null,null,2017-10-08T18:39:02.257
298479,5322194,15751,null,null,2011-01-26T07:52:42.540
2766176,63845,73546,null,null,2008-10-08T07:26:33.057
1358032,21452644,73548,null,null,2013-03-05T09:20:03.883
6509,21452822,73548,null,null,2013-03-05T09:24:53.607
6509,21452885,73548,null,null,2013-03-05T09:26:45.840
1358032,21453426,73548,null,null,2013-03-05T09:42:43.557
1960,7854,73557,null,null,2008-09-16T15:29:24.857
1613872,7872,73558,null,null,2008-09-16T15:34:43.753
12280,7960,73561,null,null,2008-09-16T16:04:44.290
122763,14271747,73561,null,null,2012-06-07T18:55:54.930
389552,5297383,73563,null,null,2011-01-24T15:02:40.547
83181,13773027,73564,null,null,2012-05-16T21:01:55.817
11483,1804746,73570,null,null,2009-12-14T15:40:48.817
8427,7861,73574,null,null,2008-09-16T15:30:29.987
143140,12654662,73574,null,null,2012-03-28T21:39:37.890
821110,11455810,73581,null,null,2012-02-02T18:08:35.693
25124,7954612,73582,null,null,2011-07-16T12:32:53.957
15918,5063396,73583,null,null,2011-01-05T17:27:23.077
8446,5072040,73583,null,null,2011-01-06T10:16:37.643
56793,41174877,73583,null,null,2014-10-08T02:47:52.597
426422,134705827,73583,null,null,2023-06-02T16:18:29.710
31505,7870,73585,null,null,2008-09-16T15:33:55.720
1613872,7885,73585,null,null,2008-09-16T15:37:08.037
670023,14872375,73586,null,null,2012-07-03T00:38:02.860
102182,5798798,68421,null,null,2011-03-02T05:15:42.303
2571881,9406575,68421,null,null,2011-10-11T18:53:47.493
15842,97295,68424,null,null,2008-10-23T21:13:02.057
76288,452228,68424,null,null,2009-03-12T14:49:05.680
273566,2944252,68424,null,null,2010-05-24T06:07:27.587
12892,4546913,68424,null,null,2010-11-17T14:14:35.057
9021,6448,68429,null,null,2008-09-16T01:16:18.183
3499,6521,68429,null,null,2008-09-16T02:00:24.227
745,7119,68429,null,null,2008-09-16T10:07:02.090
1862,563853,68429,null,null,2009-04-15T16:45:57.753
37664,1261168,68429,null,null,2009-09-13T16:37:40.423
13365,23013,68441,null,null,2008-09-22T08:13:52.957
1438,24032,68441,null,null,2008-09-22T16:09:31.783
37664,1261338,68441,null,null,2009-09-13T17:27:34.537
470195,5295169,68441,null,null,2011-01-24T12:01:39.753
19750,6135544,68442,null,null,2011-03-24T15:02:26.390
54457,2004757,68449,null,null,2010-01-15T20:34:38.243
565489,5419654,68449,null,null,2011-02-02T12:42:10.800
11635,2528211,68453,null,null,2010-03-27T14:06:46.700
6899,7144,68455,null,null,2008-09-16T10:36:47.790
7432,41432,68455,null,null,2008-09-28T19:50:23.533
7829,6998,68472,null,null,2008-09-16T08:16:45.600
1753349,51297279,68472,null,null,2015-07-28T13:29:37.063
104370,94231684,81927,null,null,2018-12-08T22:30:35.217
929315,119106351,81927,null,null,2021-05-04T13:15:11.493
2377343,43700706,81934,null,null,2014-12-24T18:41:45.863
14731,30491558,81938,null,null,2013-12-06T04:25:34.090
204313,37369060,81938,null,null,2014-06-13T11:05:09.223
2991447,46294950,81938,null,null,2015-03-13T06:59:55.343
14731,46324755,81938,null,null,2015-03-13T21:31:25.197
2494599,75917906,81938,null,null,2017-06-09T14:45:39.587
279738,133014813,81952,null,null,2023-02-08T09:51:34.273
6970,133462593,81952,null,null,2023-03-06T11:56:04.900
279738,133477855,81952,null,null,2023-03-07T07:57:40.873
279738,133477883,81952,null,null,2023-03-07T07:59:30.083
465004,34354791,79165,null,null,2014-03-21T21:20:59.040
640205,58282624,79165,null,null,2016-02-09T07:21:55.267
640205,58283162,79165,null,null,2016-02-09T07:39:11.770
55075,110514251,79165,null,null,2020-06-20T19:20:52.563
55075,110514290,79165,null,null,2020-06-20T19:22:16.037
9364,14488,79166,null,null,2008-09-18T16:59:44.843
2533373,134023874,79167,null,null,2023-04-11T19:10:17.640
14535,9420,79169,null,null,2008-09-17T02:30:29.760
12089,10565,79178,null,null,2008-09-17T13:07:44.753
14113,11274,79178,null,null,2008-09-17T17:06:58.780
32588,11959007,79178,null,null,2012-02-26T14:58:03.540
1346690,16966208,79178,null,null,2012-09-25T19:16:44.810
43681,26606418,79178,null,null,2013-08-10T13:30:13.880
518530,35993108,79178,null,null,2014-05-05T15:01:59.133
772853,64940467,79178,null,null,2016-08-05T08:50:24.333
122687,67029904,79178,null,null,2016-10-05T10:35:36.253
2490744,97457141,79178,null,null,2019-03-26T21:55:55.813
1546844,57281867,24143,null,null,2016-01-13T13:56:46.117
1968,121991,24156,null,null,2008-11-05T20:15:20.613
682107,8052801,24156,null,null,2011-07-22T06:25:40.900
264140,9558012,24156,null,null,2011-10-20T16:42:16.273
1968,9561332,24156,null,null,2011-10-20T20:08:19.993
4323,1666895,24160,null,null,2009-11-23T00:03:53.197
1175,1670417,24160,null,null,2009-11-23T15:31:15.267
4323,1674071,24160,null,null,2009-11-24T00:49:25.483
null,1791339,24160,null,null,2009-12-11T19:45:48.333
51789,2541175,24160,null,null,2010-03-29T19:26:10.647
1952009,54963946,24160,null,null,2015-11-08T13:33:05.923
1175,54964852,24160,null,null,2015-11-08T14:22:16.977
1952009,55011595,24160,null,null,2015-11-09T21:25:34.913
4396618,104202351,34558,2,multithreading,2019-11-21T12:04:59.607
4396618,104202351,34558,2,concurrency,2019-11-21T12:04:59.607
4396618,104202351,34558,2,mutex,2019-11-21T12:04:59.607
11573842,112487215,34558,2,multithreading,2020-08-27T08:58:47.227
11573842,112487215,34558,2,concurrency,2020-08-27T08:58:47.227
11573842,112487215,34558,2,mutex,2020-08-27T08:58:47.227
507738,120816103,34558,2,multithreading,2021-07-13T10:18:03.603
507738,120816103,34558,2,concurrency,2021-07-13T10:18:03.603
507738,120816103,34558,2,mutex,2021-07-13T10:18:03.603
4121151,123843713,34558,2,multithreading,2021-11-21T20:18:21.247
4121151,123843713,34558,2,concurrency,2021-11-21T20:18:21.247
4121151,123843713,34558,2,mutex,2021-11-21T20:18:21.247
1924386,125315088,34558,2,multithreading,2022-01-27T21:22:17.717
1924386,125315088,34558,2,concurrency,2022-01-27T21:22:17.717
1924386,125315088,34558,2,mutex,2022-01-27T21:22:17.717
4708261,137063058,34558,2,multithreading,2024-01-02T12:53:21.673
4708261,137063058,34558,2,concurrency,2024-01-02T12:53:21.673
4708261,137063058,34558,2,mutex,2024-01-02T12:53:21.673
4708261,137063080,34558,2,multithreading,2024-01-02T12:54:59.317
4708261,137063080,34558,2,concurrency,2024-01-02T12:54:59.317
4708261,137063080,34558,2,mutex,2024-01-02T12:54:59.317
4121151,137123887,34558,2,multithreading,2024-01-08T19:29:22.013
4121151,137123887,34558,2,concurrency,2024-01-08T19:29:22.013
4121151,137123887,34558,2,mutex,2024-01-08T19:29:22.013
1814909,23926145,34560,2,multithreading,2013-05-19T17:15:40.743
1814909,23926145,34560,2,concurrency,2013-05-19T17:15:40.743
1814909,23926145,34560,2,semaphore,2013-05-19T17:15:40.743
2973,27755537,34560,2,multithreading,2013-09-15T21:36:40.520
2973,27755537,34560,2,concurrency,2013-09-15T21:36:40.520
2973,27755537,34560,2,semaphore,2013-09-15T21:36:40.520
2670,76760,34561,2,null,2008-10-14T16:05:20.857
3447032,96012078,34562,2,multithreading,2019-02-09T17:12:07.370
3447032,96012078,34562,2,concurrency,2019-02-09T17:12:07.370
3447032,96012078,34562,2,terminology,2019-02-09T17:12:07.370
3447032,96012078,34562,2,race-condition,2019-02-09T17:12:07.370
7659655,99926634,34562,2,multithreading,2019-06-20T06:41:55.980
7659655,99926634,34562,2,concurrency,2019-06-20T06:41:55.980
7659655,99926634,34562,2,terminology,2019-06-20T06:41:55.980
7659655,99926634,34562,2,race-condition,2019-06-20T06:41:55.980
5372500,103880767,34562,2,multithreading,2019-11-11T11:14:34.947
5372500,103880767,34562,2,concurrency,2019-11-11T11:14:34.947
5372500,103880767,34562,2,terminology,2019-11-11T11:14:34.947
5372500,103880767,34562,2,race-condition,2019-11-11T11:14:34.947
499636,44226794,34566,2,c#,2015-01-13T01:49:36.150
499636,44226794,34566,2,.net,2015-01-13T01:49:36.150
70551,3783996,34571,1,java,2010-08-30T20:43:56.257
70551,3783996,34571,1,unit-testing,2010-08-30T20:43:56.257
70551,3783996,34571,1,junit,2010-08-30T20:43:56.257
70551,3783996,34571,1,tdd,2010-08-30T20:43:56.257
271999,20651624,34571,1,java,2010-10-13T09:34:01.540
271999,20651624,34571,1,unit-testing,2010-10-13T09:34:01.540
271999,20651624,34571,1,junit,2010-10-13T09:34:01.540
271999,20651624,34571,1,tdd,2010-10-13T09:34:01.540
4273204,122538366,34571,1,java,2021-09-25T19:59:13.497
4273204,122538366,34571,1,unit-testing,2021-09-25T19:59:13.497
4273204,122538366,34571,1,junit,2021-09-25T19:59:13.497
4273204,122538366,34571,1,tdd,2021-09-25T19:59:13.497
6296561,123088496,34571,1,java,2021-10-19T20:43:38.690
6296561,123088496,34571,1,unit-testing,2021-10-19T20:43:38.690
6296561,123088496,34571,1,junit,2021-10-19T20:43:38.690
6296561,123088496,34571,1,tdd,2021-10-19T20:43:38.690
null,12010693,30846,null,null,2012-02-28T19:32:48.127
62662,35714297,30858,null,null,2014-04-27T15:35:24.247
478765,94369162,30862,null,null,2018-12-13T09:19:40.430
549617,30755991,30877,null,null,2013-12-13T09:58:20.570
1262566,36189445,30877,null,null,2014-05-10T11:40:47.673
5183403,56436844,30877,null,null,2015-12-18T02:26:52.843
372962,7193203,30887,null,null,2011-05-31T08:11:43.057
1097,7195440,30887,null,null,2011-05-31T10:43:15.787
706363,20191636,30887,null,null,2013-01-23T21:13:46.060
502502,4698285,30889,null,null,2010-12-01T12:30:13.040
3300189,74499032,30889,null,null,2017-05-01T22:51:25.087
54908,28251629,30890,null,null,2013-10-01T02:58:05.140
706363,20191720,30895,null,null,2013-01-23T21:16:13.637
1315009,69469022,30910,null,null,2016-12-13T23:38:06.357
53808,106912870,30910,null,null,2020-02-27T14:27:07.667
2260,107009901,30910,null,null,2020-03-02T13:27:04.463
1035977,125405805,30910,null,null,2022-02-01T09:49:14.307
133665,125594977,30910,null,null,2022-02-09T10:08:09.567
2175945,88823213,63145,null,null,2018-06-18T14:22:55.610
5169589,93462310,63145,null,null,2018-11-13T22:12:54.953
1461862,122824384,63145,null,null,2021-10-08T02:02:24.290
1437962,19156932,63150,null,null,2012-12-16T14:30:43.923
1115554,34368614,63150,null,null,2014-03-22T12:31:44.280
6163,5072,63151,null,null,2008-09-15T14:05:41.527
207421,17076043,63155,null,null,2012-09-30T00:21:14.180
207421,73891656,63155,null,null,2017-04-14T17:35:03.980
207421,114568437,63155,null,null,2020-11-12T06:46:27.543
100089,17224108,63159,null,null,2012-10-05T15:16:07.653
721269,56613893,63166,null,null,2015-12-23T13:16:36.850
1964707,82440684,63166,null,null,2017-12-10T15:21:43.273
15416,90667017,63166,null,null,2018-08-15T11:00:16.550
1964707,90671074,63166,null,null,2018-08-15T13:17:40.187
15416,90671271,63166,null,null,2018-08-15T13:23:40.163
2044454,121169250,63166,null,null,2021-07-28T14:37:13.543
1952009,55011694,24160,null,null,2015-11-09T21:29:36.307
1412,329,24161,null,null,2008-09-08T14:20:37.680
15312420,137195092,24179,null,null,2024-01-15T20:36:27.790
3308,48970,24180,null,null,2008-10-01T18:04:42.453
1278,50679,24180,null,null,2008-10-02T09:13:01.957
70060,3096883,24180,null,null,2010-06-12T09:39:03.833
20471,3867376,24187,null,null,2010-09-09T03:08:56.467
287311,2948986,24200,null,null,2010-05-24T18:59:09.207
163,195288,24202,null,null,2008-12-13T18:43:07.487
3835573,59669219,24211,null,null,2016-03-15T10:36:49.843
318411,23182184,24214,null,null,2013-04-25T09:28:25.953
1708053,117322975,24214,null,null,2021-02-25T04:25:23.583
905686,119406038,24219,null,null,2021-05-16T10:05:32.987
null,18354163,24221,null,null,2012-11-16T17:37:21.280
545127,25941353,24221,null,null,2013-07-22T09:50:11.607
2933389,46548994,24221,null,null,2015-03-20T11:09:14.043
1323,101273,79179,null,null,2008-10-25T21:10:14.910
1166181,39424974,79179,null,null,2014-08-13T21:19:27.230
2893090,66685312,79179,null,null,2016-09-26T00:16:47.470
1667513,71435229,79179,null,null,2017-02-09T10:39:56.747
2893090,80832933,79179,null,null,2017-10-25T22:03:57.737
54415,317123,79186,null,null,2009-02-02T01:31:44.607
28817,1173272,79186,null,null,2009-08-27T02:51:21.610
290221,20413981,79188,null,null,2013-01-31T03:08:31.613
959570,24456501,79188,null,null,2013-06-05T12:13:44.790
949538,27031348,79188,null,null,2013-08-23T13:21:43.900
424099,55589741,79188,null,null,2015-11-25T10:31:05.783
3175487,70316390,79188,null,null,2017-01-09T19:36:23.243
964053,85432565,79188,null,null,2018-03-10T21:13:29.807
1497596,44558824,79198,null,null,2015-01-22T14:28:00.220
478079,60125030,79198,null,null,2016-03-27T13:12:18.150
56092,803866,65542,null,null,2009-06-15T07:41:46.630
356544,12680128,65542,null,null,2012-03-29T20:15:33.427
1255551,68065422,65548,null,null,2016-11-03T17:22:49.863
429,5682,65551,null,null,2008-09-15T18:48:22.250
2260,5683,65561,null,null,2008-09-15T18:49:25.883
9362,5675,65562,null,null,2008-09-15T18:46:25.377
24039,55602,65562,null,null,2008-10-03T21:19:26.560
4234,5707,65568,null,null,2008-09-15T18:56:18.287
4234,5809,65568,null,null,2008-09-15T19:42:51.170
33991,293145,65576,null,null,2009-01-24T10:05:06.120
214446,24229615,65581,null,null,2013-05-29T09:14:25.187
7116,5693,65585,null,null,2008-09-15T18:51:23.790
4727,5742,65589,null,null,2008-09-15T19:11:32.773
560042,40355651,65589,null,null,2014-09-12T03:01:16.897
2230,6274,65601,null,null,2008-09-15T23:23:51.620
6777,5708,65603,null,null,2008-09-15T18:56:30.157
1646,5926,65603,null,null,2008-09-15T20:21:00.577
7116,6093,65603,null,null,2008-09-15T21:33:35.553
9328,7254,65603,null,null,2008-09-16T11:52:57.187
7116,7324,65603,null,null,2008-09-16T12:41:47.040
2260,125630696,30910,null,null,2022-02-10T15:55:38.580
893,130863005,30946,null,null,2008-08-27T19:23:34.120
9251,17598,30968,null,null,2008-09-19T14:25:01.763
33,1205389,30968,null,null,2009-09-02T12:09:56.460
43851,1422363,30968,null,null,2009-10-13T22:14:17.170
43851,1422623,30968,null,null,2009-10-13T23:17:49.600
2688,2001854,30968,null,null,2010-01-15T14:14:51.230
365229,10521597,30968,null,null,2011-12-14T08:10:05.513
6646912,82076667,30973,null,null,2017-11-29T18:34:04.240
17312,232357,30979,null,null,2009-01-02T17:37:01.917
4918,69658,30986,null,null,2008-10-10T08:51:14.257
9353,753932,30998,null,null,2009-06-03T16:51:59.817
252087,2992159,31047,null,null,2010-05-30T04:14:28.430
73297,3526759,31047,null,null,2010-08-02T20:52:03.713
6440,3528038,31047,null,null,2010-08-03T00:13:13.050
73297,3528111,31047,null,null,2010-08-03T00:29:08.017
355732,71040537,31056,null,null,2017-01-30T06:31:02.077
7986995,93334487,31057,null,null,2018-11-09T10:19:52.293
79461,88918166,12159,null,null,2010-01-20T11:25:07.947
334451,129027242,12159,null,null,2022-07-20T15:51:52.590
905,6221946,12160,null,null,2008-08-15T11:49:35.093
987,6221968,12160,null,null,2008-08-15T12:57:33.507
1344,2344268,12167,null,null,2010-03-03T02:57:29.580
1249,13874688,12167,null,null,2008-08-18T14:38:31.287
10755,11630585,12176,null,null,2012-02-10T19:29:23.940
10755,11635348,12176,null,null,2012-02-11T03:06:39.893
1154,13439049,12176,null,null,2008-08-15T12:43:21.210
10755,13439050,12176,null,null,2012-02-10T19:36:23.847
456456,19679451,12189,null,null,2013-01-07T12:03:33.613
11343,21695714,12194,null,null,2013-03-12T09:12:48.533
91,20521,12202,null,null,2008-09-20T15:41:27.187
17174,236881,12202,null,null,2009-01-05T01:55:27.103
709537,25629039,12202,null,null,2013-07-12T05:32:43.710
88409,29563085,12202,null,null,2013-11-09T08:47:55.583
6040,10422,76906,null,null,2008-09-17T12:06:10.593
14089,11323,76906,null,null,2008-09-17T17:23:54.420
15541,72517,76912,null,null,2008-10-12T07:17:36.633
10004,720025,76925,null,null,2009-05-26T18:39:49.120
null,19257356,76925,null,null,2010-06-19T05:24:14.430
578,11646,76929,null,null,2008-09-17T19:18:00.400
38595,1803882,76933,null,null,2009-12-14T13:28:52.077
6920,8993701,76939,null,null,2008-09-16T20:56:37.130
10788,16452,76948,null,null,2008-09-19T03:58:58.940
1497565,34592884,76954,null,null,2014-03-28T01:42:12.530
13022,4154525,76962,null,null,2010-10-10T07:05:17.800
null,10516,76978,null,null,2008-09-17T12:48:09.213
5599,103862,76978,null,null,2008-10-27T17:10:32.133
9236,8747,76980,null,null,2008-09-16T21:13:30.117
76722,2193062,76980,null,null,2010-02-10T13:32:21.930
7104,8896,76981,null,null,2008-09-16T21:55:22.357
479,8704,76982,null,null,2008-09-16T20:58:07.610
6445,11241,76982,null,null,2008-09-17T16:59:27.240
266720,3242170,76986,null,null,2010-06-30T22:20:57.580
1350091,94842565,76986,null,null,2019-01-02T08:00:13.273
4309,10110,76987,null,null,2008-09-17T08:59:28.297
1430156,128611210,34571,1,java,2022-06-30T10:25:53.820
1430156,128611210,34571,1,unit-testing,2022-06-30T10:25:53.820
1430156,128611210,34571,1,junit,2022-06-30T10:25:53.820
1430156,128611210,34571,1,tdd,2022-06-30T10:25:53.820
523612,128627971,34571,1,java,2022-07-01T02:29:17.457
523612,128627971,34571,1,unit-testing,2022-07-01T02:29:17.457
523612,128627971,34571,1,junit,2022-07-01T02:29:17.457
523612,128627971,34571,1,tdd,2022-07-01T02:29:17.457
1096587,129529141,34571,1,java,2022-08-13T17:22:20.113
1096587,129529141,34571,1,unit-testing,2022-08-13T17:22:20.113
1096587,129529141,34571,1,junit,2022-08-13T17:22:20.113
1096587,129529141,34571,1,tdd,2022-08-13T17:22:20.113
1096587,129529177,34571,1,java,2022-08-13T17:24:48.527
1096587,129529177,34571,1,unit-testing,2022-08-13T17:24:48.527
1096587,129529177,34571,1,junit,2022-08-13T17:24:48.527
1096587,129529177,34571,1,tdd,2022-08-13T17:24:48.527
138070,53675927,34574,2,multithreading,2015-10-03T16:21:14.963
138070,53675927,34574,2,concurrency,2015-10-03T16:21:14.963
138070,53675927,34574,2,mutex,2015-10-03T16:21:14.963
26226,9759236,34581,1,html,2011-11-02T12:19:15.637
26226,9759236,34581,1,css,2011-11-02T12:19:15.637
26226,9759236,34581,1,css-float,2011-11-02T12:19:15.637
26226,9759236,34581,1,internet-explorer-6,2011-11-02T12:19:15.637
976691,75209958,34582,2,ruby,2017-05-21T07:43:20.223
976691,75209958,34582,2,random,2017-05-21T07:43:20.223
1637683,91100120,34582,2,ruby,2018-08-29T10:31:45.793
1637683,91100120,34582,2,random,2018-08-29T10:31:45.793
1476154,20834192,34586,2,java,2013-02-13T20:29:10.133
1476154,20834192,34586,2,unit-testing,2013-02-13T20:29:10.133
1476154,20834192,34586,2,junit,2013-02-13T20:29:10.133
1476154,20834192,34586,2,tdd,2013-02-13T20:29:10.133
2020801,25072489,34586,2,java,2013-06-25T07:53:36.893
2020801,25072489,34586,2,unit-testing,2013-06-25T07:53:36.893
2020801,25072489,34586,2,junit,2013-06-25T07:53:36.893
2020801,25072489,34586,2,tdd,2013-06-25T07:53:36.893
304179,119991674,34586,2,java,2021-06-08T12:16:24.887
304179,119991674,34586,2,unit-testing,2021-06-08T12:16:24.887
304179,119991674,34586,2,junit,2021-06-08T12:16:24.887
304179,119991674,34586,2,tdd,2021-06-08T12:16:24.887
4675841,120709850,34586,2,java,2021-07-08T10:34:05.640
4675841,120709850,34586,2,unit-testing,2021-07-08T10:34:05.640
4675841,120709850,34586,2,junit,2021-07-08T10:34:05.640
4675841,120709850,34586,2,tdd,2021-07-08T10:34:05.640
4675841,120709937,34586,2,java,2021-07-08T10:37:44.570
4675841,120709937,34586,2,unit-testing,2021-07-08T10:37:44.570
4675841,120709937,34586,2,junit,2021-07-08T10:37:44.570
4675841,120709937,34586,2,tdd,2021-07-08T10:37:44.570
5698229,137690754,81952,null,null,2024-03-04T15:40:55.193
72814,612083,81954,null,null,2009-04-29T12:15:47.333
15416,620856,81954,null,null,2009-05-01T12:51:13.487
284318,2857723,81954,null,null,2010-05-12T11:10:40.643
15416,2874028,81954,null,null,2010-05-14T08:01:16.710
2694720,124469132,81954,null,null,2021-12-19T16:56:27.977
15416,124480066,81954,null,null,2021-12-20T09:10:55.303
879046,133708829,81954,null,null,2023-03-21T09:21:40.153
2102827,33028956,81956,null,null,2014-02-17T08:00:38.003
2778484,45989306,81956,null,null,2015-03-04T18:25:36.230
2102827,46008922,81956,null,null,2015-03-05T08:25:35.847
2778484,46008995,81956,null,null,2015-03-05T08:28:06.447
5217,10333,81971,null,null,2008-09-17T11:18:09.977
null,2654111,81986,null,null,2010-04-14T17:47:04.693
4737,10533,81988,null,null,2008-09-17T12:53:25.787
24874,4192833,81991,null,null,2010-10-14T02:50:02.307
3263,40571955,81991,null,null,2014-09-18T17:23:49.257
2044454,121171488,63166,null,null,2021-07-28T15:56:13.723
721269,121171953,63166,null,null,2021-07-28T16:13:22.417
721269,121172458,63166,null,null,2021-07-28T16:34:25.673
721269,121175546,63166,null,null,2021-07-28T18:55:08.307
6172202,130676174,63166,null,null,2022-10-10T01:51:49.707
7381,131603089,63166,null,null,2022-11-23T22:34:38.983
132374,22042420,63173,null,null,2013-03-21T17:33:13.513
68571,62109970,63189,null,null,2016-05-18T07:39:19.473
1940895,112911350,63189,null,null,2020-09-11T17:27:06.667
3956094,129308328,63189,null,null,2022-08-03T06:31:16.437
1766831,135418568,63189,null,null,2023-08-01T18:30:21.483
22564,11032778,63197,null,null,2012-01-12T13:46:28.270
6389,5098,63200,null,null,2008-09-15T14:19:16.423
6819,23571,63200,null,null,2008-09-22T13:31:19.857
5790891,126993339,24221,null,null,2022-04-13T23:17:27.420
5790891,126993314,24231,null,null,2022-04-13T23:15:47.177
23667,169360,24234,null,null,2008-12-01T18:35:32.360
207036,3303920,24234,null,null,2010-07-08T15:38:38.477
null,1794632,24240,null,null,2009-12-12T11:37:05.350
2384,1795350,24240,null,null,2009-12-12T15:53:39.720
1115360,66557516,24254,null,null,2016-09-21T20:35:45.997
2663,227409,24270,null,null,2008-12-31T02:47:43.063
12983,227435,24270,null,null,2008-12-31T03:04:26.010
34806,228057,24270,null,null,2008-12-31T12:44:39.990
19825,228110,24270,null,null,2008-12-31T13:41:53.073
23771,228314,24270,null,null,2008-12-31T15:19:17.120
80479,505610,24270,null,null,2009-03-28T02:35:36.187
49970,1076241,24270,null,null,2009-08-08T19:08:51.133
4518341,110858597,79198,null,null,2020-07-02T01:52:22.890
12975140,124080118,79198,null,null,2021-12-01T21:42:45.703
13753,9416,79202,null,null,2008-09-17T02:26:48.180
328115,89926160,79203,null,null,2018-07-23T12:34:25.060
891,253389,79205,null,null,2009-01-09T21:43:27.460
642706,83981413,79210,null,null,2018-01-29T03:56:21.020
3137,9418,79213,null,null,2008-09-17T02:28:52.417
5190,9414,79236,null,null,2008-09-17T02:25:27.120
14717,9433,79236,null,null,2008-09-17T02:38:18.697
14648,9574,79236,null,null,2008-09-17T03:56:18.493
125380,966504,79236,null,null,2009-07-18T18:48:25.503
710,9439,79239,null,null,2008-09-17T02:39:31.487
5215440,83906305,79241,null,null,2018-01-26T06:52:16.707
10941,9424,79246,null,null,2008-09-17T02:33:03.030
489000,88270077,79246,null,null,2018-05-31T17:51:32.753
83891,3204703,79251,null,null,2010-06-25T21:59:26.440
168719,12791743,79251,null,null,2012-04-04T06:46:30.213
13992,49497021,46863,null,null,2015-06-08T21:58:57.847
242934,14239194,46865,null,null,2012-06-06T16:08:04.010
155077,40483870,46865,null,null,2014-09-16T13:57:28.843
480982,61376934,46865,null,null,2016-04-28T06:27:04.980
4019211,78621222,46865,null,null,2017-08-23T06:19:29.363
1157557,131787005,46865,null,null,2022-12-03T06:58:31.933
7852,1569471,46879,null,null,2009-11-07T20:29:10.723
36723,797483,46895,null,null,2009-06-12T20:29:04.633
1503859,51206896,46898,null,null,2015-07-25T18:31:49.140
1216775,92405732,46898,null,null,2018-10-10T12:45:28.930
843001,137791076,46898,null,null,2024-03-14T07:22:28.203
1927206,20095319,46899,null,null,2013-01-21T07:36:24.053
238419,7130761,46900,null,null,2011-05-26T16:38:44.357
931,9697,46902,null,null,2008-09-17T04:56:28.367
157705,1458460,46905,null,null,2009-10-20T13:20:05.407
4257,10987629,46905,null,null,2012-01-10T15:42:29.113
1431728,44145048,46905,null,null,2015-01-10T00:06:57.303
4257,44267353,46905,null,null,2015-01-14T02:35:45.430
null,70745090,46905,null,null,2017-01-21T08:09:19.500
1985648,98978352,31057,null,null,2019-05-16T20:09:44.650
197432,46172456,31059,null,null,2015-03-10T09:27:12.390
994105,51085588,31059,null,null,2015-07-22T13:50:54.303
4262466,87545468,31059,null,null,2018-05-10T00:13:10.743
4262466,87545819,31059,null,null,2018-05-10T00:39:46.600
211672,92209788,31059,null,null,2018-10-04T03:23:52.337
8458887,134460727,31059,null,null,2023-05-14T15:24:14.897
307280,18211073,31063,null,null,2012-11-12T13:34:21.370
1830909,34474129,31063,null,null,2014-03-25T13:51:59.217
454519,41011789,31063,null,null,2014-10-02T12:33:09.640
1887281,70691929,31063,null,null,2017-01-19T19:10:22.850
357313,86360417,31063,null,null,2018-04-05T14:24:53.447
1985648,98978588,31063,null,null,2019-05-16T20:18:59.020
1236397,107481658,31063,null,null,2020-03-18T23:30:32.893
9021,9777,31066,null,null,2008-09-17T05:37:04.103
3312,34034,31066,null,null,2008-09-25T16:24:03.317
8701,221826,31066,null,null,2008-12-27T17:03:20.657
44540,433239,31066,null,null,2009-03-06T20:43:17.907
3312,434929,31066,null,null,2009-03-07T15:15:02.587
46478,192968,84467,null,null,2008-12-12T14:07:39.373
1559,224342,84467,null,null,2008-12-29T19:19:17.167
196020,1616909,84467,null,null,2009-11-15T04:06:37.290
1559,2325885,84467,null,null,2010-02-28T19:06:33.360
126014,4207820,84467,null,null,2010-10-15T11:03:36.547
21574,28414622,84467,null,null,2013-10-05T20:37:47.523
17604,43441342,84467,null,null,2014-12-16T13:25:40.953
294313,52441123,84467,null,null,2015-08-28T23:47:39.123
249518,59954730,84467,null,null,2016-03-22T15:35:07.490
249518,59956303,84467,null,null,2016-03-22T16:09:03.517
2469027,61480858,84467,null,null,2016-05-01T01:22:57.077
953496,72827744,84467,null,null,2017-03-17T15:01:42.857
1559,75877723,84467,null,null,2017-06-08T15:37:25.603
4406646,98557663,84467,null,null,2019-05-02T12:51:36.050
953496,98670207,84467,null,null,2019-05-06T21:27:21.100
83,11120,84468,null,null,2008-09-17T16:14:31.013
9530,10987,84471,null,null,2008-09-17T15:30:58.217
2757035,63885347,84475,null,null,2016-07-06T19:04:51.983
6106,11023,84485,null,null,2008-09-17T15:39:08.977
14373099,123882131,34586,2,java,2021-11-23T11:27:01.843
14373099,123882131,34586,2,unit-testing,2021-11-23T11:27:01.843
14373099,123882131,34586,2,junit,2021-11-23T11:27:01.843
14373099,123882131,34586,2,tdd,2021-11-23T11:27:01.843
607502,124591583,34586,2,java,2021-12-25T20:06:52.200
607502,124591583,34586,2,unit-testing,2021-12-25T20:06:52.200
607502,124591583,34586,2,junit,2021-12-25T20:06:52.200
607502,124591583,34586,2,tdd,2021-12-25T20:06:52.200
4929809,130537368,34586,2,java,2022-10-02T22:20:09.593
4929809,130537368,34586,2,unit-testing,2022-10-02T22:20:09.593
4929809,130537368,34586,2,junit,2022-10-02T22:20:09.593
4929809,130537368,34586,2,tdd,2022-10-02T22:20:09.593
2340031,136049751,34586,2,java,2023-09-25T14:47:14.087
2340031,136049751,34586,2,unit-testing,2023-09-25T14:47:14.087
2340031,136049751,34586,2,junit,2023-09-25T14:47:14.087
2340031,136049751,34586,2,tdd,2023-09-25T14:47:14.087
3635,9758964,34587,2,html,2008-08-29T16:20:49.660
3635,9758964,34587,2,css,2008-08-29T16:20:49.660
3635,9758964,34587,2,css-float,2008-08-29T16:20:49.660
3635,9758964,34587,2,internet-explorer-6,2008-08-29T16:20:49.660
573634,23598785,34587,2,html,2013-05-08T22:32:53.867
573634,23598785,34587,2,css,2013-05-08T22:32:53.867
573634,23598785,34587,2,css-float,2013-05-08T22:32:53.867
573634,23598785,34587,2,internet-explorer-6,2013-05-08T22:32:53.867
1971003,82481445,34588,1,linux,2017-12-11T19:36:05.280
857994,94624832,34588,1,linux,2018-12-21T18:02:55.833
1190948,96808651,34588,1,linux,2019-03-06T16:37:53.557
2183336,136767455,34588,1,linux,2023-11-30T14:41:20.353
880942,23881000,34590,2,java,2013-05-17T14:38:52.460
880942,23881000,34590,2,unit-testing,2013-05-17T14:38:52.460
880942,23881000,34590,2,junit,2013-05-17T14:38:52.460
880942,23881000,34590,2,tdd,2013-05-17T14:38:52.460
346057,48757575,34590,2,java,2015-05-19T16:42:04.530
346057,48757575,34590,2,unit-testing,2015-05-19T16:42:04.530
346057,48757575,34590,2,junit,2015-05-19T16:42:04.530
346057,48757575,34590,2,tdd,2015-05-19T16:42:04.530
5111897,106462411,34590,2,java,2020-02-12T14:53:03.467
5111897,106462411,34590,2,unit-testing,2020-02-12T14:53:03.467
5111897,106462411,34590,2,junit,2020-02-12T14:53:03.467
5111897,106462411,34590,2,tdd,2020-02-12T14:53:03.467
2641025,122219581,34590,2,java,2021-09-12T11:58:53.073
2641025,122219581,34590,2,unit-testing,2021-09-12T11:58:53.073
2641025,122219581,34590,2,junit,2021-09-12T11:58:53.073
2641025,122219581,34590,2,tdd,2021-09-12T11:58:53.073
383779,85319602,73588,null,null,2018-03-07T17:00:32.527
383779,85320848,73588,null,null,2018-03-07T17:34:54.037
2480144,122234747,73588,null,null,2021-09-13T08:21:42.707
320594,83288561,73596,null,null,2018-01-08T17:00:39.457
1960,7881,73609,null,null,2008-09-16T15:36:40.487
4891,1161863,73611,null,null,2009-08-25T12:11:36.103
2744,10553,73613,null,null,2008-09-17T13:00:43.037
12502,24063,73613,null,null,2008-09-22T16:21:29.307
1073078,33844438,73613,null,null,2014-03-09T06:00:56.190
12040,7963,73616,null,null,2008-09-16T16:05:34.553
12547,11599,73616,null,null,2008-09-17T19:01:27.243
293280,43125813,73618,null,null,2014-12-06T17:31:48.170
17635,21112617,73619,null,null,2013-02-22T13:31:06.323
5346,8059,73625,null,null,2008-09-16T16:45:45.517
207421,22011296,73628,null,null,2013-03-20T23:22:20.510
2639772,87798466,73628,null,null,2018-05-17T12:28:53.863
1073063,95009146,73628,null,null,2019-01-08T09:05:43.637
5314,7877,73629,null,null,2008-09-16T15:35:39.290
730,7894,73629,null,null,2008-09-16T15:39:13.117
3055,7900,73629,null,null,2008-09-16T15:40:52.007
730,7906,73629,null,null,2008-09-16T15:45:44.023
3012,7979,73636,null,null,2008-09-16T16:12:34.660
11703,370739,73639,null,null,2009-02-18T00:53:28.133
243,1891252,73639,null,null,2009-12-29T19:26:32.467
4570,4552451,54571,null,null,2010-11-17T21:25:39.410
562836,69784251,54571,null,null,2016-12-22T20:04:11.277
562836,69784261,54571,null,null,2016-12-22T20:04:24.637
2536,1635,54577,null,null,2008-09-10T16:31:42.217
1980,1763,54577,null,null,2008-09-10T18:44:36.047
1280068,17002387,54577,null,null,2012-09-26T23:56:37.600
905,17008198,54577,null,null,2012-09-27T07:12:52.700
254926,15014275,54578,null,null,2012-07-09T06:12:50.997
1057791,42712656,54579,null,null,2014-11-24T12:16:11.693
1790,1680,54585,null,null,2008-09-10T17:22:02.577
90848,11736758,54585,null,null,2009-07-28T03:48:02.467
40620,11736759,54585,null,null,2009-10-27T02:34:39.560
90848,11736760,54585,null,null,2009-10-30T04:42:30.627
14964,11736765,54585,null,null,2008-09-17T05:06:20.587
50419,11736769,54585,null,null,2009-07-28T03:51:17.297
1575281,11736770,54585,null,null,2009-07-28T04:46:52.707
228753,2262874,24270,null,null,2010-02-19T16:42:31.847
290340,5138953,24270,null,null,2011-01-12T00:23:21.650
240760,15437004,24270,null,null,2012-07-25T13:37:55.020
972285,20469741,24270,null,null,2013-02-01T15:48:42.677
1790,620,24271,null,null,2008-09-08T23:52:38.397
54283,1211647,24271,null,null,2009-09-03T12:32:18.290
1780726,57853341,24271,null,null,2016-01-28T15:13:59.937
1337,5320,24275,null,null,2008-09-15T16:14:43.867
1729005,96298,24275,null,null,2008-10-23T16:03:39.157
1968,98342,24275,null,null,2008-10-24T09:34:31.000
28804,106895,24275,null,null,2008-10-28T20:52:40.873
16076,227279,24275,null,null,2008-12-31T01:14:34.610
12983,227570,24275,null,null,2008-12-31T04:55:58.920
1968,228096,24275,null,null,2008-12-31T13:30:43.047
24472,29973443,12202,null,null,2013-11-21T07:07:25.183
142102,41686073,12202,null,null,2014-10-23T13:56:16.700
492,24261103,12207,2,null,2013-05-30T03:28:03.703
14663,112887,12231,2,null,2008-10-31T10:04:37.857
17675,27159776,12241,2,null,2013-08-27T23:38:38.913
3220434,37463055,12241,2,null,2014-06-16T21:37:32.703
null,37483758,12241,2,null,2014-06-17T12:37:23.987
126741,44100473,12241,2,null,2015-01-08T19:49:57.883
1497100,62479945,12241,2,null,2016-05-27T20:29:23.507
2730407,66220461,12241,2,null,2016-09-12T11:49:41.910
2580516,67512204,12241,2,null,2016-10-19T01:25:59.473
274503,116035756,12241,2,null,2021-01-08T13:17:56.270
1152565,81727037,12256,2,null,2017-11-20T07:35:15.590
3831137,86096467,12256,2,null,2018-03-28T21:21:10.953
527702,18018312,12264,2,null,2012-11-05T08:03:05.433
48082,690631,12277,2,null,2009-05-19T16:48:04.503
175,5257002,12277,2,null,2011-01-20T22:14:29.233
507544,12492571,12277,2,null,2012-03-21T16:22:49.837
771698,19968621,31066,null,null,2013-01-16T15:20:43.450
847235,44366394,31067,null,null,2015-01-16T15:52:35.023
179311,46731515,31067,null,null,2015-03-25T19:29:37.143
1407302,60182780,31067,null,null,2016-03-29T07:39:32.953
696808,113221776,31067,null,null,2020-09-23T12:25:52.957
7116,319098,31082,null,null,2009-02-02T18:49:02.127
2547,322068,31082,null,null,2009-02-03T16:15:04.793
1737192,328179,31082,null,null,2009-02-05T03:13:27.193
12082,412630,31082,null,null,2009-03-01T19:38:33.237
25457,2806898,31082,null,null,2010-05-05T12:47:13.057
33080,3507524,31082,null,null,2010-07-30T20:46:24.350
1627,3508724,31082,null,null,2010-07-31T00:22:51.310
33080,3629243,31082,null,null,2010-08-13T14:01:07.230
253683,8229797,31082,null,null,2011-08-02T10:21:26.503
31317,15323413,31082,null,null,2012-07-20T14:27:07.537
3126509,32934180,31082,null,null,2014-02-14T03:12:37.367
1518460,82430853,31082,null,null,2017-12-10T02:11:09.977
753859,25534486,24275,null,null,2013-07-09T16:54:08.343
1968,25534929,24275,null,null,2013-07-09T17:08:10.180
4958,49582659,24275,null,null,2015-06-10T19:06:19.737
null,72568230,24285,2,windows,2017-03-10T17:24:37.917
null,72568230,24285,2,opengl,2017-03-10T17:24:37.917
null,72568230,24285,2,unicode,2017-03-10T17:24:37.917
null,50388264,24286,2,null,2015-07-02T18:07:41.427
113124,2941649,24294,2,null,2010-05-23T18:05:36.763
658,2941731,24294,2,null,2010-05-23T18:26:33.133
494477,7076312,24294,2,null,2011-05-23T21:20:24.647
615784,10409086,24294,2,null,2011-12-08T00:51:30.577
180258,13873655,24294,2,null,2012-05-21T16:39:42.440
36157,310967,24296,2,null,2009-01-30T11:48:34.020
36157,314282,24296,2,null,2009-01-31T10:26:36.790
35012,29185407,19778,null,null,2013-10-29T09:56:29.693
155926,29321182,19778,null,null,2013-11-01T19:59:58.927
225728,30075808,19778,null,null,2013-11-24T12:32:38.530
227,30127614,19778,null,null,2013-11-25T23:14:12.733
1167442,47067980,19778,null,null,2015-04-04T20:24:05.307
713777,72838260,19778,null,null,2017-03-17T19:47:44.653
303940,99096899,19778,null,null,2019-05-21T13:11:59.947
12343998,116655973,19778,null,null,2021-01-31T14:19:27.627
107409,6131703,19780,null,null,2011-03-24T11:12:37.193
1441,7538272,19780,null,null,2011-06-21T12:28:46.070
736533,29608539,19780,null,null,2013-11-11T07:57:17.323
1441,29617635,19780,null,null,2013-11-11T12:55:15.680
2767300,853226,19782,null,null,2009-06-25T04:51:27.137
304,853854,19782,null,null,2009-06-25T09:28:41.147
761095,25392294,19787,null,null,2013-07-04T15:07:22.070
963864,10690456,19793,null,null,2011-12-23T06:59:59.613
963864,10690464,19793,null,null,2011-12-23T07:00:49.053
1124744,47680557,19793,null,null,2015-04-21T14:28:24.277
124443,915016,19805,null,null,2009-07-08T20:08:53.670
2747642,123445240,34590,2,java,2021-11-04T07:44:03.077
2747642,123445240,34590,2,unit-testing,2021-11-04T07:44:03.077
2747642,123445240,34590,2,junit,2021-11-04T07:44:03.077
2747642,123445240,34590,2,tdd,2021-11-04T07:44:03.077
3645375,87537120,34594,2,java,2018-05-09T18:11:05.153
3645375,87537120,34594,2,unit-testing,2018-05-09T18:11:05.153
3645375,87537120,34594,2,junit,2018-05-09T18:11:05.153
3645375,87537120,34594,2,tdd,2018-05-09T18:11:05.153
1854834,88839757,34594,2,java,2018-06-19T03:04:14.403
1854834,88839757,34594,2,unit-testing,2018-06-19T03:04:14.403
1854834,88839757,34594,2,junit,2018-06-19T03:04:14.403
1854834,88839757,34594,2,tdd,2018-06-19T03:04:14.403
null,1484315,34595,1,algorithm,2009-10-24T09:04:09.537
null,1484315,34595,1,language-agnostic,2009-10-24T09:04:09.537
null,1484315,34595,1,hash,2009-10-24T09:04:09.537
null,8729175,34595,1,algorithm,2011-08-31T08:49:25.140
null,8729175,34595,1,language-agnostic,2011-08-31T08:49:25.140
null,8729175,34595,1,hash,2011-08-31T08:49:25.140
4082723,63579039,34595,1,algorithm,2016-06-28T08:19:32.357
4082723,63579039,34595,1,language-agnostic,2016-06-28T08:19:32.357
4082723,63579039,34595,1,hash,2016-06-28T08:19:32.357
2441441,64092114,34598,2,java,2016-07-12T21:05:46.650
2441441,64092114,34598,2,unit-testing,2016-07-12T21:05:46.650
2441441,64092114,34598,2,junit,2016-07-12T21:05:46.650
2441441,64092114,34598,2,tdd,2016-07-12T21:05:46.650
null,79613156,34598,2,java,2017-09-20T15:32:56.467
null,79613156,34598,2,unit-testing,2017-09-20T15:32:56.467
null,79613156,34598,2,junit,2017-09-20T15:32:56.467
null,79613156,34598,2,tdd,2017-09-20T15:32:56.467
2601671,108578269,34598,2,java,2020-04-22T23:33:33.950
2601671,108578269,34598,2,unit-testing,2020-04-22T23:33:33.950
2601671,108578269,34598,2,junit,2020-04-22T23:33:33.950
2601671,108578269,34598,2,tdd,2020-04-22T23:33:33.950
1060209,17430085,34603,2,multithreading,2012-10-13T17:12:22.253
1060209,17430085,34603,2,concurrency,2012-10-13T17:12:22.253
1060209,17430085,34603,2,locking,2012-10-13T17:12:22.253
1060209,17430085,34603,2,deadlock,2012-10-13T17:12:22.253
1080125,16066008,34606,2,algorithm,2012-08-20T10:29:26.863
1080125,16066008,34606,2,language-agnostic,2012-08-20T10:29:26.863
1080125,16066008,34606,2,hash,2012-08-20T10:29:26.863
2332868,34792028,34606,2,algorithm,2014-04-02T13:56:52.167
2332868,34792028,34606,2,language-agnostic,2014-04-02T13:56:52.167
2332868,34792028,34606,2,hash,2014-04-02T13:56:52.167
2822680,130703908,34606,2,algorithm,2022-10-11T08:53:38.790
2822680,130703908,34606,2,language-agnostic,2022-10-11T08:53:38.790
2822680,130703908,34606,2,hash,2022-10-11T08:53:38.790
636971,30681301,34621,2,multithreading,2013-12-11T14:47:52.790
636971,30681301,34621,2,concurrency,2013-12-11T14:47:52.790
636971,30681301,34621,2,terminology,2013-12-11T14:47:52.790
636971,30681301,34621,2,race-condition,2013-12-11T14:47:52.790
1412,30726447,34621,2,multithreading,2013-12-12T15:31:29.770
1412,30726447,34621,2,concurrency,2013-12-12T15:31:29.770
1412,30726447,34621,2,terminology,2013-12-12T15:31:29.770
1412,30726447,34621,2,race-condition,2013-12-12T15:31:29.770
51691,2211512,34623,1,openid,2010-02-12T15:08:50.067
51691,2211512,34623,1,redirect,2010-02-12T15:08:50.067
51691,2211512,34623,1,openid2,2010-02-12T15:08:50.067
1782,11369841,34644,2,java,2008-08-29T16:34:15.947
1782,11369841,34644,2,unit-testing,2008-08-29T16:34:15.947
1782,11369841,34644,2,junit,2008-08-29T16:34:15.947
1782,11369841,34644,2,tdd,2008-08-29T16:34:15.947
349112,22085595,34644,2,java,2013-03-22T20:03:36.497
349112,22085595,34644,2,unit-testing,2013-03-22T20:03:36.497
349112,22085595,34644,2,junit,2013-03-22T20:03:36.497
349112,22085595,34644,2,tdd,2013-03-22T20:03:36.497
14621,9507,79256,null,null,2008-09-17T03:21:55.380
14621,9517,79256,null,null,2008-09-17T03:28:08.390
5,9423,79258,null,null,2008-09-17T02:31:33.300
5,9493,79258,null,null,2008-09-17T03:14:24.727
2977,10305,79258,null,null,2008-09-17T11:03:20.167
879354,8838377,79258,null,null,2011-09-07T06:33:58.763
4640,8855047,79258,null,null,2011-09-07T23:01:11.033
31945,146645,79268,null,null,2008-11-19T08:00:08.853
31945,146644,79271,null,null,2008-11-19T07:59:20.697
25507,317107,79284,null,null,2009-02-02T01:24:01.003
1011319,23747130,79284,null,null,2013-05-14T04:48:09.043
1667513,71435333,79284,null,null,2017-02-09T10:42:19.723
10440128,137403902,79284,null,null,2024-02-05T09:45:03.083
1454566,121932255,79295,null,null,2021-08-31T00:56:52.480
12652,2734274,79299,null,null,2010-04-25T20:52:09.093
null,13061946,79300,null,null,2012-04-16T17:18:10.870
1001985,45168206,79319,null,null,2015-02-09T19:18:50.120
4975230,92367758,79319,null,null,2018-10-09T12:42:21.150
385844,128284383,79319,null,null,2022-06-14T20:32:35.413
24179,103672,79326,null,null,2008-10-27T16:06:30.717
188,9602,79337,null,null,2008-09-17T04:06:23.570
3288191,66419578,68472,null,null,2016-09-18T04:39:35.813
723090,66620101,68472,null,null,2016-09-23T11:02:58.633
2085221,70318709,68472,null,null,2017-01-09T20:51:23.840
774575,114363779,68472,null,null,2020-11-04T13:14:10.950
6277,6460,68474,null,null,2008-09-16T01:23:21.663
10680,8198,68474,null,null,2008-09-16T17:51:48.150
32133,109861,68476,null,null,2008-10-29T23:23:14.233
1688738,20927074,68476,null,null,2013-02-17T00:04:03.957
427155,117291823,68476,null,null,2021-02-24T04:36:48.723
32470,4103395,68489,null,null,2010-10-04T21:20:23.717
102182,5798837,68489,null,null,2011-03-02T05:21:05.410
8349,6513,68491,null,null,2008-09-16T01:56:37.650
8349,8176,68491,null,null,2008-09-16T17:41:59.687
4254283,89663304,71232,null,null,2018-07-15T03:42:32.410
149572,45962418,71236,null,null,2015-03-04T05:13:27.397
709223,48558110,71236,null,null,2015-05-14T00:06:42.603
209942,66642060,71236,null,null,2016-09-23T22:10:50.737
961546,70030500,71236,null,null,2017-01-01T04:09:18.907
89586,1465751,71247,null,null,2009-10-21T13:11:53.757
1968,7191,71250,null,null,2008-09-16T11:14:58.637
2139247,29808196,71251,null,null,2013-11-16T11:42:49.650
2111901,40374201,71251,null,null,2014-09-12T14:39:34.400
2264626,41341244,71251,null,null,2014-10-13T12:01:08.940
2111901,41341485,71251,null,null,2014-10-13T12:07:53.297
2130892,7181,71252,null,null,2008-09-16T11:11:39.593
null,10919520,71254,null,null,2012-01-06T16:57:11.307
1523322,54893106,71254,null,null,2015-11-05T23:25:13.877
10186,7279,71261,null,null,2008-09-16T12:14:19.210
1968,7184,71264,null,null,2008-09-16T11:13:36.237
2994,12325,71264,null,null,2008-09-17T23:26:04.780
11521,12975,71264,null,null,2008-09-18T05:23:49.837
72896,1056982,71276,null,null,2009-08-05T06:09:33.307
5744,1057535,71276,null,null,2009-08-05T09:08:13.117
89586,1465758,71276,null,null,2009-10-21T13:13:03.863
7473,20556,24302,2,ruby-on-rails,2008-09-20T16:03:42.050
7473,20556,24302,2,ruby,2008-09-20T16:03:42.050
7473,20556,24302,2,authentication,2008-09-20T16:03:42.050
41591,265159,24308,2,null,2009-01-14T15:59:13.893
58668,857930,24308,2,null,2009-06-25T22:15:22.280
1553,858274,24308,2,null,2009-06-26T00:38:10.293
null,2209134,24313,2,javascript,2010-02-12T08:58:40.577
null,2209134,24313,2,file,2010-02-12T08:58:40.577
null,2209134,24313,2,import,2010-02-12T08:58:40.577
null,2209134,24313,2,include,2010-02-12T08:58:40.577
1341,5534269,24313,2,javascript,2011-02-10T16:47:48.420
1341,5534269,24313,2,file,2011-02-10T16:47:48.420
1341,5534269,24313,2,import,2011-02-10T16:47:48.420
1341,5534269,24313,2,include,2011-02-10T16:47:48.420
446921,11681328,24313,2,javascript,2012-02-13T20:39:47.477
446921,11681328,24313,2,file,2012-02-13T20:39:47.477
446921,11681328,24313,2,import,2012-02-13T20:39:47.477
446921,11681328,24313,2,include,2012-02-13T20:39:47.477
1133102,11698151,24313,2,javascript,2012-02-14T14:53:10.883
1133102,11698151,24313,2,file,2012-02-14T14:53:10.883
1133102,11698151,24313,2,import,2012-02-14T14:53:10.883
1133102,11698151,24313,2,include,2012-02-14T14:53:10.883
962696,32855218,24313,2,javascript,2014-02-12T11:17:51.880
962696,32855218,24313,2,file,2014-02-12T11:17:51.880
962696,32855218,24313,2,import,2014-02-12T11:17:51.880
962696,32855218,24313,2,include,2014-02-12T11:17:51.880
1414,32868229,24313,2,javascript,2014-02-12T16:19:17.173
1414,32868229,24313,2,file,2014-02-12T16:19:17.173
1414,32868229,24313,2,import,2014-02-12T16:19:17.173
1414,32868229,24313,2,include,2014-02-12T16:19:17.173
1414,73917886,24313,2,javascript,2017-04-15T18:55:38.557
1414,73917886,24313,2,file,2017-04-15T18:55:38.557
1414,73917886,24313,2,import,2017-04-15T18:55:38.557
1414,73917886,24313,2,include,2017-04-15T18:55:38.557
791,69983,24320,2,null,2008-10-10T12:35:12.437
369,549136,24322,2,ruby,2009-04-10T13:19:15.920
369,549136,24322,2,shoes,2009-04-10T13:19:15.920
369,549136,24322,2,irc,2009-04-10T13:19:15.920
1337,5325,24331,2,null,2008-09-15T16:17:16.357
39946,430381,24331,2,null,2009-03-06T01:55:48.650
206730,4441938,24337,2,null,2010-11-08T09:49:20.297
1069083,56334421,24353,2,null,2015-12-15T18:11:05.947
791,69990,24361,2,null,2008-10-10T12:38:27.267
18914,95916,15766,null,null,2008-10-23T14:10:15.267
2377399,117286209,15767,null,null,2021-02-23T21:36:50.793
2377399,117286125,15778,null,null,2021-02-23T21:32:43.427
20310,63037,15786,null,null,2008-10-07T20:59:15.257
91,63228,15786,null,null,2008-10-07T22:34:59.433
170007,7853271,15816,null,null,2011-07-11T04:52:08.503
901641,39310455,15816,null,null,2014-08-11T01:39:13.623
170007,40590363,15816,null,null,2014-09-19T07:55:54.810
652904,7732804,15824,null,null,2011-07-03T02:35:29.067
49241,278548,15837,null,null,2009-01-19T22:28:15.840
141720,4905592,15837,null,null,2010-12-19T22:11:14.537
1839777,20477864,15838,null,null,2013-02-01T20:20:25.530
16391,277163,15839,null,null,2009-01-19T14:06:28.833
null,1698859,15839,null,null,2009-11-27T18:27:50.920
94302,2201836,15839,null,null,2010-02-11T13:26:32.580
88409,2870237,15839,null,null,2010-05-13T18:29:55.513
1627,2871960,15839,null,null,2010-05-13T22:24:24.413
78935,8861340,40495,null,null,2011-09-08T09:42:18.990
750495,23924344,40495,null,null,2013-05-19T15:32:45.247
3553087,114282119,40499,null,null,2020-11-01T15:52:57.083
2485825,117448511,40499,null,null,2021-03-02T07:28:46.783
984823,122401065,40499,null,null,2021-09-20T09:37:13.357
14346535,125551373,40499,null,null,2022-02-07T17:31:11.990
9437799,125761766,40499,null,null,2022-02-16T15:34:07.427
9437799,126194942,40501,null,null,2022-03-08T12:48:38.610
1525050,132311463,40514,null,null,2023-01-01T18:59:17.603
3150802,86696654,40520,null,null,2018-04-15T10:48:22.770
12383992,113395142,40523,null,null,2020-09-29T18:03:35.820
1289801,113867725,40523,null,null,2020-10-16T18:33:44.187
3230708,114157678,40523,null,null,2020-10-27T18:46:01.300
1889373,115670878,40523,null,null,2020-12-23T15:03:43.487
3230708,115752633,40523,null,null,2020-12-28T02:29:10.413
1889373,115754366,40523,null,null,2020-12-28T05:49:27.630
7012767,71665281,73639,null,null,2017-02-15T15:42:05.950
47161,1863957,73642,null,null,2009-12-23T12:03:05.857
8852,8219,73643,null,null,2008-09-16T18:03:27.937
1344,43249837,73649,null,null,2014-12-10T13:47:03.730
12677,43293004,73649,null,null,2014-12-11T14:49:41.437
12677,43293102,73649,null,null,2014-12-11T14:52:24.347
1344,43300691,73649,null,null,2014-12-11T18:19:34.620
1344,43300722,73649,null,null,2014-12-11T18:20:57.977
1344,43300881,73649,null,null,2014-12-11T18:26:15.083
12677,43339057,73649,null,null,2014-12-12T18:57:25.637
1178794,68991017,73649,null,null,2016-11-30T12:44:56.397
6723250,79581236,73649,null,null,2017-09-19T20:58:27.840
5836515,79981516,73649,null,null,2017-10-01T15:03:57.067
12677,80019036,73649,null,null,2017-10-02T19:15:47.247
8543,7891,73651,null,null,2008-09-16T15:38:03.137
3055,7893,73652,null,null,2008-09-16T15:38:43.773
12958,51505573,73652,null,null,2015-08-03T13:31:50.530
756246,56203881,73652,null,null,2015-12-11T18:21:48.317
37941,13735502,12277,2,null,2012-05-15T14:31:09.303
3680301,39253501,12277,2,null,2014-08-08T13:47:57.573
778859,70710078,12277,2,null,2017-01-20T08:38:22.240
767524,41675646,12283,2,null,2014-10-23T08:09:48.900
3585837,36038500,12301,2,null,2014-05-06T16:15:38.290
2424,38267051,12301,2,null,2014-07-10T15:34:45.340
2966288,134746311,12301,2,null,2023-06-06T15:10:16.050
905,6308768,12306,1,c#,2008-08-15T14:48:08.307
905,6308768,12306,1,serialization,2008-08-15T14:48:08.307
738999,70367793,12306,1,c#,2017-01-11T02:00:08.967
738999,70367793,12306,1,serialization,2017-01-11T02:00:08.967
265052,6065554,12310,2,null,2010-04-10T08:00:43.117
4916,169046,12313,2,msbuild,2008-12-01T15:58:50.990
4916,169046,12313,2,build-process,2008-12-01T15:58:50.990
4916,169046,12313,2,build-automation,2008-12-01T15:58:50.990
4916,169046,12313,2,nant,2008-12-01T15:58:50.990
44540,507146,12313,2,msbuild,2009-03-29T00:05:56.973
44540,507146,12313,2,build-process,2009-03-29T00:05:56.973
44540,507146,12313,2,build-automation,2009-03-29T00:05:56.973
44540,507146,12313,2,nant,2009-03-29T00:05:56.973
1208,508604,12313,2,msbuild,2009-03-29T21:04:46.103
1208,508604,12313,2,build-process,2009-03-29T21:04:46.103
1208,508604,12313,2,build-automation,2009-03-29T21:04:46.103
1208,508604,12313,2,nant,2009-03-29T21:04:46.103
347348,15204858,12313,2,msbuild,2012-07-16T15:25:32.890
347348,15204858,12313,2,build-process,2012-07-16T15:25:32.890
347348,15204858,12313,2,build-automation,2012-07-16T15:25:32.890
347348,15204858,12313,2,nant,2012-07-16T15:25:32.890
3043,6535560,46907,null,null,2008-09-05T21:22:47.080
1310,2485991,46908,null,null,2010-03-22T13:30:04.830
75863,2772937,46908,null,null,2010-04-30T10:34:19.627
829571,17274668,46908,null,null,2012-10-08T10:34:14.833
1048186,43069880,46908,null,null,2014-12-04T20:31:27.003
3752374,67294669,46908,null,null,2016-10-12T21:03:58.167
1755932,127339451,46908,null,null,2022-04-30T11:50:17.977
3475806,127897541,46908,null,null,2022-05-26T21:41:40.297
753136,135085543,46908,null,null,2023-07-05T07:38:49.193
76353,800141,46918,null,null,2009-06-13T19:52:36.570
536,800936,46918,null,null,2009-06-14T04:09:56.450
598943,5416661,46918,null,null,2011-02-02T08:20:42.843
239438,18219967,46918,null,null,2012-11-12T19:00:57.997
536,18220135,46918,null,null,2012-11-12T19:08:24.437
1430156,26941259,46920,null,null,2013-08-21T08:13:15.107
1334119,95014572,46920,null,null,2019-01-08T11:50:46.347
4069781,95733553,46920,null,null,2019-01-31T14:29:55.400
4069781,95733676,46920,null,null,2019-01-31T14:32:55.020
2988,9638,79337,null,null,2008-09-17T04:23:36.463
2988,10393,79337,null,null,2008-09-17T11:50:50.333
710,9473,79343,null,null,2008-09-17T03:02:16.940
14648,9447,79354,null,null,2008-09-17T02:44:46.870
6899,45584,79356,null,null,2008-09-30T13:21:32.593
1300,71195,79356,null,null,2008-10-10T20:43:41.750
52963,489002,79358,null,null,2009-03-23T22:24:18.363
31945,1873639,79358,null,null,2009-12-25T06:38:45.177
264047,2794750,79358,null,null,2010-05-04T02:45:58.487
893254,21558370,79358,null,null,2013-03-07T19:23:05.027
1133,9455,79372,null,null,2008-09-17T02:49:35.720
5903,9459,79372,null,null,2008-09-17T02:53:54.103
1133,11341,79372,null,null,2008-09-17T17:29:44.903
5903,9444,79376,null,null,2008-09-17T02:43:27.343
2029,217225,79376,null,null,2008-12-23T20:12:15.613
2199,9505,79393,null,null,2008-09-17T03:20:47.160
4154,9522,79393,null,null,2008-09-17T03:30:23.470
5190,10259,79393,null,null,2008-09-17T10:32:42.830
2199,12391,79393,null,null,2008-09-17T23:59:01.083
84074,70782439,52034,null,null,2017-01-22T22:57:03.893
3175,102887,52038,null,null,2008-10-27T07:36:15.600
4918,104422,52038,null,null,2008-10-27T21:14:40.643
3175,106584,52038,null,null,2008-10-28T19:05:47.470
4279,118820,52038,null,null,2008-11-04T12:15:54.997
4279,118825,52038,null,null,2008-11-04T12:16:45.027
4918,118937,52038,null,null,2008-11-04T13:09:28.787
4279,119164,52038,null,null,2008-11-04T16:02:48.533
4918,925,52039,null,null,2008-09-09T14:42:02.050
616486,7813746,52039,null,null,2011-07-08T00:21:08.150
1028958,13662674,52039,null,null,2012-05-11T18:23:48.883
4279,119596,52040,null,null,2008-11-04T18:56:32.160
241536,572472,52040,null,null,2009-04-17T14:28:34.740
109880,2297709,52040,null,null,2010-02-24T17:21:24.110
2257,929,52045,null,null,2008-09-09T14:43:33.920
1782,934,52045,null,null,2008-09-09T14:46:54.333
2257,937,52045,null,null,2008-09-09T14:50:41.577
1519251,20711114,52048,null,null,2013-02-09T17:08:28.563
4279,119150,52051,null,null,2008-11-04T15:56:12.150
60777,891331,52051,null,null,2009-07-03T09:03:10.847
21567,151710,52052,null,null,2008-11-21T10:48:52.537
2434,2193,52053,null,null,2008-09-11T11:12:53.143
2434,2195,52053,null,null,2008-09-11T11:13:48.290
5387,3055,52053,null,null,2008-09-12T05:45:26.603
456,8560224,52053,null,null,2011-08-21T14:05:04.967
5636313,123729755,52054,null,null,2021-11-16T17:47:09.993
5314,123757821,52054,null,null,2021-11-17T18:27:18.567
12892,10937,76989,null,null,2008-09-17T15:16:06.830
5625,3222139,76989,null,null,2010-06-28T22:06:32.423
6173,20012195,76989,null,null,2013-01-17T19:44:20.950
200987,32734106,76989,null,null,2014-02-09T10:05:46.653
944634,14422018,77005,null,null,2012-06-14T09:08:36.007
560814,15654678,77005,null,null,2012-08-02T20:01:17.470
17174,30906777,77005,null,null,2013-12-17T22:24:00.677
2539058,38505049,77005,null,null,2014-07-17T14:42:42.677
895245,72874594,77005,null,null,2017-03-19T12:00:07.323
651937,102065497,77005,null,null,2019-09-06T07:19:26.953
4561314,122338604,77005,null,null,2021-09-17T02:52:55.707
64376,6318063,77010,null,null,2011-04-05T17:59:34.753
1518588,31896496,77010,null,null,2014-01-17T11:56:41.120
1049096,34090744,77010,null,null,2014-03-15T04:14:38.763
1518588,34096523,77010,null,null,2014-03-15T11:15:08.670
6387170,68841017,77010,null,null,2016-11-25T17:51:58.963
3043,8730,77011,null,null,2008-09-16T21:06:25.703
617612,5926336,46926,null,null,2011-03-10T15:41:06.687
712526,57773526,46926,null,null,2016-01-26T20:41:34.823
4725,57775088,46926,null,null,2016-01-26T21:24:00.650
63550,84304266,46926,null,null,2018-02-06T22:36:54.530
536,764732,46927,null,null,2009-06-05T15:03:48.287
4729,139,46940,null,null,2008-09-07T17:16:28.403
327,394,46940,null,null,2008-09-08T17:01:25.670
4729,135,46946,null,null,2008-09-07T16:58:20.133
88656,3383323,46946,null,null,2010-07-17T06:36:10.950
3434,3390309,46946,null,null,2010-07-18T17:34:28.270
14750,22919,46956,null,null,2008-09-22T06:56:32.377
28022,86565,46963,null,null,2008-10-19T16:56:37.710
61714,1486760,46963,null,null,2009-10-25T00:09:29.400
536,764726,46970,null,null,2009-06-05T15:03:23.967
1456249,22526094,47000,null,null,2013-04-05T12:00:47.090
714112,100181598,47007,null,null,2019-06-28T22:31:30.317
674669,64678767,47012,null,null,2016-07-28T23:08:39.513
1970278,68823845,47012,null,null,2016-11-25T09:15:47.607
1879699,84109461,47012,null,null,2018-02-01T06:46:17.333
872616,94380644,47012,null,null,2018-12-13T14:51:14.127
739912,14043984,12314,2,c#,2012-05-29T08:46:26.260
739912,14043984,12314,2,serialization,2012-05-29T08:46:26.260
1688919,52296726,12314,2,c#,2015-08-25T14:12:26.877
1688919,52296726,12314,2,serialization,2015-08-25T14:12:26.877
48082,507101,12317,2,msbuild,2009-03-28T23:29:30.040
48082,507101,12317,2,build-process,2009-03-28T23:29:30.040
48082,507101,12317,2,build-automation,2009-03-28T23:29:30.040
48082,507101,12317,2,nant,2009-03-28T23:29:30.040
12958,981330,12317,2,msbuild,2009-07-21T22:26:02.767
12958,981330,12317,2,build-process,2009-07-21T22:26:02.767
12958,981330,12317,2,build-automation,2009-07-21T22:26:02.767
12958,981330,12317,2,nant,2009-07-21T22:26:02.767
397268,4014418,12342,2,c#,2010-09-24T16:26:08.253
397268,4014418,12342,2,serialization,2010-09-24T16:26:08.253
397268,4014464,12342,2,c#,2010-09-24T16:31:06.827
397268,4014464,12342,2,serialization,2010-09-24T16:31:06.827
256659,20139071,12342,2,c#,2013-01-22T13:25:03.123
256659,20139071,12342,2,serialization,2013-01-22T13:25:03.123
6760515,111070700,12342,2,c#,2020-07-09T06:51:15.670
6760515,111070700,12342,2,serialization,2020-07-09T06:51:15.670
508479,9252482,12349,2,php,2011-10-01T17:30:42.210
508479,9252482,12349,2,windows,2011-10-01T17:30:42.210
508479,9252482,12349,2,curl,2011-10-01T17:30:42.210
232947,56860306,12349,2,php,2016-01-01T17:52:41.183
232947,56860306,12349,2,windows,2016-01-01T17:52:41.183
232947,56860306,12349,2,curl,2016-01-01T17:52:41.183
2746541,74400570,12349,2,php,2017-04-28T09:58:58.547
2746541,74400570,12349,2,windows,2017-04-28T09:58:58.547
2746541,74400570,12349,2,curl,2017-04-28T09:58:58.547
3144642,109777475,12349,2,php,2020-05-28T15:32:07.443
3144642,109777475,12349,2,windows,2020-05-28T15:32:07.443
3144642,109777475,12349,2,curl,2020-05-28T15:32:07.443
4632265,137301453,12349,2,php,2024-01-25T18:23:20.050
4632265,137301453,12349,2,windows,2024-01-25T18:23:20.050
4632265,137301453,12349,2,curl,2024-01-25T18:23:20.050
10583,140424,12350,2,php,2008-11-15T10:27:54.923
10583,140424,12350,2,windows,2008-11-15T10:27:54.923
10583,140424,12350,2,curl,2008-11-15T10:27:54.923
3881189,78572253,12350,2,php,2017-08-22T00:29:00.917
3881189,78572253,12350,2,windows,2017-08-22T00:29:00.917
3881189,78572253,12350,2,curl,2017-08-22T00:29:00.917
268,10141,12367,2,c++,2008-09-17T09:20:11.070
268,10141,12367,2,winapi,2008-09-17T09:20:11.070
268,10141,12367,2,macos,2008-09-17T09:20:11.070
268,10141,12367,2,porting,2008-09-17T09:20:11.070
268,10141,12367,2,fopen,2008-09-17T09:20:11.070
268,284379,12367,2,c++,2009-01-21T17:37:14.787
268,284379,12367,2,winapi,2009-01-21T17:37:14.787
268,284379,12367,2,macos,2009-01-21T17:37:14.787
268,284379,12367,2,porting,2009-01-21T17:37:14.787
268,284379,12367,2,fopen,2009-01-21T17:37:14.787
225979,53257174,12394,2,.net,2015-09-22T01:12:53.190
225979,53257174,12394,2,memory,2015-09-22T01:12:53.190
225979,53257174,12394,2,dispose,2015-09-22T01:12:53.190
2377343,79899757,12394,2,.net,2017-09-28T15:01:11.357
2377343,79899757,12394,2,memory,2017-09-28T15:01:11.357
2377343,79899757,12394,2,dispose,2017-09-28T15:01:11.357
1195620,67987531,12403,2,sql,2016-11-01T19:20:26.783
1195620,67987531,12403,2,alias,2016-11-01T19:20:26.783
19733965,131636327,12403,2,sql,2022-11-25T14:22:05.773
19733965,131636327,12403,2,alias,2022-11-25T14:22:05.773
1262541,78020134,12405,2,.net,2017-08-06T08:15:31.623
1262541,78020134,12405,2,memory,2017-08-06T08:15:31.623
1262541,78020134,12405,2,dispose,2017-08-06T08:15:31.623
4154,12950,79393,null,null,2008-09-18T05:09:33.037
5190,14100,79393,null,null,2008-09-18T15:10:06.883
4154,20080,79393,null,null,2008-09-20T08:19:39.263
4154,9536,79395,null,null,2008-09-17T03:38:41.190
404566,10439477,79400,null,null,2011-12-09T13:26:23.970
965773,122099276,79405,null,null,2021-09-07T08:16:42.550
9345,9448,79415,null,null,2008-09-17T02:45:57.057
1539,9453,79415,null,null,2008-09-17T02:48:38.610
9345,9458,79415,null,null,2008-09-17T02:53:45.570
1639385,97001433,79415,null,null,2019-03-12T20:10:42.677
1274450,12888222,79420,null,null,2012-04-09T04:09:49.910
11911,10225,79423,null,null,2008-09-17T10:15:39.987
7724,453876,79423,null,null,2009-03-12T20:42:08.987
6144,2178930,79433,null,null,2010-02-08T20:15:02.777
1539,10391,79435,null,null,2008-09-17T11:50:28.930
14690,9527,79440,null,null,2008-09-17T03:33:42.400
5903,10960,79444,null,null,2008-09-17T15:22:10.140
1152057,47014608,79445,null,null,2008-09-20T18:31:01.790
8676,57093748,1242,null,null,2016-01-08T10:10:09.820
1399491,50763351,1243,null,null,2015-07-13T21:08:33.557
33080,3662891,1248,2,c#,2010-08-17T17:06:20.103
33080,3662891,1248,2,datetime,2010-08-17T17:06:20.103
33080,3662891,1248,2,time,2010-08-17T17:06:20.103
33080,3662891,1248,2,datediff,2010-08-17T17:06:20.103
33080,3662891,1248,2,relative-time-span,2010-08-17T17:06:20.103
26414,6641620,1248,2,c#,2011-04-26T15:56:40.060
26414,6641620,1248,2,datetime,2011-04-26T15:56:40.060
26414,6641620,1248,2,time,2011-04-26T15:56:40.060
26414,6641620,1248,2,datediff,2011-04-26T15:56:40.060
26414,6641620,1248,2,relative-time-span,2011-04-26T15:56:40.060
407054,7491667,1248,2,c#,2011-06-17T22:46:18.387
407054,7491667,1248,2,datetime,2011-06-17T22:46:18.387
407054,7491667,1248,2,time,2011-06-17T22:46:18.387
407054,7491667,1248,2,datediff,2011-06-17T22:46:18.387
407054,7491667,1248,2,relative-time-span,2011-06-17T22:46:18.387
534006,7752285,1248,2,c#,2011-07-04T18:06:52.710
534006,7752285,1248,2,datetime,2011-07-04T18:06:52.710
534006,7752285,1248,2,time,2011-07-04T18:06:52.710
534006,7752285,1248,2,datediff,2011-07-04T18:06:52.710
534006,7752285,1248,2,relative-time-span,2011-07-04T18:06:52.710
78830,9873997,1248,2,c#,2011-11-09T04:33:57.960
78830,9873997,1248,2,datetime,2011-11-09T04:33:57.960
78830,9873997,1248,2,time,2011-11-09T04:33:57.960
78830,9873997,1248,2,datediff,2011-11-09T04:33:57.960
78830,9873997,1248,2,relative-time-span,2011-11-09T04:33:57.960
14302,13925661,1248,2,c#,2012-05-23T14:31:17.027
14302,13925661,1248,2,datetime,2012-05-23T14:31:17.027
14302,13925661,1248,2,time,2012-05-23T14:31:17.027
14302,13925661,1248,2,datediff,2012-05-23T14:31:17.027
14302,13925661,1248,2,relative-time-span,2012-05-23T14:31:17.027
1406210,14352486,1248,2,c#,2012-06-11T20:28:00.750
1406210,14352486,1248,2,datetime,2012-06-11T20:28:00.750
1406210,14352486,1248,2,time,2012-06-11T20:28:00.750
1406210,14352486,1248,2,datediff,2012-06-11T20:28:00.750
1406210,14352486,1248,2,relative-time-span,2012-06-11T20:28:00.750
698,16309427,1248,2,c#,2012-08-29T16:21:40.450
698,16309427,1248,2,datetime,2012-08-29T16:21:40.450
698,16309427,1248,2,time,2012-08-29T16:21:40.450
698,16309427,1248,2,datediff,2012-08-29T16:21:40.450
698,16309427,1248,2,relative-time-span,2012-08-29T16:21:40.450
2138928,28124394,1248,2,c#,2013-09-26T15:47:05.563
2138928,28124394,1248,2,datetime,2013-09-26T15:47:05.563
2138928,28124394,1248,2,time,2013-09-26T15:47:05.563
2138928,28124394,1248,2,datediff,2013-09-26T15:47:05.563
2138928,28124394,1248,2,relative-time-span,2013-09-26T15:47:05.563
1394393,43167963,1248,2,c#,2014-12-08T12:19:26.990
1394393,43167963,1248,2,datetime,2014-12-08T12:19:26.990
1394393,43167963,1248,2,time,2014-12-08T12:19:26.990
1394393,43167963,1248,2,datediff,2014-12-08T12:19:26.990
1394393,43167963,1248,2,relative-time-span,2014-12-08T12:19:26.990
2707156,45234755,1248,2,c#,2015-02-11T12:04:30.480
2707156,45234755,1248,2,datetime,2015-02-11T12:04:30.480
2707156,45234755,1248,2,time,2015-02-11T12:04:30.480
2707156,45234755,1248,2,datediff,2015-02-11T12:04:30.480
2707156,45234755,1248,2,relative-time-span,2015-02-11T12:04:30.480
1768423,45772273,1248,2,c#,2015-02-26T14:23:53.780
1768423,45772273,1248,2,datetime,2015-02-26T14:23:53.780
1768423,45772273,1248,2,time,2015-02-26T14:23:53.780
1768423,45772273,1248,2,datediff,2015-02-26T14:23:53.780
1768423,45772273,1248,2,relative-time-span,2015-02-26T14:23:53.780
63202,47520218,1248,2,c#,2015-04-17T06:28:54.570
63202,47520218,1248,2,datetime,2015-04-17T06:28:54.570
63202,47520218,1248,2,time,2015-04-17T06:28:54.570
63202,47520218,1248,2,datediff,2015-04-17T06:28:54.570
63202,47520218,1248,2,relative-time-span,2015-04-17T06:28:54.570
6752288,86784184,1248,2,c#,2018-04-17T17:26:29.500
6752288,86784184,1248,2,datetime,2018-04-17T17:26:29.500
6752288,86784184,1248,2,time,2018-04-17T17:26:29.500
6752288,86784184,1248,2,datediff,2018-04-17T17:26:29.500
6752288,86784184,1248,2,relative-time-span,2018-04-17T17:26:29.500
601862,99609479,1248,2,c#,2019-06-09T01:40:08.840
601862,99609479,1248,2,datetime,2019-06-09T01:40:08.840
601862,99609479,1248,2,time,2019-06-09T01:40:08.840
601862,99609479,1248,2,datediff,2019-06-09T01:40:08.840
601862,99609479,1248,2,relative-time-span,2019-06-09T01:40:08.840
1580464,120587076,1248,2,c#,2021-07-02T18:41:24.127
1580464,120587076,1248,2,datetime,2021-07-02T18:41:24.127
1580464,120587076,1248,2,time,2021-07-02T18:41:24.127
1580464,120587076,1248,2,datediff,2021-07-02T18:41:24.127
1580464,120587076,1248,2,relative-time-span,2021-07-02T18:41:24.127
327,26767201,47018,null,null,2008-09-05T22:54:29.343
2102,10042914,47019,null,null,2008-09-05T22:58:25.790
36305,169672,47026,null,null,2008-12-01T20:52:43.160
337819,7323652,47030,null,null,2011-06-08T06:09:56.470
35306,278755,47040,null,null,2009-01-19T23:46:48.570
207717,2259345,47040,null,null,2010-02-19T07:33:53.023
3978,34120,47046,null,null,2008-09-25T16:48:07.393
596781,66545598,47066,null,null,2016-09-21T14:47:14.467
44743,469037,47067,null,null,2009-03-17T19:21:40.383
237880,4504537,47067,null,null,2010-11-13T05:14:31.173
282474,4683103,47067,null,null,2010-11-30T09:37:57.167
63550,128550335,47071,null,null,2022-06-27T21:52:16.520
63550,128550267,47073,null,null,2022-06-27T21:47:45.920
63550,128550284,47074,null,null,2022-06-27T21:48:48.313
1839777,20480961,47081,null,null,2013-02-01T22:17:07.517
275390,46535991,47084,null,null,2015-03-20T01:07:27.147
1071526,69767827,47084,null,null,2016-12-22T12:23:35.140
224132,61849291,47086,null,null,2016-05-11T07:57:39.217
240633,12243935,31083,null,null,2012-03-10T04:22:22.913
971592,52547958,31083,null,null,2015-09-01T16:45:13.530
432,58633455,31083,null,null,2016-02-17T22:20:20.287
188535,120152512,31083,null,null,2021-06-15T01:10:45.713
12838,4284828,31086,null,null,2010-10-22T20:03:07.240
492759,10036527,31086,null,null,2011-11-17T19:04:59.387
1147385,16791378,31086,null,null,2012-09-18T16:22:45.660
2084,16796492,31086,null,null,2012-09-18T20:12:58.963
1497470,49202617,31086,null,null,2015-06-01T04:58:29.893
945247,55409551,31086,null,null,2015-11-20T08:30:25.417
2977131,55926449,31086,null,null,2015-12-04T11:22:42.483
6083675,63962302,31097,null,null,2016-07-08T16:31:00.610
231929,91880606,31100,null,null,2018-09-23T19:05:20.537
14089,13207,31111,null,null,2008-09-18T08:22:25.710
1116,42546,31116,null,null,2008-09-29T11:17:12.120
29544,821819,31163,null,null,2009-06-18T14:10:32.387
2464815,109750643,31164,null,null,2020-05-27T21:29:31.960
254829,20322530,31170,null,null,2013-01-28T15:07:31.297
206730,15651379,37379,2,null,2012-08-02T17:51:45.653
3137484,41555915,37384,2,null,2014-10-20T02:54:31.473
52277,25985166,37385,2,wcf,2013-07-23T11:37:41.543
52277,25985166,37385,2,unit-testing,2013-07-23T11:37:41.543
3857,32432519,37389,2,msdn,2008-09-01T02:40:07.957
3857,32432519,37389,2,portability,2008-09-01T02:40:07.957
3857,32432519,37389,2,portable-applications,2008-09-01T02:40:07.957
3673,1520581,37390,2,null,2009-10-30T13:15:50.893
161,1521763,37390,2,null,2009-10-30T16:02:35.580
13744,196028,37394,2,oop,2008-12-14T15:05:49.407
3955,133524,37402,2,c++,2008-11-12T02:55:51.537
3955,133524,37402,2,visual-studio,2008-11-12T02:55:51.537
3955,133524,37402,2,linker,2008-11-12T02:55:51.537
3955,133528,37402,2,c++,2008-11-12T02:57:46.273
3955,133528,37402,2,visual-studio,2008-11-12T02:57:46.273
3955,133528,37402,2,linker,2008-11-12T02:57:46.273
301883,5586058,37402,2,c++,2011-02-14T23:35:48.557
301883,5586058,37402,2,visual-studio,2011-02-14T23:35:48.557
301883,5586058,37402,2,linker,2011-02-14T23:35:48.557
1021528,21308004,37402,2,c++,2013-02-28T14:07:03.140
1021528,21308004,37402,2,visual-studio,2013-02-28T14:07:03.140
1021528,21308004,37402,2,linker,2013-02-28T14:07:03.140
607407,36033101,37402,2,c++,2014-05-06T14:11:04.657
607407,36033101,37402,2,visual-studio,2014-05-06T14:11:04.657
607407,36033101,37402,2,linker,2014-05-06T14:11:04.657
1113636,112520574,37402,2,c++,2020-08-28T09:45:50.530
1113636,112520574,37402,2,visual-studio,2020-08-28T09:45:50.530
1113636,112520574,37402,2,linker,2020-08-28T09:45:50.530
4975230,112999995,37402,2,c++,2020-09-15T13:07:52.173
4975230,112999995,37402,2,visual-studio,2020-09-15T13:07:52.173
4975230,112999995,37402,2,linker,2020-09-15T13:07:52.173
12702,127741,37406,2,oop,2008-11-08T15:22:29.940
23354,128927,37406,2,oop,2008-11-09T20:53:29.817
9345,146289,37406,2,oop,2008-11-19T02:06:35.243
5486,2100900,37406,2,oop,2010-01-28T19:39:14.463
6389,173021,63200,null,null,2008-12-03T10:50:46.277
1471,5100,63201,null,null,2008-09-15T14:19:40.353
4926,5643,63201,null,null,2008-09-15T18:34:54.453
4926,5645,63201,null,null,2008-09-15T18:35:31.830
165495,3602749,63201,null,null,2010-08-11T04:43:54.843
165495,3612751,63201,null,null,2010-08-12T00:42:15.670
1977151,44256666,63201,null,null,2015-01-13T19:16:24.907
6163,5112,63204,null,null,2008-09-15T14:22:57.227
2961,5116,63206,null,null,2008-09-15T14:24:13.430
2041950,5134,63217,null,null,2008-09-15T14:36:09.923
2377318,41722657,63219,null,null,2014-10-24T14:39:32.910
295686,86865627,63219,null,null,2018-04-19T15:29:47.950
15639,18552231,63228,null,null,2012-11-24T22:03:39.217
4725,5106,63229,null,null,2008-09-15T14:22:13.297
87507,4105365,63231,null,null,2010-10-05T03:50:00.457
6068,85951365,63231,null,null,2018-03-25T09:49:44.467
1725255,40295027,63235,null,null,2014-09-10T13:51:52.470
1405720,61991924,63235,null,null,2016-05-14T19:40:24.187
97909,8493233,47088,null,null,2011-08-17T13:51:42.673
348589,55529172,47089,null,null,2015-11-23T22:59:33.867
465053,91505026,47089,null,null,2018-09-11T14:43:20.150
1654393,137293441,47089,null,null,2024-01-25T05:01:42.910
538962,8635928,47095,null,null,2011-08-25T13:43:17.333
461148,9853198,47095,null,null,2011-11-08T04:13:50.063
726802,13287800,47095,null,null,2012-04-25T18:10:56.770
2266481,37564334,47095,null,null,2014-06-19T12:13:31.457
3748701,46702488,47095,null,null,2015-03-25T06:41:15.697
193634,46744975,47095,null,null,2015-03-26T06:49:34.043
2268437,74912606,47095,null,null,2017-05-12T14:28:56.287
1115360,75236666,47095,null,null,2017-05-22T08:56:05.447
193634,75270238,47095,null,null,2017-05-23T04:20:50.893
762149,86157255,47095,null,null,2018-03-30T13:02:32.363
1173856,86158824,47095,null,null,2018-03-30T13:54:07.397
1892993,90686316,47095,null,null,2018-08-15T22:15:44.260
109218,47014616,79445,null,null,2009-05-30T23:58:41.233
3791372,75311158,79445,null,null,2017-05-23T23:52:42.847
9345,43864,79448,null,null,2008-09-29T19:49:48.113
9859,9467,79449,null,null,2008-09-17T02:59:17.693
7104,9508,79450,null,null,2008-09-17T03:22:02.540
1486,14304,79457,null,null,2008-09-18T16:03:41.093
9345,9461,79458,null,null,2008-09-17T02:54:59.640
1319799,36633674,79461,null,null,2014-05-22T17:27:20.607
3597276,52136790,79461,null,null,2015-08-20T15:24:17.837
8304478,109288537,79461,null,null,2020-05-13T23:46:43.240
232589,54817,79468,null,null,2008-10-03T17:12:58.553
9345,9464,79469,null,null,2008-09-17T02:56:27.157
448232,25336032,79471,null,null,2013-07-03T06:12:19.220
11687,877018,79474,null,null,2009-06-30T17:25:15.937
524504,37512530,79475,null,null,2014-06-18T06:58:22.707
9345,9469,79479,null,null,2008-09-17T03:00:44.320
null,47014633,79480,null,null,2008-09-17T09:11:32.900
62544,125859166,37407,2,null,2022-02-21T06:59:05.643
14720380,131212777,37407,2,null,2022-11-04T21:37:36.510
234,131228158,37407,2,null,2022-11-06T00:59:01.617
14720380,131240621,37407,2,null,2022-11-06T21:14:06.283
234,131333389,37407,2,null,2022-11-10T20:07:58.427
1722462,63435451,37408,2,objective-c,2016-06-23T15:28:14.060
1722462,63435451,37408,2,cocoa,2016-06-23T15:28:14.060
1722462,63435451,37408,2,macos,2016-06-23T15:28:14.060
1722462,63435451,37408,2,erlang,2016-06-23T15:28:14.060
714,63617796,37408,2,objective-c,2016-06-29T05:40:28.540
714,63617796,37408,2,cocoa,2016-06-29T05:40:28.540
714,63617796,37408,2,macos,2016-06-29T05:40:28.540
714,63617796,37408,2,erlang,2016-06-29T05:40:28.540
34596,138278,37416,2,null,2008-11-14T06:55:06.663
40516,225903,37416,2,null,2008-12-30T14:35:57.330
755,23231,37427,2,null,2008-09-22T10:51:54.870
21258,38914,37427,2,null,2008-09-27T00:25:33.140
18511,59521,37427,2,null,2008-10-06T16:31:33.973
332,77497,37427,2,null,2008-10-14T21:18:52.783
34509,294225,37427,2,null,2009-01-25T01:54:27.967
87234,769183,37427,2,null,2009-06-06T20:47:00.013
138170,6428297,37427,2,null,2011-04-12T17:12:11.640
59827,1141597,37450,2,php,2009-08-20T23:55:58.817
59827,1141597,37450,2,wordpress,2009-08-20T23:55:58.817
59827,1141597,37450,2,lamp,2009-08-20T23:55:58.817
59827,1141597,37450,2,mediawiki,2009-08-20T23:55:58.817
3681880,55619050,37464,1,ios,2015-11-26T01:13:47.557
3681880,55619050,37464,1,iphone,2015-11-26T01:13:47.557
4558367,69739549,37464,1,ios,2016-12-21T18:17:27.780
4558367,69739549,37464,1,iphone,2016-12-21T18:17:27.780
453176,6829893,1257,2,null,2011-05-08T15:44:50.947
2245646,48619896,1264,2,svn,2015-05-15T12:57:39.373
2245646,48619896,1264,2,version-control,2015-05-15T12:57:39.373
2245646,48619896,1264,2,cvs,2015-05-15T12:57:39.373
5072526,50476942,1264,2,svn,2015-07-06T07:02:12.363
5072526,50476942,1264,2,version-control,2015-07-06T07:02:12.363
5072526,50476942,1264,2,cvs,2015-07-06T07:02:12.363
1406641,70529773,1272,2,svn,2017-01-15T20:12:06.887
1406641,70529773,1272,2,version-control,2017-01-15T20:12:06.887
1406641,70529773,1272,2,cvs,2017-01-15T20:12:06.887
1040245,113601168,1272,2,svn,2020-10-07T11:06:06.290
1040245,113601168,1272,2,version-control,2020-10-07T11:06:06.290
1040245,113601168,1272,2,cvs,2020-10-07T11:06:06.290
2048692,128685764,1272,2,svn,2022-07-04T12:48:46.103
2048692,128685764,1272,2,version-control,2022-07-04T12:48:46.103
2048692,128685764,1272,2,cvs,2022-07-04T12:48:46.103
13382603,133082861,1272,2,svn,2023-02-12T01:36:16.930
13382603,133082861,1272,2,version-control,2023-02-12T01:36:16.930
13382603,133082861,1272,2,cvs,2023-02-12T01:36:16.930
30018,2185953,1304,1,c#,2010-02-09T16:48:48.033
30018,2185953,1304,1,.net,2010-02-09T16:48:48.033
30018,2185953,1304,1,io,2010-02-09T16:48:48.033
30018,2185953,1304,1,filelock,2010-02-09T16:48:48.033
141172,31092668,1304,1,c#,2013-12-23T18:27:10.113
141172,31092668,1304,1,.net,2013-12-23T18:27:10.113
141172,31092668,1304,1,io,2013-12-23T18:27:10.113
141172,31092668,1304,1,filelock,2013-12-23T18:27:10.113
1060900,58038873,1304,1,c#,2016-02-02T17:44:34.880
1060900,58038873,1304,1,.net,2016-02-02T17:44:34.880
1060900,58038873,1304,1,io,2016-02-02T17:44:34.880
1060900,58038873,1304,1,filelock,2016-02-02T17:44:34.880
6042,641230,1305,2,.net,2009-05-07T02:48:00.330
6042,641230,1305,2,collections,2009-05-07T02:48:00.330
6042,641230,1305,2,queue,2009-05-07T02:48:00.330
30674,1496920,1305,2,.net,2009-10-27T04:14:41.290
30674,1496920,1305,2,collections,2009-10-27T04:14:41.290
30674,1496920,1305,2,queue,2009-10-27T04:14:41.290
105570,1657133,1305,2,.net,2009-11-20T18:09:55.313
105570,1657133,1305,2,collections,2009-11-20T18:09:55.313
105570,1657133,1305,2,queue,2009-11-20T18:09:55.313
385387,8996132,1305,2,.net,2011-09-16T03:03:21.890
385387,8996132,1305,2,collections,2011-09-16T03:03:21.890
385387,8996132,1305,2,queue,2011-09-16T03:03:21.890
213725,4139867,1309,2,c#,2010-10-08T05:11:57.223
213725,4139867,1309,2,.net,2010-10-08T05:11:57.223
213725,4139867,1309,2,io,2010-10-08T05:11:57.223
213725,4139867,1309,2,filelock,2010-10-08T05:11:57.223
267,4140908,1309,2,c#,2010-10-08T08:06:29.343
267,4140908,1309,2,.net,2010-10-08T08:06:29.343
267,4140908,1309,2,io,2010-10-08T08:06:29.343
267,4140908,1309,2,filelock,2010-10-08T08:06:29.343
40620,11736771,54585,null,null,2009-10-27T02:32:10.127
129363,11736775,54585,null,null,2009-06-26T11:31:52.357
40620,11736778,54585,null,null,2009-10-27T02:36:51.037
7734,19187921,54585,null,null,2012-12-17T18:38:08.040
76722,34966927,54585,null,null,2014-04-07T11:16:54.337
7734,34969504,54585,null,null,2014-04-07T12:20:43.513
1731200,74417994,54585,null,null,2017-04-28T17:38:25.830
1790,75352477,54585,null,null,2017-05-24T20:51:37.680
841330,81541993,54585,null,null,2017-11-14T21:23:14.247
1250772,84601116,54585,null,null,2018-02-15T02:28:26.527
184534,112382790,54585,null,null,2020-08-24T03:28:42.390
8372853,131940673,54585,null,null,2022-12-11T06:42:02.590
16035,13909,54596,null,null,2008-09-18T14:22:13.270
13060,9951,68496,null,null,2008-09-17T07:17:06.390
37664,1261205,68496,null,null,2009-09-13T16:48:14.180
109011,87784268,68497,null,null,2018-05-17T06:02:53.983
507,6468,68498,null,null,2008-09-16T01:29:59.260
1174169,30546265,68498,null,null,2013-12-07T20:17:42.540
19501,5232968,68502,null,null,2011-01-19T12:32:28.263
234998,9543649,68502,null,null,2011-10-19T23:13:00.670
65232,1024788,68503,null,null,2009-07-29T17:05:17.900
9021,1041536,68503,null,null,2009-08-01T17:59:27.750
59692,4223417,68503,null,null,2010-10-17T11:44:22.600
553994,6499385,68503,null,null,2011-04-16T22:57:06.240
1026459,16935818,68503,null,null,2012-09-24T18:53:52.907
880659,17849877,68503,null,null,2012-10-29T17:27:17.970
66591,5062762,15839,null,null,2011-01-05T16:43:14.547
46039,6448942,15839,null,null,2011-04-13T18:50:00.007
82208,9129009,15839,null,null,2011-09-23T21:19:46.077
1886,4916136,15842,null,null,2010-12-20T20:25:44.300
109676,17347878,15858,null,null,2012-10-10T16:56:43.557
170007,6854077,15865,null,null,2011-05-10T05:20:18.933
652904,7732720,15865,null,null,2011-07-03T02:14:13.150
170007,7766730,15865,null,null,2011-07-05T15:27:34.680
652904,7770150,15865,null,null,2011-07-05T19:00:09.350
170007,7853282,15865,null,null,2011-07-11T04:53:14.087
231917,3264242,15871,null,null,2010-07-03T18:23:34.543
43681,5199066,15874,null,null,2011-01-17T00:54:36.720
974,5201922,15874,null,null,2011-01-17T08:51:00.950
2703209,75204635,15874,null,null,2017-05-20T22:50:19.740
84196,732703,15885,null,null,2009-05-29T07:28:09.293
44390,3264224,15885,null,null,2010-07-03T18:19:08.713
2632129,46280575,15886,null,null,2015-03-12T19:10:00.357
4525,3858,57149,null,null,2008-09-12T22:17:36.203
5348,4336,57149,null,null,2008-09-14T07:20:29.573
4525,4645,57149,null,null,2008-09-14T23:09:11.867
5348,4755,57149,null,null,2008-09-15T06:03:47.893
9484,3621528,57149,null,null,2010-08-12T19:10:09.867
3583,3988,57154,null,null,2008-09-13T04:35:36.453
4570,5772,57154,null,null,2008-09-15T19:24:47.950
65863,76641496,57156,null,null,2017-06-29T16:30:41.297
5056,2527,57165,null,null,2008-09-11T17:42:36.653
24231,613440,57166,null,null,2009-04-29T17:24:09.573
7389293,131016658,57168,null,null,2022-10-26T11:36:10.460
541761,7258949,57172,null,null,2011-06-03T17:01:14.767
5834,7289545,57172,null,null,2011-06-06T11:07:03.190
610090,44997439,57172,null,null,2015-02-04T15:18:56.483
141720,1860438,57175,null,null,2009-12-22T21:40:15.640
5056,2534,57176,null,null,2008-09-11T17:47:59.200
5696,2754,57176,null,null,2008-09-11T21:37:24.517
1471,2545,57177,null,null,2008-09-11T17:53:26.503
1968,71169,24361,2,null,2008-10-10T20:32:54.080
3712,2216339,24370,2,language-agnostic,2010-02-13T06:02:37.393
3712,2216339,24370,2,oop,2010-02-13T06:02:37.393
3712,2216339,24370,2,parameters,2010-02-13T06:02:37.393
3712,2216339,24370,2,pass-by-reference,2010-02-13T06:02:37.393
3712,2216339,24370,2,pass-by-value,2010-02-13T06:02:37.393
66450,32662438,24377,2,null,2014-02-06T23:33:31.470
2963903,33216691,24377,2,null,2014-02-21T08:42:44.877
4084561,60491880,24377,2,null,2016-04-05T23:00:00.910
1765397,72627179,24377,2,null,2017-03-13T02:01:54.983
364696,84923602,24377,2,null,2018-02-24T01:16:43.983
364696,84923635,24377,2,null,2018-02-24T01:19:21.017
364696,84923863,24377,2,null,2018-02-24T01:43:52.367
3396951,87873876,24377,2,null,2018-05-19T21:24:10.497
6517599,112585851,47095,null,null,2020-08-31T09:24:47.560
2847,112618342,47095,null,null,2020-09-01T10:52:08.463
2063755,120470662,47095,null,null,2021-06-28T12:21:41.867
2266481,120531463,47095,null,null,2021-06-30T16:12:36.957
311343,124015348,47095,null,null,2021-11-29T13:41:46.613
9667814,103950391,47104,null,null,2019-11-13T13:20:28.470
16082,1440106,47110,null,null,2009-10-16T15:22:59.770
18831,1647085,47110,null,null,2009-11-19T13:19:25.430
2361,3563163,47110,null,null,2010-08-06T10:33:19.257
150485,4419329,47110,null,null,2010-11-05T11:31:37.923
85269,64926807,47110,null,null,2016-08-04T21:28:28.447
25702,4180833,47124,null,null,2010-10-13T01:36:24.830
501,1579,47130,null,null,2008-09-10T15:26:01.750
3111255,44605771,47146,null,null,2015-01-23T17:54:10.253
471930,88706945,47146,null,null,2018-06-14T07:44:45.903
4850,11305,47150,null,null,2008-09-17T17:16:57.057
178454,4161580,47164,null,null,2010-10-11T09:49:12.520
1549918,23012570,79485,null,null,2013-04-19T21:16:25.027
988052,9523128,79490,null,null,2011-10-18T22:24:00.620
14635,18409727,79490,null,null,2008-09-17T03:02:21.370
1772830,55987539,79502,null,null,2015-12-06T15:51:28.457
19068,2416938,79513,null,null,2010-03-12T12:38:54.577
126584,14669138,79513,null,null,2012-06-24T17:56:58.673
1270003,19168264,79513,null,null,2012-12-17T04:55:38.730
508494,19699450,79513,null,null,2013-01-08T00:22:42.687
508494,19744302,79513,null,null,2013-01-09T09:42:30.870
398140,39335812,79513,null,null,2014-08-11T16:50:36.130
8297,9480,79515,null,null,2008-09-17T03:06:38.677
716,9494,79515,null,null,2008-09-17T03:15:22.617
6723250,109372025,79515,null,null,2020-05-16T11:38:49.650
6723250,109372048,79530,null,null,2020-05-16T11:39:45.497
41211,41777751,79532,null,null,2014-10-27T02:44:31.887
808044,27828246,79537,null,null,2013-09-17T20:18:29.300
320594,84995246,79537,null,null,2018-02-26T18:36:53.560
192910,1947939,79547,null,null,2010-01-08T02:30:16.540
271746,2807917,79547,null,null,2010-05-05T14:39:26.953
177498,21502330,79547,null,null,2013-03-06T13:13:12.813
69738,428075,24392,2,debugging,2009-03-05T15:41:07.300
69738,428075,24392,2,tcl,2009-03-05T15:41:07.300
69738,428075,24392,2,tivo,2009-03-05T15:41:07.300
1337,5332,24398,2,null,2008-09-15T16:20:27.927
null,50388101,24398,2,null,2015-07-02T18:03:09.017
2385,327,24401,2,null,2008-09-08T14:16:04.180
157,333,24401,2,null,2008-09-08T14:31:36.187
13924,4938197,24440,2,null,2010-12-22T15:35:28.887
254343,24577756,24442,2,null,2013-06-09T10:35:51.720
1195273,20895947,24445,2,null,2013-02-15T16:11:16.230
2151700,25613069,24445,2,null,2013-07-11T16:46:21.420
3576887,55236855,24445,2,null,2015-11-16T11:26:56.030
1053562,113592718,24445,2,null,2020-10-07T05:34:21.420
1337,120301,24455,2,language-agnostic,2008-11-05T01:27:06.427
1337,120301,24455,2,goto,2008-11-05T01:27:06.427
282658,2848690,24465,2,language-agnostic,2010-05-11T11:37:32.270
282658,2848690,24465,2,goto,2010-05-11T11:37:32.270
1968,2858099,24465,2,language-agnostic,2010-05-12T12:03:56.103
1968,2858099,24465,2,goto,2010-05-12T12:03:56.103
421467,70665744,37466,2,java,2017-01-19T07:32:33.417
421467,70665744,37466,2,jvm,2017-01-19T07:32:33.417
421467,70665744,37466,2,out-of-memory,2017-01-19T07:32:33.417
421467,70665744,37466,2,heap-memory,2017-01-19T07:32:33.417
9339242,88044639,37466,2,java,2018-05-24T18:38:45.163
9339242,88044639,37466,2,jvm,2018-05-24T18:38:45.163
9339242,88044639,37466,2,out-of-memory,2018-05-24T18:38:45.163
9339242,88044639,37466,2,heap-memory,2018-05-24T18:38:45.163
25837,72376,37467,2,null,2008-10-12T01:09:59.137
38670,157672,37467,2,null,2008-11-24T22:18:39.337
82187,506532,37467,2,null,2009-03-28T16:31:17.767
null,947543,37467,2,null,2009-07-15T08:52:19.357
120391,1849944,37467,2,null,2009-12-21T13:52:29.820
76722,3005640,37467,2,null,2010-06-01T11:03:43.040
132599,4720977,37467,2,null,2010-12-03T01:19:13.183
3790921,86047796,37470,2,.net,2018-03-27T19:30:03.633
3790921,86047796,37470,2,asp.net,2018-03-27T19:30:03.633
5963,55322,37474,2,c++,2008-10-03T19:47:16.997
5963,55322,37474,2,exception,2008-10-03T19:47:16.997
5963,55322,37474,2,assert,2008-10-03T19:47:16.997
1674,55639,37474,2,c++,2008-10-03T21:39:26.740
1674,55639,37474,2,exception,2008-10-03T21:39:26.740
1674,55639,37474,2,assert,2008-10-03T21:39:26.740
456,55773,37474,2,c++,2008-10-03T22:53:57.307
456,55773,37474,2,exception,2008-10-03T22:53:57.307
456,55773,37474,2,assert,2008-10-03T22:53:57.307
456,55789,37474,2,c++,2008-10-03T23:03:24.743
456,55789,37474,2,exception,2008-10-03T23:03:24.743
456,55789,37474,2,assert,2008-10-03T23:03:24.743
456,55798,37474,2,c++,2008-10-03T23:09:28.507
456,55798,37474,2,exception,2008-10-03T23:09:28.507
456,55798,37474,2,assert,2008-10-03T23:09:28.507
456,55805,37474,2,c++,2008-10-03T23:11:04.197
456,55805,37474,2,exception,2008-10-03T23:11:04.197
456,55805,37474,2,assert,2008-10-03T23:11:04.197
2368,15565914,37474,2,c++,2012-07-30T21:58:15.077
2368,15565914,37474,2,exception,2012-07-30T21:58:15.077
2368,15565914,37474,2,assert,2012-07-30T21:58:15.077
2893873,125219901,52054,null,null,2022-01-24T10:17:47.333
5421,104091,52056,null,null,2008-10-27T18:31:31.360
4997,940,52057,null,null,2008-09-09T14:52:34.707
550471,58635810,52062,null,null,2016-02-17T23:54:38.503
4540,1226,52063,null,null,2008-09-10T00:33:14.563
2257,943,52071,null,null,2008-09-09T14:53:45.173
5380,1151769,52071,null,null,2009-08-23T14:51:30.740
1904,10716191,52071,null,null,2008-09-09T14:57:53.947
66611,9327080,52072,null,null,2011-10-06T12:26:23.170
null,35463222,52072,null,null,2014-04-20T19:31:19.033
5056,35484697,52072,null,null,2014-04-21T14:19:57.183
5380,1151766,52074,null,null,2009-08-23T14:50:42.253
2257,951,52084,null,null,2008-09-09T14:59:53.100
5197,3512,52084,null,null,2008-09-12T16:01:20.900
3619,950,52086,null,null,2008-09-09T14:58:59.200
7679,66431,52101,null,null,2008-10-09T02:37:54.123
44084,477053,52101,null,null,2009-03-19T18:36:48.680
1084886,56349113,52102,null,null,2015-12-16T03:36:46.313
214977,81100420,52102,null,null,2017-11-02T13:05:05.843
363751,43802871,24465,2,language-agnostic,2014-12-29T19:27:15.793
363751,43802871,24465,2,goto,2014-12-29T19:27:15.793
1968,43819627,24465,2,language-agnostic,2014-12-30T10:33:42.617
1968,43819627,24465,2,goto,2014-12-30T10:33:42.617
363751,43834354,24465,2,language-agnostic,2014-12-30T19:16:39.977
363751,43834354,24465,2,goto,2014-12-30T19:16:39.977
1275653,96461042,24465,2,language-agnostic,2019-02-23T17:06:05.177
1275653,96461042,24465,2,goto,2019-02-23T17:06:05.177
1968,96496277,24465,2,language-agnostic,2019-02-25T09:16:21.463
1968,96496277,24465,2,goto,2019-02-25T09:16:21.463
199364,100081283,24465,2,language-agnostic,2019-06-25T21:05:48.900
199364,100081283,24465,2,goto,2019-06-25T21:05:48.900
363751,100081699,24465,2,language-agnostic,2019-06-25T21:28:33.810
363751,100081699,24465,2,goto,2019-06-25T21:28:33.810
363751,100082264,24465,2,language-agnostic,2019-06-25T21:58:19.600
363751,100082264,24465,2,goto,2019-06-25T21:58:19.600
852254,15039464,24466,2,language-agnostic,2012-07-10T01:51:22.833
852254,15039464,24466,2,goto,2012-07-10T01:51:22.833
2881849,52909103,24466,2,language-agnostic,2015-09-11T14:17:35.710
2881849,52909103,24466,2,goto,2015-09-11T14:17:35.710
154502,7912680,5540,null,null,2011-07-14T02:21:51.663
200443,17219889,5540,null,null,2012-10-05T12:56:21.107
4403269,105343730,5540,null,null,2020-01-04T08:06:32.990
1659,1223,5557,null,null,2008-09-10T00:29:07.740
106,1240724,5588,null,null,2009-09-09T13:27:56.147
9034,11684062,5600,null,null,2010-11-03T18:20:12.173
13302,8798858,5607,null,null,2011-09-04T21:08:33.863
615,15452506,5607,null,null,2008-08-08T06:30:42.563
615,11684056,5608,null,null,2008-08-08T03:16:17.293
1796,11684057,5608,null,null,2008-09-28T18:57:48.730
49,11684078,5608,null,null,2008-08-22T04:44:53.243
1090562,50858629,5611,null,null,2015-07-16T03:28:00.860
null,9008494,5626,null,null,2008-08-08T04:04:36.930
493,9008498,5626,null,null,2008-08-08T04:09:20.430
1798593,62742000,24466,2,language-agnostic,2016-06-04T12:17:36.670
1798593,62742000,24466,2,goto,2016-06-04T12:17:36.670
194689,39582496,24470,1,sql-server,2009-10-26T13:35:15.120
194689,39582496,24470,1,t-sql,2009-10-26T13:35:15.120
194689,39582496,24470,1,pivot,2009-10-26T13:35:15.120
907438,47345105,24470,1,sql-server,2011-10-05T01:08:40.833
907438,47345105,24470,1,t-sql,2011-10-05T01:08:40.833
907438,47345105,24470,1,pivot,2011-10-05T01:08:40.833
740,47345131,24470,1,sql-server,2008-09-02T19:56:58.080
740,47345131,24470,1,t-sql,2008-09-02T19:56:58.080
740,47345131,24470,1,pivot,2008-09-02T19:56:58.080
1070,53970,24472,2,null,2008-10-03T12:24:59.260
11018,527878,24475,2,language-agnostic,2009-04-03T21:32:56.660
11018,527878,24475,2,goto,2009-04-03T21:32:56.660
1968,532622,24475,2,language-agnostic,2009-04-06T08:58:12.783
1968,532622,24475,2,goto,2009-04-06T08:58:12.783
501459,13517066,24475,2,language-agnostic,2012-05-05T19:30:45.413
501459,13517066,24475,2,goto,2012-05-05T19:30:45.413
1050373,27262722,24475,2,language-agnostic,2013-08-30T15:26:28.173
1050373,27262722,24475,2,goto,2013-08-30T15:26:28.173
1968,27263628,24475,2,language-agnostic,2013-08-30T15:53:01.840
1968,27263628,24475,2,goto,2013-08-30T15:53:01.840
1050373,27292100,24475,2,language-agnostic,2013-08-31T20:50:45.670
1050373,27292100,24475,2,goto,2013-08-31T20:50:45.670
1968,27292192,24475,2,language-agnostic,2013-08-31T20:57:46.790
1968,27292192,24475,2,goto,2013-08-31T20:57:46.790
22897,1034302,60914,null,null,2009-07-31T04:45:52.030
20553,9756208,60914,null,null,2011-11-02T09:10:39.227
203458,9760687,60914,null,null,2011-11-02T13:34:30.343
2103202,19171160,60914,null,null,2012-12-17T08:04:57.390
2122672,75827856,60914,null,null,2017-06-07T13:47:54.383
1748123,81002851,60914,null,null,2017-10-31T04:34:40.673
445686,83668750,60914,null,null,2018-01-19T13:04:58.760
2524010,28973456,60919,null,null,2013-10-22T21:41:09.683
1796,28996473,60919,null,null,2013-10-23T13:32:50.083
3973,39194713,60920,null,null,2008-09-14T00:26:39.803
1122,4354,60930,null,null,2008-09-14T09:29:23.057
5049,4254,60932,null,null,2008-09-13T22:49:22.283
57698,665483,60934,null,null,2009-05-13T12:48:05.180
57698,665487,60934,null,null,2009-05-13T12:48:39.627
1627,680320,60934,null,null,2009-05-16T17:16:22.853
877438,54396923,60934,null,null,2015-10-23T09:26:56.207
134647,41616219,60940,null,null,2014-10-21T16:05:45.977
11698,10426,60941,null,null,2008-09-17T12:07:35.520
89586,1568122,60945,null,null,2009-11-07T14:00:12.770
446791,4794178,47166,null,null,2010-12-09T12:30:18.117
3393574,99143480,47170,null,null,2019-05-22T19:17:12.157
828,193,47177,null,null,2008-09-07T23:09:03.410
7980,165444,47177,null,null,2008-11-28T17:04:19.707
95103,5386792,47177,null,null,2011-01-31T11:17:56.873
1291986,16630894,47177,null,null,2012-09-12T01:27:19.080
5819,477417,47186,null,null,2009-03-19T20:25:50.007
675285,7608217,47186,null,null,2011-06-24T22:08:56.177
4855,7659954,47186,null,null,2011-06-28T16:50:06.517
20979,1160403,47190,null,null,2009-08-25T07:04:36.863
3043,1554,47197,null,null,2008-09-10T14:58:01.940
651924,9044081,47197,null,null,2011-09-19T16:07:35.903
67268,693246,47199,null,null,2009-05-20T05:41:52.750
87294,943175,47199,null,null,2009-07-14T15:35:48.927
525725,8163823,47199,null,null,2011-07-28T17:59:06.423
null,16681249,47199,null,null,2012-09-13T17:22:00.630
6421779,100929144,47199,null,null,2019-07-26T00:14:40.913
1456887,45046845,47200,null,null,2015-02-05T18:40:04.883
84704,3317211,47208,null,null,2010-07-09T20:55:42.293
2134400,50815224,47239,null,null,2015-07-15T04:39:40.480
89752,746939,47240,null,null,2009-06-02T10:57:24.830
7898,11050,84485,null,null,2008-09-17T15:46:29.550
6106,11113,84485,null,null,2008-09-17T16:11:31.237
164334,55229092,84485,null,null,2015-11-16T07:11:14.637
375960,135182670,84485,null,null,2023-07-13T01:58:19.780
426,11213,84489,null,null,2008-09-17T16:52:42.607
117587,8141419,84491,null,null,2011-07-27T16:29:26.623
5822,11031,84494,null,null,2008-09-17T15:41:42.887
3492994,135447274,84496,null,null,2023-08-03T17:41:29.760
2757035,63885320,84505,null,null,2016-07-06T19:04:17.623
11023,11033,84513,null,null,2008-09-17T15:42:45.300
2506,31995,84513,null,null,2008-09-24T23:09:07.577
8205,11005,84528,null,null,2008-09-17T15:33:33.950
483,12030,84532,null,null,2008-09-17T21:22:00.850
13179,12040,84532,null,null,2008-09-17T21:25:02.840
10396,11517,84535,null,null,2008-09-17T18:30:27.050
4410,11057,84538,null,null,2008-09-17T15:48:35.130
13956,11032,84546,null,null,2008-09-17T15:42:10.513
606961,14214859,84546,null,null,2012-06-05T18:21:30.870
13289,11432,84557,null,null,2008-09-17T17:55:50.783
1050373,27299001,24475,2,language-agnostic,2013-09-01T08:28:09.040
1050373,27299001,24475,2,goto,2013-09-01T08:28:09.040
1968,27300763,24475,2,language-agnostic,2013-09-01T10:44:46.843
1968,27300763,24475,2,goto,2013-09-01T10:44:46.843
589259,37893342,24475,2,language-agnostic,2014-06-29T23:20:52.187
589259,37893342,24475,2,goto,2014-06-29T23:20:52.187
199364,39195425,24475,2,language-agnostic,2014-08-07T03:06:37.997
199364,39195425,24475,2,goto,2014-08-07T03:06:37.997
199364,39195594,24475,2,language-agnostic,2014-08-07T03:19:10.990
199364,39195594,24475,2,goto,2014-08-07T03:19:10.990
199364,39195708,24475,2,language-agnostic,2014-08-07T03:27:57.240
199364,39195708,24475,2,goto,2014-08-07T03:27:57.240
11018,41594917,24475,2,language-agnostic,2014-10-21T05:14:03.970
11018,41594917,24475,2,goto,2014-10-21T05:14:03.970
11018,41594931,24475,2,language-agnostic,2014-10-21T05:15:03.597
11018,41594931,24475,2,goto,2014-10-21T05:15:03.597
1968,41596848,24475,2,language-agnostic,2014-10-21T06:41:24.373
1968,41596848,24475,2,goto,2014-10-21T06:41:24.373
45914,2135111,24476,2,language-agnostic,2010-02-02T20:08:07.833
45914,2135111,24476,2,goto,2010-02-02T20:08:07.833
279,2281258,8789,null,null,2010-02-22T19:54:38.917
1011785,16215123,8789,null,null,2012-08-25T21:12:52.013
1250772,16480701,8789,null,null,2012-09-05T17:42:26.070
null,24781334,8789,null,null,2013-06-15T16:15:33.837
243557,24824806,8789,null,null,2013-06-17T14:49:23.637
null,31125151,8789,null,null,2013-12-24T22:03:22.870
572,55713,8794,null,null,2008-10-03T22:16:06.273
39371,1316782,8805,null,null,2009-09-23T18:10:19.590
73044,2821446,8810,null,null,2010-05-07T03:00:44.690
586754,18880855,8811,null,null,2012-12-06T09:58:41.653
1428854,20353177,8811,null,null,2013-01-29T12:23:04.783
199364,55170773,8811,null,null,2015-11-13T18:28:56.773
25891,82865,8815,null,null,2008-10-17T03:44:51.710
419,8669486,5629,null,null,2011-08-27T12:29:35.383
1418097,32004841,5645,null,null,2014-01-20T22:17:28.497
20578,2670553,5654,null,null,2010-04-16T15:41:52.563
215170,2742651,5654,null,null,2010-04-26T21:25:05.763
198123,7756672,5654,null,null,2011-07-05T03:31:23.480
330644,8412091,5654,null,null,2011-08-12T11:39:31.663
19746,14518422,5679,null,null,2012-06-18T17:59:52.313
129622,15265635,5686,null,null,2012-07-18T15:18:43.830
958373,99072487,5694,null,null,2019-05-20T17:58:09.247
875317,25056590,5695,null,null,2013-06-24T18:51:15.480
557534,60635410,5695,null,null,2016-04-09T09:13:21.787
678650,64103804,5695,null,null,2016-07-13T07:27:49.743
3223785,110132475,5695,null,null,2020-06-08T21:36:30.160
3223785,110132618,5695,null,null,2020-06-08T21:42:38.753
10786,50221,5697,null,null,2008-10-02T03:49:12.517
89512,1668399,5697,null,null,2009-11-23T09:07:17.013
342,1668410,5697,null,null,2009-11-23T09:10:57.297
342,1690519,5697,null,null,2009-11-26T09:13:16.557
20578,2670571,5697,null,null,2010-04-16T15:43:03.560
578091,5987235,5697,null,null,2011-03-15T06:26:44.940
3110094,34909796,5709,null,null,2014-04-05T09:01:28.793
232986,24490103,1309,2,c#,2013-06-06T09:38:04.907
232986,24490103,1309,2,.net,2013-06-06T09:38:04.907
232986,24490103,1309,2,io,2013-06-06T09:38:04.907
232986,24490103,1309,2,filelock,2013-06-06T09:38:04.907
24318,24909057,1309,2,c#,2013-06-19T18:01:34.677
24318,24909057,1309,2,.net,2013-06-19T18:01:34.677
24318,24909057,1309,2,io,2013-06-19T18:01:34.677
24318,24909057,1309,2,filelock,2013-06-19T18:01:34.677
826568,30778533,1309,2,c#,2013-12-13T20:50:08.403
826568,30778533,1309,2,.net,2013-12-13T20:50:08.403
826568,30778533,1309,2,io,2013-12-13T20:50:08.403
826568,30778533,1309,2,filelock,2013-12-13T20:50:08.403
267,30780336,1309,2,c#,2013-12-13T21:52:10.747
267,30780336,1309,2,.net,2013-12-13T21:52:10.747
267,30780336,1309,2,io,2013-12-13T21:52:10.747
267,30780336,1309,2,filelock,2013-12-13T21:52:10.747
826568,30858137,1309,2,c#,2013-12-16T19:20:42.517
826568,30858137,1309,2,.net,2013-12-16T19:20:42.517
826568,30858137,1309,2,io,2013-12-16T19:20:42.517
826568,30858137,1309,2,filelock,2013-12-16T19:20:42.517
141172,31799976,1309,2,c#,2014-01-15T07:56:57.993
141172,31799976,1309,2,.net,2014-01-15T07:56:57.993
141172,31799976,1309,2,io,2014-01-15T07:56:57.993
141172,31799976,1309,2,filelock,2014-01-15T07:56:57.993
54323,88079003,1309,2,c#,2018-05-25T16:37:22.213
54323,88079003,1309,2,.net,2018-05-25T16:37:22.213
54323,88079003,1309,2,io,2018-05-25T16:37:22.213
54323,88079003,1309,2,filelock,2018-05-25T16:37:22.213
1171201,95930082,1309,2,c#,2019-02-07T03:26:29.763
1171201,95930082,1309,2,.net,2019-02-07T03:26:29.763
1171201,95930082,1309,2,io,2019-02-07T03:26:29.763
1171201,95930082,1309,2,filelock,2019-02-07T03:26:29.763
2932782,136423168,1309,2,c#,2023-10-29T17:16:00.817
2932782,136423168,1309,2,.net,2023-10-29T17:16:00.817
2932782,136423168,1309,2,io,2023-10-29T17:16:00.817
2932782,136423168,1309,2,filelock,2023-10-29T17:16:00.817
156755,62081673,1313,1,language-agnostic,2016-05-17T13:52:50.270
156755,62081673,1313,1,colors,2016-05-17T13:52:50.270
1569557,19622413,1318,2,ruby,2013-01-04T19:41:44.390
1569557,19622413,1318,2,unix,2013-01-04T19:41:44.390
1569557,19622413,1318,2,curses,2013-01-04T19:41:44.390
376680,48212154,1318,2,ruby,2015-05-05T09:06:24.923
376680,48212154,1318,2,unix,2015-05-05T09:06:24.923
376680,48212154,1318,2,curses,2015-05-05T09:06:24.923
92493,17747958,1325,2,language-agnostic,2012-10-25T10:34:28.037
92493,17747958,1325,2,colors,2012-10-25T10:34:28.037
2642204,28113021,1325,2,language-agnostic,2013-09-26T10:49:15.710
2642204,28113021,1325,2,colors,2013-09-26T10:49:15.710
3409688,59083065,1325,2,language-agnostic,2016-02-29T15:27:42.563
3409688,59083065,1325,2,colors,2016-02-29T15:27:42.563
9021,17856520,68503,null,null,2012-10-29T22:04:10.317
133458,20166047,68503,null,null,2013-01-23T08:13:56.443
60518,9964131,68517,null,null,2011-11-14T14:11:40.837
501945,10284998,68517,null,null,2011-12-01T11:49:48.160
694325,19047552,68517,null,null,2012-12-12T11:40:34.373
45603,42278,68525,null,null,2008-09-29T06:43:22.543
15100,16469867,68527,null,null,2008-09-17T12:15:21.353
1028230,21601089,68530,null,null,2013-03-08T22:05:10.227
102675,1198066,68538,null,null,2009-09-01T05:58:27.917
10724,1273771,68538,null,null,2009-09-15T21:26:42.333
62544,3004482,68546,null,null,2010-06-01T08:06:01.050
21299,7483195,68546,null,null,2011-06-17T13:41:57.140
954579,12611507,68546,null,null,2012-03-27T10:19:34.477
54420,12649556,68546,null,null,2012-03-28T17:52:45.897
26428,3077942,68547,null,null,2010-06-10T04:24:12.307
110707,30154269,68548,null,null,2013-11-26T15:37:56.787
null,43951085,68558,null,null,2015-01-04T20:39:10.020
10668,6562,68566,null,null,2008-09-16T02:16:43.873
9815,6505,68575,null,null,2008-09-16T01:47:57.780
233014,69574543,43163,null,null,2016-12-16T15:16:12.163
5477493,113598241,43163,null,null,2020-10-07T09:20:13.420
1092951,26470615,43168,null,null,2013-08-06T16:20:27.900
207421,29223759,43168,null,null,2013-10-30T08:05:06.343
4050,4818687,43180,1,operating-system,2010-12-11T15:58:12.203
4050,4818687,43180,1,kernel,2010-12-11T15:58:12.203
4050,4818687,43180,1,osdev,2010-12-11T15:58:12.203
143225,8620842,43180,1,operating-system,2011-08-24T19:04:57.093
143225,8620842,43180,1,kernel,2011-08-24T19:04:57.093
143225,8620842,43180,1,osdev,2011-08-24T19:04:57.093
2790036,40273039,43180,1,operating-system,2014-09-09T22:46:31.620
2790036,40273039,43180,1,kernel,2014-09-09T22:46:31.620
2790036,40273039,43180,1,osdev,2014-09-09T22:46:31.620
4050,40428304,43180,1,operating-system,2014-09-15T01:50:19.827
4050,40428304,43180,1,kernel,2014-09-15T01:50:19.827
4050,40428304,43180,1,osdev,2014-09-15T01:50:19.827
53897,66056114,43180,1,operating-system,2016-09-07T07:23:03.577
53897,66056114,43180,1,kernel,2016-09-07T07:23:03.577
53897,66056114,43180,1,osdev,2016-09-07T07:23:03.577
4107607,69312629,43180,1,operating-system,2016-12-09T03:30:31.180
4107607,69312629,43180,1,kernel,2016-12-09T03:30:31.180
4107607,69312629,43180,1,osdev,2016-12-09T03:30:31.180
224132,80204397,43180,1,operating-system,2017-10-08T02:29:03.743
224132,80204397,43180,1,kernel,2017-10-08T02:29:03.743
224132,80204397,43180,1,osdev,2017-10-08T02:29:03.743
5863987,81123409,43180,1,operating-system,2017-11-03T00:55:26.410
5863987,81123409,43180,1,kernel,2017-11-03T00:55:26.410
5863987,81123409,43180,1,osdev,2017-11-03T00:55:26.410
1949418,89769208,43180,1,operating-system,2018-07-18T10:05:53.850
1949418,89769208,43180,1,kernel,2018-07-18T10:05:53.850
1949418,89769208,43180,1,osdev,2018-07-18T10:05:53.850
368070,28749676,43183,2,operating-system,2013-10-16T06:45:36.867
368070,28749676,43183,2,kernel,2013-10-16T06:45:36.867
368070,28749676,43183,2,osdev,2013-10-16T06:45:36.867
41291,173168,43196,1,virtual-pc,2008-12-03T12:49:24.523
41291,173168,43196,1,hyper-v,2008-12-03T12:49:24.523
2009,741305,43201,1,asp.net-mvc,2009-06-01T01:10:30.787
2009,741305,43201,1,routes,2009-06-01T01:10:30.787
2009,741305,43201,1,controller,2009-06-01T01:10:30.787
3434,191042,43209,2,null,2008-12-11T18:38:24.517
2459834,31606059,31171,null,null,2014-01-09T16:39:39.317
536226,7380585,31174,null,null,2011-06-11T07:52:38.473
555798,22213750,31174,null,null,2013-03-27T07:02:28.770
1000,47672715,31174,null,null,2015-04-21T11:40:21.063
676797,49580845,31174,null,null,2015-06-10T18:16:22.807
5599210,63667938,31174,null,null,2016-06-30T08:30:52.877
4104224,80588883,31174,null,null,2017-10-18T23:29:19.637
2389018,110690012,31174,null,null,2020-06-26T09:41:43.643
57120,2274727,31176,null,null,2010-02-21T23:24:28.107
61905,587571,31191,null,null,2009-04-22T12:06:26.757
99923,1751551,31191,null,null,2009-12-06T20:24:54.880
7713750,96570802,31207,null,null,2019-02-27T09:12:14.677
65994,124653344,31207,null,null,2021-12-29T09:29:45.030
1223719,25174679,31218,null,null,2013-06-27T17:57:28.643
15168,64225477,31235,null,null,2016-07-16T06:52:26.857
6330,77489397,31237,null,null,2008-09-15T05:50:29.937
189089,62852126,31248,null,null,2016-06-07T19:15:04.317
3261814,109006811,31248,null,null,2020-05-05T23:09:31.817
null,17816834,31250,null,null,2012-04-02T16:29:53.843
15304,25225749,79547,null,null,2013-06-29T08:43:42.953
16590,36402784,79547,null,null,2014-05-16T01:34:23.547
1754322,45282803,79547,null,null,2015-02-12T14:38:28.827
514350,74611710,79547,null,null,2017-05-04T14:27:17.300
370786,84455358,79547,null,null,2018-02-11T04:09:36.073
2886205,85793045,79547,null,null,2018-03-20T23:11:49.340
7104,9763,79548,null,null,2008-09-17T05:32:40.570
13956,14552,79550,null,null,2008-09-18T17:14:30.203
25758,1582643,79550,null,null,2009-11-10T08:03:40.207
698512,16179454,79553,null,null,2012-08-24T07:22:01.557
2586371,45961512,79553,null,null,2015-03-04T04:14:04.187
3146,45997980,79553,null,null,2015-03-04T22:46:00.913
2914896,88142878,79553,null,null,2018-05-28T12:26:47.797
7104,9510,79562,null,null,2008-09-17T03:23:47.777
13594,9528,79563,null,null,2008-09-17T03:34:06.800
11289,12250,79569,null,null,2008-09-17T22:50:13.277
2581,9608,79570,null,null,2008-09-17T04:09:32.957
11196,9535,79571,null,null,2008-09-17T03:38:19.787
16084,114514,79577,null,null,2008-11-01T00:41:29.003
14790,9498,79579,null,null,2008-09-17T03:17:50.723
14663,115523,79586,null,null,2008-11-02T08:41:45.677
2288,368486,79586,null,null,2009-02-17T14:57:21.657
30153,449822,79586,null,null,2009-03-11T22:06:39.333
60777,2135206,24476,2,language-agnostic,2010-02-02T20:18:00.020
60777,2135206,24476,2,goto,2010-02-02T20:18:00.020
66601,2847856,24476,2,language-agnostic,2010-05-11T09:15:40.673
66601,2847856,24476,2,goto,2010-05-11T09:15:40.673
226648,3088951,24476,2,language-agnostic,2010-06-11T08:51:26.633
226648,3088951,24476,2,goto,2010-06-11T08:51:26.633
239916,9851444,24476,2,language-agnostic,2011-11-08T00:47:59.670
239916,9851444,24476,2,goto,2011-11-08T00:47:59.670
389099,21002350,24476,2,language-agnostic,2013-02-19T15:17:22.920
389099,21002350,24476,2,goto,2013-02-19T15:17:22.920
627042,31710666,24476,2,language-agnostic,2014-01-13T02:15:48.220
627042,31710666,24476,2,goto,2014-01-13T02:15:48.220
574115,32291324,24476,2,language-agnostic,2014-01-28T13:34:46.243
574115,32291324,24476,2,goto,2014-01-28T13:34:46.243
1840613,35744999,24476,2,language-agnostic,2014-04-28T13:20:39.393
1840613,35744999,24476,2,goto,2014-04-28T13:20:39.393
3032289,37436544,24476,2,language-agnostic,2014-06-16T08:07:05.847
3032289,37436544,24476,2,goto,2014-06-16T08:07:05.847
null,48096292,24476,2,language-agnostic,2015-05-01T14:13:30.207
null,48096292,24476,2,goto,2015-05-01T14:13:30.207
null,48096434,24476,2,language-agnostic,2015-05-01T14:18:08.377
null,48096434,24476,2,goto,2015-05-01T14:18:08.377
917,98246,8815,null,null,2008-10-24T08:28:42.210
1174024,62514817,8815,null,null,2016-05-29T13:36:34.743
1259614,68020013,8815,null,null,2016-11-02T15:42:45.533
1259614,68020506,8815,null,null,2016-11-02T15:53:49.177
1259614,68020513,8815,null,null,2016-11-02T15:53:56.063
290182,12962973,8820,null,null,2012-04-12T00:48:23.437
738,473247,8830,null,null,2009-03-18T19:18:33.557
1415724,29211345,8864,null,null,2013-10-29T21:25:11.907
1644320,92968440,8864,null,null,2018-10-28T17:28:58.867
1415724,92968486,8864,null,null,2018-10-28T17:31:07.140
1644320,92968523,8864,null,null,2018-10-28T17:32:47.597
1415724,92968552,8864,null,null,2018-10-28T17:33:51.480
4169175,94608614,8864,null,null,2018-12-21T07:47:50.013
6548202,97405852,8864,null,null,2019-03-25T14:46:15.540
16744,1035038,43209,2,null,2009-07-31T08:42:28.713
38207,1497157,43209,2,null,2009-10-27T06:07:05.553
13924,2687124,43209,2,null,2010-04-19T16:02:24.447
13924,2687140,43209,2,null,2010-04-19T16:03:58.113
37213,118660350,43224,1,c#,2021-04-16T19:12:34.427
37213,118660350,43224,1,math,2021-04-16T19:12:34.427
37213,118660350,43224,1,graph,2021-04-16T19:12:34.427
267197,5118384,43226,2,null,2011-01-10T16:00:16.880
2679,115889000,43226,2,null,2021-01-03T09:40:24.670
58013,6812122,43229,2,c#,2011-05-06T19:28:41.087
58013,6812122,43229,2,math,2011-05-06T19:28:41.087
58013,6812122,43229,2,graph,2011-05-06T19:28:41.087
58013,6812573,43229,2,c#,2011-05-06T20:02:31.627
58013,6812573,43229,2,math,2011-05-06T20:02:31.627
58013,6812573,43229,2,graph,2011-05-06T20:02:31.627
292578,7012646,43229,2,c#,2011-05-19T12:40:00.250
292578,7012646,43229,2,math,2011-05-19T12:40:00.250
292578,7012646,43229,2,graph,2011-05-19T12:40:00.250
446921,7320566,43229,2,c#,2011-06-07T23:22:01.843
446921,7320566,43229,2,math,2011-06-07T23:22:01.843
446921,7320566,43229,2,graph,2011-06-07T23:22:01.843
880118,16750712,43229,2,c#,2012-09-17T08:25:23.097
880118,16750712,43229,2,math,2012-09-17T08:25:23.097
880118,16750712,43229,2,graph,2012-09-17T08:25:23.097
1829329,59838082,43235,2,null,2016-03-19T02:03:13.530
480391,92377539,43235,2,null,2018-10-09T17:14:08.830
52522,1885772,43239,2,c#,2009-12-28T20:40:19.530
52522,1885772,43239,2,math,2009-12-28T20:40:19.530
52522,1885772,43239,2,graph,2009-12-28T20:40:19.530
880118,24281313,43239,2,c#,2013-05-30T15:09:13.573
880118,24281313,43239,2,math,2013-05-30T15:09:13.573
880118,24281313,43239,2,graph,2013-05-30T15:09:13.573
2283,118776,19835,null,null,2008-11-04T11:50:15.517
3205,448085,19835,null,null,2009-03-11T14:58:45.603
120292,2344754,19835,null,null,2010-03-03T05:05:42.363
233643,2111148,19838,null,null,2010-01-30T00:23:52.210
2148,2137536,19838,null,null,2010-02-03T02:06:49.860
236255,6100254,19865,null,null,2011-03-22T16:17:43.667
173149,9705311,19896,null,null,2011-10-29T23:24:03.763
2363,3762455,19929,null,null,2010-08-27T16:47:55.350
444079,29275890,19929,null,null,2013-10-31T13:48:37.440
53238,6021125,19930,null,null,2011-03-17T00:47:40.360
8173870,128311661,19936,null,null,2022-06-16T00:05:42.770
41021,317826,19939,null,null,2009-02-02T10:59:05.053
31351,980118,19939,null,null,2009-07-21T18:48:17.793
77318,6366517,19939,null,null,2011-04-08T09:48:07.940
395685,8330080,19939,null,null,2011-08-08T12:03:58.920
1870,9029651,19939,null,null,2011-09-18T18:11:36.157
70386,62061310,19949,null,null,2016-05-17T05:03:44.417
2285,94116,19959,null,null,2008-10-22T19:48:03.243
200292,10559074,19959,null,null,2011-12-15T21:03:17.737
550975,20157058,19959,null,null,2013-01-22T23:01:38.573
456456,59399084,19959,null,null,2016-03-08T12:43:01.297
1735928,36416631,19963,null,null,2014-05-16T15:43:18.213
159057,8843043,26881,null,null,2011-09-07T11:52:24.253
1627,8847445,26881,null,null,2011-09-07T15:24:46.190
1129978,115642384,26881,null,null,2020-12-22T14:12:08.587
155082,4006681,26890,null,null,2010-09-23T21:55:12.210
14420,5776605,26910,null,null,2011-02-28T19:47:24.963
2313097,101860431,26910,null,null,2019-08-29T11:28:49.933
42323,8067202,26921,null,null,2011-07-22T21:15:51.387
14148,549827,26929,null,null,2009-04-10T16:57:26.660
2213,560896,26929,null,null,2009-04-14T21:54:45.477
93764,5880278,26933,null,null,2011-03-07T22:36:15.047
null,14466529,26933,null,null,2012-06-15T19:31:27.047
279335,21042050,26933,null,null,2013-02-20T15:50:21.423
4729,141,47256,null,null,2008-09-07T17:20:31.063
1659,3029,47256,null,null,2008-09-12T03:47:55.513
1659,121237,47256,null,null,2008-11-05T15:00:15.273
157882,10064711,47262,null,null,2011-11-19T02:49:08.740
2383,10065044,47263,null,null,2008-09-07T10:25:35.523
341971,40185509,47266,null,null,2014-09-07T07:54:46.460
5937168,124102459,47266,null,null,2021-12-02T17:51:14.863
2383,10065037,47269,null,null,2008-09-06T05:49:56.800
1113636,66664943,47273,null,null,2016-09-25T01:08:28.810
2116897,99613782,47273,null,null,2019-06-09T10:30:57.697
4504313,108582747,47273,null,null,2020-04-23T05:06:22.753
4123671,120545114,47273,null,null,2021-07-01T07:36:31.487
2624611,136956341,47273,null,null,2023-12-19T12:26:08.900
880118,16750742,47286,null,null,2012-09-17T08:26:46.230
356218,22466910,47286,null,null,2013-04-03T22:25:02.160
1575120,106315102,47286,null,null,2020-02-07T10:12:59.210
1081396,35863462,47290,null,null,2014-05-01T10:46:47.167
37559,1661232,47303,null,null,2009-11-21T15:01:59.110
172763,10653276,47303,null,null,2011-12-21T11:37:04.007
null,7536586,47304,null,null,2011-06-21T10:42:23.713
3032289,48166567,24476,2,language-agnostic,2015-05-04T07:27:06.407
3032289,48166567,24476,2,goto,2015-05-04T07:27:06.407
385907,49190906,24476,2,language-agnostic,2015-05-31T16:27:09.617
385907,49190906,24476,2,goto,2015-05-31T16:27:09.617
1224741,50601757,24476,2,language-agnostic,2015-07-09T00:31:22.323
1224741,50601757,24476,2,goto,2015-07-09T00:31:22.323
3282056,99688992,24476,2,language-agnostic,2019-06-12T02:33:47.353
3282056,99688992,24476,2,goto,2019-06-12T02:33:47.353
1954661,132422317,24476,2,language-agnostic,2023-01-07T11:12:16.247
1954661,132422317,24476,2,goto,2023-01-07T11:12:16.247
536,4933095,24477,2,.net,2010-12-22T06:28:41.950
536,4933095,24477,2,security,2010-12-22T06:28:41.950
204723,6839503,24481,1,database,2011-05-09T10:25:29.880
204723,6839503,24481,1,internationalization,2011-05-09T10:25:29.880
204723,6839503,24481,1,globalization,2011-05-09T10:25:29.880
204723,6839503,24481,1,street-address,2011-05-09T10:25:29.880
41591,18232145,24481,1,database,2009-01-15T13:40:08.353
41591,18232145,24481,1,internationalization,2009-01-15T13:40:08.353
41591,18232145,24481,1,globalization,2009-01-15T13:40:08.353
41591,18232145,24481,1,street-address,2009-01-15T13:40:08.353
3137927,31605677,24481,1,database,2014-01-09T16:30:54.507
3137927,31605677,24481,1,internationalization,2014-01-09T16:30:54.507
3137927,31605677,24481,1,globalization,2014-01-09T16:30:54.507
3137927,31605677,24481,1,street-address,2014-01-09T16:30:54.507
173347,1292507,24485,2,database,2009-09-18T19:16:24.440
173347,1292507,24485,2,internationalization,2009-09-18T19:16:24.440
173347,1292507,24485,2,globalization,2009-09-18T19:16:24.440
173347,1292507,24485,2,street-address,2009-09-18T19:16:24.440
2733431,43358803,24490,2,null,2014-12-13T16:50:58.697
1720085,82793191,24492,2,null,2017-12-20T19:04:22.470
104767,1251648,24498,2,model-view-controller,2009-09-11T08:01:17.873
104767,1251648,24498,2,mvp,2009-09-11T08:01:17.873
104767,1251648,24498,2,passive-view,2009-09-11T08:01:17.873
104767,1251648,24498,2,architectural-patterns,2009-09-11T08:01:17.873
296308,2984652,24498,2,model-view-controller,2010-05-28T17:11:04.210
296308,2984652,24498,2,mvp,2010-05-28T17:11:04.210
296308,2984652,24498,2,passive-view,2010-05-28T17:11:04.210
296308,2984652,24498,2,architectural-patterns,2010-05-28T17:11:04.210
364,241,49197,null,null,2008-09-08T05:57:45.470
83658,2213262,49198,null,null,2010-02-12T18:34:36.930
80075,7533551,49198,null,null,2011-06-21T07:16:30.537
83658,7578394,49198,null,null,2011-06-23T11:29:50.330
80075,7582666,49198,null,null,2011-06-23T15:10:27.710
14007,122461716,49210,null,null,2021-09-22T14:49:39.413
2377399,132635743,49214,null,null,2023-01-18T16:44:45.303
3641,256,49218,null,null,2008-09-08T07:49:22.347
16940,937886,49218,null,null,2009-07-13T19:01:50.530
228164,51589772,49218,null,null,2015-08-05T13:29:16.847
6620077,65151657,49218,null,null,2016-08-11T12:27:56.443
79881,6716885,49230,null,null,2011-05-01T09:30:45.090
89373,1001264,49233,null,null,2009-07-24T20:49:01.883
2653,51154616,49233,null,null,2015-07-24T03:32:39.497
23569,4996465,49263,null,null,2010-12-29T18:22:39.140
1,8704112,49263,null,null,2008-09-08T07:31:08.803
3955,284,49266,null,null,2008-09-08T10:28:34.790
1010492,48276556,81991,null,null,2015-05-06T15:52:04.663
18893,49020581,81991,null,null,2015-05-26T22:34:11.097
null,68027676,81991,null,null,2016-11-02T19:15:55.187
58107,93225699,81991,null,null,2018-11-06T08:08:19.203
2684,10301,81993,null,null,2008-09-17T11:00:39.987
2257,10306,81993,null,null,2008-09-17T11:03:37.610
14860,10382,82003,null,null,2008-09-17T11:47:59.017
7867,91207,82005,null,null,2008-10-21T20:13:32.990
15537,10324,82012,null,null,2008-09-17T11:13:32.203
15537,10368,82013,null,null,2008-09-17T11:42:26.017
234,12408,82013,null,null,2008-09-18T00:10:16.407
6264,10307,82014,null,null,2008-09-17T11:04:21.383
2095,10374,82015,null,null,2008-09-17T11:43:25.983
9539,10328,82021,null,null,2008-09-17T11:15:14.710
5074,11162,82025,null,null,2008-09-17T16:29:40.477
11698,13899663,82033,null,null,2012-05-22T15:50:49.760
10869719,127203712,8864,null,null,2022-04-24T12:21:22.947
129900,967116,8865,null,null,2009-07-18T22:32:28.187
12081,972264,8865,null,null,2009-07-20T13:51:26.337
1415724,29211284,8869,null,null,2013-10-29T21:22:59.540
4742149,104640498,8869,null,null,2019-12-06T11:14:30.197
328115,118201488,8869,null,null,2021-03-30T09:40:36.640
9271344,123446028,8869,null,null,2021-11-04T08:24:31.547
1335,280976,8876,null,null,2009-01-20T18:20:12.720
224955,18897330,8876,null,null,2010-05-18T23:17:47.277
58805,30045674,8876,null,null,2013-11-23T00:18:01.893
12534,1967174,8879,null,null,2010-01-11T11:34:57.750
14420,8219548,8879,null,null,2011-08-01T19:19:02.423
244353,11339901,8884,null,null,2012-01-27T20:53:53.990
1401388,27993261,8884,null,null,2013-09-23T08:40:14.717
47733,3240364,8896,null,null,2010-06-30T19:03:21.977
563,4172400,8906,null,null,2010-10-12T10:10:18.870
404,4173590,8906,null,null,2010-10-12T12:16:53.783
5542,446943,8908,null,null,2009-03-11T10:22:36.907
626084,7119566,8908,null,null,2011-05-26T05:25:39.613
794749,129584500,8912,null,null,2022-08-16T16:40:10.847
324220,9983475,8916,null,null,2011-11-15T12:31:34.963
6674014,105659710,52102,null,null,2020-01-15T17:41:26.357
146270,29504,52109,null,null,2008-09-24T08:00:35.140
5380,1151764,52117,null,null,2009-08-23T14:49:58.230
3474,6679587,52118,null,null,2011-04-28T14:51:08.923
103295,12481316,52118,null,null,2012-03-21T08:53:22.857
836215,21405019,52118,null,null,2013-03-03T23:00:53.547
209129,60354488,52118,null,null,2016-04-01T23:53:40.943
15168,100320,52121,null,null,2008-10-24T23:45:04.810
2260,816358,52133,null,null,2009-06-17T14:51:47.530
232566,12778359,52134,null,null,2012-04-03T16:37:46.813
110151,1286565,52136,null,null,2009-09-17T20:43:21.887
450917,5332711,52136,null,null,2011-01-26T21:41:51.727
3993,976,52149,null,null,2008-09-09T15:33:46.560
4926,998,52149,null,null,2008-09-09T16:12:59.523
3993,2114,52149,null,null,2008-09-11T07:44:18.107
5197,995,52152,null,null,2008-09-09T16:11:04.957
18891,3247387,52159,null,null,2010-07-01T13:36:45.527
603807,103139271,52159,null,null,2019-10-15T14:22:09.717
3619,975,52161,null,null,2008-09-09T15:33:27.230
2955568,131348754,52187,null,null,2022-11-11T14:15:45.030
2915,45686893,43239,2,c#,2015-02-24T14:32:27.290
2915,45686893,43239,2,math,2015-02-24T14:32:27.290
2915,45686893,43239,2,graph,2015-02-24T14:32:27.290
null,1150470,43248,2,operating-system,2009-08-23T01:19:35.757
null,1150470,43248,2,kernel,2009-08-23T01:19:35.757
null,1150470,43248,2,osdev,2009-08-23T01:19:35.757
718,1416810,43248,2,operating-system,2009-10-13T03:33:13.053
718,1416810,43248,2,kernel,2009-10-13T03:33:13.053
718,1416810,43248,2,osdev,2009-10-13T03:33:13.053
2084,12063779,43249,1,sql-server,2008-09-04T08:21:05.333
2084,12063779,43249,1,t-sql,2008-09-04T08:21:05.333
2084,12063779,43249,1,stored-procedures,2008-09-04T08:21:05.333
1865,12063782,43249,1,sql-server,2008-09-04T07:14:43.527
1865,12063782,43249,1,t-sql,2008-09-04T07:14:43.527
1865,12063782,43249,1,stored-procedures,2008-09-04T07:14:43.527
2404470,37904782,43249,1,sql-server,2014-06-30T09:51:39.133
2404470,37904782,43249,1,t-sql,2014-06-30T09:51:39.133
2404470,37904782,43249,1,stored-procedures,2014-06-30T09:51:39.133
5599,1394303,43260,2,sql-server,2009-10-08T14:22:57.687
5599,1394303,43260,2,t-sql,2009-10-08T14:22:57.687
5599,1394303,43260,2,stored-procedures,2009-10-08T14:22:57.687
3254993,75349701,43260,2,sql-server,2017-05-24T19:14:39.920
3254993,75349701,43260,2,t-sql,2017-05-24T19:14:39.920
3254993,75349701,43260,2,stored-procedures,2017-05-24T19:14:39.920
17516,18471,43271,2,null,2008-09-19T18:19:50.967
946112,27738113,43281,2,windows,2013-09-15T00:19:19.103
946112,27738113,43281,2,command-line,2013-09-15T00:19:19.103
946112,27738113,43281,2,console,2013-09-15T00:19:19.103
946112,27738113,43281,2,cmd,2013-09-15T00:19:19.103
86483,1079040,43289,1,c#,2009-08-09T20:45:24.207
86483,1079040,43289,1,.net,2009-08-09T20:45:24.207
86483,1079040,43289,1,arrays,2009-08-09T20:45:24.207
86483,1079040,43289,1,performance,2009-08-09T20:45:24.207
86483,1079040,43289,1,j#,2009-08-09T20:45:24.207
496865,16362723,43289,1,c#,2012-08-31T12:10:35.160
496865,16362723,43289,1,.net,2012-08-31T12:10:35.160
496865,16362723,43289,1,arrays,2012-08-31T12:10:35.160
496865,16362723,43289,1,performance,2012-08-31T12:10:35.160
496865,16362723,43289,1,j#,2012-08-31T12:10:35.160
4489,135544822,43289,1,c#,2023-08-11T23:20:44.340
4489,135544822,43289,1,.net,2023-08-11T23:20:44.340
4489,135544822,43289,1,arrays,2023-08-11T23:20:44.340
4489,135544822,43289,1,performance,2023-08-11T23:20:44.340
4489,135544822,43289,1,j#,2023-08-11T23:20:44.340
4177,28261,43292,2,c++,2008-09-23T20:48:59.450
4177,28261,43292,2,exception,2008-09-23T20:48:59.450
4177,28261,43292,2,gcc,2008-09-23T20:48:59.450
4177,28261,43292,2,visual-c++,2008-09-23T20:48:59.450
4177,28261,43292,2,profiling,2008-09-23T20:48:59.450
1336654,64107471,43303,2,c#,2016-07-13T09:04:45.720
1336654,64107471,43303,2,.net,2016-07-13T09:04:45.720
1336654,64107471,43303,2,arrays,2016-07-13T09:04:45.720
1336654,64107471,43303,2,performance,2016-07-13T09:04:45.720
1336654,64107471,43303,2,j#,2016-07-13T09:04:45.720
254276,5253758,43310,2,c#,2011-01-20T18:18:33.770
254276,5253758,43310,2,.net,2011-01-20T18:18:33.770
254276,5253758,43310,2,arrays,2011-01-20T18:18:33.770
254276,5253758,43310,2,performance,2011-01-20T18:18:33.770
254276,5253758,43310,2,j#,2011-01-20T18:18:33.770
4489,5430275,43310,2,c#,2011-02-03T02:53:31.033
4489,5430275,43310,2,.net,2011-02-03T02:53:31.033
4489,5430275,43310,2,arrays,2011-02-03T02:53:31.033
4489,5430275,43310,2,performance,2011-02-03T02:53:31.033
4489,5430275,43310,2,j#,2011-02-03T02:53:31.033
471178,39083734,43310,2,c#,2014-08-04T07:31:01.840
471178,39083734,43310,2,.net,2014-08-04T07:31:01.840
471178,39083734,43310,2,arrays,2014-08-04T07:31:01.840
471178,39083734,43310,2,performance,2014-08-04T07:31:01.840
471178,39083734,43310,2,j#,2014-08-04T07:31:01.840
3808828,40540307,43310,2,c#,2014-09-17T22:47:03.643
3808828,40540307,43310,2,.net,2014-09-17T22:47:03.643
3808828,40540307,43310,2,arrays,2014-09-17T22:47:03.643
3808828,40540307,43310,2,performance,2014-09-17T22:47:03.643
3808828,40540307,43310,2,j#,2014-09-17T22:47:03.643
2368,15565979,37474,2,c++,2012-07-30T22:01:16.450
2368,15565979,37474,2,exception,2012-07-30T22:01:16.450
2368,15565979,37474,2,assert,2012-07-30T22:01:16.450
138290,112532395,37474,2,c++,2020-08-28T16:40:15.963
138290,112532395,37474,2,exception,2020-08-28T16:40:15.963
138290,112532395,37474,2,assert,2020-08-28T16:40:15.963
47281,531788,37476,2,ios,2009-04-05T22:00:56.093
47281,531788,37476,2,iphone,2009-04-05T22:00:56.093
23973,703790,37476,2,ios,2009-05-22T03:46:27.423
23973,703790,37476,2,iphone,2009-05-22T03:46:27.423
319741,6905111,37476,2,ios,2011-05-12T17:49:08.050
319741,6905111,37476,2,iphone,2011-05-12T17:49:08.050
1028481,10798312,37476,2,ios,2011-12-30T21:36:27.030
1028481,10798312,37476,2,iphone,2011-12-30T21:36:27.030
188252,11233743,37476,2,ios,2012-01-23T08:17:21.373
188252,11233743,37476,2,iphone,2012-01-23T08:17:21.373
1343,5502494,37477,2,algorithm,2011-02-08T17:04:59.207
1343,5502494,37477,2,correctness,2011-02-08T17:04:59.207
985,7459421,37486,1,python,2008-09-02T09:54:12.287
985,7459421,37486,1,html,2008-09-02T09:54:12.287
11206,55391,37491,null,null,2008-10-03T20:05:22.170
373025,3182878,37491,null,null,2010-06-23T16:19:53.383
431528,7249233,37491,null,null,2011-06-03T05:49:12.763
2757035,77673063,37491,null,null,2017-07-27T16:05:27.603
2659,5039139,37506,null,null,2011-01-03T20:23:29.330
316244,58449166,37507,null,null,2016-02-12T20:28:37.617
3655,30078,37518,null,null,2008-09-24T13:16:56.317
4086,77285,37518,null,null,2008-10-14T19:51:32.180
51518,1873792,37522,null,null,2009-12-25T08:09:13.730
20971,93664,24499,2,java,2008-10-22T17:00:30.850
20971,93664,24499,2,db4o,2008-10-22T17:00:30.850
536,341609,24499,2,java,2009-02-09T15:41:34.350
536,341609,24499,2,db4o,2009-02-09T15:41:34.350
157321,3042288,24499,2,java,2010-06-05T16:20:30.830
157321,3042288,24499,2,db4o,2010-06-05T16:20:30.830
66372,5846860,24499,2,java,2011-03-05T00:45:45.777
66372,5846860,24499,2,db4o,2011-03-05T00:45:45.777
13397,86650,24501,2,database,2008-10-19T18:49:13.973
13397,86650,24501,2,internationalization,2008-10-19T18:49:13.973
13397,86650,24501,2,globalization,2008-10-19T18:49:13.973
13397,86650,24501,2,street-address,2008-10-19T18:49:13.973
20980,86670,24501,2,database,2008-10-19T19:08:33.077
20980,86670,24501,2,internationalization,2008-10-19T19:08:33.077
20980,86670,24501,2,globalization,2008-10-19T19:08:33.077
20980,86670,24501,2,street-address,2008-10-19T19:08:33.077
2131,104340,24501,2,database,2008-10-27T20:40:30.837
2131,104340,24501,2,internationalization,2008-10-27T20:40:30.837
2131,104340,24501,2,globalization,2008-10-27T20:40:30.837
2131,104340,24501,2,street-address,2008-10-27T20:40:30.837
2131,104343,24501,2,database,2008-10-27T20:41:29.447
2131,104343,24501,2,internationalization,2008-10-27T20:41:29.447
2131,104343,24501,2,globalization,2008-10-27T20:41:29.447
2131,104343,24501,2,street-address,2008-10-27T20:41:29.447
42119,3028392,24501,2,database,2010-06-03T19:22:09.187
42119,3028392,24501,2,internationalization,2010-06-03T19:22:09.187
42119,3028392,24501,2,globalization,2010-06-03T19:22:09.187
42119,3028392,24501,2,street-address,2010-06-03T19:22:09.187
2131,3032504,24501,2,database,2010-06-04T08:25:10.167
2131,3032504,24501,2,internationalization,2010-06-04T08:25:10.167
2131,3032504,24501,2,globalization,2010-06-04T08:25:10.167
2131,3032504,24501,2,street-address,2010-06-04T08:25:10.167
1185,8139,24511,2,language-agnostic,2008-09-16T17:28:21.500
1185,8139,24511,2,goto,2008-09-16T17:28:21.500
89586,1774672,24511,2,language-agnostic,2009-12-09T18:07:33.273
89586,1774672,24511,2,goto,2009-12-09T18:07:33.273
53212,2997472,24511,2,language-agnostic,2010-05-31T07:15:15.260
53212,2997472,24511,2,goto,2010-05-31T07:15:15.260
12695,10316,82034,null,null,2008-09-17T11:09:15.787
68204,422232,82038,null,null,2009-03-04T09:16:01.773
11619,422936,82038,null,null,2009-03-04T13:46:37.223
45603,482762,82038,null,null,2009-03-21T12:51:34.687
4574,1417778,82038,null,null,2009-10-13T08:57:37.203
15537,10322,82044,null,null,2008-09-17T11:12:10.460
279623,11169286,82055,null,null,2012-01-19T13:18:31.440
1198404,24685672,82055,null,null,2013-06-12T15:50:20.287
279623,24705757,82055,null,null,2013-06-13T07:36:46.277
87973,29979479,82055,null,null,2013-11-21T10:23:38.830
1938826,42381803,82055,null,null,2014-11-13T19:16:16.750
75642,4974968,82058,null,null,2010-12-27T15:51:39.437
61092,10225697,82058,null,null,2011-11-28T18:16:35.597
12695,10354,82061,null,null,2008-09-17T11:32:29.270
12695,10359,82061,null,null,2008-09-17T11:35:59.043
2684,10360,82063,null,null,2008-09-17T11:37:54.080
45603,63740,82063,null,null,2008-10-08T05:37:59.983
4574,1417774,82063,null,null,2009-10-13T08:56:46.317
86,10319,82064,null,null,2008-09-17T11:11:05.827
589493,119461929,82064,null,null,2021-05-18T12:45:23.630
2087,10371,82070,null,null,2008-09-17T11:42:50.650
1143,21118950,26933,null,null,2013-02-22T16:34:06.847
1465032,34917242,26933,null,null,2014-04-05T15:31:09.433
1143,34970701,26933,null,null,2014-04-07T12:44:40.850
39709,3541270,26936,null,null,2010-08-04T09:07:06.303
124486,3784201,26947,null,null,2010-08-30T21:07:20.660
3847739,49896652,26947,null,null,2015-06-19T05:26:34.300
124486,50006579,26947,null,null,2015-06-22T19:33:51.337
53397,96439667,26947,null,null,2009-04-21T07:43:48.800
3654,69723,26950,null,null,2008-10-10T09:35:09.707
102704,652519,26950,null,null,2009-05-09T23:00:22.103
47603,8678405,26951,null,null,2011-08-28T10:07:14.010
54013,3412699,26957,null,null,2010-07-20T23:41:37.470
1950277,36146164,26957,null,null,2014-05-09T05:38:22.443
1350867,67005018,26957,null,null,2016-10-04T17:40:51.453
1447867,37307363,47304,null,null,2014-06-11T19:25:23.493
11138,40438,47309,null,null,2008-09-28T02:46:00.953
157,40503,47309,null,null,2008-09-28T03:42:38.430
157,40504,47309,null,null,2008-09-28T03:43:22.453
44041,4212264,47325,null,null,2010-10-15T18:16:26.820
135811,1301161,47345,null,null,2009-09-21T10:32:35.280
224132,134691479,47345,null,null,2023-06-01T16:14:06.000
15755,766141,47347,null,null,2009-06-05T19:00:11.683
260026,10048383,47364,null,null,2011-11-18T09:45:49.313
1203805,45144684,47364,null,null,2015-02-09T08:00:53.967
276232,59994490,47364,null,null,2016-03-23T13:37:40.037
3499,3104,47365,null,null,2008-09-12T07:53:44.847
86689,18189856,47366,null,null,2012-11-11T13:46:38.857
7432,40808004,47368,null,null,2014-09-25T22:37:37.907
3499,3105,47369,null,null,2008-09-12T07:55:31.520
2495,15,47373,null,null,2008-09-06T14:30:40.217
1737192,6570,68575,null,null,2008-09-16T02:21:08.043
9815,6620,68575,null,null,2008-09-16T03:05:14.147
1737192,8409,68575,null,null,2008-09-16T19:15:35.720
3499,6477,68576,null,null,2008-09-16T01:36:43.113
1438,6853,68576,null,null,2008-09-16T06:22:33.610
11815,103080,68576,null,null,2008-10-27T11:21:13.430
3957,6486,68578,null,null,2008-09-16T01:39:41.700
7870,6728,68578,null,null,2008-09-16T04:27:30.660
400547,4078548,68578,null,null,2010-10-01T14:04:51.970
62576,52362261,68578,null,null,2015-08-27T03:45:06.430
465053,87836573,68578,null,null,2018-05-18T11:47:27.093
279610,110873087,68578,null,null,2020-07-02T12:33:03.250
null,6487,68580,null,null,2008-09-16T01:40:26.973
9021,6496,68580,null,null,2008-09-16T01:42:13.660
null,6501,68580,null,null,2008-09-16T01:45:21.657
10322,6895,68580,null,null,2008-09-16T06:50:00.253
10755,6535,68591,null,null,2008-09-16T02:06:53.383
1075,6489,68598,null,null,2008-09-16T01:40:46.440
357313,88603464,31275,null,null,2018-06-11T13:24:11.273
4055,21903,31293,null,null,2008-09-21T17:41:34.177
1293,14838799,31324,null,null,2008-08-28T00:29:43.667
688365,13578784,31330,null,null,2012-05-08T17:33:46.027
243557,16750087,31336,null,null,2012-09-17T07:54:38.993
462927,13304366,31338,null,null,2012-04-26T10:57:45.803
987,53078593,31343,null,null,2008-08-27T23:49:08.270
572,53078594,31343,null,null,2008-08-27T23:52:53.177
1813,3407377,31359,null,null,2010-07-20T14:22:43.917
2147,25179372,31372,null,null,2013-06-27T20:25:31.073
156755,26650413,31372,null,null,2013-08-12T12:57:10.217
2147,26834351,31372,null,null,2013-08-17T16:02:03.200
71,7359566,31385,null,null,2008-08-28T14:58:28.943
29903,221350,31398,null,null,2008-12-27T00:53:01.473
52273,371274,31398,null,null,2009-02-18T06:44:44.327
63550,118453347,73654,null,null,2021-04-08T23:05:01.763
109769,2694299,73659,null,null,2010-04-20T13:38:58.323
1220,7879,73660,null,null,2008-09-16T15:36:25.120
232,9319,73660,null,null,2008-09-17T01:12:01.557
9258044,120459187,73663,null,null,2021-06-28T00:42:03.180
371334,130618988,73663,null,null,2022-10-06T16:02:27.407
9623,7886,73665,null,null,2008-09-16T15:37:15.603
5662,9958,73668,null,null,2008-09-17T07:18:43.187
5662,9960,73671,null,null,2008-09-17T07:19:21.267
null,24152888,73673,null,null,2011-02-07T19:53:47.683
429873,24152890,73673,null,null,2012-10-23T14:34:28.353
203146,40982352,73673,null,null,2014-10-01T15:26:52.810
1609514,67950466,73673,null,null,2016-10-31T18:11:11.333
8002,67953557,73673,null,null,2016-10-31T19:52:58.597
null,71024252,73673,null,null,2017-01-29T14:12:46.190
371077,77408784,73673,null,null,2017-07-20T17:17:13.593
1616656,112078422,73673,null,null,2020-08-12T19:34:14.250
7543162,124326995,73673,null,null,2021-12-13T09:40:49.067
217867,124890194,73673,null,null,2022-01-10T05:33:43.240
624066,13483655,73680,null,null,2012-05-04T07:06:34.247
1047917,85925333,73680,null,null,2018-03-24T04:26:21.883
239916,9851570,24511,2,language-agnostic,2011-11-08T01:00:43.490
239916,9851570,24511,2,goto,2011-11-08T01:00:43.490
852254,13393736,24511,2,language-agnostic,2012-04-30T17:16:35.023
852254,13393736,24511,2,goto,2012-04-30T17:16:35.023
501459,15794382,24511,2,language-agnostic,2012-08-08T19:38:43.450
501459,15794382,24511,2,goto,2012-08-08T19:38:43.450
199364,39196617,24511,2,language-agnostic,2014-08-07T04:35:02.573
199364,39196617,24511,2,goto,2014-08-07T04:35:02.573
18893,92819,24515,1,list,2008-10-22T13:18:36.320
18893,92819,24515,1,dictionary,2008-10-22T13:18:36.320
18893,92819,24515,1,profanity,2008-10-22T13:18:36.320
40934,3806917,24515,1,list,2010-09-02T04:28:01.880
40934,3806917,24515,1,dictionary,2010-09-02T04:28:01.880
40934,3806917,24515,1,profanity,2010-09-02T04:28:01.880
238320,14764794,24515,1,list,2012-06-28T03:21:16.050
238320,14764794,24515,1,dictionary,2012-06-28T03:21:16.050
238320,14764794,24515,1,profanity,2012-06-28T03:21:16.050
430062,26364969,24515,1,list,2013-08-02T20:25:05.260
430062,26364969,24515,1,dictionary,2013-08-02T20:25:05.260
430062,26364969,24515,1,profanity,2013-08-02T20:25:05.260
665488,26571318,24515,1,list,2013-08-09T08:28:11.107
665488,26571318,24515,1,dictionary,2013-08-09T08:28:11.107
665488,26571318,24515,1,profanity,2013-08-09T08:28:11.107
88409,45211507,24515,1,list,2015-02-10T20:14:24.960
88409,45211507,24515,1,dictionary,2015-02-10T20:14:24.960
88409,45211507,24515,1,profanity,2015-02-10T20:14:24.960
610569,73926531,24515,1,list,2017-04-16T06:50:26.503
610569,73926531,24515,1,dictionary,2017-04-16T06:50:26.503
610569,73926531,24515,1,profanity,2017-04-16T06:50:26.503
2184122,101919509,24515,1,list,2019-08-31T17:31:43.603
2184122,101919509,24515,1,dictionary,2019-08-31T17:31:43.603
2184122,101919509,24515,1,profanity,2019-08-31T17:31:43.603
333599,4873582,60946,null,null,2010-12-16T12:02:32.697
332,4335,60950,null,null,2008-09-14T07:12:13.900
6899,69736,60950,null,null,2008-10-10T09:48:45.513
330644,4171307,60950,null,null,2010-10-12T07:49:00.940
90328,5038281,60950,null,null,2011-01-03T19:05:40.163
90328,5038409,60950,null,null,2011-01-03T19:17:12.763
330644,5041336,60950,null,null,2011-01-04T00:14:12.397
340790,7142731,60950,null,null,2011-05-27T09:27:10.247
242042,15839512,60950,null,null,2012-08-10T10:36:36.593
7211,21749424,60950,null,null,2013-03-13T14:17:54.750
1190,33479686,60950,null,null,2008-09-14T00:13:59.147
103167,36090934,60950,null,null,2014-05-07T20:21:10.197
766551,40536341,60950,null,null,2014-09-17T20:07:43.077
103167,41050222,60950,null,null,2014-10-03T14:52:38.870
58877,508640,60952,null,null,2009-03-29T21:21:06.267
174650,1971465,60952,null,null,2010-01-11T21:21:47.203
2592903,48579531,43310,2,c#,2015-05-14T13:49:38.043
2592903,48579531,43310,2,.net,2015-05-14T13:49:38.043
2592903,48579531,43310,2,arrays,2015-05-14T13:49:38.043
2592903,48579531,43310,2,performance,2015-05-14T13:49:38.043
2592903,48579531,43310,2,j#,2015-05-14T13:49:38.043
86973,53423113,43310,2,c#,2015-09-25T23:54:48.733
86973,53423113,43310,2,.net,2015-09-25T23:54:48.733
86973,53423113,43310,2,arrays,2015-09-25T23:54:48.733
86973,53423113,43310,2,performance,2015-09-25T23:54:48.733
86973,53423113,43310,2,j#,2015-09-25T23:54:48.733
861926,68676413,43310,2,c#,2016-11-21T16:17:55.907
861926,68676413,43310,2,.net,2016-11-21T16:17:55.907
861926,68676413,43310,2,arrays,2016-11-21T16:17:55.907
861926,68676413,43310,2,performance,2016-11-21T16:17:55.907
861926,68676413,43310,2,j#,2016-11-21T16:17:55.907
26160,88939612,43310,2,c#,2018-06-21T14:54:10.693
26160,88939612,43310,2,.net,2018-06-21T14:54:10.693
26160,88939612,43310,2,arrays,2018-06-21T14:54:10.693
26160,88939612,43310,2,performance,2018-06-21T14:54:10.693
26160,88939612,43310,2,j#,2018-06-21T14:54:10.693
2859462,97122859,43310,2,c#,2019-03-16T00:23:15.607
2859462,97122859,43310,2,.net,2019-03-16T00:23:15.607
2859462,97122859,43310,2,arrays,2019-03-16T00:23:15.607
2859462,97122859,43310,2,performance,2019-03-16T00:23:15.607
2859462,97122859,43310,2,j#,2019-03-16T00:23:15.607
22820,121596831,43310,2,c#,2021-08-16T14:13:53.463
22820,121596831,43310,2,.net,2021-08-16T14:13:53.463
22820,121596831,43310,2,arrays,2021-08-16T14:13:53.463
22820,121596831,43310,2,performance,2021-08-16T14:13:53.463
22820,121596831,43310,2,j#,2021-08-16T14:13:53.463
13468902,129180781,43310,2,c#,2022-07-27T18:08:38.790
13468902,129180781,43310,2,.net,2022-07-27T18:08:38.790
13468902,129180781,43310,2,arrays,2022-07-27T18:08:38.790
13468902,129180781,43310,2,performance,2022-07-27T18:08:38.790
13468902,129180781,43310,2,j#,2022-07-27T18:08:38.790
227779,133489168,43310,2,c#,2023-03-07T18:58:45.637
227779,133489168,43310,2,.net,2023-03-07T18:58:45.637
227779,133489168,43310,2,arrays,2023-03-07T18:58:45.637
227779,133489168,43310,2,performance,2023-03-07T18:58:45.637
227779,133489168,43310,2,j#,2023-03-07T18:58:45.637
null,3999455,43315,1,iphone,2010-09-23T10:20:02.463
null,3999455,43315,1,python,2010-09-23T10:20:02.463
null,3999455,43315,1,cocoa-touch,2010-09-23T10:20:02.463
201863,11005215,43315,1,iphone,2012-01-11T10:39:42.483
201863,11005215,43315,1,python,2012-01-11T10:39:42.483
201863,11005215,43315,1,cocoa-touch,2012-01-11T10:39:42.483
206730,23712460,8919,null,null,2013-05-13T06:22:00.813
206730,23712658,8928,null,null,2013-05-13T06:33:02.307
22,26431217,8939,null,null,2008-08-14T15:19:35.163
254057,11815291,8941,null,null,2012-02-20T08:08:29.960
14141223,124856635,8948,null,null,2022-01-08T03:28:41.433
1896134,134834653,8948,null,null,2023-06-14T00:20:20.493
832,7067547,8956,null,null,2008-08-12T15:17:53.287
372,7067551,8956,null,null,2008-08-12T15:14:15.977
832,7067563,8956,null,null,2008-08-12T15:23:34.693
372,7067566,8956,null,null,2008-08-12T16:03:30.900
25050,161479,8957,null,null,2008-11-26T14:46:54.317
324220,9983551,8957,null,null,2011-11-15T12:36:02.447
786279,36759266,8957,null,null,2014-05-27T00:03:55.787
247,15200823,8966,null,null,2008-08-12T15:48:18.840
455874,1337433,8969,null,null,2009-09-28T07:35:08.160
372,1337492,8969,null,null,2009-09-28T07:50:51.840
374198,4412410,77018,null,null,2010-11-04T18:32:10.547
101097,4560115,77018,null,null,2010-11-18T14:18:07.360
202705,6676660,77018,null,null,2011-04-28T12:17:27.950
28053,7374049,77018,null,null,2011-06-10T17:54:43.183
374198,7376325,77018,null,null,2011-06-10T20:44:13.193
247587,17243701,77018,null,null,2012-10-06T15:59:43.473
76337,19223624,77018,null,null,2012-12-18T20:52:46.977
220041,22394188,77018,null,null,2013-04-02T05:55:12.210
1908892,32321130,77018,null,null,2014-01-29T06:49:06.427
156755,36684528,77018,null,null,2014-05-24T00:06:05.217
144170,38871422,77018,null,null,2014-07-28T17:23:33.653
2378217,49257550,77018,null,null,2015-06-02T11:20:07.830
106261,50883356,77018,null,null,2015-07-16T15:19:12.403
156755,50886080,77018,null,null,2015-07-16T16:24:19.347
106261,50908734,77018,null,null,2015-07-17T08:40:06.417
110379,1075373,5722,null,null,2009-08-08T12:46:54.197
206,1265886,5725,null,null,2009-09-14T16:05:59.337
1435916,31019280,5725,null,null,2013-12-20T17:24:29.330
73070,5101610,5726,null,null,2011-01-08T21:30:48.403
411298,91121042,5726,null,null,2018-08-29T20:12:44.167
170339,1456331,5727,null,null,2009-10-20T05:14:35.613
131433,2849217,5727,null,null,2010-05-11T12:46:57.160
290340,5577000,5727,null,null,2011-02-14T11:17:50.863
445651,18875282,5727,null,null,2012-12-06T05:22:17.310
544557,22639968,5727,null,null,2013-04-09T09:57:00.797
743214,23715836,5727,null,null,2013-05-13T08:45:27.023
541412,24019734,5727,null,null,2013-05-22T11:22:20.230
559737,23277707,5728,null,null,2013-04-28T19:08:37.500
9328,50066,65603,null,null,2008-10-02T01:31:32.487
18821,481201,65603,null,null,2009-03-20T19:51:14.280
11577,19674,65606,null,null,2008-09-20T00:54:55.400
2541,20997,65606,null,null,2008-09-20T22:54:14.700
1281433,37543000,65607,null,null,2014-06-18T20:48:10.677
584192,94337275,65613,null,null,2018-12-12T11:50:02.217
9328,7259,65617,null,null,2008-09-16T11:58:21.463
7616,34555,65618,null,null,2008-09-25T18:46:32.240
337621,14596598,65618,null,null,2012-06-21T10:59:41.050
229587,17495819,65625,null,null,2012-10-16T12:03:47.340
9056,5696,65627,null,null,2008-09-15T18:52:25.360
1923,5703,65629,null,null,2008-09-15T18:55:26.807
5555,17471,65629,null,null,2008-09-19T13:50:28.180
232574,6322123,65629,null,null,2011-04-05T22:19:39.517
5555,6352341,65629,null,null,2011-04-07T14:20:40.347
87698,7324233,65629,null,null,2011-06-08T07:07:08.363
73226,10082515,65634,null,null,2011-11-20T18:05:22.650
15842,88591,65648,null,null,2008-10-20T19:24:28.923
367456,26660741,65651,null,null,2013-08-12T17:34:55.220
2025,5483171,24517,2,php,2011-02-07T12:40:09.527
2025,5483171,24517,2,gd,2011-02-07T12:40:09.527
2025,5483171,24517,2,iptc,2011-02-07T12:40:09.527
31615,255415,24524,2,null,2009-01-11T00:46:27.013
21640,92206,24537,2,language-agnostic,2008-10-22T07:18:36.657
21640,92206,24537,2,goto,2008-10-22T07:18:36.657
282658,2848981,24537,2,language-agnostic,2010-05-11T12:22:13.333
282658,2848981,24537,2,goto,2010-05-11T12:22:13.333
1421,2980549,24537,2,language-agnostic,2010-05-28T07:31:58.707
1421,2980549,24537,2,goto,2010-05-28T07:31:58.707
319403,31471786,24537,2,language-agnostic,2014-01-06T15:43:08.530
319403,31471786,24537,2,goto,2014-01-06T15:43:08.530
363751,43802708,24537,2,language-agnostic,2014-12-29T19:20:54.203
363751,43802708,24537,2,goto,2014-12-29T19:20:54.203
363751,43802746,24537,2,language-agnostic,2014-12-29T19:22:25.493
363751,43802746,24537,2,goto,2014-12-29T19:22:25.493
2539058,73492858,24542,1,c++,2017-04-04T14:50:36.637
2539058,73492858,24542,1,boolean,2017-04-04T14:50:36.637
2539058,73492858,24542,1,bitwise-operators,2017-04-04T14:50:36.637
2361979,99128893,24542,1,c++,2019-05-22T11:48:50.817
2361979,99128893,24542,1,boolean,2019-05-22T11:48:50.817
2361979,99128893,24542,1,bitwise-operators,2019-05-22T11:48:50.817
311364,26699921,24546,1,perl,2013-08-13T17:21:35.527
311364,26699921,24546,1,wikipedia,2013-08-13T17:21:35.527
311364,26699921,24546,1,lwp,2013-08-13T17:21:35.527
503688,38280857,24551,1,java,2014-07-10T23:45:00.233
139985,106722150,24551,1,java,2020-02-21T02:27:57.940
152580,35692527,24552,2,c++,2014-04-26T16:07:06.497
152580,35692527,24552,2,boolean,2014-04-26T16:07:06.497
152580,35692527,24552,2,bitwise-operators,2014-04-26T16:07:06.497
5447906,82818339,24552,2,c++,2017-12-21T12:50:57.297
5447906,82818339,24552,2,boolean,2017-12-21T12:50:57.297
5447906,82818339,24552,2,bitwise-operators,2017-12-21T12:50:57.297
1812,27350423,47375,null,null,2008-09-06T11:33:18.457
148271,14838738,47376,null,null,2009-07-31T04:57:05.033
46,255,47380,null,null,2008-09-08T07:43:08.073
118228,8029701,47380,null,null,2011-07-21T00:28:59.050
4949005,59712429,47389,null,null,2016-03-16T09:24:51.770
3538012,119222026,47402,null,null,2021-05-08T19:46:21.103
4279,1615,47419,null,null,2008-09-10T16:06:25.660
328304,3462473,47419,null,null,2010-07-26T18:06:25.460
4279,48673053,47419,null,null,2015-05-17T14:34:19.963
4279,1187,47423,null,null,2008-09-09T22:13:25.070
490954,6038004,47426,null,null,2011-03-17T23:54:34.123
4059,6132488,47426,null,null,2011-03-24T12:07:36.847
862962,45342538,47426,null,null,2015-02-14T03:02:16.943
4059,45392613,47426,null,null,2015-02-16T10:32:09.393
1055323,79114610,26957,null,null,2017-09-06T13:37:28.553
39991,2986481,26963,null,null,2010-05-28T21:18:07.290
268075,6015245,26963,null,null,2011-03-16T17:35:00.353
1821,6015784,26963,null,null,2011-03-16T18:09:07.397
1968,1382041,26965,null,null,2009-10-06T16:45:18.100
15139,3592649,26965,null,null,2010-08-10T07:34:42.140
545127,8962395,26965,null,null,2011-09-14T12:13:56.857
197101,12939151,26965,null,null,2012-04-11T06:15:02.637
8454,29324,26972,null,null,2008-09-24T05:33:47.083
241142,18868632,26972,null,null,2012-12-05T22:10:08.730
12048,648948,26973,null,null,2009-05-08T16:28:59.730
1747,70953,26979,null,null,2008-10-10T18:53:57.977
60075,687597,26979,null,null,2009-05-19T00:41:10.333
1625487,22315802,26984,null,null,2013-03-29T22:17:48.287
1097600,92506594,26984,null,null,2018-10-13T12:45:46.840
19803,624561,26991,null,null,2009-05-02T15:42:49.837
1407,732948,26991,null,null,2009-05-29T08:50:49.923
38975,1618542,26991,null,null,2009-11-15T16:50:54.090
79592,1637079,26991,null,null,2009-11-18T08:19:54.197
1574,1673733,26991,null,null,2009-11-23T23:33:52.120
312407,4568890,87382,null,null,2010-11-19T05:37:20.693
95852,6017798,87382,null,null,2011-03-16T20:16:14.383
95852,6017951,87382,null,null,2011-03-16T20:27:16.293
218931,6979869,87382,null,null,2011-05-17T18:32:03.260
520957,7485708,87382,null,null,2011-06-17T15:54:14.883
303468,18824225,87382,null,null,2012-12-04T16:01:04.753
649133,20698116,87382,null,null,2013-02-08T23:03:23.573
649133,20698182,87382,null,null,2013-02-08T23:07:24.127
846727,65081067,87382,null,null,2016-08-09T19:01:17.287
8081610,95992575,87382,null,null,2019-02-08T18:22:11.193
2924019,96485534,87382,null,null,2019-02-24T22:02:32.893
796940,20888580,87385,null,null,2013-02-15T12:28:13.733
null,27660547,87385,null,null,2013-09-12T12:10:24.080
16668,28194195,87385,null,null,2013-09-29T02:10:11.713
1163,1968759,58945,null,null,2010-01-11T15:48:46.920
null,1968856,58945,null,null,2010-01-11T16:02:45.037
61256,2124495,58945,null,null,2010-02-01T15:58:00.160
6091,3162194,58945,null,null,2010-06-21T13:47:42.257
null,3163958,58945,null,null,2010-06-21T17:01:36.937
12983,3292432,58945,null,null,2010-07-07T13:59:40.730
21908,3961481,58945,null,null,2010-09-19T20:40:45.637
80112,3971234,58945,null,null,2010-09-20T20:34:28.820
137451,4102426,58945,null,null,2010-10-04T19:28:48.143
99046,5620535,58945,null,null,2011-02-17T05:46:23.413
5744,1466267,71276,null,null,2009-10-21T14:26:46.597
3550434,72536517,71276,null,null,2017-03-09T23:18:59.183
2766176,58154,71282,null,null,2008-10-06T01:18:04.347
165806,5028842,71285,null,null,2011-01-02T20:00:18.957
null,7190,71289,null,null,2008-09-16T11:14:54.970
2600,7368,71289,null,null,2008-09-16T13:02:01.093
9493,103671,71295,null,null,2008-10-27T16:06:18.750
93947,46760169,71296,null,null,2015-03-26T14:33:54.150
11683,46761281,71296,null,null,2015-03-26T14:57:39.797
1026,86959511,71296,null,null,2018-04-22T23:57:21.387
11683,86959776,71296,null,null,2018-04-23T00:23:43.227
1026,86959808,71296,null,null,2018-04-23T00:27:02.553
11683,86959960,71296,null,null,2018-04-23T00:43:26.567
156755,26650341,31398,null,null,2013-08-12T12:55:11.257
146073,33276808,31398,null,null,2014-02-23T00:14:35.780
582917,67197927,31398,null,null,2016-10-10T13:17:20.653
615,11168263,31410,null,null,2008-08-28T00:27:27.307
1402846,49637628,31412,null,null,2015-06-12T01:49:42.483
2959,1664220,31432,null,null,2009-11-22T09:27:37.487
288341,65228609,31436,null,null,2016-08-13T19:33:27.447
5188,1377762,31447,null,null,2009-10-05T22:58:26.183
5188,1377609,31451,null,null,2009-10-05T22:27:32.237
109941,1899491,31451,null,null,2009-12-31T01:15:54.380
372,1915994,31451,null,null,2010-01-04T03:33:18.570
2598,2589911,31462,null,null,2010-04-06T05:29:50.303
210342,9890024,31463,null,null,2011-11-09T20:52:14.807
3917828,71226013,31463,null,null,2017-02-03T14:03:59.837
8940624,114648790,31463,null,null,2020-11-15T15:27:04.713
13253079,130079532,31463,null,null,2022-09-09T13:07:16.830
6475,1449697,31471,null,null,2009-10-19T03:19:14.410
2547,322080,31474,null,null,2009-02-03T16:16:09.063
489363,7018781,31489,null,null,2011-05-19T17:59:48.923
936,78037404,12405,2,.net,2017-08-07T02:41:11.630
936,78037404,12405,2,memory,2017-08-07T02:41:11.630
936,78037404,12405,2,dispose,2017-08-07T02:41:11.630
34715,3182409,12413,2,null,2010-06-23T15:29:44.993
99834,1310988,12424,2,visual-studio-2008,2009-09-22T20:34:51.543
99834,1310988,12424,2,visual-studio-2008-sp1,2009-09-22T20:34:51.543
1042,1311970,12424,2,visual-studio-2008,2009-09-23T00:33:07.143
1042,1311970,12424,2,visual-studio-2008-sp1,2009-09-23T00:33:07.143
98607,1187567,12436,2,.net,2009-08-29T13:05:14.003
98607,1187567,12436,2,silverlight,2009-08-29T13:05:14.003
98607,1187567,12436,2,dependency-properties,2009-08-29T13:05:14.003
5,1187749,12436,2,.net,2009-08-29T14:38:41.727
5,1187749,12436,2,silverlight,2009-08-29T14:38:41.727
5,1187749,12436,2,dependency-properties,2009-08-29T14:38:41.727
292502,69553807,12441,2,null,2016-12-16T03:10:48.547
149231,2136160,12446,2,c#,2010-02-02T22:00:11.973
149231,2136160,12446,2,linq,2010-02-02T22:00:11.973
149231,2136160,12446,2,web-services,2010-02-02T22:00:11.973
149231,2136160,12446,2,.net-3.5,2010-02-02T22:00:11.973
100988,2058002,12468,null,null,2010-01-22T21:44:09.633
592768,18083409,12468,null,null,2012-11-07T10:24:44.370
130164,1504313,12474,null,null,2009-10-28T04:26:56.967
6777,5412,12480,null,null,2008-09-15T16:52:12.810
20625,8147253,12484,null,null,2011-07-27T21:57:12.813
355620,11165599,12484,null,null,2012-01-19T09:54:05.973
607407,36282218,12506,null,null,2014-05-13T11:12:39.150
1830334,44072003,12506,null,null,2015-01-08T04:59:16.363
4393375,48535814,12506,null,null,2015-05-13T13:17:03.783
4196680,69389376,12506,null,null,2016-12-11T23:20:47.567
36590,15926501,12507,null,null,2012-08-14T13:12:37.423
167945,83536059,12508,null,null,2018-01-16T07:54:47.027
445087,131350096,52187,null,null,2022-11-11T15:14:13.050
4279,56678,52191,null,null,2008-10-04T17:21:19.753
572,99047,52192,null,null,2008-10-24T15:31:56.773
4337,1017,52194,null,null,2008-09-09T16:53:55.180
171180,3239908,52195,null,null,2010-06-30T18:11:58.340
3171,988,52196,null,null,2008-09-09T15:49:08.457
138513,30250945,52196,null,null,2013-11-29T03:01:18.337
4002,985,52199,null,null,2008-09-09T15:44:21.777
5469,6447207,52200,null,null,2011-04-13T17:02:47.493
5314,6453232,52200,null,null,2011-04-13T23:57:23.773
254109,48678696,52200,null,null,2015-05-17T19:09:52.267
1709,1076,52205,null,null,2008-09-09T18:21:37.810
1185,1131,52205,null,null,2008-09-09T19:56:00.017
2635,136074,52205,null,null,2008-11-13T07:26:39.040
1409,3327,52212,null,null,2008-09-12T13:43:36.533
1554,4537,52213,null,null,2008-09-14T19:01:31.620
1000,70910,52213,null,null,2008-10-10T18:30:44.187
1000,1757,52225,null,null,2008-09-10T18:38:28.917
13744,146074,52228,null,null,2008-11-18T23:13:40.367
1695,146611,52228,null,null,2008-11-19T07:05:16.750
5413,1595,52231,null,null,2008-09-10T15:35:54.377
171180,1728177,52231,null,null,2009-12-02T21:07:11.200
78182,7636422,43317,2,null,2011-06-27T13:47:57.477
37020,211662,43321,1,bash,2008-12-21T05:13:09.860
37020,211662,43321,1,shell,2008-12-21T05:13:09.860
37020,211662,43321,1,zsh,2008-12-21T05:13:09.860
1009332,18181683,43321,1,bash,2012-11-10T22:58:37.430
1009332,18181683,43321,1,shell,2012-11-10T22:58:37.430
1009332,18181683,43321,1,zsh,2012-11-10T22:58:37.430
351162,27489273,43321,1,bash,2013-09-06T20:00:23.263
351162,27489273,43321,1,shell,2013-09-06T20:00:23.263
351162,27489273,43321,1,zsh,2013-09-06T20:00:23.263
65387,34532394,43323,2,bash,2014-03-26T17:55:50.430
65387,34532394,43323,2,shell,2014-03-26T17:55:50.430
65387,34532394,43323,2,zsh,2014-03-26T17:55:50.430
519360,52104466,43323,2,bash,2015-08-19T20:23:37.530
519360,52104466,43323,2,shell,2015-08-19T20:23:37.530
519360,52104466,43323,2,zsh,2015-08-19T20:23:37.530
1323,6712,43325,2,c++,2008-09-16T04:10:26.940
1323,6712,43325,2,api,2008-09-16T04:10:26.940
1323,6712,43325,2,plugins,2008-09-16T04:10:26.940
1323,6712,43325,2,compiler-construction,2008-09-16T04:10:26.940
130427,2913014,43331,2,iphone,2010-05-19T17:45:08.277
130427,2913014,43331,2,python,2010-05-19T17:45:08.277
130427,2913014,43331,2,cocoa-touch,2010-05-19T17:45:08.277
146821,3972878,43331,2,iphone,2010-09-21T00:28:46.987
146821,3972878,43331,2,python,2010-09-21T00:28:46.987
146821,3972878,43331,2,cocoa-touch,2010-09-21T00:28:46.987
73681,3991817,43331,2,iphone,2010-09-22T16:29:35.390
73681,3991817,43331,2,python,2010-09-22T16:29:35.390
73681,3991817,43331,2,cocoa-touch,2010-09-22T16:29:35.390
146821,3992467,43331,2,iphone,2010-09-22T17:26:35.823
146821,3992467,43331,2,python,2010-09-22T17:26:35.823
146821,3992467,43331,2,cocoa-touch,2010-09-22T17:26:35.823
73681,3992618,43331,2,iphone,2010-09-22T17:42:34.117
73681,3992618,43331,2,python,2010-09-22T17:42:34.117
73681,3992618,43331,2,cocoa-touch,2010-09-22T17:42:34.117
588809,7133900,43331,2,iphone,2011-05-26T19:44:46.973
588809,7133900,43331,2,python,2011-05-26T19:44:46.973
588809,7133900,43331,2,cocoa-touch,2011-05-26T19:44:46.973
130427,7272607,43331,2,iphone,2011-06-04T21:10:28.847
130427,7272607,43331,2,python,2011-06-04T21:10:28.847
130427,7272607,43331,2,cocoa-touch,2011-06-04T21:10:28.847
304141,10268236,43332,2,bash,2011-11-30T16:29:45.363
809056,38999997,43332,2,bash,2014-07-31T20:46:28.637
1353,4466,43333,2,null,2008-09-14T16:11:35.663
71883,4101581,43333,2,null,2010-10-04T17:59:45.580
1889373,115754392,40523,null,null,2020-12-28T05:51:28.290
3230708,115775676,40523,null,null,2020-12-28T23:32:41.600
7214292,116721109,40523,null,null,2021-02-02T19:51:59.463
9453953,119004241,40523,null,null,2021-04-30T00:48:18.373
1028560,120007731,40523,null,null,2021-06-08T22:38:15.077
null,120321975,40523,null,null,2021-06-22T01:14:24.063
2715384,122197131,40523,null,null,2021-09-10T22:24:54.607
1028560,122436723,40523,null,null,2021-09-21T16:04:29.673
2296441,124441540,40523,null,null,2021-12-17T19:03:58.947
2296441,124495875,40523,null,null,2021-12-20T21:34:10.733
2296441,124954544,40523,null,null,2022-01-12T14:05:43.050
172272,16625621,24558,2,java,2012-09-11T19:54:28.353
947853,17380765,24558,2,java,2012-10-11T17:12:45.390
82586,19749870,24558,2,java,2013-01-09T12:50:11.343
880990,21761484,24558,2,java,2013-03-13T19:26:15.870
1892585,23238344,24558,2,java,2013-04-26T18:54:08.883
363751,38003574,24558,2,java,2014-07-02T20:42:02.327
503688,38280789,24558,2,java,2014-07-10T23:39:37.203
1785960,62534350,24558,2,java,2016-05-30T08:31:39.807
5105305,64394048,24558,2,java,2016-07-21T06:57:05.957
7453,67499282,24558,2,java,2016-10-18T16:55:46.333
145173,74951977,24558,2,java,2017-05-14T05:24:30.950
2543778,80938983,24558,2,java,2017-10-29T02:14:07.150
322020,127788689,1325,2,language-agnostic,2022-05-22T03:02:06.263
322020,127788689,1325,2,colors,2022-05-22T03:02:06.263
5987,35905395,1329,1,windows,2014-05-02T12:55:19.740
5987,35905395,1329,1,file,2014-05-02T12:55:19.740
5987,35905395,1329,1,filesystems,2014-05-02T12:55:19.740
5987,35905395,1329,1,utilities,2014-05-02T12:55:19.740
16473,53498,1331,2,windows,2008-10-03T05:40:44.830
16473,53498,1331,2,file,2008-10-03T05:40:44.830
16473,53498,1331,2,filesystems,2008-10-03T05:40:44.830
16473,53498,1331,2,utilities,2008-10-03T05:40:44.830
194653,6140291,1331,2,windows,2011-03-24T19:49:23.640
194653,6140291,1331,2,file,2011-03-24T19:49:23.640
194653,6140291,1331,2,filesystems,2011-03-24T19:49:23.640
194653,6140291,1331,2,utilities,2011-03-24T19:49:23.640
39,6184656,1331,2,windows,2011-03-28T10:16:35.110
39,6184656,1331,2,file,2011-03-28T10:16:35.110
39,6184656,1331,2,filesystems,2011-03-28T10:16:35.110
39,6184656,1331,2,utilities,2011-03-28T10:16:35.110
995714,27953933,1331,2,windows,2013-09-21T11:20:33.487
995714,27953933,1331,2,file,2013-09-21T11:20:33.487
995714,27953933,1331,2,filesystems,2013-09-21T11:20:33.487
995714,27953933,1331,2,utilities,2013-09-21T11:20:33.487
234593,3140599,1332,2,null,2010-06-17T22:47:52.873
313545,4684223,1332,2,null,2010-11-30T11:23:19.157
9117,9906975,1332,2,null,2011-11-10T16:56:25.837
57025,11326120,1332,2,null,2012-01-27T08:23:53.650
382783,11554138,1332,2,null,2012-02-07T20:05:45.247
1860652,21837491,1332,2,null,2013-03-15T16:57:22.347
843000,29078591,1332,2,null,2013-10-25T14:08:35.013
661933,29595801,1332,2,null,2013-11-10T19:28:16.933
97964,30735548,1332,2,null,2013-12-12T19:30:40.650
2543778,80938994,24558,2,java,2017-10-29T02:15:01.600
82586,80967828,24558,2,java,2017-10-30T08:25:06.900
5921170,100061237,24558,2,java,2019-06-25T10:21:22.393
3806231,103402707,24558,2,java,2019-10-24T11:33:14.977
145173,103403048,24558,2,java,2019-10-24T11:45:08.720
5963,58263,24560,2,c++,2008-10-06T03:52:49.730
5963,58263,24560,2,boolean,2008-10-06T03:52:49.730
5963,58263,24560,2,bitwise-operators,2008-10-06T03:52:49.730
429,60905,24560,2,c++,2008-10-07T02:45:50.143
429,60905,24560,2,boolean,2008-10-07T02:45:50.143
429,60905,24560,2,bitwise-operators,2008-10-07T02:45:50.143
34509,215408,24560,2,c++,2008-12-23T00:54:53.110
34509,215408,24560,2,boolean,2008-12-23T00:54:53.110
34509,215408,24560,2,bitwise-operators,2008-12-23T00:54:53.110
34509,215411,24560,2,c++,2008-12-23T00:56:01.797
34509,215411,24560,2,boolean,2008-12-23T00:56:01.797
34509,215411,24560,2,bitwise-operators,2008-12-23T00:56:01.797
527489,25006164,24560,2,c++,2013-06-22T18:34:54.713
527489,25006164,24560,2,boolean,2013-06-22T18:34:54.713
527489,25006164,24560,2,bitwise-operators,2013-06-22T18:34:54.713
2167655,26245102,24560,2,c++,2013-07-30T20:44:36.697
2167655,26245102,24560,2,boolean,2013-07-30T20:44:36.697
2167655,26245102,24560,2,bitwise-operators,2013-07-30T20:44:36.697
2539058,73492616,24560,2,c++,2017-04-04T14:45:50.150
2539058,73492616,24560,2,boolean,2017-04-04T14:45:50.150
2539058,73492616,24560,2,bitwise-operators,2017-04-04T14:45:50.150
276903,4885765,24561,2,c#,2010-12-17T11:37:53.790
276903,4885765,24561,2,string,2010-12-17T11:37:53.790
276903,4885765,24561,2,coding-style,2010-12-17T11:37:53.790
276903,4885765,24561,2,string.format,2010-12-17T11:37:53.790
2240824,30597705,87385,null,null,2013-12-09T16:02:09.860
632951,41528977,87385,null,null,2014-10-18T18:19:01.223
3991211,53010576,87385,null,null,2015-09-15T04:57:55.947
3991211,53010603,87385,null,null,2015-09-15T04:59:01.947
187883,83772985,87385,null,null,2018-01-23T00:54:58.587
6770,13705,87388,null,null,2008-09-18T13:03:30.480
4742733,72052568,87392,null,null,2017-02-25T10:33:57.623
4742733,72052721,87392,null,null,2017-02-25T10:41:53.380
19024,787783,87394,null,null,2009-06-11T06:27:31.067
7093,808940,87394,null,null,2009-06-16T07:44:15.863
36474,868926,87394,null,null,2009-06-29T08:36:53.713
7093,869309,87394,null,null,2009-06-29T10:32:41.483
31326,1521431,87394,null,null,2009-10-30T15:14:31.217
214668,13150781,87394,null,null,2012-04-19T18:46:40.307
121882,23257161,87394,null,null,2013-04-27T16:45:49.793
48445,25285320,87394,null,null,2013-07-01T19:14:46.250
7093,25344320,87394,null,null,2013-07-03T10:44:42.907
7093,25344406,87394,null,null,2013-07-03T10:47:33.487
7093,25344449,87394,null,null,2013-07-03T10:49:05.100
850782,27832377,87394,null,null,2013-09-17T23:13:56.223
3648384,87091912,87394,null,null,2018-04-26T08:07:00.300
85596,5184831,15887,null,null,2011-01-15T08:52:00.527
258,786595,15893,null,null,2009-06-10T21:52:29.047
38660,3346664,15893,null,null,2010-07-13T19:09:19.023
1084,881185,15926,null,null,2009-07-01T12:40:32.000
187377,3145845,15926,null,null,2010-06-18T15:14:13.960
null,5382684,15937,null,null,2011-01-31T01:24:33.283
1820,5382686,15937,null,null,2011-01-31T01:24:33.360
211614,41499023,15937,null,null,2014-10-17T14:19:30.240
1820,42092568,15937,null,null,2014-11-05T10:37:28.547
311420,123110471,15937,null,null,2021-10-20T16:30:30.847
1697482,129502740,15937,null,null,2022-08-12T08:07:16.680
11070778,133829540,15937,null,null,2023-03-28T23:44:15.880
1000,15373583,15939,null,null,2012-07-23T12:01:58.697
912511,37588880,15939,null,null,2014-06-20T02:27:33.210
56285,53115749,15939,null,null,2015-09-17T14:54:47.813
895245,58609223,2823,null,null,2016-02-17T12:16:01.083
40914,15907197,2831,null,null,2012-08-13T19:52:23.343
2859,4050,2835,null,null,2008-09-13T09:54:31.413
9532,232926,2835,null,null,2009-01-02T21:07:31.023
391531,4618604,2835,null,null,2010-11-23T22:59:44.160
1559,114632,2839,null,null,2008-11-01T03:46:16.227
419,115057,2839,null,null,2008-11-01T20:14:36.683
38426,210509,2839,null,null,2008-12-20T04:42:09.813
490454,14272898,2839,null,null,2012-06-07T19:41:44.660
1204051,23530617,2839,null,null,2013-05-07T05:53:20.160
2499090,77942425,2839,null,null,2017-08-03T17:10:28.903
645283,93888291,2839,null,null,2018-11-27T22:30:07.313
419,93908447,2839,null,null,2018-11-28T12:54:30.490
1532334,129302183,2839,null,null,2022-08-02T20:37:51.810
54975,1289021,2843,null,null,2009-09-18T09:59:53.133
4292908,47217052,34645,2,linux,2015-04-09T07:04:20.887
5697418,82976783,34645,2,linux,2017-12-28T08:50:35.590
10060068,94550025,34645,2,linux,2018-12-19T12:35:04.083
711006,104120382,34645,2,linux,2019-11-19T09:11:29.413
209406,75312744,34651,2,c,2017-05-24T01:51:28.370
209406,75312744,34651,2,visual-studio,2017-05-24T01:51:28.370
209406,75312744,34651,2,assembly,2017-05-24T01:51:28.370
90577,880268,34652,2,algorithm,2009-07-01T08:55:49.863
90577,880268,34652,2,language-agnostic,2009-07-01T08:55:49.863
90577,880268,34652,2,hash,2009-07-01T08:55:49.863
3040381,120146714,34652,2,algorithm,2021-06-14T18:21:50.477
3040381,120146714,34652,2,language-agnostic,2021-06-14T18:21:50.477
3040381,120146714,34652,2,hash,2021-06-14T18:21:50.477
1968,120148706,34652,2,algorithm,2021-06-14T20:06:53.810
1968,120148706,34652,2,language-agnostic,2021-06-14T20:06:53.810
1968,120148706,34652,2,hash,2021-06-14T20:06:53.810
318716,128910390,34652,2,algorithm,2022-07-14T20:41:24.403
318716,128910390,34652,2,language-agnostic,2022-07-14T20:41:24.403
318716,128910390,34652,2,hash,2022-07-14T20:41:24.403
1038812,13258900,34656,2,null,2012-04-24T17:08:07.477
3043,13258933,34656,2,null,2012-04-24T17:09:41.673
1038812,13258991,34656,2,null,2012-04-24T17:12:20.750
931868,52266493,34656,2,null,2015-08-24T19:55:44.103
117361,860803,34658,2,java,2009-06-26T14:23:29.813
117361,860803,34658,2,unit-testing,2009-06-26T14:23:29.813
117361,860803,34658,2,junit,2009-06-26T14:23:29.813
117361,860803,34658,2,tdd,2009-06-26T14:23:29.813
4165384,122693719,34658,2,java,2021-10-02T12:05:57.680
4165384,122693719,34658,2,unit-testing,2021-10-02T12:05:57.680
4165384,122693719,34658,2,junit,2021-10-02T12:05:57.680
4165384,122693719,34658,2,tdd,2021-10-02T12:05:57.680
238419,2715061,34664,1,.net,2010-04-22T18:32:27.517
238419,2715061,34664,1,user-controls,2010-04-22T18:32:27.517
2351099,13707634,34664,1,.net,2009-05-22T14:31:55.067
2351099,13707634,34664,1,user-controls,2009-05-22T14:31:55.067
57120,1329317,2843,null,null,2009-09-25T19:02:26.320
174119,1924501,2843,null,null,2010-01-05T08:18:54.053
1145177,15451757,2843,null,null,2012-07-25T22:35:35.260
527702,6281119,2844,null,null,2011-04-03T09:51:50.310
220826,6928304,2844,null,null,2011-05-13T22:19:57.860
550,13874647,2844,null,null,2008-08-07T23:13:28.093
149841,13874656,2844,null,null,2010-10-07T10:42:46.043
11815,64011,2850,null,null,2008-10-08T09:35:02.907
25222,82923,2850,null,null,2008-10-17T04:46:31.240
61989,384083,2850,null,null,2009-02-21T03:43:07.157
53189,1409534,2850,null,null,2009-10-11T20:57:26.600
530785,11250885,2850,null,null,2012-01-23T23:10:09.790
506073,16825495,2850,null,null,2012-09-19T20:29:40.700
937420,25559099,2850,null,null,2013-07-10T10:20:19.043
606961,34931060,2850,null,null,2014-04-06T06:02:02.840
606961,34931401,2850,null,null,2014-04-06T06:26:32.023
4725,56705,57177,null,null,2008-10-04T17:51:04.873
834176,8418102,57178,null,null,2011-08-12T17:02:38.843
1996,2589,57185,null,null,2008-09-11T18:40:29.403
184925,3406339,57186,null,null,2010-07-20T12:52:41.717
29,1035847,57188,null,null,2009-07-31T12:00:09.327
226756,10525384,57188,null,null,2011-12-14T11:42:02.780
1324765,46678452,57188,null,null,2015-03-24T15:10:27.513
1483871,48361886,57189,null,null,2015-05-08T14:24:03.503
2426840,51908989,57190,null,null,2015-08-14T05:46:02.733
3236,60793001,57190,null,null,2016-04-13T12:18:12.010
3474,2582,57194,null,null,2008-09-11T18:35:22.520
29,1035853,57198,null,null,2009-07-31T12:01:27.377
1080948,11800345,57202,null,null,2012-02-19T08:48:15.073
259130,8883598,57203,null,null,2011-09-09T13:05:09.697
5056,2552,57212,null,null,2008-09-11T18:04:00.847
5139,7449,57219,null,null,2008-09-16T13:30:09.777
5139,7454,57219,null,null,2008-09-16T13:31:59.710
5056,2554,57227,null,null,2008-09-11T18:05:57.317
null,3994409,54596,null,null,2010-09-22T20:31:18.017
null,3994430,54596,null,null,2010-09-22T20:32:55.677
1959528,43825328,54596,null,null,2014-12-30T13:57:50.620
3255455,45226659,54596,null,null,2015-02-11T08:04:08.923
76722,59769042,54596,null,null,2016-03-17T12:58:06.573
1731200,74418064,54596,null,null,2017-04-28T17:40:44.197
3191331,80352546,54596,null,null,2017-10-12T06:25:34.940
1231693,86316101,54596,null,null,2018-04-04T14:33:24.910
9312988,88568294,54596,null,null,2018-06-10T05:24:03.863
560648,92916840,54596,null,null,2018-10-26T10:20:49.890
560648,93112773,54596,null,null,2018-11-01T20:17:10.610
402022,7707375,58945,null,null,2011-07-01T01:27:18.663
null,7715117,58945,null,null,2011-07-01T13:31:47.903
129269,9175846,58945,null,null,2011-09-27T11:48:13.713
402022,9187179,58945,null,null,2011-09-27T22:21:06.263
581076,10565673,58945,null,null,2011-12-16T07:27:22.567
5754,4333,58949,null,null,2008-09-14T06:50:05.200
197605,5743740,58949,null,null,2011-02-25T18:58:17.107
1219,3371,58950,null,null,2008-09-12T14:12:40.567
4410,3552,58953,null,null,2008-09-12T16:30:57.537
4105,152844,58953,null,null,2008-11-21T18:36:35.560
2974,162113,58953,null,null,2008-11-26T18:58:11.067
18038,2496764,58953,null,null,2010-03-23T17:31:05.913
654789,9681082,58953,null,null,2011-10-28T04:10:43.297
3751,3330,58957,null,null,2008-09-12T13:45:05.047
5961,15389,58957,null,null,2008-09-18T20:42:19.627
5171,3568,58963,null,null,2008-09-12T16:42:57.930
150031,8169318,24561,2,c#,2011-07-29T00:13:54.037
150031,8169318,24561,2,string,2011-07-29T00:13:54.037
150031,8169318,24561,2,coding-style,2011-07-29T00:13:54.037
150031,8169318,24561,2,string.format,2011-07-29T00:13:54.037
500134,13392793,24561,2,c#,2012-04-30T16:31:53.863
500134,13392793,24561,2,string,2012-04-30T16:31:53.863
500134,13392793,24561,2,coding-style,2012-04-30T16:31:53.863
500134,13392793,24561,2,string.format,2012-04-30T16:31:53.863
90002,19476163,24561,2,c#,2012-12-29T17:47:37.107
90002,19476163,24561,2,string,2012-12-29T17:47:37.107
90002,19476163,24561,2,coding-style,2012-12-29T17:47:37.107
90002,19476163,24561,2,string.format,2012-12-29T17:47:37.107
238419,25325912,24561,2,c#,2013-07-02T20:15:14.970
238419,25325912,24561,2,string,2013-07-02T20:15:14.970
238419,25325912,24561,2,coding-style,2013-07-02T20:15:14.970
238419,25325912,24561,2,string.format,2013-07-02T20:15:14.970
150031,25366269,24561,2,c#,2013-07-03T21:03:36.350
150031,25366269,24561,2,string,2013-07-03T21:03:36.350
150031,25366269,24561,2,coding-style,2013-07-03T21:03:36.350
150031,25366269,24561,2,string.format,2013-07-03T21:03:36.350
3293816,48638374,24561,2,c#,2015-05-15T21:53:00.690
3293816,48638374,24561,2,string,2015-05-15T21:53:00.690
3293816,48638374,24561,2,coding-style,2015-05-15T21:53:00.690
3293816,48638374,24561,2,string.format,2015-05-15T21:53:00.690
55102,58998324,24561,2,c#,2016-02-26T18:24:09.337
55102,58998324,24561,2,string,2016-02-26T18:24:09.337
55102,58998324,24561,2,coding-style,2016-02-26T18:24:09.337
55102,58998324,24561,2,string.format,2016-02-26T18:24:09.337
3033876,62434504,24561,2,c#,2016-05-26T17:58:50.140
3033876,62434504,24561,2,string,2016-05-26T17:58:50.140
3033876,62434504,24561,2,coding-style,2016-05-26T17:58:50.140
3033876,62434504,24561,2,string.format,2016-05-26T17:58:50.140
2495728,66397847,24561,2,c#,2016-09-17T01:39:44.517
2495728,66397847,24561,2,string,2016-09-17T01:39:44.517
2495728,66397847,24561,2,coding-style,2016-09-17T01:39:44.517
2495728,66397847,24561,2,string.format,2016-09-17T01:39:44.517
2254951,67806685,24561,2,c#,2016-10-26T23:03:06.307
2254951,67806685,24561,2,string,2016-10-26T23:03:06.307
2254951,67806685,24561,2,coding-style,2016-10-26T23:03:06.307
2254951,67806685,24561,2,string.format,2016-10-26T23:03:06.307
553609,107238553,24561,2,c#,2020-03-10T09:51:37.387
553609,107238553,24561,2,string,2020-03-10T09:51:37.387
553609,107238553,24561,2,coding-style,2020-03-10T09:51:37.387
553609,107238553,24561,2,string.format,2020-03-10T09:51:37.387
7721525,96936352,54596,null,null,2019-03-11T06:47:20.203
12251738,104434444,54596,null,null,2019-11-29T08:19:46.677
8112003,115796225,54596,null,null,2020-12-29T18:37:38.803
6483524,121645053,54596,null,null,2021-08-18T11:22:54.450
null,123387250,54596,null,null,2021-11-01T22:56:19.120
3195477,130859306,54596,null,null,2022-10-18T19:12:14.857
13179,12009,54627,null,null,2008-09-17T21:15:36.920
108256,809137,54628,null,null,2009-06-16T08:48:22.963
1502059,3156893,54628,null,null,2010-06-20T18:29:26.887
2757035,75255835,54628,null,null,2017-05-22T16:58:47.477
488164,82481746,54628,null,null,2017-12-11T19:45:18.727
2757035,82499957,54628,null,null,2017-12-12T09:44:36.287
488164,82500394,54628,null,null,2017-12-12T09:55:34.413
2073469,83169437,54628,null,null,2018-01-04T14:22:26.530
2757035,83172094,54628,null,null,2018-01-04T15:35:09.790
5652258,120889294,54628,null,null,2021-07-16T02:50:30.017
2208372,129269195,54628,null,null,2022-08-01T13:15:53.093
4778,1656,54639,null,null,2008-09-10T17:02:12.737
3674,2773,54647,null,null,2008-09-11T22:09:25.453
4121,327752,54647,null,null,2009-02-05T00:03:05.300
109305,42597208,54647,null,null,2014-11-20T11:47:31.297
3320,2107,54649,null,null,2008-09-11T07:16:33.117
4778,1652,54682,null,null,2008-09-10T17:00:26.640
4968,1843,54695,null,null,2008-09-10T20:04:06.543
341065,50075587,54695,null,null,2015-06-24T11:37:11.420
4358,1659,54696,null,null,2008-09-10T17:04:20.233
854672,72548212,54696,null,null,2017-03-10T08:41:17.603
56315,342561,54697,null,null,2009-02-09T20:08:11.683
517,1670,54702,null,null,2008-09-10T17:14:17.167
10468,1986281,54705,null,null,2010-01-13T16:57:57.730
247,2044,54707,null,null,2008-09-11T03:05:10.273
372,1661,54708,null,null,2008-09-10T17:05:18.983
1790,1687,54708,null,null,2008-09-10T17:29:32.857
140126,4004753,54708,null,null,2010-09-23T18:37:06.987
5190,1684,54725,null,null,2008-09-10T17:25:50.587
5965,253142,24564,2,windows,2009-01-09T20:29:23.070
5965,253142,24564,2,svn,2009-01-09T20:29:23.070
1690,253922,24564,2,windows,2009-01-10T01:39:52.820
1690,253922,24564,2,svn,2009-01-10T01:39:52.820
41321,505765,24564,2,windows,2009-03-28T05:03:49.853
41321,505765,24564,2,svn,2009-03-28T05:03:49.853
52626,506128,24564,2,windows,2009-03-28T12:22:06.540
52626,506128,24564,2,svn,2009-03-28T12:22:06.540
21962,532090,24564,2,windows,2009-04-06T02:06:30.933
21962,532090,24564,2,svn,2009-04-06T02:06:30.933
4414367,60963745,24574,2,perl,2016-04-18T07:12:40.720
4414367,60963745,24574,2,wikipedia,2016-04-18T07:12:40.720
4414367,60963745,24574,2,lwp,2016-04-18T07:12:40.720
4414367,60965588,24574,2,perl,2016-04-18T08:08:29.623
4414367,60965588,24574,2,wikipedia,2016-04-18T08:08:29.623
4414367,60965588,24574,2,lwp,2016-04-18T08:08:29.623
8151,1451738,24575,2,fonts,2009-10-19T13:35:19.100
8151,1451738,24575,2,development-environment,2009-10-19T13:35:19.100
398630,34638207,24581,2,visual-studio,2014-03-29T06:38:06.417
398630,34638207,24581,2,build-automation,2014-03-29T06:38:06.417
2363540,45771307,24582,2,algorithm,2015-02-26T13:59:40.227
2363540,45771307,24582,2,optimization,2015-02-26T13:59:40.227
2363540,45771307,24582,2,complexity-theory,2015-02-26T13:59:40.227
2363540,45771307,24582,2,big-o,2015-02-26T13:59:40.227
2363540,45771307,24582,2,performance,2015-02-26T13:59:40.227
16406,9333020,24589,2,parsing,2011-10-06T17:59:03.930
16406,9333020,24589,2,ocaml,2011-10-06T17:59:03.930
16406,9333020,24589,2,grammar,2011-10-06T17:59:03.930
16406,9333020,24589,2,yacc,2011-10-06T17:59:03.930
94895,776821,24594,2,null,2009-06-09T06:15:29.593
936,777875,24594,2,null,2009-06-09T12:05:04.427
122607,8720468,24596,1,java,2011-08-30T20:27:13.413
122607,8720468,24596,1,web-frameworks,2011-08-30T20:27:13.413
122607,8720468,24596,1,rich-internet-application,2011-08-30T20:27:13.413
3055,7897,73681,null,null,2008-09-16T15:40:12.960
12958,51505606,73681,null,null,2015-08-03T13:32:35.583
2071450,49970129,73682,null,null,2015-06-21T21:04:50.187
6607497,134603198,73685,null,null,2023-05-25T11:29:58.367
7898,7896,73686,null,null,2008-09-16T15:39:46.173
82320,4361256,73686,null,null,2010-10-30T18:40:49.467
1762,7915,73688,null,null,2008-09-16T15:48:12.240
6607497,134603189,73689,null,null,2023-05-25T11:29:23.740
2215679,30004158,73695,null,null,2013-11-21T21:44:00.693
2037826,99148631,73695,null,null,2019-05-22T23:30:14.890
848072,41519549,73703,null,null,2014-10-18T08:18:43.623
3480199,45765147,73703,null,null,2015-02-26T11:13:39.590
45375,50558566,73703,null,null,2015-07-08T03:09:38.843
1429450,66000798,73703,null,null,2016-09-05T16:41:27.687
1429450,66001119,73703,null,null,2016-09-05T16:53:21.233
577774,26257903,73721,null,null,2013-07-31T07:50:57.000
12280,7955,73722,null,null,2008-09-16T16:02:41.500
12419,8263,73723,null,null,2008-09-16T18:24:25.373
4580,9217461,73726,null,null,2008-09-16T15:59:11.963
874188,85339980,73726,null,null,2018-03-08T07:18:58.400
1336654,37054767,73729,null,null,2014-06-04T11:47:35.373
5962841,63953362,73729,null,null,2016-07-08T12:43:59.790
1159478,75755700,73729,null,null,2017-06-05T20:43:33.493
2869093,93263958,73732,null,null,2018-11-07T10:10:26.923
5348875,101817253,73732,null,null,2019-08-28T06:05:50.403
1516042,16201393,90247,null,null,2012-08-24T22:36:48.797
1209443,37029857,90247,null,null,2014-06-03T19:09:55.680
369332,37137965,90247,null,null,2014-06-06T12:13:07.537
376409,50905730,90247,null,null,2015-07-17T06:56:47.400
1388001,85436781,90247,null,null,2018-03-11T03:36:20.397
6294605,88842580,90247,null,null,2018-06-19T06:09:25.917
2961,13073,90249,null,null,2008-09-18T06:48:03.283
9128,12979,90250,null,null,2008-09-18T05:24:44.887
11229,12990,90250,null,null,2008-09-18T05:35:20.713
2203136,53100855,90252,null,null,2015-09-17T08:13:40.270
9128,12989,90262,null,null,2008-09-18T05:35:05.347
354132,10425552,90263,null,null,2011-12-08T19:09:21.497
3719,10433102,90263,null,null,2011-12-09T05:19:11.930
11229,12994,90273,null,null,2008-09-18T05:38:49.393
7685,2801249,90277,null,null,2010-05-04T19:34:25.383
1084,2801280,90277,null,null,2010-05-04T19:37:25.817
2583675,79582097,1332,2,null,2017-09-19T21:36:01.667
1181399,96256124,1332,2,null,2019-02-17T19:30:58.403
148180,12195480,1334,2,windows,2012-03-08T01:39:03.010
148180,12195480,1334,2,file,2012-03-08T01:39:03.010
148180,12195480,1334,2,filesystems,2012-03-08T01:39:03.010
148180,12195480,1334,2,utilities,2012-03-08T01:39:03.010
null,7200627,1337,2,windows,2011-05-31T15:29:07.310
null,7200627,1337,2,file,2011-05-31T15:29:07.310
null,7200627,1337,2,filesystems,2011-05-31T15:29:07.310
null,7200627,1337,2,utilities,2011-05-31T15:29:07.310
967943,23378158,1337,2,windows,2013-05-01T19:14:57.220
967943,23378158,1337,2,file,2013-05-01T19:14:57.220
967943,23378158,1337,2,filesystems,2013-05-01T19:14:57.220
967943,23378158,1337,2,utilities,2013-05-01T19:14:57.220
7467283,78082333,1338,2,mysql,2017-08-08T07:12:54.377
7467283,78082333,1338,2,database,2017-08-08T07:12:54.377
7467283,78082333,1338,2,database-performance,2017-08-08T07:12:54.377
21828,79152,1339,2,windows,2008-10-15T16:55:32.987
21828,79152,1339,2,file,2008-10-15T16:55:32.987
21828,79152,1339,2,filesystems,2008-10-15T16:55:32.987
21828,79152,1339,2,utilities,2008-10-15T16:55:32.987
344159,33919978,1339,2,windows,2014-03-11T09:29:07.663
344159,33919978,1339,2,file,2014-03-11T09:29:07.663
344159,33919978,1339,2,filesystems,2014-03-11T09:29:07.663
344159,33919978,1339,2,utilities,2014-03-11T09:29:07.663
237838,20654217,1378,2,ruby,2013-02-07T17:30:11.750
237838,20654217,1378,2,unix,2013-02-07T17:30:11.750
237838,20654217,1378,2,curses,2013-02-07T17:30:11.750
395659,20670959,1378,2,ruby,2013-02-08T06:42:52.287
395659,20670959,1378,2,unix,2013-02-08T06:42:52.287
395659,20670959,1378,2,curses,2013-02-08T06:42:52.287
40,5524049,1380,2,apache-flex,2011-02-09T23:44:28.283
40,5524049,1380,2,air,2011-02-09T23:44:28.283
181569,4619288,1383,1,unit-testing,2010-11-24T00:16:06.073
312,9589914,1383,1,unit-testing,2008-08-04T16:34:34.843
545127,30290082,1383,1,unit-testing,2013-11-30T12:37:13.430
21727,2817828,1387,1,.net,2010-05-06T16:33:11.930
21727,2817828,1387,1,parallel-processing,2010-05-06T16:33:11.930
1007638,64714695,1393,2,unit-testing,2016-07-29T20:20:25.930
5466135,123716280,1393,2,unit-testing,2021-11-16T09:16:11.810
91,8128443,1394,2,sql-server,2011-07-27T02:16:31.457
91,8128443,1394,2,windows-server-2008,2011-07-27T02:16:31.457
11683,86959968,71296,null,null,2018-04-23T00:44:11.523
1553,25381,71301,null,null,2008-09-23T00:41:10.963
1085,7209,71307,null,null,2008-09-16T11:27:44.220
11683,7216,71310,null,null,2008-09-16T11:30:48.520
190829,14384571,71310,null,null,2012-06-13T00:31:58.790
695364,59605079,71310,null,null,2016-03-13T20:22:20.120
1026,86959410,71310,null,null,2018-04-22T23:48:32.110
5079799,113404655,71310,null,null,2020-09-30T03:50:01.793
2289,7467,71317,null,null,2008-09-16T13:39:59.503
1796,68251,71317,null,null,2008-10-09T18:39:09.547
2635,142290,71317,null,null,2008-11-17T03:43:19.620
72896,1056988,71317,null,null,2009-08-05T06:11:07.653
3760049,83320214,71322,null,null,2018-01-09T14:33:39.007
771461,108970055,71322,null,null,2020-05-04T23:43:10.960
608639,87877398,71323,null,null,2018-05-20T04:00:24.103
5190,87879650,71323,null,null,2018-05-20T07:46:08.800
343309,18811112,34664,1,.net,2012-12-04T08:48:34.690
343309,18811112,34664,1,user-controls,2012-12-04T08:48:34.690
898559,32591129,34664,1,.net,2014-02-05T11:40:27.147
898559,32591129,34664,1,user-controls,2014-02-05T11:40:27.147
944387,39684802,34664,1,.net,2014-08-21T21:28:55.740
944387,39684802,34664,1,user-controls,2014-08-21T21:28:55.740
84689,10043745,34669,1,java,2009-04-01T05:08:50.887
84689,10043745,34669,1,recursion,2009-04-01T05:08:50.887
84689,10043745,34669,1,coding-style,2009-04-01T05:08:50.887
84689,10043745,34669,1,integer,2009-04-01T05:08:50.887
84689,10043745,34669,1,final,2009-04-01T05:08:50.887
432358,69972648,34681,2,algorithm,2016-12-29T18:26:41.400
432358,69972648,34681,2,language-agnostic,2016-12-29T18:26:41.400
432358,69972648,34681,2,hash,2016-12-29T18:26:41.400
1640892,86242180,34681,2,algorithm,2018-04-02T19:33:50.303
1640892,86242180,34681,2,language-agnostic,2018-04-02T19:33:50.303
1640892,86242180,34681,2,hash,2018-04-02T19:33:50.303
432358,86249789,34681,2,algorithm,2018-04-03T02:45:06.513
432358,86249789,34681,2,language-agnostic,2018-04-03T02:45:06.513
432358,86249789,34681,2,hash,2018-04-03T02:45:06.513
2287,80702,34686,2,javascript,2008-10-16T09:32:44.020
2287,80702,34686,2,html,2008-10-16T09:32:44.020
2287,80702,34686,2,css,2008-10-16T09:32:44.020
2287,80702,34686,2,iframe,2008-10-16T09:32:44.020
1278,30515003,34687,1,svn,2008-08-29T18:38:56.677
1278,30515003,34687,1,version-control,2008-08-29T18:38:56.677
3497,30515010,34687,1,svn,2008-08-29T19:33:05.377
3497,30515010,34687,1,version-control,2008-08-29T19:33:05.377
7903,61476,34693,2,web-services,2008-10-07T11:26:09.110
7903,61476,34693,2,msbuild,2008-10-07T11:26:09.110
7903,61476,34693,2,build-process,2008-10-07T11:26:09.110
7903,61476,34693,2,nunit,2008-10-07T11:26:09.110
7903,61476,34693,2,cruisecontrol.net,2008-10-07T11:26:09.110
15296,53897,34708,null,null,2008-10-03T11:42:00.440
1931,119864169,34708,null,null,2021-06-03T00:12:40.103
35197,774993,34710,null,null,2009-06-08T19:06:57.840
2230,5152070,34719,null,null,2011-01-12T21:37:46.467
78522,5472958,34719,null,null,2011-02-06T14:00:40.303
1466046,63077290,63235,null,null,2016-06-14T08:10:31.070
1559,63113424,63235,null,null,2016-06-15T02:39:19.730
1466046,63114684,63235,null,null,2016-06-15T04:05:42.990
2704659,78732869,63235,null,null,2017-08-25T17:43:22.327
2704659,78733168,63235,null,null,2017-08-25T17:52:56.153
7292,5279,63236,null,null,2008-09-15T15:47:00.753
2541,5095,63240,null,null,2008-09-15T14:15:56.807
106781,914988,63258,null,null,2009-07-08T20:03:14.617
565296,8706712,63258,null,null,2011-08-30T06:58:42.863
204480,12041196,63258,null,null,2012-02-29T23:07:03.383
411718,16326627,63258,null,null,2012-08-30T08:32:12.463
3126558,112522162,63258,null,null,2020-08-28T10:43:00.503
8733066,116878543,63258,null,null,2021-02-08T19:21:17.023
1461862,128748891,63258,null,null,2022-07-07T06:42:58.910
1438,6254,63269,null,null,2008-09-15T23:17:34.990
13,6302,63269,null,null,2008-09-15T23:42:47.083
6389,5096,63273,null,null,2008-09-15T14:17:48.063
206,5119,63273,null,null,2008-09-15T14:26:23.440
6389,5168,63273,null,null,2008-09-15T14:54:54.137
357555,18543195,63274,null,null,2012-11-24T11:16:08.947
1176768,20712707,63274,null,null,2013-02-09T21:10:58.290
1977151,44256556,63274,null,null,2015-01-13T19:13:25.497
862962,45404220,47426,null,null,2015-02-16T16:07:14.830
4059,45540459,47426,null,null,2015-02-19T23:06:21.193
1518100,63266942,47426,null,null,2016-06-19T12:52:56.083
26931,2436785,47427,null,null,2010-03-15T18:30:29.827
382305,4296472,47427,null,null,2010-10-24T17:20:52.307
817208,51233272,47427,null,null,2015-07-27T00:26:28.770
739331,58762958,47427,null,null,2016-02-21T14:15:44.077
4642,12,47428,null,null,2008-09-06T13:51:47.843
17964,748444,47428,null,null,2009-06-02T15:59:11.307
15906,1191709,47428,null,null,2009-08-30T22:52:45.790
26931,2436758,47428,null,null,2010-03-15T18:27:25.763
155366,3383142,47428,null,null,2010-07-17T05:25:59.830
312407,4406575,47429,null,null,2010-11-04T10:17:18.423
337529,7771498,47429,null,null,2011-07-05T20:26:04.677
4830,16168373,47429,null,null,2012-08-23T18:55:46.927
337529,17513294,47429,null,null,2012-10-16T22:18:06.607
661933,22447326,47432,null,null,2013-04-03T13:11:23.303
4279,1611,47435,null,null,2008-09-10T15:58:30.063
1000,53228954,15939,null,null,2015-09-21T10:30:23.197
78053,541726,15940,null,null,2009-04-08T14:18:46.303
845092,48330010,15948,null,null,2015-05-07T19:02:47.250
2748628,59556604,15948,null,null,2016-03-11T21:23:00.633
5486,1735204,15951,null,null,2009-12-03T18:56:06.107
73070,8880170,15951,null,null,2011-09-09T09:33:51.590
22227,88065,15961,null,null,2008-10-20T15:26:40.980
544,11047673,15963,null,null,2008-08-19T16:17:34.397
120,937424,15970,null,null,2009-07-13T17:48:08.310
7021,3437900,15970,null,null,2010-07-23T09:16:36.987
6083675,65713548,15981,null,null,2016-08-27T22:01:04.737
4279,44184927,15995,null,null,2015-01-11T20:49:54.117
368630,12368519,16020,null,null,2012-03-15T20:15:20.393
217893,40076615,16020,null,null,2014-09-03T15:38:43.343
2167115,40831924,16037,null,null,2014-09-26T14:52:15.410
227299,47544599,16037,null,null,2015-04-17T16:20:47.997
24841,1884976,16039,null,null,2009-12-28T18:13:54.517
1762,2287781,16039,null,null,2010-02-23T15:56:05.900
226937,3250700,26991,null,null,2010-07-01T19:31:26.313
93468,4843057,26991,null,null,2010-12-14T05:28:07.403
93468,4843101,26991,null,null,2010-12-14T05:35:14.430
93468,4843106,26991,null,null,2010-12-14T05:35:48.250
1574,4867523,26991,null,null,2010-12-15T22:33:48.617
93468,4944885,26991,null,null,2010-12-23T04:33:28.713
1574,4950970,26991,null,null,2010-12-23T16:36:52.967
2785,6724768,26991,null,null,2010-05-12T15:53:49.707
912875,18249298,26991,null,null,2012-11-13T18:44:03.130
5267751,91005388,71323,null,null,2018-08-26T15:18:23.550
849,7244,71327,null,null,2008-09-16T11:47:40.833
1533,7303,71327,null,null,2008-09-16T12:30:10.420
351998,21767816,71332,null,null,2013-03-13T22:43:41.077
517316,21952249,71332,null,null,2013-03-19T15:33:59.957
431369,22136023,71332,null,null,2013-03-25T05:25:36.570
2111078,22158731,71332,null,null,2013-03-25T17:50:09.783
1918282,22291510,71332,null,null,2013-03-29T06:18:05.487
463478,22310576,71332,null,null,2013-03-29T18:33:58.117
19814,72646,71334,null,null,2008-10-12T11:41:21.843
211983,9676479,71334,null,null,2011-10-27T20:20:48.113
211563,12818659,71334,null,null,2012-04-05T06:14:49.113
446456,23239872,71334,null,null,2013-04-26T19:52:12.610
1848140,39620623,71334,null,null,2014-08-20T10:10:59.183
477563,49327429,71334,null,null,2015-06-03T21:18:20.920
419074,61997168,71334,null,null,2016-05-15T02:21:52.157
419074,61997180,71334,null,null,2016-05-15T02:23:03.007
1968,62028524,71334,null,null,2016-05-16T09:10:01.950
1078084,70656942,71334,null,null,2017-01-18T23:32:45.600
8131703,80761048,71334,null,null,2017-10-24T09:44:51.400
17063,2101606,84558,null,null,2010-01-28T21:10:19.727
2757035,63885158,84562,null,null,2016-07-06T18:59:42.697
11828,63890803,84562,null,null,2016-07-06T22:06:42.063
2757035,63890937,84562,null,null,2016-07-06T22:12:52.287
82449,1992498,84580,null,null,2010-01-14T12:41:03.473
7001,20175,84583,null,null,2008-09-20T10:36:00.683
124119,13154657,84594,null,null,2012-04-19T21:21:09.477
8361,11079,84596,null,null,2008-09-17T15:57:16.700
237285,12396262,84599,null,null,2012-03-16T23:16:42.313
100297,39707655,84599,null,null,2014-08-22T14:11:33.290
13913,11270,84601,null,null,2008-09-17T17:06:46.643
683965,13622073,84611,null,null,2012-05-10T09:26:01.480
131326,14919696,84613,null,null,2012-07-04T16:03:00.937
1797000,21330898,84613,null,null,2013-03-01T03:49:15.537
4281,21347942,84613,null,null,2013-03-01T14:45:24.057
294313,46698400,84613,null,null,2015-03-25T02:43:12.277
2727,192426,84615,null,null,2008-12-12T07:32:23.503
1550752,23752996,84616,null,null,2013-05-14T08:42:59.127
1910553,27064683,84616,null,null,2013-08-24T20:00:44.850
1399491,28775218,84616,null,null,2013-10-16T19:14:19.997
210342,12214361,24596,1,java,2012-03-08T20:40:41.000
210342,12214361,24596,1,web-frameworks,2012-03-08T20:40:41.000
210342,12214361,24596,1,rich-internet-application,2012-03-08T20:40:41.000
17086,69761,24607,2,ruby-on-rails,2008-10-10T10:12:40.380
17086,69761,24607,2,ruby,2008-10-10T10:12:40.380
17086,69761,24607,2,rubygems,2008-10-10T10:12:40.380
141186,3456801,24607,2,ruby-on-rails,2010-07-26T05:40:56.563
141186,3456801,24607,2,ruby,2010-07-26T05:40:56.563
141186,3456801,24607,2,rubygems,2010-07-26T05:40:56.563
493823,5497301,24611,2,java,2011-02-08T11:00:04.630
493823,5497301,24611,2,web-frameworks,2011-02-08T11:00:04.630
493823,5497301,24611,2,rich-internet-application,2011-02-08T11:00:04.630
20481,658997,24615,2,list,2009-05-12T01:07:43.243
20481,658997,24615,2,dictionary,2009-05-12T01:07:43.243
20481,658997,24615,2,profanity,2009-05-12T01:07:43.243
1299669,48891005,24615,2,list,2015-05-22T16:28:31.143
1299669,48891005,24615,2,dictionary,2015-05-22T16:28:31.143
1299669,48891005,24615,2,profanity,2015-05-22T16:28:31.143
2016196,106812854,24615,2,list,2020-02-24T17:21:27.233
2016196,106812854,24615,2,dictionary,2020-02-24T17:21:27.233
2016196,106812854,24615,2,profanity,2020-02-24T17:21:27.233
14651711,124319961,24615,2,list,2021-12-12T22:44:00.487
14651711,124319961,24615,2,dictionary,2021-12-12T22:44:00.487
14651711,124319961,24615,2,profanity,2021-12-12T22:44:00.487
499521,5570917,24621,2,oop,2011-02-13T21:42:45.070
512994,9563889,24626,1,encapsulation,2011-10-20T23:21:41.787
512994,9563889,24626,1,abstraction,2011-10-20T23:21:41.787
512994,9563889,24626,1,glossary,2011-10-20T23:21:41.787
512994,9563889,24626,1,ooad,2011-10-20T23:21:41.787
512994,9563889,24626,1,information-hiding,2011-10-20T23:21:41.787
1410342,18640289,24626,1,encapsulation,2012-11-28T04:30:32.287
1410342,18640289,24626,1,abstraction,2012-11-28T04:30:32.287
1410342,18640289,24626,1,glossary,2012-11-28T04:30:32.287
1410342,18640289,24626,1,ooad,2012-11-28T04:30:32.287
1410342,18640289,24626,1,information-hiding,2012-11-28T04:30:32.287
926905,8956137,24633,2,oop,2011-09-14T05:01:18.373
84091,1496989,24640,2,java,2009-10-27T04:43:02.913
84091,1496989,24640,2,web-frameworks,2009-10-27T04:43:02.913
84091,1496989,24640,2,rich-internet-application,2009-10-27T04:43:02.913
445367,2120075,24640,2,java,2010-01-31T23:25:42.770
445367,2120075,24640,2,web-frameworks,2010-01-31T23:25:42.770
445367,2120075,24640,2,rich-internet-application,2010-01-31T23:25:42.770
99022,2238433,24640,2,java,2010-02-16T19:43:08.460
99022,2238433,24640,2,web-frameworks,2010-02-16T19:43:08.460
99022,2238433,24640,2,rich-internet-application,2010-02-16T19:43:08.460
592025,8958492,1397,2,apache-flex,2011-09-14T08:15:10.463
592025,8958492,1397,2,air,2011-09-14T08:15:10.463
539285,42892562,1397,2,apache-flex,2014-11-29T17:36:52.033
539285,42892562,1397,2,air,2014-11-29T17:36:52.033
1507543,1580306,1404,2,c#,2009-11-09T22:09:27.227
1507543,1580306,1404,2,.net,2009-11-09T22:09:27.227
1507543,1580306,1404,2,datetime,2009-11-09T22:09:27.227
425038,4535395,1404,2,c#,2010-11-16T15:37:18.587
425038,4535395,1404,2,.net,2010-11-16T15:37:18.587
425038,4535395,1404,2,datetime,2010-11-16T15:37:18.587
13760086,117851014,1404,2,c#,2021-03-17T06:19:01.980
13760086,117851014,1404,2,.net,2021-03-17T06:19:01.980
13760086,117851014,1404,2,datetime,2021-03-17T06:19:01.980
4491768,129068506,1404,2,c#,2022-07-22T10:20:55.133
4491768,129068506,1404,2,.net,2022-07-22T10:20:55.133
4491768,129068506,1404,2,datetime,2022-07-22T10:20:55.133
6002665,130409282,1404,2,c#,2022-09-26T13:03:58.683
6002665,130409282,1404,2,.net,2022-09-26T13:03:58.683
6002665,130409282,1404,2,datetime,2022-09-26T13:03:58.683
3606250,131851524,1404,2,c#,2022-12-06T15:45:52.157
3606250,131851524,1404,2,.net,2022-12-06T15:45:52.157
3606250,131851524,1404,2,datetime,2022-12-06T15:45:52.157
2133640,132897190,1404,2,c#,2023-02-01T19:56:08.117
2133640,132897190,1404,2,.net,2023-02-01T19:56:08.117
2133640,132897190,1404,2,datetime,2023-02-01T19:56:08.117
1617686,132901638,1404,2,c#,2023-02-02T01:22:25.777
1617686,132901638,1404,2,.net,2023-02-02T01:22:25.777
1617686,132901638,1404,2,datetime,2023-02-02T01:22:25.777
1091386,37291245,1408,1,php,2014-06-11T12:24:28.643
1091386,37291245,1408,1,apache,2014-06-11T12:24:28.643
1091386,37291245,1408,1,xampp,2014-06-11T12:24:28.643
1091386,37291245,1408,1,server-configuration,2014-06-11T12:24:28.643
58,42345501,1408,1,php,2014-11-12T20:37:35.513
58,42345501,1408,1,apache,2014-11-12T20:37:35.513
58,42345501,1408,1,xampp,2014-11-12T20:37:35.513
58,42345501,1408,1,server-configuration,2014-11-12T20:37:35.513
5671920,70698248,1408,1,php,2017-01-19T22:26:26.180
5671920,70698248,1408,1,apache,2017-01-19T22:26:26.180
5671920,70698248,1408,1,xampp,2017-01-19T22:26:26.180
5671920,70698248,1408,1,server-configuration,2017-01-19T22:26:26.180
861993,77564164,1408,1,php,2017-07-25T11:06:07.860
861993,77564164,1408,1,apache,2017-07-25T11:06:07.860
861993,77564164,1408,1,xampp,2017-07-25T11:06:07.860
861993,77564164,1408,1,server-configuration,2017-07-25T11:06:07.860
2949560,79008690,1408,1,php,2017-09-03T14:55:08.737
2949560,79008690,1408,1,apache,2017-09-03T14:55:08.737
2949560,79008690,1408,1,xampp,2017-09-03T14:55:08.737
2949560,79008690,1408,1,server-configuration,2017-09-03T14:55:08.737
888472,96624170,1408,1,php,2019-02-28T16:07:52.560
888472,96624170,1408,1,apache,2019-02-28T16:07:52.560
888472,96624170,1408,1,xampp,2019-02-28T16:07:52.560
888472,96624170,1408,1,server-configuration,2019-02-28T16:07:52.560
70,14832490,1409,1,asp.net,2008-08-04T17:14:28.037
70,14832490,1409,1,iis,2008-08-04T17:14:28.037
1004889,23857342,49283,null,null,2013-05-16T21:25:42.290
5534384,71762768,49283,null,null,2017-02-17T17:28:35.977
952,261,49284,null,null,2008-09-08T08:13:13.570
159508,83935470,49289,null,null,2018-01-26T23:04:52.017
3156169,95004568,49289,null,null,2019-01-08T05:43:54.770
9720972,135482470,49289,null,null,2023-08-07T11:05:01.493
69689,1592855,49291,null,null,2009-11-11T14:09:20.553
3820,688457,49299,null,null,2009-05-19T07:15:30.370
2260,270,49311,null,null,2008-09-08T09:29:02.637
2257,300,49311,null,null,2008-09-08T11:30:47.277
21574,76621,49312,null,null,2008-10-14T15:18:00.627
5697,153908,49312,null,null,2008-11-22T08:17:37.930
32490,696767,49315,null,null,2009-05-20T19:30:04.713
1116,95815,49316,null,null,2008-10-23T13:28:14.150
83658,2213285,49335,null,null,2010-02-12T18:38:01.393
13263,2538715,49335,null,null,2010-03-29T14:15:06.283
298281,10397094,49335,null,null,2011-12-07T14:33:53.923
67824,2005503,49336,null,null,2010-01-15T22:34:35.043
67824,2005590,49336,null,null,2010-01-15T22:56:58.097
5314,5886,49342,null,null,2008-09-15T20:05:14.873
4279,1613,47445,null,null,2008-09-10T16:01:11.697
519755,6306118,47452,null,null,2011-04-05T04:19:30.933
1288,6310676,47452,null,null,2011-04-05T11:11:20.443
776546,10633019,47452,null,null,2011-12-20T12:39:48.553
1556713,16087904,47452,null,null,2012-08-21T05:54:53.413
656652,19279069,47452,null,null,2012-12-20T13:47:32.233
1135954,28187063,47452,null,null,2013-09-28T17:42:10.077
1135954,28665581,47452,null,null,2013-10-13T17:21:46.463
908570,30732518,47452,null,null,2013-12-12T18:04:43.947
274677,40918635,47452,null,null,2014-09-29T22:19:26.470
2050874,44938035,47452,null,null,2015-02-03T06:17:11.700
285091,54113256,47452,null,null,2015-10-15T14:59:24.913
1894517,87087157,47452,null,null,2018-04-26T05:43:46.993
1080948,101530951,47452,null,null,2019-08-17T01:23:33.683
1288,101543297,47452,null,null,2019-08-17T20:05:26.790
11889111,127541926,47452,null,null,2022-05-10T13:11:36.023
3389,1976311,52242,null,null,2010-01-12T14:01:27.427
533,2118481,52242,null,null,2010-01-31T17:56:33.803
21574,5342477,52242,null,null,2011-01-27T14:47:15.740
26877,37123202,52242,null,null,2014-06-06T02:31:01.857
26972,38151473,52242,null,null,2014-07-07T20:07:34.587
1111,991,52243,null,null,2008-09-09T16:07:50.813
4134,1004,52244,null,null,2008-09-09T16:29:39.217
69746,551739,52244,null,null,2009-04-11T14:09:29.317
1287,2504555,52247,null,null,2010-03-24T15:27:55.920
268,770523,52252,null,null,2009-06-07T13:52:17.170
305,993,52253,null,null,2008-09-09T16:09:20.063
72,996,52253,null,null,2008-09-09T16:11:58.310
736,1000,52253,null,null,2008-09-09T16:14:55.523
95,1350,52257,null,null,2008-09-10T09:04:21.247
2257,2071,52257,null,null,2008-09-11T05:36:10.817
95,2160,52257,null,null,2008-09-11T09:46:49.217
5070,3759,52266,null,null,2008-09-12T20:07:44.630
4410,4177,52266,null,null,2008-09-13T17:40:16.113
2257,1006,52267,null,null,2008-09-09T16:31:49.680
29746,155434,12509,null,null,2008-11-23T20:00:40.520
428241,39998433,12509,null,null,2014-09-01T11:56:45.937
1633951,49782259,12512,null,null,2015-06-16T14:24:20.000
536,49787383,12512,null,null,2015-06-16T16:19:46.030
392626,5528072,12515,null,null,2011-02-10T08:59:24.493
1483143,29365648,12516,null,null,2013-11-04T00:14:18.090
1835,31038198,12534,null,null,2013-12-21T12:38:16.660
11682,32027941,12534,null,null,2014-01-21T13:10:02.177
294313,3950222,12568,null,null,2010-09-17T19:32:25.223
206394,3710249,12569,null,null,2010-08-22T20:12:01.397
200449,4702416,12578,null,null,2010-12-01T18:10:47.927
719397,12497223,12585,null,null,2012-03-21T19:33:09.860
1356098,71742280,12585,null,null,2017-02-17T09:02:07.210
1659,73365,12586,null,null,2008-10-13T01:40:42.740
2656,139330,12586,null,null,2008-11-14T17:42:55.200
27009,162470,12586,null,null,2008-11-26T21:19:55.227
294313,2793056,12586,null,null,2010-05-03T20:53:54.110
1018733,94219004,12609,null,null,2018-12-08T08:40:07.647
2134384,72657187,12630,null,null,2017-03-13T18:27:32.880
4410,1695,54725,null,null,2008-09-10T17:33:57.807
4410,1699,54725,null,null,2008-09-10T17:35:12.000
5190,1719,54725,null,null,2008-09-10T18:12:08.933
4410,1769,54725,null,null,2008-09-10T18:49:20.950
5361412,73555845,54725,null,null,2017-04-05T22:49:32.400
334451,133180847,54725,null,null,2023-02-17T11:13:11.467
334451,133180885,54725,null,null,2023-02-17T11:14:53.080
4165,1671,54737,null,null,2008-09-10T17:14:53.733
5487,1686,54737,null,null,2008-09-10T17:27:09.260
18157,90365654,54737,null,null,2018-08-06T07:15:46.513
1175,2000,54742,null,null,2008-09-11T00:10:02.690
34329,127115,54742,null,null,2008-11-07T23:03:40.727
912,377353,54742,null,null,2009-02-19T16:24:13.600
59557,898266,54742,null,null,2009-07-05T21:49:42.573
74470,24808422,54749,null,null,2013-06-17T05:58:42.833
5542,24808901,54749,null,null,2013-06-17T06:21:29.093
1821,344049,54761,null,null,2009-02-10T03:47:25.667
5487,1685,54765,null,null,2008-09-10T17:26:35.500
543,2240267,24640,2,java,2010-02-17T00:15:20.900
543,2240267,24640,2,web-frameworks,2010-02-17T00:15:20.900
543,2240267,24640,2,rich-internet-application,2010-02-17T00:15:20.900
428013,10856822,24640,2,java,2012-01-04T00:56:26.843
428013,10856822,24640,2,web-frameworks,2012-01-04T00:56:26.843
428013,10856822,24640,2,rich-internet-application,2012-01-04T00:56:26.843
728675,74584735,24643,2,java,2017-05-03T23:45:12.013
926905,8956161,24652,2,oop,2011-09-14T05:04:36.150
554406,69606916,24670,2,null,2016-12-17T22:47:26.987
2025,10431819,24675,1,php,2011-12-09T02:28:06.440
2025,10431819,24675,1,performance,2011-12-09T02:28:06.440
2025,10431819,24675,1,high-load,2011-12-09T02:28:06.440
635372,19073658,24675,1,php,2012-12-13T06:16:27.730
635372,19073658,24675,1,performance,2012-12-13T06:16:27.730
635372,19073658,24675,1,high-load,2012-12-13T06:16:27.730
6216,8917749,24681,2,php,2011-09-12T09:05:08.197
6216,8917749,24681,2,performance,2011-09-12T09:05:08.197
6216,8917749,24681,2,high-load,2011-09-12T09:05:08.197
319403,23980100,24681,2,php,2013-05-21T10:18:41.793
319403,23980100,24681,2,performance,2013-05-21T10:18:41.793
319403,23980100,24681,2,high-load,2013-05-21T10:18:41.793
290340,5577418,24685,2,php,2011-02-14T11:58:00.017
290340,5577418,24685,2,performance,2011-02-14T11:58:00.017
290340,5577418,24685,2,high-load,2011-02-14T11:58:00.017
290340,5577422,24685,2,php,2011-02-14T11:58:25.650
290340,5577422,24685,2,performance,2011-02-14T11:58:25.650
290340,5577422,24685,2,high-load,2011-02-14T11:58:25.650
18180,42507,24689,null,null,2008-09-29T10:47:38.853
null,278978,24689,null,null,2009-01-20T01:50:16.243
89771,1244221,24689,null,null,2009-09-10T00:15:31.217
1418164,15930475,79591,null,null,2012-08-14T15:13:54.980
1279820,28370105,79591,null,null,2013-10-04T08:04:35.090
2175897,31931034,79591,null,null,2014-01-18T12:41:10.620
3458969,48458323,79591,null,null,2015-05-11T19:35:05.247
null,49619777,79591,null,null,2015-06-11T15:23:53.460
852592,62753343,79591,null,null,2016-06-04T22:44:23.140
4548383,93780100,79591,null,null,2018-11-23T23:08:09.190
12293,9523,79592,null,null,2008-09-17T03:31:21.330
1337,9540,79592,null,null,2008-09-17T03:41:47.670
1337,9543,79592,null,null,2008-09-17T03:42:37.497
9323,10709,79595,null,null,2008-09-17T14:01:24.810
30674,637901,79601,null,null,2009-05-06T12:29:46.413
5697,959088,79601,null,null,2009-07-17T02:48:11.447
24874,3714463,79601,null,null,2010-08-23T10:34:59.070
3140,9512,79603,null,null,2008-09-17T03:24:01.100
13594,9529,79603,null,null,2008-09-17T03:35:22.163
12293,9515,79607,null,null,2008-09-17T03:25:22.437
6043,12642,79610,null,null,2008-09-18T02:30:40.720
2755,9539,79617,null,null,2008-09-17T03:41:18.577
11284,19846,79617,null,null,2008-09-20T04:00:23.707
126600,11703101,79617,null,null,2012-02-14T18:15:07.503
14836,9519,79621,null,null,2008-09-17T03:28:35.520
264084,4894161,1414,2,php,2010-12-18T03:24:13.023
264084,4894161,1414,2,apache,2010-12-18T03:24:13.023
264084,4894161,1414,2,xampp,2010-12-18T03:24:13.023
264084,4894161,1414,2,server-configuration,2010-12-18T03:24:13.023
455340,7531341,1414,2,php,2011-06-21T02:54:53.933
455340,7531341,1414,2,apache,2011-06-21T02:54:53.933
455340,7531341,1414,2,xampp,2011-06-21T02:54:53.933
455340,7531341,1414,2,server-configuration,2011-06-21T02:54:53.933
null,64953762,1414,2,php,2016-08-05T14:34:39.293
null,64953762,1414,2,apache,2016-08-05T14:34:39.293
null,64953762,1414,2,xampp,2016-08-05T14:34:39.293
null,64953762,1414,2,server-configuration,2016-08-05T14:34:39.293
497,20606527,1417,1,php,2008-08-22T17:04:39.470
497,20606527,1417,1,apache,2008-08-22T17:04:39.470
497,20606527,1417,1,authentication,2008-08-22T17:04:39.470
497,20606527,1417,1,http-authentication,2008-08-22T17:04:39.470
186334,4971631,1421,2,php,2010-12-27T06:32:17.203
186334,4971631,1421,2,apache,2010-12-27T06:32:17.203
186334,4971631,1421,2,xampp,2010-12-27T06:32:17.203
186334,4971631,1421,2,server-configuration,2010-12-27T06:32:17.203
747024,23480638,1421,2,php,2013-05-05T09:47:48.197
747024,23480638,1421,2,apache,2013-05-05T09:47:48.197
747024,23480638,1421,2,xampp,2013-05-05T09:47:48.197
747024,23480638,1421,2,server-configuration,2013-05-05T09:47:48.197
1662267,24343883,1421,2,php,2013-06-01T17:00:07.337
1662267,24343883,1421,2,apache,2013-06-01T17:00:07.337
1662267,24343883,1421,2,xampp,2013-06-01T17:00:07.337
1662267,24343883,1421,2,server-configuration,2013-06-01T17:00:07.337
19966,25703848,1421,2,php,2013-07-15T09:11:02.790
19966,25703848,1421,2,apache,2013-07-15T09:11:02.790
19966,25703848,1421,2,xampp,2013-07-15T09:11:02.790
19966,25703848,1421,2,server-configuration,2013-07-15T09:11:02.790
417791,31980470,1421,2,php,2014-01-20T10:47:44.033
417791,31980470,1421,2,apache,2014-01-20T10:47:44.033
417791,31980470,1421,2,xampp,2014-01-20T10:47:44.033
417791,31980470,1421,2,server-configuration,2014-01-20T10:47:44.033
1262372,36154631,1421,2,php,2014-05-09T10:26:06.223
1262372,36154631,1421,2,apache,2014-05-09T10:26:06.223
1262372,36154631,1421,2,xampp,2014-05-09T10:26:06.223
1262372,36154631,1421,2,server-configuration,2014-05-09T10:26:06.223
2607899,36439639,1421,2,php,2014-05-17T12:30:52.443
2607899,36439639,1421,2,apache,2014-05-17T12:30:52.443
2607899,36439639,1421,2,xampp,2014-05-17T12:30:52.443
2607899,36439639,1421,2,server-configuration,2014-05-17T12:30:52.443
1228081,42197439,1421,2,php,2014-11-08T01:20:12.347
1228081,42197439,1421,2,apache,2014-11-08T01:20:12.347
1228081,42197439,1421,2,xampp,2014-11-08T01:20:12.347
1228081,42197439,1421,2,server-configuration,2014-11-08T01:20:12.347
2472351,52482967,1421,2,php,2015-08-31T03:08:29.850
2472351,52482967,1421,2,apache,2015-08-31T03:08:29.850
2472351,52482967,1421,2,xampp,2015-08-31T03:08:29.850
2472351,52482967,1421,2,server-configuration,2015-08-31T03:08:29.850
445651,58049975,1421,2,php,2016-02-02T23:30:23.133
445651,58049975,1421,2,apache,2016-02-02T23:30:23.133
445651,58049975,1421,2,xampp,2016-02-02T23:30:23.133
445651,58049975,1421,2,server-configuration,2016-02-02T23:30:23.133
1563422,59677388,1421,2,php,2016-03-15T13:43:04.023
1563422,59677388,1421,2,apache,2016-03-15T13:43:04.023
1563422,59677388,1421,2,xampp,2016-03-15T13:43:04.023
1563422,59677388,1421,2,server-configuration,2016-03-15T13:43:04.023
1904386,68814268,1421,2,php,2016-11-25T00:35:25.393
1904386,68814268,1421,2,apache,2016-11-25T00:35:25.393
1904386,68814268,1421,2,xampp,2016-11-25T00:35:25.393
1904386,68814268,1421,2,server-configuration,2016-11-25T00:35:25.393
241536,5311173,1437,2,null,2011-01-25T13:27:47.753
55,5319183,1437,2,null,2011-01-25T23:20:31.970
127456,10661469,1457,1,ajax,2011-12-21T18:21:44.837
127456,10661469,1457,1,url,2011-12-21T18:21:44.837
127456,10661469,1457,1,rest,2011-12-21T18:21:44.837
127456,10661469,1457,1,address-bar,2011-12-21T18:21:44.837
112100,14475918,1457,1,ajax,2012-06-16T10:15:33.813
112100,14475918,1457,1,url,2012-06-16T10:15:33.813
112100,14475918,1457,1,rest,2012-06-16T10:15:33.813
112100,14475918,1457,1,address-bar,2012-06-16T10:15:33.813
563766,27962415,1457,1,ajax,2013-09-21T20:01:17.993
563766,27962415,1457,1,url,2013-09-21T20:01:17.993
563766,27962415,1457,1,rest,2013-09-21T20:01:17.993
563766,27962415,1457,1,address-bar,2013-09-21T20:01:17.993
331,34263276,1457,1,ajax,2014-03-19T20:58:07.933
331,34263276,1457,1,url,2014-03-19T20:58:07.933
331,34263276,1457,1,rest,2014-03-19T20:58:07.933
331,34263276,1457,1,address-bar,2014-03-19T20:58:07.933
7700,868819,1462,2,null,2009-06-29T08:11:56.853
814,17870,31499,null,null,2008-09-19T15:37:05.897
661933,15211030,31500,null,null,2012-07-16T19:19:43.397
93733,22010815,31500,null,null,2013-03-20T22:56:46.687
804517,23867552,31500,null,null,2013-05-17T07:41:27.853
5299082,137364880,31500,null,null,2024-02-01T01:44:08.527
7014607,136048401,31512,null,null,2023-09-25T13:13:45.283
67,2987297,31513,null,null,2010-05-29T00:32:26.207
247184,11243812,31513,null,null,2012-01-23T17:04:09.443
217757,40433507,31513,null,null,2014-09-15T07:21:46.720
881188,70621335,31513,null,null,2017-01-18T07:05:32.333
134761,6400214,31514,null,null,2011-04-11T07:08:29.053
669853,54289411,31514,null,null,2015-10-20T17:55:35.717
25544,218444,31516,null,null,2008-12-24T12:03:00.220
25544,218449,31518,null,null,2008-12-24T12:07:52.877
874188,44880784,31518,null,null,2015-02-01T10:50:41.440
40961,10264543,31536,2,null,2011-11-30T13:40:11.257
13302,9847727,31551,1,sql-server,2011-11-07T20:38:25.297
2027,9853908,31551,1,sql-server,2011-11-08T05:41:53.863
3426,40268682,31551,1,sql-server,2008-08-28T02:51:17.583
3032289,49002717,5728,null,null,2015-05-26T14:16:15.140
69062,628688,5736,null,null,2009-05-04T10:13:15.323
14690,745322,5736,null,null,2009-06-01T23:07:53.713
40115,1794599,5736,null,null,2009-12-12T11:29:32.867
1718130,17975418,5736,null,null,2012-11-02T20:35:44.177
854101,24453213,5736,null,null,2013-06-05T10:40:08.313
3032289,49002479,5736,null,null,2015-05-26T14:11:23.853
4386278,115341842,5736,null,null,2020-12-10T20:58:00.433
1358722,14225264,5739,null,null,2012-06-06T06:21:12.493
377,8647792,5749,null,null,2008-08-20T07:15:58.763
51101,570450,5754,null,null,2009-04-17T00:21:11.067
267,571248,5754,null,null,2009-04-17T06:57:32.627
4924754,110029700,73732,null,null,2020-06-05T10:34:54.683
756246,56203915,73734,null,null,2015-12-11T18:22:53.450
8152,14328,73741,null,null,2008-09-18T16:11:20.030
2057814,62973701,73742,null,null,2016-06-10T15:35:16.300
23368,2140576,73745,null,null,2010-02-03T13:02:21.613
2772061,28451901,73751,null,null,2013-10-07T12:20:15.353
3454208,91173840,73751,null,null,2018-08-31T08:45:59.780
3432,395770,73763,null,null,2009-02-24T21:42:42.467
2288585,416231,73763,null,null,2009-03-02T21:09:18.190
4725,952216,73763,null,null,2009-07-15T22:45:59.137
16883,1349281,73763,null,null,2009-09-30T08:16:20.340
12634,1393232,73763,null,null,2009-10-08T11:24:04.227
74865,3591410,73763,null,null,2010-08-10T03:24:06.877
142983,7579078,73763,null,null,2011-06-23T12:15:12.750
604237,39063272,73763,null,null,2014-08-03T07:59:55.820
4816322,56816671,73763,null,null,2015-12-30T21:12:53.390
12634,56933918,73763,null,null,2016-01-04T15:23:58.723
14148,549821,27005,null,null,2009-04-10T16:55:31.440
27938,3863614,27006,null,null,2010-09-08T18:04:27.637
184572,12731921,27006,null,null,2012-04-01T18:21:53.643
3149396,52020150,27006,null,null,2015-08-17T22:31:30.993
364,75231,27013,null,null,2008-10-13T22:12:59.587
10479,15960600,27013,null,null,2008-09-15T23:53:18.337
202461,3879995,27023,null,null,2010-09-10T09:48:41.897
95735,17804576,27023,null,null,2012-10-27T12:25:39.480
85666,28305259,27023,null,null,2013-10-02T13:57:50.237
20147,1639236,27033,null,null,2009-11-18T14:39:12.460
2363,1640474,27033,null,null,2009-11-18T17:08:58.423
2363,1640834,27033,null,null,2009-11-18T17:53:36.943
922673,28314471,27035,null,null,2013-10-02T18:09:44.310
1658847,58160849,27041,null,null,2016-02-05T11:49:40.747
16529,845197,57239,null,null,2009-06-23T19:43:00.470
296430,16934776,57239,null,null,2012-09-24T18:12:20.623
987,114236,57242,null,null,2008-10-31T21:23:19.480
16529,845178,57242,null,null,2009-06-23T19:41:14.750
5261,2586,57246,null,null,2008-09-11T18:37:30.097
267998,1386960,57246,null,null,2009-10-07T12:34:22.313
4792,3403,57247,null,null,2008-09-12T14:34:17.690
43379,223389,57247,null,null,2008-12-29T04:04:52.893
2119685,59292572,57249,null,null,2016-03-05T09:02:53.120
5261,2587,57255,null,null,2008-09-11T18:38:29.390
320615,3184467,57255,null,null,2010-06-23T19:08:30.957
21450,38094,57274,null,null,2008-09-26T18:58:06.907
29505,527230,57274,null,null,2009-04-03T18:28:16.200
4910,829957,57274,null,null,2009-06-19T22:53:50.193
2756409,137620329,57287,null,null,2024-02-26T19:47:03.750
null,3377,57296,null,null,2008-09-12T14:17:18.747
465588,131201122,47452,null,null,2022-11-04T11:43:26.367
26931,2436769,47459,null,null,2010-03-15T18:28:56.773
33213,188404,47461,null,null,2008-12-10T18:37:58.480
32914,198822,47461,null,null,2008-12-15T22:51:11.947
26227,265305,47461,null,null,2009-01-14T16:44:37.717
103900,687275,47461,null,null,2009-05-18T22:27:13.723
32914,834344,47461,null,null,2009-06-21T18:40:17.903
16012,1970371,47461,null,null,2010-01-11T19:03:48.153
222815,1976175,47461,null,null,2010-01-12T13:40:22.180
76722,8060225,47461,null,null,2011-07-22T14:32:50.797
166949,28827332,47461,null,null,2013-10-18T05:55:53.323
166949,28827438,47461,null,null,2013-10-18T06:01:06.873
632951,75267787,47461,null,null,2017-05-23T01:31:06.593
3854340,101160013,47461,null,null,2019-08-03T03:39:51.830
1638,9514,79622,null,null,2008-09-17T03:24:47.290
1337,9562,79625,null,null,2008-09-17T03:50:32.360
14637,11188,79625,null,null,2008-09-17T16:40:17.567
14836,9516,79626,null,null,2008-09-17T03:25:46.260
1695,9573,79632,null,null,2008-09-17T03:55:42.287
6010,9596,79632,null,null,2008-09-17T04:04:06.090
4322,32061,79632,null,null,2008-09-24T23:36:40.537
193892,7458407,79636,null,null,2011-06-16T08:23:11.933
14429,9518,79653,null,null,2008-09-17T03:28:14.490
20654,819613,79658,null,null,2009-06-18T02:44:31.363
8530,9595,79671,null,null,2008-09-17T04:04:01.860
13378,63074,79675,null,null,2008-10-07T21:09:24.613
13378,65732,79675,null,null,2008-10-08T20:24:52.953
1602160,45144245,79676,null,null,2015-02-09T07:45:19.020
13564,45169300,79676,null,null,2015-02-09T19:48:59.220
1337,9555,79677,null,null,2008-09-17T03:47:15.053
671509,118494898,79677,null,null,2021-04-10T17:24:39.183
1880339,136892186,79677,null,null,2023-12-12T19:58:07.883
4916,9530,79687,null,null,2008-09-17T03:35:38.387
49,9534,79687,null,null,2008-09-17T03:37:20.380
1898,4103014,43333,2,null,2010-10-04T20:34:47.320
71883,4108025,43333,2,null,2010-10-05T11:17:23.627
1037841,113801944,43333,2,null,2020-10-14T15:40:59.703
71883,113841122,43333,2,null,2020-10-15T20:57:53.277
268,339820,43337,2,null,2009-02-08T23:51:04.837
97964,8256876,43337,2,null,2011-08-03T16:08:23.963
2118,18474834,43340,2,bash,2012-11-21T18:14:02.003
2118,18474834,43340,2,shell,2012-11-21T18:14:02.003
2118,18474834,43340,2,zsh,2012-11-21T18:14:02.003
264837,23591994,43340,2,bash,2013-05-08T18:21:23.043
264837,23591994,43340,2,shell,2013-05-08T18:21:23.043
264837,23591994,43340,2,zsh,2013-05-08T18:21:23.043
180290,32301028,43340,2,bash,2014-01-28T17:21:21.247
180290,32301028,43340,2,shell,2014-01-28T17:21:21.247
180290,32301028,43340,2,zsh,2014-01-28T17:21:21.247
37896,229654,43352,2,null,2009-01-01T04:14:05.590
8152,955014,43352,2,null,2009-07-16T12:30:28.320
5298,4282,43357,2,linux,2008-09-14T01:57:19.740
5298,4282,43357,2,unix,2008-09-14T01:57:19.740
5298,4282,43357,2,batch-file,2008-09-14T01:57:19.740
5298,4282,43357,2,cron,2008-09-14T01:57:19.740
3571,63798464,43364,2,null,2016-07-04T13:56:12.500
9599508,121268447,43364,2,null,2021-08-02T08:51:41.937
19239,573130,5754,null,null,2009-04-17T16:55:50.300
267,577074,5754,null,null,2009-04-19T10:43:49.617
568,759894,5754,null,null,2009-06-04T16:45:35.357
105929,1032208,5754,null,null,2009-07-30T19:31:42.470
122460,1181385,5754,null,null,2009-08-28T09:09:10.883
38206,1263999,5754,null,null,2009-09-14T10:18:05.517
267,2829203,5754,null,null,2010-05-08T03:14:39.627
290340,3188487,5754,null,null,2010-06-24T07:34:32.590
290340,3188499,5754,null,null,2010-06-24T07:37:08.653
267,3190201,5754,null,null,2010-06-24T11:34:44.970
290340,3196649,5754,null,null,2010-06-25T01:10:44.630
13728,9554,79687,null,null,2008-09-17T03:46:37.487
null,9676,79687,null,null,2008-09-17T04:43:29.770
12597,877185,79687,null,null,2009-06-30T18:00:09.180
2199,9528301,79687,null,null,2011-10-19T08:32:08.007
826308,123239127,79691,null,null,2021-10-26T10:40:04.230
1695,9542,79693,null,null,2008-09-17T03:42:14.050
5714537,68440957,79693,null,null,2016-11-15T05:58:54.813
2506,9664,79696,null,null,2008-09-17T04:36:45.433
14783,16230,79696,null,null,2008-09-19T02:20:27.663
336600,40466638,79699,null,null,2014-09-16T05:06:45.030
671509,118491949,79700,null,null,2021-04-10T14:32:06.877
845092,11037790,79701,null,null,2012-01-12T17:16:51.343
23118,28369963,79701,null,null,2013-10-04T07:58:40.163
13728,9551,79703,null,null,2008-09-17T03:45:45.320
12702,10135,79703,null,null,2008-09-17T09:15:04.280
1695,9537,79706,null,null,2008-09-17T03:41:01.120
1627,9545,79706,null,null,2008-09-17T03:43:37.370
8543,17816,79706,null,null,2008-09-19T15:23:05.400
1627,17914,79706,null,null,2008-09-19T15:46:14.550
1549476,45603581,63274,null,null,2015-02-22T00:56:18.657
204950,48736786,63274,null,null,2015-05-19T08:55:04.613
4830398,94234541,63274,null,null,2018-12-09T03:11:49.177
2961,5105,63282,null,null,2008-09-15T14:22:13.077
364,6285,63293,null,null,2008-09-15T23:28:48.147
1409,26727,63301,null,null,2008-09-23T13:40:15.503
1709,31687,63301,null,null,2008-09-24T21:07:16.670
1709,31690,63301,null,null,2008-09-24T21:07:57.540
96168,1669092,63301,null,null,2009-11-23T11:42:55.550
227299,4003889,63301,null,null,2010-09-23T17:00:28.657
4337,5111,63312,null,null,2008-09-15T14:22:55.073
59572,915044,63324,null,null,2009-07-08T20:14:45.280
59572,915055,63324,null,null,2009-07-08T20:17:59.017
905,5371,63326,null,null,2008-09-15T16:34:49.763
1409,26737,63329,null,null,2008-09-23T13:42:27.760
51425,466504,63329,null,null,2009-03-17T05:45:33.260
189262,1423295,24689,null,null,2009-10-14T03:23:59.990
223992,2522444,24689,null,null,2010-03-26T16:05:10.907
215170,3242718,24689,null,null,2010-06-30T23:53:40.113
92813,1124926,24694,null,null,2009-08-18T14:43:12.490
254343,16589118,24695,null,null,2012-09-10T14:53:01.967
2506,16619892,24695,null,null,2012-09-11T15:47:32.393
254343,16642709,24695,null,null,2012-09-12T12:07:37.753
13744,311207,24704,null,null,2009-01-30T13:33:07.413
2258,354877,24704,null,null,2009-02-12T19:42:55.517
17862,2068317,24704,null,null,2010-01-24T23:50:59.303
53854,2242984,24704,null,null,2010-02-17T11:15:09.607
202274,1575264,24707,null,null,2009-11-09T07:24:20.693
1432,1578129,24707,null,null,2009-11-09T16:58:29.580
11466,1895007,24707,null,null,2009-12-30T11:12:38.017
259661,4501560,24707,null,null,2010-11-12T20:36:06.100
99594,721106,24715,null,null,2009-05-26T22:31:36.593
334451,82807875,71334,null,null,2017-12-21T07:46:10.583
7136672,85859363,71334,null,null,2018-03-22T12:46:14.347
5264490,88053624,71334,null,null,2018-05-25T02:29:14.990
2552290,103468832,71334,null,null,2019-10-27T04:18:01.310
1447953,124779708,71334,null,null,2022-01-05T00:52:32.367
1968,124786133,71334,null,null,2022-01-05T09:41:00.907
null,131681127,71334,null,null,2022-11-28T13:05:22.457
1303846,135156085,71334,null,null,2023-07-11T07:57:51.580
2573127,135290103,71334,null,null,2023-07-21T15:06:46.110
213136,59572516,71336,null,null,2016-03-12T14:08:59.653
1870,7204,71348,null,null,2008-09-16T11:25:12.497
893,7219,71348,null,null,2008-09-16T11:32:19.763
138938,14157536,71349,null,null,2012-06-02T23:13:23.707
3655,7314,71350,null,null,2008-09-16T12:39:51.100
22564,1069690,71350,null,null,2009-08-07T07:01:09.737
2134384,72657374,12630,null,null,2017-03-13T18:33:09.377
2134384,72657426,12630,null,null,2017-03-13T18:34:41.797
107783,5529509,12637,null,null,2011-02-10T11:12:51.753
428190,5567226,12638,null,null,2011-02-13T13:51:16.987
428190,5567221,12644,null,null,2011-02-13T13:51:02.430
428190,5567238,12653,null,null,2011-02-13T13:52:47.207
1312382,46788951,12654,null,null,2015-03-27T09:03:45.100
428190,5567241,12660,null,null,2011-02-13T13:53:09.780
549506,41989242,12667,null,null,2014-11-02T08:30:22.537
1312382,46788905,12667,null,null,2015-03-27T09:02:21.690
519360,66095423,12667,null,null,2016-09-08T06:43:45.427
251012,2255650,12669,null,null,2010-02-18T19:13:05.453
428190,5567211,12672,null,null,2011-02-13T13:49:43.647
3455408,84813873,12677,null,null,2018-02-21T10:59:50.340
5050750,125315796,40523,null,null,2022-01-27T21:58:18.203
9437799,125865393,40523,null,null,2022-02-21T12:02:16.080
9317690,127287182,40523,null,null,2022-04-28T02:34:10.730
9317690,127308761,40523,null,null,2022-04-28T20:30:35.717
2611999,128304573,40523,null,null,2022-06-15T16:44:58.363
6458245,128403318,40523,null,null,2022-06-20T20:51:20.040
908621,129146218,40523,null,null,2022-07-26T12:02:31.620
908621,129146599,40523,null,null,2022-07-26T12:18:43.067
9317690,129160305,40523,null,null,2022-07-26T23:44:34.513
9317690,129160952,40523,null,null,2022-07-27T01:05:22.400
908621,129193337,40523,null,null,2022-07-28T09:24:27.947
330242,132312145,65651,null,null,2023-01-01T20:04:19.973
6580,5720,65656,null,null,2008-09-15T19:02:32.497
6580,70806,65656,null,null,2008-10-10T17:52:07.023
6525,10049,65657,null,null,2008-09-17T08:20:57.360
1281433,55241109,65657,null,null,2015-11-16T13:21:28.450
1100694,21289018,65659,null,null,2013-02-28T01:34:40.123
832,6902,65670,null,null,2008-09-16T06:57:11.377
9362,5764,65671,null,null,2008-09-15T19:20:20.583
423430,8720435,65673,null,null,2011-08-30T20:25:43.490
328397,11111374,65673,null,null,2012-01-16T22:52:05.350
879715,85836834,65675,null,null,2018-03-21T22:25:27.920
1156544,60189343,65677,null,null,2016-03-29T10:26:55.267
3932000,69250644,65677,null,null,2016-12-07T15:52:09.623
1156544,69253003,65677,null,null,2016-12-07T16:48:10.470
23428,1031713,65678,null,null,2009-07-30T18:15:13.200
43681,1399074,65678,null,null,2009-10-09T08:13:59.940
730,24726954,65690,null,null,2013-06-13T18:06:10.263
8454,3914917,65695,null,null,2010-09-14T16:43:44.253
7398298,102009518,65695,null,null,2019-09-04T12:10:17.703
6580,5724,65699,null,null,2008-09-15T19:03:59.280
13744,52297834,77018,null,null,2015-08-25T14:35:55.770
264052,56995579,77018,null,null,2016-01-06T02:58:04.400
1222633,58400451,77018,null,null,2016-02-11T18:00:21.040
2413870,65492402,77018,null,null,2016-08-22T05:52:38.373
7516,8732,77025,null,null,2008-09-16T21:06:41.333
4086,8723,77029,null,null,2008-09-16T21:03:55.863
13817,8725,77029,null,null,2008-09-16T21:04:32.273
11834,18187,77029,null,null,2008-09-19T17:00:28.147
1889329,84688768,77030,null,null,2018-02-17T14:29:36.687
6040,10427,77035,null,null,2008-09-17T12:08:05.380
14089,11620,77035,null,null,2008-09-17T19:09:34.663
7053,33035,77042,null,null,2008-09-25T10:22:37.177
893819,31275865,77042,null,null,2013-12-31T00:11:26.223
963864,89663610,77042,null,null,2018-07-15T04:21:13.110
363028,53737627,77045,null,null,2015-10-05T19:27:07.417
6239815,129835289,77045,null,null,2022-08-29T01:32:09.147
13817,8744,77060,null,null,2008-09-16T21:12:57.200
3438864,44914406,77060,null,null,2015-02-02T14:43:32.220
4086,44915216,77060,null,null,2015-02-02T15:03:32.623
8741,41759367,79706,null,null,2014-10-26T06:30:05.143
797371,93232532,79706,null,null,2018-11-06T12:00:28.910
8542678,128356896,79706,null,null,2022-06-17T23:40:29.963
1,9568,79709,null,null,2008-09-17T03:52:45.397
202229,61394076,79709,null,null,2016-04-28T13:23:48.137
661933,23691551,79712,null,null,2013-05-12T04:20:16.873
157247,50233261,79712,null,null,2015-06-29T07:04:06.690
283851,108276463,79712,null,null,2020-04-14T10:18:57.790
78216,2305325,79717,null,null,2010-02-25T14:43:01.290
1195578,52312854,79717,null,null,2015-08-25T21:41:41.660
1512,1517949,79719,null,null,2009-10-30T00:07:11.553
null,103585,79725,null,null,2008-10-27T15:35:27.207
2368,589232,79735,null,null,2009-04-22T18:52:27.560
190600,4639073,79735,null,null,2010-11-25T14:17:15.563
845092,11037997,79735,null,null,2012-01-12T17:25:59.693
128141,852842,79744,null,null,2009-06-25T02:26:13.687
94977,1785073,16049,null,null,2009-12-10T23:13:59.390
6475,2419351,16049,null,null,2010-03-12T18:08:50.567
355230,6578899,16049,null,null,2011-04-21T18:32:13.053
1244013,3025949,16051,null,null,2010-06-03T14:47:12.553
1629,3027890,16051,null,null,2010-06-03T18:20:47.200
141720,4905568,16051,null,null,2010-12-19T22:06:44.707
1629,4926836,16051,null,null,2010-12-21T17:07:13.907
44084,12251483,16051,null,null,2012-03-10T18:50:01.410
7140,14239107,16051,null,null,2012-06-06T16:04:28.520
32636,17830466,16051,null,null,2012-10-29T01:18:29.440
17145,19888525,16051,null,null,2013-01-14T08:00:43.870
273657,15340857,16054,null,null,2012-07-21T12:15:02.363
304,15342548,16054,null,null,2012-07-21T14:56:25.230
273657,15358685,16054,null,null,2012-07-22T18:14:06.443
1809463,25878783,16054,null,null,2013-07-19T14:48:18.583
856172,28163391,90277,null,null,2013-09-27T16:41:18.030
856172,28164097,90277,null,null,2013-09-27T17:04:15.017
2283946,88746210,90277,null,null,2018-06-15T09:06:03.620
1084,88783651,90277,null,null,2018-06-16T20:20:45.017
6309,12982,90280,null,null,2008-09-18T05:29:06.127
5805914,70694374,90296,null,null,2017-01-19T20:19:50.350
17194,15606,90304,null,null,2008-09-18T21:56:43.270
149364,1149006,90308,null,null,2009-08-22T15:19:47.547
106,13002,90314,null,null,2008-09-18T05:46:44.930
4593,270534,90314,null,null,2009-01-16T05:41:50.613
642706,98009256,90314,null,null,2019-04-12T23:15:52.947
642706,98009240,90319,null,null,2019-04-12T23:14:22.347
9128,13006,90322,null,null,2008-09-18T05:53:54.147
17258,13003,90343,null,null,2008-09-18T05:47:03.180
642706,98009212,90358,null,null,2019-04-12T23:12:03.450
642706,98009215,90358,null,null,2019-04-12T23:12:05.940
642706,98009207,90370,null,null,2019-04-12T23:11:29.293
1084,5669,63341,null,null,2008-09-15T18:44:46.363
51021,331720,63341,null,null,2009-02-05T22:20:39.480
303896,20719302,63341,null,null,2013-02-10T06:34:16.810
234593,23348151,63341,null,null,2013-04-30T19:18:35.407
1381550,29896718,63341,null,null,2013-11-19T11:30:43.727
653799,33100936,63341,null,null,2014-02-18T20:07:10.620
107510,47676815,63341,null,null,2015-04-21T13:12:51.133
5844631,127937280,63341,null,null,2022-05-29T05:44:04.083
5314,5153,63343,null,null,2008-09-15T14:45:32.350
1463,70861067,63343,null,null,2017-01-24T19:58:25.070
115,5115,63355,null,null,2008-09-15T14:24:07.253
115681,800614,63363,null,null,2009-06-13T23:54:20.527
115,5117,63365,null,null,2008-09-15T14:24:47.110
13913,166456,63365,null,null,2008-11-29T15:28:13.520
51425,466508,63370,null,null,2009-03-17T05:49:19.383
6662,5137,63374,null,null,2008-09-15T14:37:22.323
33732,25284639,63376,null,null,2013-07-01T18:53:56.170
48445,45134282,63376,null,null,2015-02-08T21:02:52.557
4172,5120,63378,null,null,2008-09-15T14:27:00.587
7538,5138,63378,null,null,2008-09-15T14:37:48.470
541624,68655629,73763,null,null,2016-11-21T06:27:42.613
379173,70916328,73763,null,null,2017-01-26T04:36:12.543
12634,70922549,73763,null,null,2017-01-26T09:23:10.750
12634,70922623,73763,null,null,2017-01-26T09:25:41.780
2711488,127611737,73763,null,null,2022-05-13T10:34:15.667
2663,10787,73768,null,null,2008-09-17T14:24:09.843
2562,106829409,73770,null,null,2020-02-25T08:01:05.310
6897,7920,73771,null,null,2008-09-16T15:49:50.813
3205,7930,73771,null,null,2008-09-16T15:52:22.150
11877,7989,73771,null,null,2008-09-16T16:14:48.913
4309,7994,73771,null,null,2008-09-16T16:18:23.103
2663,10782,73771,null,null,2008-09-17T14:21:56.353
6607497,134603194,73780,null,null,2023-05-25T11:29:47.230
1392864,112073346,73786,null,null,2020-08-12T16:20:00.777
5640,112233653,73786,null,null,2020-08-18T13:32:28.707
1485955,137663646,73793,null,null,2024-03-01T11:47:21.833
1343,8351,73798,null,null,2008-09-16T18:52:46.600
9254,8020,73800,null,null,2008-09-16T16:32:31.477
1837991,82468634,73807,null,null,2017-12-11T13:31:40.940
11023,8209,73808,null,null,2008-09-16T18:00:35.523
118098,3259172,5754,null,null,2010-07-02T18:33:25.923
null,17946288,5754,null,null,2012-11-01T20:47:14.570
897728,17965761,5754,null,null,2012-11-02T14:28:36.180
445651,18886408,5754,null,null,2012-12-06T13:09:50.387
31782,26122384,5754,null,null,2013-07-26T17:19:49.680
267,26122795,5754,null,null,2013-07-26T17:33:28.773
973699,28531311,5754,null,null,2013-10-09T11:59:14.340
267,28532093,5754,null,null,2013-10-09T12:20:19.707
2228771,30048402,5754,null,null,2013-11-23T04:34:08.630
980631,44160514,5754,null,null,2015-01-10T18:06:42.307
346104,51864285,5754,null,null,2015-08-13T04:07:04.873
3032289,59625542,5754,null,null,2016-03-14T11:39:41.440
53897,85043192,5754,null,null,2018-02-27T22:28:27.647
901641,20055485,5756,null,null,2013-01-19T05:22:40.147
410368,26897634,5756,null,null,2013-08-20T03:43:49.313
2366973,88587373,87394,null,null,2018-06-11T04:58:41.630
957847,132658796,87394,null,null,2023-01-19T17:51:52.043
957847,132659312,87394,null,null,2023-01-19T18:18:52.913
1690,12438,87398,null,null,2008-09-18T00:28:54.973
14089,1111149,87400,null,null,2009-08-15T12:45:14.180
100724,1959367,87400,null,null,2010-01-09T20:49:55.000
63678,11168002,87401,null,null,2012-01-19T12:05:56.380
25625,17883248,87401,null,null,2012-10-30T20:17:22.363
444917,18285332,87401,null,null,2012-11-14T21:31:04.497
1812922,23004443,87401,null,null,2013-04-19T16:22:32.327
1946703,24281889,87401,null,null,2013-05-30T15:22:44.607
433074,39858471,87401,null,null,2014-08-27T14:37:49.347
1271706,84758625,87401,null,null,2018-02-20T03:13:39.337
18192,22354529,87402,null,null,2013-03-31T20:25:20.907
5056,11900,87403,null,null,2008-09-17T20:40:08.893
231677,5631573,87403,null,null,2011-02-17T20:15:46.537
11236,5631746,87403,null,null,2011-02-17T20:27:41.857
231677,5632317,87403,null,null,2011-02-17T21:07:18.660
11236,5634291,87403,null,null,2011-02-17T23:53:05.503
661933,19154112,87403,null,null,2012-12-16T10:59:52.167
1948990,36918880,16054,null,null,2014-05-30T21:13:05.007
704391,43021156,16054,null,null,2014-12-03T15:55:41.790
1485527,83887296,16054,null,null,2018-01-25T16:20:42.820
9093208,115286984,16054,null,null,2020-12-09T06:20:49.080
55774,720825,16061,null,null,2009-05-26T21:07:04.207
83825,76593717,16079,null,null,2017-06-28T15:32:16.290
16204,14366,16089,null,null,2008-09-18T16:21:17.400
166949,2406090,16091,null,null,2010-03-11T07:28:35.953
1199,2414062,16091,null,null,2010-03-12T02:14:40.873
166949,2420146,16091,null,null,2010-03-12T20:04:37.233
4279,18841937,16091,null,null,2012-12-05T06:11:00.843
14755,61045,16092,null,null,2008-10-07T04:39:41.583
603442,5474107,16095,null,null,2011-02-06T16:22:57.073
157415,6196740,16095,null,null,2011-03-29T00:24:36.620
1402498,95801151,16096,null,null,2019-02-02T22:11:15.367
5462,452657,16102,null,null,2009-03-12T15:50:12.573
3427476,129238929,16103,null,null,2022-07-30T16:16:31.010
49761,969098,16104,null,null,2009-07-19T19:04:12.437
905,969305,16104,null,null,2009-07-19T20:19:13.003
48348,76371393,65705,null,null,2017-06-22T08:30:24.237
946112,12761403,65709,null,null,2012-04-03T01:26:50.853
5179,5767,65716,null,null,2008-09-15T19:21:20.707
3223749,79396951,65716,null,null,2017-09-14T10:56:38.733
1550,107028395,65718,null,null,2008-09-15T19:04:24.490
4490968,134008352,65718,null,null,2023-04-10T20:05:24.693
134044,135111242,65718,null,null,2023-07-07T00:31:37.673
3146,293077,65724,null,null,2009-01-24T08:34:51.183
13430,514874,65724,null,null,2009-03-31T17:35:08.993
146041,11580638,65724,null,null,2012-02-08T20:40:21.973
386104,29260228,65727,null,null,2013-10-31T04:32:42.293
1244168,55032898,65732,null,null,2015-11-10T12:15:05.067
497369,63149232,65732,null,null,2016-06-15T19:42:40.353
5264490,88129519,65732,null,null,2018-05-28T05:15:39.247
2961,5783,65733,null,null,2008-09-15T19:29:39.797
161457,12424446,65740,null,null,2012-03-19T01:06:12.127
5347487,91019303,65746,null,null,2018-08-27T07:40:32.620
274,5935,65750,null,null,2008-09-15T20:24:34.813
6844,761850,65750,null,null,2009-06-04T22:54:23.440
13,6220,63400,null,null,2008-09-15T23:04:31.700
694469,19650926,63404,null,null,2013-01-06T05:40:39.160
359340,23460580,63404,null,null,2013-05-04T07:23:47.313
299,5129,63412,null,null,2008-09-15T14:32:59.290
66519,739476,63416,null,null,2009-05-31T08:23:05.927
6899,739509,63416,null,null,2009-05-31T09:03:51.867
5862,5123,63419,null,null,2008-09-15T14:31:34.270
257356,8887337,63421,null,null,2011-09-09T16:15:28.300
257356,8887376,63421,null,null,2011-09-09T16:18:40.467
2725810,70280803,63421,null,null,2017-01-08T20:56:25.957
3750381,111392751,63421,null,null,2020-07-20T08:37:00.777
61305,26833404,63423,null,null,2013-08-17T15:04:04.447
6910,26870150,63423,null,null,2013-08-19T10:22:09.990
1259871,30645906,63423,null,null,2013-12-10T18:10:54.993
3362,22402470,34728,null,null,2013-04-02T10:48:57.780
608639,52952066,34732,null,null,2015-09-13T08:50:37.017
6998684,61820367,34732,null,null,2016-05-10T14:05:14.550
476716,64873062,34732,null,null,2016-08-03T17:00:16.783
34935,1158128,34736,null,null,2009-08-24T19:51:10.517
3055,1162739,34736,null,null,2009-08-25T14:26:43.267
23054,73005,34745,null,null,2008-10-12T19:54:00.757
null,54491598,34745,null,null,2015-10-26T14:24:15.017
22656,55130975,34745,null,null,2015-11-12T18:47:03.433
null,55131422,34745,null,null,2015-11-12T18:57:45.007
1567675,65824070,34745,null,null,2016-08-31T08:02:34.667
12597,8758478,34756,null,null,2011-09-01T18:55:05.017
372,8836915,34756,null,null,2011-09-07T03:43:20.783
12597,8849286,34756,null,null,2011-09-07T17:05:59.177
5868,279955,34782,null,null,2009-01-20T12:46:22.270
1801,2347255,34784,null,null,2010-03-03T13:12:31.797
73794,2471080,34784,null,null,2010-03-19T18:06:25.500
102916,4841031,34796,null,null,2010-12-13T23:53:22.280
568508,14584609,34796,null,null,2012-06-20T22:07:59.683
1529591,24695607,34796,null,null,2013-06-12T21:13:34.677
1950158,36786588,34796,null,null,2014-05-27T15:32:06.710
2295964,51560550,34796,null,null,2015-08-04T19:26:23.857
1959808,73910272,34796,null,null,2017-04-15T12:39:38.377
1504556,25168284,77062,null,null,2013-06-27T14:57:50.447
3166029,57755390,77072,null,null,2016-01-26T12:59:40.480
601990,90096087,77072,null,null,2018-07-27T19:43:25.250
601990,90096230,77072,null,null,2018-07-27T19:48:30.123
7288,8798,77077,null,null,2008-09-16T21:29:02.527
9518,9689,77077,null,null,2008-09-17T04:52:36.847
156678,1338998,77077,null,null,2009-09-28T14:16:43.560
13792,1339682,77077,null,null,2009-09-28T16:25:34.650
13792,1339696,77077,null,null,2009-09-28T16:27:35.460
319542,90398667,77077,null,null,2018-08-07T04:41:51.597
12597,1515616,77084,null,null,2009-10-29T17:20:48.543
264047,17327255,77092,null,null,2012-10-10T03:48:31.127
1418457,20523310,77092,null,null,2013-02-04T03:45:17.473
8763,20578142,77092,null,null,2013-02-05T16:38:13.557
2031857,27043093,77092,null,null,2013-08-23T19:12:28.233
8763,27068040,77092,null,null,2013-08-25T00:22:44.897
2031857,27075369,77092,null,null,2013-08-25T12:28:44.083
253012,35800200,77092,null,null,2014-04-29T17:51:42.130
1218928,26983103,16104,null,null,2013-08-22T08:57:29.373
905,26986076,16104,null,null,2013-08-22T10:17:07.937
1218928,27143726,16104,null,null,2013-08-27T14:32:58.773
343117,37006659,16104,null,null,2014-06-03T08:39:25.970
905,51739855,16104,null,null,2015-08-10T06:57:59.420
905,51739873,16104,null,null,2015-08-10T06:58:33.123
2877982,53637413,16104,null,null,2015-10-02T09:46:47.647
905,53637614,16104,null,null,2015-10-02T09:54:18.040
2877982,53637809,16104,null,null,2015-10-02T10:01:04.940
905,53637872,16104,null,null,2015-10-02T10:03:19.243
946752,56583523,16104,null,null,2015-12-22T17:13:00.027
905,56604522,16104,null,null,2015-12-23T08:52:17.883
393748,59718135,16104,null,null,2016-03-16T11:36:48.573
905,59735068,16104,null,null,2016-03-16T17:42:03.923
393748,59808828,16104,null,null,2016-03-18T10:43:46.573
9594,196311,31556,2,ruby-on-rails,2008-12-14T20:38:05.510
9594,196311,31556,2,ruby,2008-12-14T20:38:05.510
9594,196311,31556,2,mongrel,2008-12-14T20:38:05.510
242450,10576307,31559,1,c#,2010-11-04T14:54:42.700
242450,10576307,31559,1,windows,2010-11-04T14:54:42.700
242450,10576307,31559,1,orm,2010-11-04T14:54:42.700
242450,10576307,31559,1,devexpress,2010-11-04T14:54:42.700
242450,10576307,31559,1,xpo,2010-11-04T14:54:42.700
null,104446797,31559,1,c#,2019-11-29T15:39:58.127
null,104446797,31559,1,windows,2019-11-29T15:39:58.127
null,104446797,31559,1,orm,2019-11-29T15:39:58.127
null,104446797,31559,1,devexpress,2019-11-29T15:39:58.127
null,104446797,31559,1,xpo,2019-11-29T15:39:58.127
18308,6472324,31560,2,null,2011-04-14T23:21:39.730
277,10142132,31560,2,null,2011-11-23T14:56:28.663
832859,13372047,31560,2,null,2012-04-29T17:05:31.450
1640661,44201663,31560,2,null,2015-01-12T11:37:06.103
9654,10273,31575,2,.net,2008-09-17T10:39:27.137
9654,10273,31575,2,networking,2008-09-17T10:39:27.137
9654,10273,31575,2,tcp,2008-09-17T10:39:27.137
9654,10273,31575,2,udp,2008-09-17T10:39:27.137
838608,87485893,31584,1,java,2018-05-08T13:02:22.980
886895,94865289,31584,1,java,2019-01-02T22:36:37.900
8747,25148,31587,2,null,2008-09-22T22:57:47.840
3343,51198,31587,2,null,2008-10-02T13:30:32.430
123336,1467334,31587,2,null,2009-10-21T17:04:08.540
3343,1468339,31587,2,null,2009-10-21T19:42:29.220
123336,1783124,31587,2,null,2009-12-10T18:37:18.223
63550,76459711,5759,null,null,2017-06-24T17:39:36.227
16391,419463,5761,null,null,2009-03-03T17:08:20.400
15639,9038382,5761,null,null,2011-09-19T10:47:45.127
1575673,27828444,5761,null,null,2013-09-17T20:24:44.993
33,85760814,5761,null,null,2018-03-20T09:08:51.253
4700818,121032410,5761,null,null,2021-07-22T11:50:02.563
16391,121033329,5761,null,null,2021-07-22T12:25:01.393
4700818,121033448,5761,null,null,2021-07-22T12:29:36.910
15639,121145163,5761,null,null,2021-07-27T16:28:49.173
15639,121145173,5761,null,null,2021-07-27T16:29:12.297
2725910,33539983,5782,null,null,2014-03-01T03:21:15.437
1497385,22773784,5786,null,null,2013-04-12T16:23:57.990
2643274,31169796,5788,null,null,2013-12-26T23:03:32.143
1366033,33433077,5791,null,null,2014-02-26T18:37:59.160
1366033,37917285,5791,null,null,2014-06-30T15:45:21.753
2757035,81881602,5791,null,null,2017-11-23T21:25:31.190
14359,11680,5802,null,null,2008-09-17T19:29:52.633
9345,12550,5802,null,null,2008-09-18T01:47:01.743
51831,3749016,5802,null,null,2010-08-26T12:18:06.007
9345,16477,5803,null,null,2008-09-19T04:10:39.240
9345,12549,5807,null,null,2008-09-18T01:46:21.043
72852,469221,5809,null,null,2009-03-17T20:08:21.480
127130,1260891,5811,null,null,2009-09-13T14:53:46.160
73070,1481323,5811,null,null,2009-10-23T17:18:15.780
4714,11402273,5811,null,null,2012-01-31T15:08:56.877
379897,7755615,31587,2,null,2011-07-05T00:12:44.113
6872717,107364422,31587,2,null,2020-03-14T13:53:40.393
886895,94865626,31589,2,java,2019-01-02T22:57:39.087
16883,526014,31606,2,java,2009-04-03T13:09:54.733
57776,562226,31606,2,java,2009-04-15T09:46:21.630
1218010,20458078,31606,2,java,2013-02-01T09:24:04.187
2548,11173576,31611,2,null,2012-01-19T16:21:16.747
32878,155170,31629,2,.net,2008-11-23T15:01:15.180
32878,155170,31629,2,networking,2008-11-23T15:01:15.180
32878,155170,31629,2,tcp,2008-11-23T15:01:15.180
32878,155170,31629,2,udp,2008-11-23T15:01:15.180
632951,45235924,31629,2,.net,2015-02-11T12:36:52.073
632951,45235924,31629,2,networking,2015-02-11T12:36:52.073
632951,45235924,31629,2,tcp,2015-02-11T12:36:52.073
632951,45235924,31629,2,udp,2015-02-11T12:36:52.073
17360,841017,31631,2,version-control,2009-06-23T06:41:13.677
17360,841017,31631,2,visual-sourcesafe,2009-06-23T06:41:13.677
3279,4079307,31631,2,version-control,2010-10-01T15:15:17.970
3279,4079307,31631,2,visual-sourcesafe,2010-10-01T15:15:17.970
67415,16148065,31631,2,version-control,2012-08-23T06:41:04.780
67415,16148065,31631,2,visual-sourcesafe,2012-08-23T06:41:04.780
3279,16158292,31631,2,version-control,2012-08-23T13:15:10.910
3279,16158292,31631,2,visual-sourcesafe,2012-08-23T13:15:10.910
67415,16160195,31631,2,version-control,2012-08-23T14:09:10.020
67415,16160195,31631,2,visual-sourcesafe,2012-08-23T14:09:10.020
11799,3657696,31632,2,version-control,2010-08-17T08:30:47.723
11799,3657696,31632,2,visual-sourcesafe,2010-08-17T08:30:47.723
5662,61756,31638,2,c#,2008-10-07T12:57:56.943
5662,61756,31638,2,.net,2008-10-07T12:57:56.943
5662,61756,31638,2,reflection,2008-10-07T12:57:56.943
400277,120075,31641,2,version-control,2008-11-04T22:30:36.300
400277,120075,31641,2,visual-sourcesafe,2008-11-04T22:30:36.300
372,269,49346,null,null,2008-09-08T09:25:10.760
1127460,274,49346,null,null,2008-09-08T09:47:44.700
1127460,275,49346,null,null,2008-09-08T09:49:27.487
67268,2308905,49349,null,null,2010-02-25T21:24:14.870
985754,90765511,49349,null,null,2018-08-18T10:30:47.203
480982,91224315,49349,null,null,2018-09-02T13:11:49.177
1127460,276,49363,null,null,2008-09-08T09:54:31.953
4433,271,49364,null,null,2008-09-08T09:30:55.397
33412,742336,49366,null,null,2009-06-01T10:27:52.003
134647,1171434,49366,null,null,2009-08-26T19:07:00.257
31671,107380,49373,null,null,2008-10-29T01:43:42.080
4271923,66577652,49379,null,null,2016-09-22T10:43:53.687
56333,6016642,49390,null,null,2011-03-16T19:02:22.053
4462,6081252,49390,null,null,2011-03-21T15:07:06.227
104564,3190453,49397,null,null,2010-06-24T12:04:27.293
127430,7065818,49400,null,null,2011-05-23T10:27:23.713
251370,31776021,8974,null,null,2014-01-14T16:33:48.443
5851593,81922898,8974,null,null,2017-11-25T08:33:57.620
874188,95319465,8974,null,null,2019-01-18T04:04:27.023
217586,11162164,8977,null,null,2012-01-19T05:49:28.167
59303,72116105,8977,null,null,2017-02-27T14:30:43.300
455874,1337441,8981,null,null,2009-09-28T07:37:45.050
5,1339082,8981,null,null,2009-09-28T14:31:48.677
1346943,27271943,8981,null,null,2013-08-30T20:48:38.443
26334,992044,8982,null,null,2009-07-23T14:21:47.773
137,4602149,8982,null,null,2010-11-22T18:46:41.080
91,4602175,8982,null,null,2010-11-22T18:48:09.377
26334,4639494,8982,null,null,2010-11-25T14:57:54.497
1259871,31749526,8987,null,null,2014-01-13T23:58:22.720
420667,64828265,8993,null,null,2016-08-02T16:45:32.353
1111,16085536,8996,null,null,2008-08-18T08:24:46.753
5274,719,9001,null,null,2008-09-09T08:35:26.470
29277,1429021,9004,null,null,2009-10-14T21:06:12.170
509344,58751793,84616,null,null,2016-02-21T01:20:21.657
2478088,74316279,84616,null,null,2017-04-26T12:28:31.963
1968,74324373,84616,null,null,2017-04-26T15:07:20.520
2478088,74381781,84616,null,null,2017-04-27T20:34:09.377
7657145,78014637,84616,null,null,2017-08-05T23:20:53.590
1968,78047874,84616,null,null,2017-08-07T09:56:32.547
10009545,107969063,84616,null,null,2020-04-04T13:46:21.650
63550,133864996,84616,null,null,2023-03-30T22:03:04.257
5231110,136563717,84616,null,null,2023-11-10T22:49:41.867
1968,137215822,84616,null,null,2024-01-17T15:28:54.100
14009,11077,84644,null,null,2008-09-17T15:56:13.100
43029,768957,84644,null,null,2009-06-06T18:45:50.020
5869,12436,84649,null,null,2008-09-18T00:27:09.610
5869,12437,84649,null,null,2008-09-18T00:28:33.353
12874,11052,84663,null,null,2008-09-17T15:47:11.500
179,11044,84677,null,null,2008-09-17T15:45:03.063
12707,14457,84679,null,null,2008-09-18T16:54:14.043
57068,299278,84679,null,null,2009-01-27T07:44:13.180
908621,129193550,40523,null,null,2022-07-28T09:33:29.923
9317690,129222955,40523,null,null,2022-07-29T16:04:21.860
908621,129224268,40523,null,null,2022-07-29T17:13:21.407
9317690,129402889,40523,null,null,2022-08-08T02:13:35.690
5642475,129993733,40523,null,null,2022-09-05T19:01:30.380
5642475,129993750,40523,null,null,2022-09-05T19:02:52.087
9437799,130155061,40523,null,null,2022-09-13T16:41:53.537
249618,131154981,40523,null,null,2022-11-02T12:15:51.053
20283130,132007198,40523,null,null,2022-12-14T13:15:47.913
13531,346249,24723,null,null,2009-02-10T18:08:36.230
30674,200036,24734,null,null,2008-12-16T13:30:02.610
109392,1385992,24737,null,null,2009-10-07T08:47:36.213
1220,1400949,24737,null,null,2009-10-09T14:53:15.877
523714,38403244,24744,null,null,2014-07-15T07:43:30.887
512994,9022805,24748,null,null,2011-09-17T23:38:05.120
307454,32528613,24748,null,null,2014-02-04T00:13:30.260
1338998,53484940,24748,null,null,2015-09-28T13:51:04.537
3181500,60022765,24748,null,null,2016-03-24T06:29:06.520
2067926,69662380,24754,null,null,2016-12-19T21:42:59.180
109392,1385738,24762,null,null,2009-10-07T07:43:01.537
863,1387455,24762,null,null,2009-10-07T13:53:57.303
4906,2491336,24762,null,null,2010-03-23T02:03:26.510
863,2491860,24762,null,null,2010-03-23T04:22:11.700
15639,26949330,24762,null,null,2013-08-21T12:05:50.997
130121,19488253,24772,null,null,2012-07-31T09:45:49.257
6910,31891988,63423,null,null,2014-01-17T09:51:46.617
1259871,31896499,63423,null,null,2014-01-17T11:56:47.370
1175496,116465945,63423,null,null,2021-01-24T14:57:26.293
135740,1001305,63425,null,null,2009-07-24T20:58:00.193
539023,34411497,63425,null,null,2014-03-24T04:45:17.750
3743,5136,63432,null,null,2008-09-15T14:37:18.923
51425,466500,63456,null,null,2009-03-17T05:39:56.813
42690,242740,63458,null,null,2009-01-06T22:32:33.580
6681,5149,63468,null,null,2008-09-15T14:43:22.073
1344,5496,63468,null,null,2008-09-15T17:32:52.447
6681,73773,63468,null,null,2008-10-13T09:08:16.893
142299,14542842,63471,null,null,2012-06-19T14:56:54.070
null,70969516,63480,null,null,2017-01-27T12:21:58.473
12959019,130175095,63480,null,null,2022-09-14T14:08:40.767
22564,11032736,63485,null,null,2012-01-12T13:44:15.823
7542,11177363,63485,null,null,2012-01-19T19:16:14.520
1904943,99206318,63494,null,null,2019-05-24T17:16:00.683
56739,1613091,65750,null,null,2009-11-14T03:47:02.617
543711,25765991,65750,null,null,2013-07-16T19:36:48.423
71,25769964,65750,null,null,2013-07-16T21:39:25.547
1298762,32535629,65750,null,null,2014-02-04T06:05:09.353
1275574,43444506,65750,null,null,2014-12-16T14:43:51.270
241296,75183646,65750,null,null,2017-05-19T22:36:01.250
1794106,75912227,65750,null,null,2017-06-09T12:36:14.707
71,76053612,65750,null,null,2017-06-13T20:31:56.787
134044,135111252,65750,null,null,2023-07-07T00:34:29.383
14026,53736,65758,null,null,2008-10-03T10:18:36.933
4916,5832,65760,null,null,2008-09-15T19:49:49.343
5640,5744,65769,null,null,2008-09-15T19:12:28.823
1487529,27713209,65775,null,null,2013-09-13T19:18:27.543
195787,84698317,65801,null,null,2018-02-18T00:02:46.390
4738750,124336879,65801,null,null,2021-12-13T16:45:41.317
9328,5755,65808,null,null,2008-09-15T19:16:07.927
642706,89801650,65817,null,null,2018-07-19T05:57:18.273
1559625,133135101,40523,null,null,2023-02-15T05:59:36.433
11138778,134940365,40523,null,null,2023-06-22T14:27:22.120
3521337,135054397,40523,null,null,2023-07-02T15:55:22.187
3785712,135112519,40523,null,null,2023-07-07T05:20:17.493
1431,7751293,40529,null,null,2011-07-04T16:34:48.400
