UserId,QuestionId,AcceptedAnswerId,CreationDate,Score,ViewCount,IsCommunityOwned,Tag,AnswerCount,CommentCount,FavouriteCount
781,38779,40472,2008-09-02T03:41:06.880,6,6282,false,wcf,2,0,null
781,38779,40472,2008-09-02T03:41:06.880,6,6282,false,security,2,0,null
781,38779,40472,2008-09-02T03:41:06.880,6,6282,false,spn,2,0,null
4149,38784,41285,2008-09-02T03:49:17.920,7,3474,false,visual-studio,8,1,null
4149,38784,41285,2008-09-02T03:49:17.920,7,3474,false,delphi,8,1,null
4149,38784,41285,2008-09-02T03:49:17.920,7,3474,false,brief-bookmarks,8,1,null
3149,38789,38792,2008-09-02T03:59:44.417,4,4406,false,c#,1,0,null
3149,38789,38792,2008-09-02T03:59:44.417,4,4406,false,asp.net,1,0,null
3149,38789,38792,2008-09-02T03:59:44.417,4,4406,false,web-services,1,0,null
191,38791,38793,2008-09-02T04:01:09.827,4,2483,false,database-design,6,1,null
2027,38801,48298,2008-09-02T04:10:50.413,48,28274,false,sql,9,0,null
2027,38801,48298,2008-09-02T04:10:50.413,48,28274,false,sql-server,9,0,null
2027,38801,48298,2008-09-02T04:10:50.413,48,28274,false,oracle,9,0,null
2027,38801,48298,2008-09-02T04:10:50.413,48,28274,false,database-design,9,0,null
2027,38801,48298,2008-09-02T04:10:50.413,48,28274,false,hierarchy,9,0,null
191,38820,38829,2008-09-02T04:34:20.963,46,16483,false,oop,11,1,null
191,38820,38829,2008-09-02T04:34:20.963,46,16483,false,class-design,11,1,null
3153,38822,49780,2008-09-02T04:36:54.623,4,4430,false,c++,5,2,null
3153,38822,49780,2008-09-02T04:36:54.623,4,4430,false,sql-server,5,2,null
3153,38822,49780,2008-09-02T04:36:54.623,4,4430,false,full-text-search,5,2,null
3153,38822,49780,2008-09-02T04:36:54.623,4,4430,false,lucene,5,2,null
3153,38822,49780,2008-09-02T04:36:54.623,4,4430,false,lucene.net,5,2,null
5,38824,38851,2008-09-02T04:38:06.430,7,1181,false,asp.net,3,0,null
5,38824,38851,2008-09-02T04:38:06.430,7,1181,false,iis,3,0,null
5,38824,38851,2008-09-02T04:38:06.430,7,1181,false,wiki,3,0,null
744,38838,null,2008-09-02T04:49:37.887,14,16343,false,javascript,13,1,null
744,38838,null,2008-09-02T04:49:37.887,14,16343,false,security,13,1,null
744,38838,null,2008-09-02T04:49:37.887,14,16343,false,encryption,13,1,null
744,38838,null,2008-09-02T04:49:37.887,14,16343,false,passwords,13,1,null
3146,38842,42760,2008-09-02T04:52:52.027,4,9077,false,c#,2,0,null
3146,38842,42760,2008-09-02T04:52:52.027,4,9077,false,c++,2,0,null
3146,38842,42760,2008-09-02T04:52:52.027,4,9077,false,com,2,0,null
3146,38842,42760,2008-09-02T04:52:52.027,4,9077,false,openoffice.org,2,0,null
3146,38842,42760,2008-09-02T04:52:52.027,4,9077,false,ole,2,0,null
3153,38846,38853,2008-09-02T04:58:46.320,9,10463,false,security,5,1,null
3153,38846,38853,2008-09-02T04:58:46.320,9,10463,false,encryption,5,1,null
3153,38846,38853,2008-09-02T04:58:46.320,9,10463,false,cryptography,5,1,null
1463,38861,38921,2008-09-02T05:14:49.587,0,971,false,hardware,3,0,null
1463,38861,38921,2008-09-02T05:14:49.587,0,971,false,windows-server-2008,3,0,null
1596,38864,39209,2008-09-02T05:16:23.360,5,6371,false,windows,8,0,null
1596,38864,39209,2008-09-02T05:16:23.360,5,6371,false,networking,8,0,null
1596,38864,39209,2008-09-02T05:16:23.360,5,6371,false,iphelper,8,0,null
51,38870,38882,2008-09-02T05:21:36.203,16,14331,false,database,9,1,null
51,38870,38882,2008-09-02T05:21:36.203,16,14331,false,data-structures,9,1,null
51,38870,38882,2008-09-02T05:21:36.203,16,14331,false,indexing,9,1,null
51,38870,38882,2008-09-02T05:21:36.203,16,14331,false,schema,9,1,null
2644,38875,38886,2008-09-02T05:24:28.893,24,26698,false,php,10,0,null
2644,38875,38886,2008-09-02T05:24:28.893,24,26698,false,security,10,0,null
2644,38875,38886,2008-09-02T05:24:28.893,24,26698,false,code-injection,10,0,null
3153,38890,38897,2008-09-02T05:34:35.720,1,1890,false,sql-server,3,0,null
3153,38890,38897,2008-09-02T05:34:35.720,1,1890,false,database,3,0,null
2293,38901,38915,2008-09-02T05:43:40.470,2,290,false,ruby-on-rails,2,0,null
2293,38901,38915,2008-09-02T05:43:40.470,2,290,false,ruby,2,0,null
2293,38901,38915,2008-09-02T05:43:40.470,2,290,false,authentication,2,0,null
2293,38901,38915,2008-09-02T05:43:40.470,2,290,false,rest,2,0,null
2293,38901,38915,2008-09-02T05:43:40.470,2,290,false,plugins,2,0,null
2823,38907,39022,2008-09-02T05:46:42.927,6,533,false,eclipse,3,0,null
2823,38907,39022,2008-09-02T05:46:42.927,6,533,false,eclipse-pde,3,0,null
2823,38907,39022,2008-09-02T05:46:42.927,6,533,false,eclipse-3.4,3,0,null
2823,38907,39022,2008-09-02T05:46:42.927,6,533,false,eclipse-3.3,3,0,null
479,38920,38978,2008-09-02T06:15:57.210,2,13531,false,php,5,0,null
479,38920,38978,2008-09-02T06:15:57.210,2,13531,false,iis,5,0,null
479,38920,38978,2008-09-02T06:15:57.210,2,13531,false,smtp,5,0,null
2737,38922,40015,2008-09-02T06:17:20.310,0,279,false,ruby-on-rails,3,0,null
3911,38934,null,2008-09-02T06:38:18.420,20,26667,false,c++,6,0,null
3911,38934,null,2008-09-02T06:38:18.420,20,26667,false,cocoa,6,0,null
3911,38934,null,2008-09-02T06:38:18.420,20,26667,false,macos,6,0,null
393028,38940,38942,2008-09-02T06:50:58.233,4,2032,false,sql,2,0,null
393028,38940,38942,2008-09-02T06:50:58.233,4,2032,false,mysql,2,0,null
null,38948,null,2008-09-02T06:57:32.227,2,635,false,php,4,3,null
null,38948,null,2008-09-02T06:57:32.227,2,635,false,struts,4,3,null
3935,38949,38956,2008-09-02T06:58:34.830,5,1016,false,java,4,0,null
3935,38949,38956,2008-09-02T06:58:34.830,5,1016,false,c,4,0,null
3935,38949,38956,2008-09-02T06:58:34.830,5,1016,false,perl,4,0,null
3935,38949,38956,2008-09-02T06:58:34.830,5,1016,false,unicode,4,0,null
3935,38949,38956,2008-09-02T06:58:34.830,5,1016,false,cross-platform,4,0,null
85,38955,38981,2008-09-02T07:11:40.867,1,836,false,java,1,0,null
85,38955,38981,2008-09-02T07:11:40.867,1,836,false,macos,1,0,null
85,38955,38981,2008-09-02T07:11:40.867,1,836,false,osx-leopard,1,0,null
85,38955,38981,2008-09-02T07:11:40.867,1,836,false,resolutions,1,0,null
2260,38960,38962,2008-09-02T07:18:48.120,242,343780,false,c#,6,0,null
2260,38960,38962,2008-09-02T07:18:48.120,242,343780,false,.net,6,0,null
2260,38960,38962,2008-09-02T07:18:48.120,242,343780,false,io,6,0,null
3207,38987,26853961,2008-09-02T07:44:30.227,6927,3305173,false,python,43,0,null
3207,38987,26853961,2008-09-02T07:44:30.227,6927,3305173,false,dictionary,43,0,null
3207,38987,26853961,2008-09-02T07:44:30.227,6927,3305173,false,merge,43,0,null
4161,38993,39004,2008-09-02T08:05:43.420,4,2689,false,regex,3,0,null
4161,38993,39004,2008-09-02T08:05:43.420,4,2689,false,grep,3,0,null
3212,38998,39015,2008-09-02T08:09:24.253,21,1968,false,c#,10,0,null
3212,38998,39015,2008-09-02T08:09:24.253,21,1968,false,.net,10,0,null
3212,38998,39015,2008-09-02T08:09:24.253,21,1968,false,javascript,10,0,null
3212,38998,39015,2008-09-02T08:09:24.253,21,1968,false,html,10,0,null
3212,38998,39015,2008-09-02T08:09:24.253,21,1968,false,css,10,0,null
3024,39003,39034,2008-09-02T08:13:58.050,33,11786,false,c#,6,0,null
3024,39003,39034,2008-09-02T08:13:58.050,33,11786,false,.net,6,0,null
3024,39003,39034,2008-09-02T08:13:58.050,33,11786,false,unit-testing,6,0,null
3024,39003,39034,2008-09-02T08:13:58.050,33,11786,false,nunit,6,0,null
2975,39006,39321,2008-09-02T08:14:54.833,1,5952,false,windows,2,0,null
2975,39006,39321,2008-09-02T08:14:54.833,1,5952,false,apache,2,0,null
2975,39006,39321,2008-09-02T08:14:54.833,1,5952,false,wamp,2,0,null
1367,39007,39290,2008-09-02T08:15:20.793,4,1352,false,visual-studio-2008,4,0,null
1367,39007,39290,2008-09-02T08:15:20.793,4,1352,false,xaml,4,0,null
3611,39037,39139,2008-09-02T08:42:22.820,7,18686,false,automation,8,0,null
3611,39037,39139,2008-09-02T08:42:22.820,7,18686,false,ms-office,8,0,null
null,39053,null,2008-09-02T08:55:32.413,3,8518,false,jboss,6,0,null
null,39053,null,2008-09-02T08:55:32.413,3,8518,false,datasource,6,0,null
null,39053,null,2008-09-02T08:55:32.413,3,8518,false,jndi,6,0,null
null,39053,null,2008-09-02T08:55:32.413,3,8518,false,ibatis,6,0,null
988,39059,39235,2008-09-02T09:00:58.093,2,9648,false,windows,2,0,null
988,39059,39235,2008-09-02T09:00:58.093,2,9648,false,windows-server-2003,2,0,null
4175,39061,39072,2008-09-02T09:01:50.137,1,496,false,rpn,4,0,null
null,39064,null,2008-09-02T09:04:08.600,2,2636,false,.net,3,0,null
null,39064,null,2008-09-02T09:04:08.600,2,2636,false,c++,3,0,null
null,39064,null,2008-09-02T09:04:08.600,2,2636,false,dll,3,0,null
1090,39065,39083,2008-09-02T09:05:04.433,11,22299,false,c#,3,0,null
1090,39065,39083,2008-09-02T09:05:04.433,11,22299,false,localization,3,0,null
1090,39065,39083,2008-09-02T09:05:04.433,11,22299,false,resx,3,0,null
4161,39066,null,2008-09-02T09:05:28.643,27,45794,false,macos,6,5,null
4161,39066,null,2008-09-02T09:05:28.643,27,45794,false,multiple-monitors,6,5,null
4180,39070,84138,2008-09-02T09:06:04.260,2,3033,false,asp.net,5,0,null
4180,39070,84138,2008-09-02T09:06:04.260,2,3033,false,ftp,5,0,null
4166,39086,39110,2008-09-02T09:19:04.417,377,630471,false,python,13,1,null
4166,39086,39110,2008-09-02T09:19:04.417,377,630471,false,file,13,1,null
2948,39092,null,2008-09-02T09:28:12.630,10,6934,false,windows,20,1,null
2948,39092,null,2008-09-02T09:28:12.630,10,6934,false,opengl,20,1,null
2948,39092,null,2008-09-02T09:28:12.630,10,6934,false,directx,20,1,null
4198,39104,null,2008-09-02T09:40:26.580,33,35042,false,python,4,1,null
4198,39104,null,2008-09-02T09:40:26.580,33,35042,false,distutils,4,1,null
1578,39107,39875,2008-09-02T09:41:23.410,18,13742,false,networking,10,1,null
1578,39107,39875,2008-09-02T09:41:23.410,18,13742,false,bandwidth,10,1,null
1578,39107,39875,2008-09-02T09:41:23.410,18,13742,false,throttling,10,1,null
3993,39108,null,2008-09-02T09:41:44.017,5,1661,false,java,4,0,null
3993,39108,null,2008-09-02T09:41:44.017,5,1661,false,user-interface,4,0,null
3993,39108,null,2008-09-02T09:41:44.017,5,1661,false,swing,4,0,null
3993,39108,null,2008-09-02T09:41:44.017,5,1661,false,animation,4,0,null
2471,39112,40065,2008-09-02T09:42:44.373,81,42690,false,c#,9,0,null
2471,39112,40065,2008-09-02T09:42:44.373,81,42690,false,.net,9,0,null
2471,39112,40065,2008-09-02T09:42:44.373,81,42690,false,asp.net,9,0,null
2471,39112,40065,2008-09-02T09:42:44.373,81,42690,false,caching,9,0,null
4192,39116,39147,2008-09-02T09:44:16.400,17,15787,false,c#,3,0,null
4192,39116,39147,2008-09-02T09:44:16.400,17,15787,false,visual-studio-2008,3,0,null
4192,39116,39147,2008-09-02T09:44:16.400,17,15787,false,linker,3,0,null
905,39119,39156,2008-09-02T09:46:16.940,3,6247,false,.net,3,0,null
905,39119,39156,2008-09-02T09:46:16.940,3,6247,false,winforms,3,0,null
905,39119,39156,2008-09-02T09:46:16.940,3,6247,false,treeview,3,0,null
905,39119,39156,2008-09-02T09:46:16.940,3,6247,false,treenode,3,0,null
115,39121,39828,2008-09-02T09:46:36.907,4,586,false,testing,4,0,null
115,39121,39828,2008-09-02T09:46:36.907,4,586,false,beta,4,0,null
254,39125,null,2008-09-02T09:49:42.640,4,1483,false,c#,4,0,null
254,39125,null,2008-09-02T09:49:42.640,4,1483,false,.net,4,0,null
254,39125,null,2008-09-02T09:49:42.640,4,1483,false,class-library,4,0,null
1109,39135,null,2008-09-02T09:56:01.783,8,11000,false,macos,4,0,null
1109,39135,null,2008-09-02T09:56:01.783,8,11000,false,ftp,4,0,null
1109,39135,null,2008-09-02T09:56:01.783,8,11000,false,ssh,4,0,null
1109,39135,null,2008-09-02T09:56:01.783,8,11000,false,sftp,4,0,null
4161,39154,39179,2008-09-02T10:06:25.487,2,255,false,version-control,5,0,null
4161,39154,39179,2008-09-02T10:06:25.487,2,255,false,versioning,5,0,null
4161,39154,39179,2008-09-02T10:06:25.487,2,255,false,revision-history,5,0,null
4161,39154,39179,2008-09-02T10:06:25.487,2,255,false,revisions,5,0,null
4203,39187,280699,2008-09-02T10:31:38.813,77,153092,false,intellij-idea,9,4,null
4203,39187,280699,2008-09-02T10:31:38.813,77,153092,false,color-scheme,9,4,null
3827,39194,39309,2008-09-02T10:37:06.333,8,2377,false,java,4,0,null
3827,39194,39309,2008-09-02T10:37:06.333,8,2377,false,macos,4,0,null
3827,39194,39309,2008-09-02T10:37:06.333,8,2377,false,deployment,4,0,null
2138,39196,null,2008-09-02T10:37:14.633,1,3276,false,sql,1,0,null
2138,39196,null,2008-09-02T10:37:14.633,1,3276,false,mysql,1,0,null
2138,39196,null,2008-09-02T10:37:14.633,1,3276,false,performance,1,0,null
163,39222,39238,2008-09-02T10:57:10.873,7,3032,false,exception,5,0,null
163,39222,39238,2008-09-02T10:57:10.873,7,3032,false,visual-c++,5,0,null
163,39222,39238,2008-09-02T10:57:10.873,7,3032,false,gcc,5,0,null
163,39222,39238,2008-09-02T10:57:10.873,7,3032,false,cross-platform,5,0,null
163,39222,39238,2008-09-02T10:57:10.873,7,3032,false,portability,5,0,null
184,39229,39232,2008-09-02T11:07:23.250,5,1201,false,.net,5,0,null
184,39229,39232,2008-09-02T11:07:23.250,5,1201,false,visual-studio,5,0,null
4163,39233,null,2008-09-02T11:09:51.450,2,6194,false,vba,1,0,null
4163,39233,null,2008-09-02T11:09:51.450,2,6194,false,outlook,1,0,null
4163,39233,null,2008-09-02T11:09:51.450,2,6194,false,outlook-2007,1,0,null
4163,39233,null,2008-09-02T11:09:51.450,2,6194,false,filedialog,1,0,null
8,4,7,2008-07-31T21:42:52.667,806,76733,true,c#,13,5,null
8,4,7,2008-07-31T21:42:52.667,806,76733,true,floating-point,13,5,null
8,4,7,2008-07-31T21:42:52.667,806,76733,true,type-conversion,13,5,null
8,4,7,2008-07-31T21:42:52.667,806,76733,true,double,13,5,null
8,4,7,2008-07-31T21:42:52.667,806,76733,true,decimal,13,5,null
9,6,31,2008-07-31T22:08:08.620,320,24503,false,html,7,0,null
9,6,31,2008-07-31T22:08:08.620,320,24503,false,css,7,0,null
9,6,31,2008-07-31T22:08:08.620,320,24503,false,internet-explorer-7,7,0,null
1,9,1404,2008-07-31T23:40:59.743,2248,827598,true,c#,75,11,null
1,9,1404,2008-07-31T23:40:59.743,2248,827598,true,.net,75,11,null
1,9,1404,2008-07-31T23:40:59.743,2248,827598,true,datetime,75,11,null
1,11,1248,2008-07-31T23:55:37.967,1653,202800,true,c#,42,4,null
1,11,1248,2008-07-31T23:55:37.967,1653,202800,true,datetime,42,4,null
1,11,1248,2008-07-31T23:55:37.967,1653,202800,true,time,42,4,null
1,11,1248,2008-07-31T23:55:37.967,1653,202800,true,datediff,42,4,null
1,11,1248,2008-07-31T23:55:37.967,1653,202800,true,relative-time-span,42,4,null
9,13,null,2008-08-01T00:42:38.903,720,306156,false,html,27,10,null
9,13,null,2008-08-01T00:42:38.903,720,306156,false,browser,27,10,null
9,13,null,2008-08-01T00:42:38.903,720,306156,false,timezone,27,10,null
9,13,null,2008-08-01T00:42:38.903,720,306156,false,user-agent,27,10,null
9,13,null,2008-08-01T00:42:38.903,720,306156,false,timezone-offset,27,10,null
292,1261,1272,2008-08-04T14:06:48.540,66,43004,false,svn,12,0,null
292,1261,1272,2008-08-04T14:06:48.540,66,43004,false,version-control,12,0,null
292,1261,1272,2008-08-04T14:06:48.540,66,43004,false,cvs,12,0,null
83,21184,21389,2008-08-21T21:03:39.920,15,8375,false,.net,2,1,null
83,21184,21389,2008-08-21T21:03:39.920,15,8375,false,linq,2,1,null
83,21184,21389,2008-08-21T21:03:39.920,15,8375,false,.net-3.5,2,1,null
83,21184,21389,2008-08-21T21:03:39.920,15,8375,false,paging,2,1,null
1190,25475,25479,2008-08-25T00:03:13.457,4,1847,false,unicode,1,0,null
1190,25475,25479,2008-08-25T00:03:13.457,4,1847,false,internationalization,1,0,null
1190,25475,25479,2008-08-25T00:03:13.457,4,1847,false,antlr,1,0,null
1190,25475,25479,2008-08-25T00:03:13.457,4,1847,false,parsing,1,0,null
1190,25481,25484,2008-08-25T00:07:43.087,4,4954,false,ant,6,0,null
1190,25481,25484,2008-08-25T00:07:43.087,4,4954,false,antlr,6,0,null
1190,25481,25484,2008-08-25T00:07:43.087,4,4954,false,parsing,6,0,null
4215,40054,40208,2008-09-02T17:08:36.690,6,1391,false,c#,4,0,null
4215,40054,40208,2008-09-02T17:08:36.690,6,1391,false,linq,4,0,null
117,16298,16311,2008-08-19T14:42:29.440,46,209742,false,dns,7,3,null
117,16298,16311,2008-08-19T14:42:29.440,46,209742,false,web-hosting,7,3,null
117,16298,16311,2008-08-19T14:42:29.440,46,209742,false,cname,7,3,null
381,4519,4691,2008-08-07T08:20:47.100,5,41201,false,unix,9,0,null
381,4519,4691,2008-08-07T08:20:47.100,5,41201,false,vpn,9,0,null
381,4519,4691,2008-08-07T08:20:47.100,5,41201,false,xming,9,0,null
116,10499,29807,2008-08-13T23:49:15.623,60,238802,false,oracle,11,0,null
116,10499,29807,2008-08-13T23:49:15.623,60,238802,false,connection,11,0,null
116,10499,29807,2008-08-13T23:49:15.623,60,238802,false,tnsnames,11,0,null
116,10499,29807,2008-08-13T23:49:15.623,60,238802,false,tns,11,0,null
3587,34439,34452,2008-08-29T15:05:17.237,693,722838,false,python,22,1,null
3587,34439,34452,2008-08-29T15:05:17.237,693,722838,false,introspection,22,1,null
3146,37219,37267,2008-08-31T22:51:21.327,251,139074,false,git,9,3,null
578,9204,null,2008-08-12T20:06:13.843,31,11693,false,.net,5,0,null
578,9204,null,2008-08-12T20:06:13.843,31,11693,false,debugging,5,0,null
578,9204,null,2008-08-12T20:06:13.843,31,11693,false,il,5,0,null
779,6369,10838,2008-08-08T20:48:29.377,19,52340,false,sql,11,2,null
779,6369,10838,2008-08-08T20:48:29.377,19,52340,false,sap-ase,11,2,null
763,6371,6380,2008-08-08T20:50:02.930,185,43195,true,mysql,14,2,null
763,6371,6380,2008-08-08T20:50:02.930,185,43195,true,svn,14,2,null
1363,27206,27344,2008-08-26T01:29:27.423,2,611,false,sql,2,0,null
1363,27206,27344,2008-08-26T01:29:27.423,2,611,false,sql-server-2005,2,0,null
1363,27206,27344,2008-08-26T01:29:27.423,2,611,false,partitioning,2,0,null
1293,27219,27259,2008-08-26T01:46:27.273,8,15572,false,javascript,3,0,null
1293,27219,27259,2008-08-26T01:46:27.273,8,15572,false,jquery,3,0,null
1293,27219,27259,2008-08-26T01:46:27.273,8,15572,false,html,3,0,null
1143,33222,950946,2008-08-28T19:47:24.710,4,2619,false,compact-framework,4,1,null
1143,33222,950946,2008-08-28T19:47:24.710,4,2619,false,gdi+,4,1,null
1143,33222,950946,2008-08-28T19:47:24.710,4,2619,false,windows-ce,4,1,null
2640,33223,33243,2008-08-28T19:47:58.187,9,831,false,asp.net,8,0,null
2640,33223,33243,2008-08-28T19:47:58.187,9,831,false,css,8,0,null
2640,33223,33243,2008-08-28T19:47:58.187,9,831,false,xhtml,8,0,null
2640,33223,33243,2008-08-28T19:47:58.187,9,831,false,semantics,8,0,null
3475,33226,33285,2008-08-28T19:48:49.527,5,11126,false,sql-server-2000,3,0,null
3475,33226,33285,2008-08-28T19:48:49.527,5,11126,false,sysobjects,3,0,null
2701,36081,36097,2008-08-30T16:19:22.387,4,3945,false,exception,3,0,null
2701,36081,36097,2008-08-30T16:19:22.387,4,3945,false,ado.net,3,0,null
2701,36081,36097,2008-08-30T16:19:22.387,4,3945,false,.net-2.0,3,0,null
2701,36081,36097,2008-08-30T16:19:22.387,4,3945,false,error-handling,3,0,null
299,28478,28498,2008-08-26T16:03:37.260,11,4786,false,.net,2,0,null
299,28478,28498,2008-08-26T16:03:37.260,11,4786,false,vb.net,2,0,null
299,28478,28498,2008-08-26T16:03:37.260,11,4786,false,if-statement,2,0,null
299,28478,28498,2008-08-26T16:03:37.260,11,4786,false,iif-function,2,0,null
1341,28481,28490,2008-08-26T16:04:53.450,2,1128,false,visual-studio-2008,2,0,null
1341,28481,28490,2008-08-26T16:04:53.450,2,1128,false,web-applications,2,0,null
1266,13396,13435,2008-08-16T22:28:39.827,12,665,false,.net,6,0,null
1266,13396,13435,2008-08-16T22:28:39.827,12,665,false,python,6,0,null
1266,13396,13435,2008-08-16T22:28:39.827,12,665,false,arrays,6,0,null
1266,13396,13435,2008-08-16T22:28:39.827,12,665,false,loops,6,0,null
1266,13396,13435,2008-08-16T22:28:39.827,12,665,false,iteration,6,0,null
797,30170,35889456,2008-08-27T13:53:51.087,11,7600,false,html,11,2,null
797,30170,35889456,2008-08-27T13:53:51.087,11,7600,false,css,11,2,null
797,30170,35889456,2008-08-27T13:53:51.087,11,7600,false,css-selectors,11,2,null
797,30170,35889456,2008-08-27T13:53:51.087,11,7600,false,css-variables,11,2,null
96,30171,30172,2008-08-27T13:53:58.840,5,7002,false,java,3,0,null
96,30171,30172,2008-08-27T13:53:58.840,5,7002,false,.net,3,0,null
96,30171,30172,2008-08-27T13:53:58.840,5,7002,false,service,3,0,null
96,30171,30172,2008-08-27T13:53:58.840,5,7002,false,primitive,3,0,null
2495,22524,23004,2008-08-22T14:39:14.033,17,37681,false,powershell,6,0,null
2490,22528,22587,2008-08-22T14:41:20.597,11,3237,false,php,6,0,null
2490,22528,22587,2008-08-22T14:41:20.597,11,3237,false,coding-style,6,0,null
3135,46074,46143,2008-09-05T15:43:15.010,6,367,false,php,5,1,null
3135,46074,46143,2008-09-05T15:43:15.010,6,367,false,hosting,5,1,null
3135,46074,46143,2008-09-05T15:43:15.010,6,367,false,dns,5,1,null
1446,46079,46138,2008-09-05T15:45:22.713,11,4566,false,asp.net,7,0,null
1446,46079,46138,2008-09-05T15:45:22.713,11,4566,false,javascript,7,0,null
1446,46079,46138,2008-09-05T15:45:22.713,11,4566,false,jquery,7,0,null
1446,46079,46138,2008-09-05T15:45:22.713,11,4566,false,webforms,7,0,null
1446,46079,46138,2008-09-05T15:45:22.713,11,4566,false,.net-1.1,7,0,null
1463,46080,46083,2008-09-05T15:45:53.380,223,137045,false,svn,13,0,null
1463,46080,46083,2008-09-05T15:45:53.380,223,137045,false,tortoisesvn,13,0,null
4050,43180,45684,2008-09-04T04:28:09.230,610,125754,true,operating-system,28,9,null
4050,43180,45684,2008-09-04T04:28:09.230,610,125754,true,kernel,28,9,null
4050,43180,45684,2008-09-04T04:28:09.230,610,125754,true,osdev,28,9,null
877,15015,15069,2008-08-18T18:12:09.187,8,7210,false,.net,6,0,null
877,15015,15069,2008-08-18T18:12:09.187,8,7210,false,automated-tests,6,0,null
877,15015,15069,2008-08-18T18:12:09.187,8,7210,false,watin,6,0,null
null,15023,null,2008-08-18T18:17:12.687,11,3539,false,c#,2,0,null
null,15023,null,2008-08-18T18:17:12.687,11,3539,false,wpf,2,0,null
null,15023,null,2008-08-18T18:17:12.687,11,3539,false,bitmap,2,0,null
1795,15024,15035,2008-08-18T18:17:49.787,17,1708,false,version-control,14,0,null
1795,15024,15035,2008-08-18T18:17:49.787,17,1708,false,bug-tracking,14,0,null
1795,15024,15035,2008-08-18T18:17:49.787,17,1708,false,dailybuilds,14,0,null
1310,44853,44870,2008-09-04T21:37:43.203,55,22750,false,java,4,1,null
1310,44853,44870,2008-09-04T21:37:43.203,55,22750,false,ant,4,1,null
1310,44853,44870,2008-09-04T21:37:43.203,55,22750,false,javadoc,4,1,null
1310,44853,44870,2008-09-04T21:37:43.203,55,22750,false,classcastexception,4,1,null
2168,44864,null,2008-09-04T21:47:59.310,4,282,false,html,4,0,null
2168,44864,null,2008-09-04T21:47:59.310,4,282,false,css,4,0,null
30,1276,1338,2008-08-04T14:31:11.410,340,227922,false,mysql,15,0,null
30,1276,1338,2008-08-04T14:31:11.410,340,227922,false,database,15,0,null
30,1276,1338,2008-08-04T14:31:11.410,340,227922,false,database-performance,15,0,null
null,1284,null,2008-08-04T14:40:58.050,24,9555,false,sql,8,0,null
null,1284,null,2008-08-04T14:40:58.050,24,9555,false,xss,8,0,null
null,1284,null,2008-08-04T14:40:58.050,24,9555,false,sql-injection,8,0,null
192,1292,1305,2008-08-04T14:47:10.970,63,36962,false,.net,8,0,null
192,1292,1305,2008-08-04T14:47:10.970,63,36962,false,collections,8,0,null
192,1292,1305,2008-08-04T14:47:10.970,63,36962,false,queue,8,0,null
4215,41824,null,2008-09-03T14:42:12.243,15,45077,false,asp.net,6,1,null
3848,41832,41859,2008-09-03T14:45:16.697,2,1076,false,.net,1,0,null
3848,41832,41859,2008-09-03T14:45:16.697,2,1076,false,c++,1,0,null
3848,41832,41859,2008-09-03T14:45:16.697,2,1076,false,com,1,0,null
2701,27220,null,2008-08-26T01:46:31.720,143,233106,false,c++,6,1,null
2701,27220,null,2008-08-26T01:46:31.720,143,233106,false,winapi,6,1,null
889,27222,27236,2008-08-26T01:47:29.813,10,8857,false,php,4,1,null
889,27222,27236,2008-08-26T01:47:29.813,10,8857,false,html,4,1,null
889,27222,27236,2008-08-26T01:47:29.813,10,8857,false,dom,4,1,null
11,14,null,2008-08-01T00:59:11.177,507,185123,false,.net,14,1,null
11,14,null,2008-08-01T00:59:11.177,507,185123,false,math,14,1,null
2,16,12446,2008-08-01T04:59:33.643,159,88393,false,c#,7,0,null
2,16,12446,2008-08-01T04:59:33.643,159,88393,false,linq,7,0,null
2,16,12446,2008-08-01T04:59:33.643,159,88393,false,web-services,7,0,null
2,16,12446,2008-08-01T04:59:33.643,159,88393,false,.net-3.5,7,0,null
2,17,26,2008-08-01T05:09:55.993,199,87599,false,mysql,9,3,null
2,17,26,2008-08-01T05:09:55.993,199,87599,false,database,9,3,null
2,17,26,2008-08-01T05:09:55.993,199,87599,false,binary-data,9,3,null
2,17,26,2008-08-01T05:09:55.993,199,87599,false,data-storage,9,3,null
191,39240,39316,2008-09-02T11:12:35.000,2,1509,false,sql,3,0,null
191,39240,39316,2008-09-02T11:12:35.000,2,1509,false,sql-server,3,0,null
191,39240,39316,2008-09-02T11:12:35.000,2,1509,false,database,3,0,null
4021,39243,39311,2008-09-02T11:14:36.133,0,142,false,sql-server,3,0,null
122,10506,10549,2008-08-13T23:57:01.567,3,1858,false,java,2,0,null
122,10506,10549,2008-08-13T23:57:01.567,3,1858,false,db2,2,0,null
122,10506,10549,2008-08-13T23:57:01.567,3,1858,false,dbunit,2,0,null
122,10506,10549,2008-08-13T23:57:01.567,3,1858,false,db2-luw,2,0,null
115,10515,10519,2008-08-14T00:12:18.980,9,2031,false,php,7,0,null
115,10515,10519,2008-08-14T00:12:18.980,9,2031,false,windows,7,0,null
115,10515,10519,2008-08-14T00:12:18.980,9,2031,false,iis,7,0,null
115,10515,10519,2008-08-14T00:12:18.980,9,2031,false,portability,7,0,null
115,10515,10519,2008-08-14T00:12:18.980,9,2031,false,lamp,7,0,null
2768,25499,null,2008-08-25T00:27:50.170,3,6288,false,sql-server-2005,4,0,null
2768,25499,null,2008-08-25T00:27:50.170,3,6288,false,visual-c++,4,0,null
2768,25499,null,2008-08-25T00:27:50.170,3,6288,false,mfc,4,0,null
91,1300,1673,2008-08-04T14:55:04.433,31,4052,false,.net,7,0,null
91,1300,1673,2008-08-04T14:55:04.433,31,4052,false,.net-3.5,7,0,null
91,1300,1673,2008-08-04T14:55:04.433,31,4052,false,msbuild,7,0,null
91,1300,1673,2008-08-04T14:55:04.433,31,4052,false,nant,7,0,null
121,1304,1309,2008-08-04T14:56:57.490,270,240613,false,c#,12,3,null
121,1304,1309,2008-08-04T14:56:57.490,270,240613,false,.net,12,3,null
121,1304,1309,2008-08-04T14:56:57.490,270,240613,false,io,12,3,null
121,1304,1309,2008-08-04T14:56:57.490,270,240613,false,filelock,12,3,null
302,1306,1318,2008-08-04T14:57:59.547,46,12787,false,ruby,4,0,null
302,1306,1318,2008-08-04T14:57:59.547,46,12787,false,unix,4,0,null
302,1306,1318,2008-08-04T14:57:59.547,46,12787,false,curses,4,0,null
2114,18077,19329,2008-08-20T14:18:33.287,12,6917,false,javascript,7,3,null
2114,18077,19329,2008-08-20T14:18:33.287,12,6917,false,css,7,3,null
1666,27240,27389,2008-08-26T01:57:51.427,69,21475,false,java,6,1,null
1666,27240,27389,2008-08-26T01:57:51.427,69,21475,false,enumeration,6,1,null
1666,27240,27389,2008-08-26T01:57:51.427,69,21475,false,iterable,6,1,null
2908,27242,27254,2008-08-26T01:58:23.093,126,28858,false,javascript,14,2,null
2908,27242,27254,2008-08-26T01:58:23.093,126,28858,false,jquery,14,2,null
2908,27242,27254,2008-08-26T01:58:23.093,126,28858,false,review,14,2,null
179,46084,null,2008-09-05T15:47:03.893,3,1118,false,debugging,1,0,null
179,46084,null,2008-09-05T15:47:03.893,3,1118,false,windows-xp,1,0,null
179,46084,null,2008-09-05T15:47:03.893,3,1118,false,visual-c++-6,1,0,null
179,46084,null,2008-09-05T15:47:03.893,3,1118,false,windows-nt,1,0,null
319,41836,2227991,2008-09-03T14:47:35.147,2,953,false,php,3,1,null
319,41836,2227991,2008-09-03T14:47:35.147,2,953,false,include-path,3,1,null
1154,41837,41899,2008-09-03T14:47:52.400,26,45449,false,sql-server,6,0,null
1154,41837,41899,2008-09-03T14:47:52.400,26,45449,false,performance,6,0,null
3430,41838,93581,2008-09-03T14:48:16.660,2,1219,false,oracle,6,0,null
3430,41838,93581,2008-09-03T14:48:16.660,2,1219,false,testing,6,0,null
3430,41838,93581,2008-09-03T14:48:16.660,2,1219,false,black-box,6,0,null
511,41839,41947,2008-09-03T14:48:48.187,1,281,false,testing,3,0,null
511,41839,41947,2008-09-03T14:48:48.187,1,281,false,integration-testing,3,0,null
3615,41842,41871,2008-09-03T14:50:03.223,17,6327,false,c#,3,1,null
3615,41842,41871,2008-09-03T14:50:03.223,17,6327,false,visual-studio,3,1,null
3615,41842,41871,2008-09-03T14:50:03.223,17,6327,false,build-process,3,1,null
2974,39254,null,2008-09-02T11:22:31.733,7,6381,false,apache,1,0,null
2974,39254,null,2008-09-02T11:22:31.733,7,6381,false,ssi,1,0,null
13,19,531,2008-08-01T05:21:22.257,352,70352,false,performance,23,17,null
13,19,531,2008-08-01T05:21:22.257,352,70352,false,algorithm,23,17,null
13,19,531,2008-08-01T05:21:22.257,352,70352,false,language-agnostic,23,17,null
13,19,531,2008-08-01T05:21:22.257,352,70352,false,unix,23,17,null
13,19,531,2008-08-01T05:21:22.257,352,70352,false,pi,23,17,null
22,24,49,2008-08-01T12:12:19.350,195,105586,false,mysql,7,0,null
22,24,49,2008-08-01T12:12:19.350,195,105586,false,database,7,0,null
22,24,49,2008-08-01T12:12:19.350,195,105586,false,triggers,7,0,null
961,7579,9424260,2008-08-11T07:02:46.483,47,117846,false,sql-server,9,0,null
961,7579,9424260,2008-08-11T07:02:46.483,47,117846,false,rebuild,9,0,null
961,7579,9424260,2008-08-11T07:02:46.483,47,117846,false,maintenance-plan,9,0,null
961,7579,9424260,2008-08-11T07:02:46.483,47,117846,false,reorganize,9,0,null
null,7586,7590,2008-08-11T07:26:46.903,8,4144,false,c#,4,0,null
null,7586,7590,2008-08-11T07:26:46.903,8,4144,false,.net,4,0,null
null,7586,7590,2008-08-11T07:26:46.903,8,4144,false,wpf,4,0,null
null,7586,7590,2008-08-11T07:26:46.903,8,4144,false,xaml,4,0,null
2849,27243,27323,2008-08-26T01:59:00.457,6,3202,false,nhibernate,2,0,null
2370764,27247,27276,2008-08-26T02:00:15.820,29,36451,false,c++,2,4,null
2370764,27247,27276,2008-08-26T02:00:15.820,29,36451,false,linux,2,4,null
2370764,27247,27276,2008-08-26T02:00:15.820,29,36451,false,epoll,2,4,null
518,7592,7643,2008-08-11T07:39:51.433,19,36072,false,javascript,5,0,null
518,7592,7643,2008-08-11T07:39:51.433,19,36072,false,email,5,0,null
917,7596,13283,2008-08-11T07:45:20.050,43,26099,true,java,10,1,null
917,7596,13283,2008-08-11T07:45:20.050,43,26099,true,architecture,10,1,null
4171,39276,39278,2008-09-02T11:34:06.930,40,57373,false,c#,10,0,null
4171,39276,39278,2008-09-02T11:34:06.930,40,57373,false,.net,10,0,null
4171,39276,39278,2008-09-02T11:34:06.930,40,57373,false,twain,10,0,null
4171,39276,39278,2008-09-02T11:34:06.930,40,57373,false,scanning,10,0,null
191,39281,39360,2008-09-02T11:36:38.517,132,46030,false,sql,16,5,null
191,39281,39360,2008-09-02T11:36:38.517,132,46030,false,database,16,5,null
191,39281,39360,2008-09-02T11:36:38.517,132,46030,false,database-design,16,5,null
191,39281,39360,2008-09-02T11:36:38.517,132,46030,false,versioning,16,5,null
708,37248,37260,2008-08-31T23:18:41.917,22,10311,false,c#,13,4,null
708,37248,37260,2008-08-31T23:18:41.917,22,10311,false,c-preprocessor,13,4,null
2644,31535,31546,2008-08-28T02:23:12.770,5,542,false,html,8,0,null
2644,31535,31546,2008-08-28T02:23:12.770,5,542,false,regex,8,0,null
2644,31535,31546,2008-08-28T02:23:12.770,5,542,false,language-agnostic,8,0,null
267,4529,4547,2008-08-07T08:35:30.753,21,25930,false,sql-server-2005,7,0,null
267,4529,4547,2008-08-07T08:35:30.753,21,25930,false,sql-server-2008,7,0,null
267,4529,4547,2008-08-07T08:35:30.753,21,25930,false,installation,7,0,null
192,4533,4540,2008-08-07T08:45:07.300,32,29169,false,language-agnostic,7,0,null
192,4533,4540,2008-08-07T08:45:07.300,32,29169,false,http,7,0,null
192,4533,4540,2008-08-07T08:45:07.300,32,29169,false,webserver,7,0,null
192,4533,4540,2008-08-07T08:45:07.300,32,29169,false,header,7,0,null
192,4533,4540,2008-08-07T08:45:07.300,32,29169,false,etag,7,0,null
23,25,1443907,2008-08-01T12:13:50.207,176,16412,false,c++,9,1,null
23,25,1443907,2008-08-01T12:13:50.207,176,16412,false,c,9,1,null
23,25,1443907,2008-08-01T12:13:50.207,176,16412,false,sockets,9,1,null
23,25,1443907,2008-08-01T12:13:50.207,176,16412,false,mainframe,9,1,null
23,25,1443907,2008-08-01T12:13:50.207,176,16412,false,zos,9,1,null
2680,27253,418595,2008-08-26T02:04:30.817,11,4039,false,c#,10,0,null
2680,27253,418595,2008-08-26T02:04:30.817,11,4039,false,code-formatting,10,0,null
392,27258,27270,2008-08-26T02:07:25.630,6,4710,false,asp.net,9,0,null
392,27258,27270,2008-08-26T02:07:25.630,6,4710,false,javascript,9,0,null
392,27258,27270,2008-08-26T02:07:25.630,6,4710,false,ajax,9,0,null
886,7603,null,2008-08-11T08:10:27.423,5,7825,false,web-services,4,0,null
886,7603,null,2008-08-11T08:10:27.423,5,7825,false,ws-security,4,0,null
306,1311,null,2008-08-04T15:02:41.893,21,904,false,c,1,0,null
306,1311,null,2008-08-04T15:02:41.893,21,904,false,audio,1,0,null
306,1311,null,2008-08-04T15:02:41.893,21,904,false,rockbox,1,0,null
2089740,1313,74033,2008-08-04T15:08:13.143,53,20891,false,language-agnostic,7,1,null
2089740,1313,74033,2008-08-04T15:08:13.143,53,20891,false,colors,7,1,null
312,1314,1319,2008-08-04T15:09:07.043,19,2076,false,msbuild,2,0,null
312,1314,1319,2008-08-04T15:09:07.043,19,2076,false,build-process,2,0,null
312,1314,1319,2008-08-04T15:09:07.043,19,2076,false,cruisecontrol.net,2,0,null
184,39288,39293,2008-09-02T11:40:00.427,20,6843,false,business-logic-layer,8,0,null
2027,31551,null,2008-08-28T02:33:56.830,96,77563,false,sql-server,3,3,null
1455,31559,null,2008-08-28T02:40:03.353,22,14895,false,c#,9,2,null
1455,31559,null,2008-08-28T02:40:03.353,22,14895,false,windows,9,2,null
1455,31559,null,2008-08-28T02:40:03.353,22,14895,false,orm,9,2,null
1455,31559,null,2008-08-28T02:40:03.353,22,14895,false,devexpress,9,2,null
1455,31559,null,2008-08-28T02:40:03.353,22,14895,false,xpo,9,2,null
2237,19387,19392,2008-08-21T05:57:14.857,6,2236,false,wpf,8,0,null
2237,19387,19392,2008-08-21T05:57:14.857,6,2236,false,user-interface,8,0,null
2237,19387,19392,2008-08-21T05:57:14.857,6,2236,false,macos,8,0,null
2237,19387,19392,2008-08-21T05:57:14.857,6,2236,false,frameworks,8,0,null
2238,19388,19403,2008-08-21T05:57:59.673,5,3503,false,php,7,1,null
2238,19388,19403,2008-08-21T05:57:59.673,5,3503,false,language-features,7,1,null
2238,19388,19403,2008-08-21T05:57:59.673,5,3503,false,goto,7,1,null
null,34,null,2008-08-01T12:30:57.630,97,11672,false,arrays,8,0,null
null,34,null,2008-08-01T12:30:57.630,97,11672,false,actionscript-3,8,0,null
null,34,null,2008-08-01T12:30:57.630,97,11672,false,apache-flex,8,0,null
32,36,352,2008-08-01T12:35:56.917,153,78517,false,sql,9,2,null
32,36,352,2008-08-01T12:35:56.917,153,78517,false,sql-server,9,2,null
32,36,352,2008-08-01T12:35:56.917,153,78517,false,datatable,9,2,null
32,36,352,2008-08-01T12:35:56.917,153,78517,false,rdbms,9,2,null
33,39,45,2008-08-01T12:43:11.503,114,8237,false,c#,3,0,null
33,39,45,2008-08-01T12:43:11.503,114,8237,false,.net,3,0,null
33,39,45,2008-08-01T12:43:11.503,114,8237,false,vb.net,3,0,null
33,39,45,2008-08-01T12:43:11.503,114,8237,false,timer,3,0,null
342,7614,null,2008-08-11T08:36:39.460,1,1124,false,c++,4,0,null
342,7614,null,2008-08-11T08:36:39.460,1,1124,false,unit-testing,4,0,null
342,7614,null,2008-08-11T08:36:39.460,1,1124,false,tdd,4,0,null
1463,46096,46104,2008-09-05T15:50:20.453,0,155,false,linq,3,0,null
3326,31561,31603,2008-08-28T02:41:53.987,2,536,false,lisp,4,0,null
3326,31561,31603,2008-08-28T02:41:53.987,2,536,false,scheme,4,0,null
3326,31561,31603,2008-08-28T02:41:53.987,2,536,false,clisp,4,0,null
1293,31566,31573,2008-08-28T02:50:38.147,4,2663,false,sql-server-2005,1,0,null
1880,31567,31638,2008-08-28T02:50:55.510,10,12621,false,c#,7,0,null
1880,31567,31638,2008-08-28T02:50:55.510,10,12621,false,.net,7,0,null
1880,31567,31638,2008-08-28T02:50:55.510,10,12621,false,reflection,7,0,null
2908,27266,27280,2008-08-26T02:11:52.750,6,6361,false,linux,3,0,null
2908,27266,27280,2008-08-26T02:11:52.750,6,6361,false,ssh,3,0,null
2908,27266,27280,2008-08-26T02:11:52.750,6,6361,false,https,3,0,null
2908,27266,27280,2008-08-26T02:11:52.750,6,6361,false,trafficshaping,3,0,null
658,27267,null,2008-08-26T02:12:06.790,56,52065,false,amazon-s3,23,2,null
658,27267,null,2008-08-26T02:12:06.790,56,52065,false,buckets,23,2,null
501,4541,106093,2008-08-07T08:58:18.460,5,1565,false,database,4,0,null
501,4541,106093,2008-08-07T08:58:18.460,5,1565,false,logging,4,0,null
501,4541,106093,2008-08-07T08:58:18.460,5,1565,false,text-files,4,0,null
501,4541,106093,2008-08-07T08:58:18.460,5,1565,false,olap,4,0,null
86,4544,6996,2008-08-07T09:08:52.260,18,1480,false,javascript,4,0,null
86,4544,6996,2008-08-07T09:08:52.260,18,1480,false,firefox,4,0,null
86,4544,6996,2008-08-07T09:08:52.260,18,1480,false,delicious-api,4,0,null
383,4545,4549,2008-08-07T09:21:41.563,81,54165,false,html,8,1,null
383,4545,4549,2008-08-07T09:21:41.563,81,54165,false,tags,8,1,null
973,7622,7636,2008-08-11T08:55:13.277,178,310131,false,c,11,1,null
973,7622,7636,2008-08-11T08:55:13.277,178,310131,false,binary,11,1,null
973,7622,7636,2008-08-11T08:55:13.277,178,310131,false,bit-manipulation,11,1,null
973,7622,7636,2008-08-11T08:55:13.277,178,310131,false,bit-shift,11,1,null
2089740,1323,null,2008-08-04T15:14:47.517,23,2856,false,algorithm,9,0,null
2089740,1323,null,2008-08-04T15:14:47.517,23,2856,false,language-agnostic,9,0,null
2089740,1323,null,2008-08-04T15:14:47.517,23,2856,false,colors,9,0,null
83,1329,1339,2008-08-04T15:20:42.683,38,101345,false,windows,22,1,null
83,1329,1339,2008-08-04T15:20:42.683,38,101345,false,file,22,1,null
83,1329,1339,2008-08-04T15:20:42.683,38,101345,false,filesystems,22,1,null
83,1329,1339,2008-08-04T15:20:42.683,38,101345,false,utilities,22,1,null
3259,31572,31768,2008-08-28T02:55:23.347,19,12114,false,.net,16,0,null
3259,31572,31768,2008-08-28T02:55:23.347,19,12114,false,networking,16,0,null
3259,31572,31768,2008-08-28T02:55:23.347,19,12114,false,tcp,16,0,null
3259,31572,31768,2008-08-28T02:55:23.347,19,12114,false,udp,16,0,null
1365,15034,15055,2008-08-18T18:25:13.810,7,18908,false,visual-studio,8,2,null
1365,15034,15055,2008-08-18T18:25:13.810,7,18908,false,out-of-memory,8,2,null
37,42,77,2008-08-01T12:50:18.587,293,40824,false,php,8,0,null
37,42,77,2008-08-01T12:50:18.587,293,40824,false,plugins,8,0,null
37,42,77,2008-08-01T12:50:18.587,293,40824,false,architecture,8,0,null
37,42,77,2008-08-01T12:50:18.587,293,40824,false,hook,8,0,null
40,48,31910,2008-08-01T13:01:17.303,291,257419,false,html,28,1,null
40,48,31910,2008-08-01T13:01:17.303,291,257419,false,forms,28,1,null
40,48,31910,2008-08-01T13:01:17.303,291,257419,false,form-submit,28,1,null
40,48,31910,2008-08-01T13:01:17.303,291,257419,false,submit-button,28,1,null
383,4556,4562,2008-08-07T10:01:04.823,13,8063,false,c#,1,0,null
383,4556,4562,2008-08-07T10:01:04.823,13,8063,false,performance,1,0,null
383,4556,4562,2008-08-07T10:01:04.823,13,8063,false,loops,1,0,null
3279,31581,31833,2008-08-28T03:01:10.773,26,10327,false,c#,4,0,null
3279,31581,31833,2008-08-28T03:01:10.773,26,10327,false,.net,4,0,null
3279,31581,31833,2008-08-28T03:01:10.773,26,10327,false,multithreading,4,0,null
3279,31581,31833,2008-08-28T03:01:10.773,26,10327,false,timer,4,0,null
2644,31584,37005,2008-08-28T03:03:53.467,22,20520,false,java,11,2,null
3747,36093,36171,2008-08-30T16:27:14.333,5,5898,false,svn,6,0,null
3747,36093,36171,2008-08-30T16:27:14.333,5,5898,false,versioning,6,0,null
3747,36093,36171,2008-08-30T16:27:14.333,5,5898,false,photoshop,6,0,null
1455,40075,40148,2008-09-02T17:18:19.460,28,28398,false,c#,5,2,null
1455,40075,40148,2008-09-02T17:18:19.460,28,28398,false,functional-programming,5,2,null
1455,40075,40148,2008-09-02T17:18:19.460,28,28398,false,extension-methods,5,2,null
1143,33233,33247,2008-08-28T19:51:37.617,1,314,false,visual-studio,2,0,null
1143,33233,33247,2008-08-28T19:51:37.617,1,314,false,gui-designer,2,0,null
708,10524,718366,2008-08-14T00:24:43.320,29,15365,false,.net,2,2,null
708,10524,718366,2008-08-14T00:24:43.320,29,15365,false,linq,2,2,null
708,10524,718366,2008-08-14T00:24:43.320,29,15365,false,entity-framework,2,2,null
708,10524,718366,2008-08-14T00:24:43.320,29,15365,false,linq-to-entities,2,2,null
2975,31592,31609,2008-08-28T03:09:28.790,1,222,false,visual-studio,2,0,null
2975,31592,31609,2008-08-28T03:09:28.790,1,222,false,dependency-injection,2,0,null
2975,31592,31609,2008-08-28T03:09:28.790,1,222,false,inversion-of-control,2,0,null
2975,31592,31609,2008-08-28T03:09:28.790,1,222,false,castle-windsor,2,0,null
3764,36101,36131,2008-08-30T16:37:31.330,4,346,false,javascript,2,0,null
3764,36101,36131,2008-08-30T16:37:31.330,4,346,false,html,2,0,null
3764,36101,36131,2008-08-30T16:37:31.330,4,346,false,ruby-on-rails,2,0,null
3764,36101,36131,2008-08-30T16:37:31.330,4,346,false,ruby,2,0,null
3474,36106,36311,2008-08-30T16:39:01.137,8,3464,false,data-structures,7,0,null
3474,36106,36311,2008-08-30T16:39:01.137,8,3464,false,information-retrieval,7,0,null
2122,36108,36741,2008-08-30T16:39:28.423,356,335455,false,wpf,5,3,null
2122,36108,36741,2008-08-30T16:39:28.423,356,335455,false,user-interface,5,3,null
2122,36108,36741,2008-08-30T16:39:28.423,356,335455,false,layout,5,3,null
41,16306,16318,2008-08-19T14:44:59.667,7,5217,false,c#,4,0,null
41,16306,16318,2008-08-19T14:44:59.667,7,5217,false,string,4,0,null
41,16306,16318,2008-08-19T14:44:59.667,7,5217,false,parsing,4,0,null
194,34463,34547,2008-08-29T15:33:06.687,9,4955,false,winapi,5,0,null
194,34463,34547,2008-08-29T15:33:06.687,9,4955,false,rsync,5,0,null
194,34463,34547,2008-08-29T15:33:06.687,9,4955,false,porting,5,0,null
1651,31598,null,2008-08-28T03:21:39.617,2,2307,false,eclipse,5,0,null
1651,31598,null,2008-08-28T03:21:39.617,2,2307,false,testing,5,0,null
1651,31598,null,2008-08-28T03:21:39.617,2,2307,false,rcp,5,0,null
859,10531,null,2008-08-14T00:36:01.600,5,1459,false,c#,1,0,null
859,10531,null,2008-08-14T00:36:01.600,5,1459,false,reflection,1,0,null
305,10532,10542,2008-08-14T00:36:20.287,8,882,false,php,6,0,null
305,10532,10542,2008-08-14T00:36:20.287,8,882,false,postgresql,6,0,null
1588,37263,37291,2008-08-31T23:39:48.590,1,1608,false,project-management,5,0,null
1588,37263,37291,2008-08-31T23:39:48.590,1,1608,false,change-management,5,0,null
359,27288,null,2008-08-26T02:28:39.370,1,14474,false,vb.net,9,0,null
359,27288,null,2008-08-26T02:28:39.370,1,14474,false,excel,9,0,null
364,27292,27298,2008-08-26T02:32:39.783,3,1114,false,version-control,4,0,null
364,27292,27298,2008-08-26T02:32:39.783,3,1114,false,backup,4,0,null
364,27292,27298,2008-08-26T02:32:39.783,3,1114,false,hosting,4,0,null
26,1376,null,2008-08-04T16:05:29.333,20,6757,false,apache-flex,5,0,null
26,1376,null,2008-08-04T16:05:29.333,20,6757,false,air,5,0,null
314,1383,1393,2008-08-04T16:27:39.787,229,54349,false,unit-testing,20,3,null
305,22552,22572,2008-08-22T14:49:36.037,2,1033,false,php,5,1,null
305,22552,22572,2008-08-22T14:49:36.037,2,1033,false,regex,5,1,null
277,22566,22573,2008-08-22T14:53:21.970,39,64625,false,perl,9,0,null
277,22566,22573,2008-08-22T14:53:21.970,39,64625,false,file-io,9,0,null
277,22566,22573,2008-08-22T14:53:21.970,39,64625,false,filesystems,9,0,null
1219,22570,22592,2008-08-22T14:53:47.710,37,64745,false,sql,8,3,null
1219,22570,22592,2008-08-22T14:53:47.710,37,64745,false,sql-server,8,3,null
1219,22570,22592,2008-08-22T14:53:47.710,37,64745,false,t-sql,8,3,null
1219,22570,22592,2008-08-22T14:53:47.710,37,64745,false,datetime,8,3,null
1219,22570,22592,2008-08-22T14:53:47.710,37,64745,false,user-defined-functions,8,3,null
872,10533,10573,2008-08-14T00:40:26.753,2,4316,false,regex,5,0,null
872,10533,10573,2008-08-14T00:40:26.753,2,4316,false,perl,5,0,null
45,59,43110,2008-08-01T13:14:33.797,117,27375,false,c#,7,0,null
45,59,43110,2008-08-01T13:14:33.797,117,27375,false,linq,7,0,null
45,59,43110,2008-08-01T13:14:33.797,117,27375,false,.net-3.5,7,0,null
2086,18080,2515243,2008-08-20T14:20:40.020,4,1200,false,performance,8,0,null
2086,18080,2515243,2008-08-20T14:20:40.020,4,1200,false,monitoring,8,0,null
2086,18080,2515243,2008-08-20T14:20:40.020,4,1200,false,usage-statistics,8,0,null
29,18082,1830844,2008-08-20T14:21:13.793,2563,1573844,true,javascript,53,10,null
29,18082,1830844,2008-08-20T14:21:13.793,2563,1573844,true,validation,53,10,null
29,18082,1830844,2008-08-20T14:21:13.793,2563,1573844,true,numbers,53,10,null
5,33242,null,2008-08-28T19:54:02.680,125,59994,false,html,5,3,null
5,33242,null,2008-08-28T19:54:02.680,125,59994,false,css,5,3,null
1541,39304,39314,2008-09-02T11:47:46.010,3,1175,false,c++,3,0,null
1541,39304,39314,2008-09-02T11:47:46.010,3,1175,false,logging,3,0,null
1541,39304,39314,2008-09-02T11:47:46.010,3,1175,false,code-reuse,3,0,null
720,34476,34504,2008-08-29T15:41:45.060,12,701,false,javascript,7,0,null
720,34476,34504,2008-08-29T15:41:45.060,12,701,false,debugging,7,0,null
1384652,34486,34538,2008-08-29T15:48:16.307,5,354,false,javascript,6,0,null
1384652,34486,34538,2008-08-29T15:48:16.307,5,354,false,ajax,6,0,null
2443,37271,37300,2008-08-31T23:50:24.727,11,3998,false,java,6,0,null
2443,37271,37300,2008-08-31T23:50:24.727,11,3998,false,persistence,6,0,null
2443,37271,37300,2008-08-31T23:50:24.727,11,3998,false,desktop,6,0,null
2443,37271,37300,2008-08-31T23:50:24.727,11,3998,false,oop,6,0,null
1412,36109,42005,2008-08-30T16:39:42.913,3,5356,true,unix,4,0,null
1412,36109,42005,2008-08-30T16:39:42.913,3,5356,true,shell,4,0,null
1412,36109,42005,2008-08-30T16:39:42.913,3,5356,true,wine,4,0,null
91,33250,39091,2008-08-28T19:58:10.597,4,5615,false,c#,4,0,null
91,33250,39091,2008-08-28T19:58:10.597,4,5615,false,asp.net,4,0,null
91,33250,39091,2008-08-28T19:58:10.597,4,5615,false,active-directory,4,0,null
1143,33252,34465,2008-08-28T19:58:58.673,1,1924,false,sharepoint,2,0,null
1143,33252,34465,2008-08-28T19:58:58.673,1,1924,false,versioning,2,0,null
null,1387,null,2008-08-04T16:30:46.347,22,1010,false,.net,5,1,null
null,1387,null,2008-08-04T16:30:46.347,22,1010,false,parallel-processing,5,1,null
60,1390,1394,2008-08-04T16:33:36.390,27,2183,false,sql-server,6,0,null
60,1390,1394,2008-08-04T16:33:36.390,27,2183,false,windows-server-2008,6,0,null
133,7642,7644,2008-08-11T09:41:11.373,24,13900,false,vb.net,10,1,null
133,7642,7644,2008-08-11T09:41:11.373,24,13900,false,convention,10,1,null
338,33262,33283,2008-08-28T20:03:19.477,108,140234,false,java,4,1,null
338,33262,33283,2008-08-28T20:03:19.477,108,140234,false,xml,4,1,null
338,33262,33283,2008-08-28T20:03:19.477,108,140234,false,document,4,1,null
338,33262,33283,2008-08-28T20:03:19.477,108,140234,false,w3c,4,1,null
83,33263,null,2008-08-28T20:05:19.847,3,2872,false,asp.net,3,0,null
83,33263,null,2008-08-28T20:05:19.847,3,2872,false,forms-authentication,3,0,null
2361,33265,33391,2008-08-28T20:06:01.840,108,11298,false,c#,5,1,null
2361,33265,33391,2008-08-28T20:06:01.840,108,11298,false,.net,5,1,null
2361,33265,33391,2008-08-28T20:06:01.840,108,11298,false,syntax,5,1,null
1554,13409,13412,2008-08-16T23:17:23.317,21,2814,false,time-management,6,0,null
305,40090,40093,2008-09-02T17:25:56.367,10,2942,false,c#,8,2,null
305,40090,40093,2008-09-02T17:25:56.367,10,2942,false,overloading,8,2,null
149,1401,1418,2008-08-04T16:44:25.167,38,3694,false,asp.net,4,0,null
149,1401,1418,2008-08-04T16:44:25.167,38,3694,false,javascript,4,0,null
149,1401,1418,2008-08-04T16:44:25.167,38,3694,false,validation,4,0,null
64,33275,null,2008-08-28T20:09:27.603,5,4111,false,pdf,4,0,null
64,33275,null,2008-08-28T20:09:27.603,5,4111,false,pdf-generation,4,0,null
2665,41857,41875,2008-09-03T14:55:40.027,7,11694,false,performance,4,0,null
2665,41857,41875,2008-09-03T14:55:40.027,7,11694,false,testing,4,0,null
2665,41857,41875,2008-09-03T14:55:40.027,7,11694,false,web-applications,4,0,null
2665,41857,41875,2008-09-03T14:55:40.027,7,11694,false,benchmarking,4,0,null
1223,16317,null,2008-08-19T14:47:58.227,24,20412,false,database,6,0,null
1223,16317,null,2008-08-19T14:47:58.227,24,20412,false,integration-testing,6,0,null
1463,16320,null,2008-08-19T14:49:55.210,3,796,false,database,6,0,null
1463,16320,null,2008-08-19T14:49:55.210,3,796,false,orm,6,0,null
1463,16320,null,2008-08-19T14:49:55.210,3,796,false,class-design,6,0,null
493,16322,null,2008-08-19T14:50:43.430,190,23293,true,linq,9,2,null
493,16322,null,2008-08-19T14:50:43.430,190,23293,true,linq-to-sql,9,2,null
493,16322,null,2008-08-19T14:50:43.430,190,23293,true,linq-to-entities,9,2,null
493,16322,null,2008-08-19T14:50:43.430,190,23293,true,linq-to-objects,9,2,null
1414,16326,22404,2008-08-19T14:51:53.257,-2,1055,false,installation,4,0,null
1414,16326,22404,2008-08-19T14:51:53.257,-2,1055,false,diskspace,4,0,null
1414,16326,22404,2008-08-19T14:51:53.257,-2,1055,false,visual-studio-2008-sp1,4,0,null
381,7651,7657,2008-08-11T10:04:32.093,175,242614,false,perl,11,0,null
381,7651,7657,2008-08-11T10:04:32.093,175,242614,false,arrays,11,0,null
381,7651,7657,2008-08-11T10:04:32.093,175,242614,false,unique,11,0,null
381,7651,7657,2008-08-11T10:04:32.093,175,242614,false,duplicates,11,0,null
493,7652,7710,2008-08-11T10:04:50.483,3,1657,false,database,7,0,null
493,7652,7710,2008-08-11T10:04:50.483,3,1657,false,linq,7,0,null
493,7652,7710,2008-08-11T10:04:50.483,3,1657,false,orm,7,0,null
58,1408,1421,2008-08-04T16:54:49.293,334,279039,false,php,6,6,null
58,1408,1421,2008-08-04T16:54:49.293,334,279039,false,apache,6,6,null
58,1408,1421,2008-08-04T16:54:49.293,334,279039,false,xampp,6,6,null
58,1408,1421,2008-08-04T16:54:49.293,334,279039,false,server-configuration,6,6,null
26,1409,27335,2008-08-04T16:55:31.243,20,2268,false,asp.net,1,1,null
26,1409,27335,2008-08-04T16:55:31.243,20,2268,false,iis,1,1,null
2723,33288,33295,2008-08-28T20:11:54.867,4,2329,false,web-services,4,0,null
2723,33288,33295,2008-08-28T20:11:54.867,4,2329,false,security,4,0,null
2723,33288,33295,2008-08-28T20:11:54.867,4,2329,false,api,4,0,null
184,39331,39344,2008-09-02T11:59:59.240,13,5690,false,sql,11,0,null
184,39331,39344,2008-09-02T11:59:59.240,13,5690,false,performance,11,0,null
1233,13430,13759,2008-08-17T00:37:17.680,8,3721,false,iis-7,4,0,null
1233,13430,13759,2008-08-17T00:37:17.680,8,3721,false,cruisecontrol.net,4,0,null
100,13434,13438,2008-08-17T00:44:01.393,12,3022,false,.net,3,0,null
100,13434,13438,2008-08-17T00:44:01.393,12,3022,false,reflection,3,0,null
100,13434,13438,2008-08-17T00:44:01.393,12,3022,false,callstack,3,0,null
486,4565,null,2008-08-07T10:20:16.687,8,1487,false,networking,2,0,null
486,4565,null,2008-08-07T10:20:16.687,8,1487,false,modem,2,0,null
486,4565,null,2008-08-07T10:20:16.687,8,1487,false,qos,2,0,null
486,4565,null,2008-08-07T10:20:16.687,8,1487,false,adsl,2,0,null
3228,30183,30545,2008-08-27T13:58:44.913,29,22782,false,vb.net,4,1,null
3228,30183,30545,2008-08-27T13:58:44.913,29,22782,false,visual-studio-2008,4,1,null
3228,30183,30545,2008-08-27T13:58:44.913,29,22782,false,64-bit,4,1,null
507,30184,30241,2008-08-27T13:59:01.170,20,14324,false,.net,5,0,null
507,30184,30241,2008-08-27T13:59:01.170,20,14324,false,winforms,5,0,null
1208,37275,37290,2008-08-31T23:57:08.317,68,241018,false,sql,9,0,null
1208,37275,37290,2008-08-31T23:57:08.317,68,241018,false,sql-server,9,0,null
609,4582,null,2008-08-07T11:04:37.423,17,7986,false,video,6,0,null
609,4582,null,2008-08-07T11:04:37.423,17,7986,false,compression,6,0,null
609,4582,null,2008-08-07T11:04:37.423,17,7986,false,dct,6,0,null
1226,33301,33440,2008-08-28T20:24:04.887,4,6815,false,asp.net,3,0,null
1226,33301,33440,2008-08-28T20:24:04.887,4,6815,false,javascript,3,0,null
1226,33301,33440,2008-08-28T20:24:04.887,4,6815,false,master-pages,3,0,null
1226,33301,33440,2008-08-28T20:24:04.887,4,6815,false,onresize,3,0,null
1562,21207,24499,2008-08-21T21:12:01.600,32,6837,false,java,4,0,null
1562,21207,24499,2008-08-21T21:12:01.600,32,6837,false,db4o,4,0,null
2197,21211,21214,2008-08-21T21:13:37.353,-1,681,false,java,2,0,null
2197,21211,21214,2008-08-21T21:13:37.353,-1,681,false,windows-xp,2,0,null
2197,21211,21214,2008-08-21T21:13:37.353,-1,681,false,clipboard,2,0,null
1433,31627,31631,2008-08-28T03:40:16.250,12,2555,false,version-control,16,0,null
1433,31627,31631,2008-08-28T03:40:16.250,12,2555,false,visual-sourcesafe,16,0,null
2147,33306,33313,2008-08-28T20:26:14.193,6,1480,false,c++,3,0,null
2147,33306,33313,2008-08-28T20:26:14.193,6,1480,false,stl,3,0,null
1965,27294,27310,2008-08-26T02:35:30.993,21,5051,false,c#,10,1,null
1965,27294,27310,2008-08-26T02:35:30.993,21,5051,false,design-patterns,10,1,null
1965,27294,27310,2008-08-26T02:35:30.993,21,5051,false,factory,10,1,null
null,13454,null,2008-08-17T01:23:50.067,13,8954,false,python,6,0,null
null,13454,null,2008-08-17T01:23:50.067,13,8954,false,string,6,0,null
null,13454,null,2008-08-17T01:23:50.067,13,8954,false,escaping,6,0,null
1256,13460,13465,2008-08-17T01:38:24.797,7,1225,false,version-control,5,1,null
1965,18093,18877,2008-08-20T14:24:33.770,1,484,false,cruisecontrol.net,2,0,null
1965,18093,18877,2008-08-20T14:24:33.770,1,484,false,nvelocity,2,0,null
706,7661,32551,2008-08-11T10:23:48.763,10,23567,false,java,6,0,null
706,7661,32551,2008-08-11T10:23:48.763,10,23567,false,google-maps,6,0,null
706,7661,32551,2008-08-11T10:23:48.763,10,23567,false,mapping,6,0,null
706,7661,32551,2008-08-11T10:23:48.763,10,23567,false,wgs84,6,0,null
383,7662,7724,2008-08-11T10:27:22.780,918,717584,false,database,23,7,null
383,7662,7724,2008-08-11T10:27:22.780,918,717584,false,database-design,23,7,null
383,7662,7724,2008-08-11T10:27:22.780,918,717584,false,language-agnostic,23,7,null
383,7662,7724,2008-08-11T10:27:22.780,918,717584,false,naming-conventions,23,7,null
287,1417,1425,2008-08-04T17:02:31.790,54,24179,false,php,2,1,null
287,1417,1425,2008-08-04T17:02:31.790,54,24179,false,apache,2,1,null
287,1417,1425,2008-08-04T17:02:31.790,54,24179,false,authentication,2,1,null
287,1417,1425,2008-08-04T17:02:31.790,54,24179,false,http-authentication,2,1,null
912,7664,7669,2008-08-11T10:38:51.570,6,11922,false,c++,3,0,null
912,7664,7669,2008-08-11T10:38:51.570,6,11922,false,windows,3,0,null
912,7664,7669,2008-08-11T10:38:51.570,6,11922,false,redirect,3,0,null
893,7665,7666,2008-08-11T10:40:41.363,267,222917,false,bash,21,0,null
893,7665,7666,2008-08-11T10:40:41.363,267,222917,false,shell,21,0,null
893,7665,7666,2008-08-11T10:40:41.363,267,222917,false,scripting,21,0,null
893,7665,7666,2008-08-11T10:40:41.363,267,222917,false,symlink,21,0,null
106,1451,1477,2008-08-04T17:46:28.207,25,4506,false,sql,5,0,null
106,1451,1477,2008-08-04T17:46:28.207,25,4506,false,permissions,5,0,null
87,31637,null,2008-08-28T03:46:30.837,2,2987,false,.net,6,0,null
87,31637,null,2008-08-28T03:46:30.837,2,2987,false,metadata,6,0,null
87,31637,null,2008-08-28T03:46:30.837,2,2987,false,decompiling,6,0,null
168,24298,741170,2008-08-23T15:27:11.647,84,56537,false,ruby-on-rails,12,0,null
168,24298,741170,2008-08-23T15:27:11.647,84,56537,false,ruby,12,0,null
168,24298,741170,2008-08-23T15:27:11.647,84,56537,false,authentication,12,0,null
2993,30188,30231,2008-08-27T14:00:18.123,6,3197,false,c#,3,0,null
2993,30188,30231,2008-08-27T14:00:18.123,6,3197,false,json,3,0,null
2993,30188,30231,2008-08-27T14:00:18.123,6,3197,false,serialization,3,0,null
2993,30188,30231,2008-08-27T14:00:18.123,6,3197,false,date,3,0,null
2993,30188,30231,2008-08-27T14:00:18.123,6,3197,false,castle-monorail,3,0,null
58,1453,1456,2008-08-04T17:51:13.003,28,2027,false,php,5,0,null
58,1453,1456,2008-08-04T17:51:13.003,28,2027,false,parameters,5,0,null
58,1453,1456,2008-08-04T17:51:13.003,28,2027,false,error-handling,5,0,null
331,1457,1468,2008-08-04T17:53:32.500,166,74361,false,ajax,8,4,null
331,1457,1468,2008-08-04T17:53:32.500,166,74361,false,url,8,4,null
331,1457,1468,2008-08-04T17:53:32.500,166,74361,false,rest,8,4,null
331,1457,1468,2008-08-04T17:53:32.500,166,74361,false,address-bar,8,4,null
137,7674,8982,2008-08-11T11:17:36.547,5,2218,false,flash,4,0,null
137,7674,8982,2008-08-11T11:17:36.547,5,2218,false,video,4,0,null
230,7676,null,2008-08-11T11:23:05.490,2,1179,false,sql-server,5,0,null
972,7681,7688,2008-08-11T11:33:01.930,10,2452,false,java,2,0,null
972,7681,7688,2008-08-11T11:33:01.930,10,2452,false,xml,2,0,null
972,7681,7688,2008-08-11T11:33:01.930,10,2452,false,string,2,0,null
972,7681,7688,2008-08-11T11:33:01.930,10,2452,false,serialization,2,0,null
972,7681,7688,2008-08-11T11:33:01.930,10,2452,false,encoding,2,0,null
3099,28526,null,2008-08-26T16:23:14.373,0,320,false,visual-studio-2008,4,0,null
3099,28526,null,2008-08-26T16:23:14.373,0,320,false,windows-vista,4,0,null
1199387,27303,27478,2008-08-26T02:40:08.017,1,3222,false,silverlight,7,0,null
1199387,27303,27478,2008-08-26T02:40:08.017,1,3222,false,data-binding,7,0,null
92,1476,13107,2008-08-04T18:20:36.487,407,340928,false,python,8,0,null
92,1476,13107,2008-08-04T18:20:36.487,407,340928,false,syntax,8,0,null
92,1476,13107,2008-08-04T18:20:36.487,407,340928,false,binary,8,0,null
92,1476,13107,2008-08-04T18:20:36.487,407,340928,false,integer,8,0,null
92,1476,13107,2008-08-04T18:20:36.487,407,340928,false,literals,8,0,null
1463,18097,18109,2008-08-20T14:26:32.910,61,23968,false,c#,7,0,null
1463,18097,18109,2008-08-20T14:26:32.910,61,23968,false,inheritance,7,0,null
1463,18097,18109,2008-08-20T14:26:32.910,61,23968,false,constructor,7,0,null
430,13470,13484,2008-08-17T02:01:56.230,4,938,false,regex,4,0,null
327,3106,3119,2008-08-06T05:36:49.770,22,7562,false,windows,5,0,null
327,3106,3119,2008-08-06T05:36:49.770,22,7562,false,visual-studio,5,0,null
327,3106,3119,2008-08-06T05:36:49.770,22,7562,false,mono,5,0,null
327,3106,3119,2008-08-06T05:36:49.770,22,7562,false,cross-platform,5,0,null
2831,41869,152695,2008-09-03T15:01:53.863,19,27552,false,sql-server,4,0,null
2831,41869,152695,2008-09-03T15:01:53.863,19,27552,false,transactions,4,0,null
2831,41869,152695,2008-09-03T15:01:53.863,19,27552,false,bulkinsert,4,0,null
608,7685,null,2008-08-11T11:43:27.230,56,95103,false,algorithm,20,2,null
608,7685,null,2008-08-11T11:43:27.230,56,95103,false,sorting,20,2,null
608,7685,null,2008-08-11T11:43:27.230,56,95103,false,linked-list,20,2,null
608,7685,null,2008-08-11T11:43:27.230,56,95103,false,mergesort,20,2,null
230,7694,27263904,2008-08-11T11:57:17.480,115,269692,false,sql-server,7,1,null
230,7694,27263904,2008-08-11T11:57:17.480,115,269692,false,msdtc,7,1,null
522,13473,13481,2008-08-17T02:13:55.533,6,16867,false,c++,7,0,null
522,13473,13481,2008-08-17T02:13:55.533,6,16867,false,c,7,0,null
522,13473,13481,2008-08-17T02:13:55.533,6,16867,false,arrays,7,0,null
522,13473,13481,2008-08-17T02:13:55.533,6,16867,false,sorting,7,0,null
null,61,null,2008-08-01T13:17:20.640,53,4525,true,mime,1,0,null
null,61,null,2008-08-01T13:17:20.640,53,4525,true,file-type,1,0,null
null,61,null,2008-08-01T13:17:20.640,53,4525,true,office-2007,1,0,null
17,66,4521,2008-08-01T13:20:46.890,89,6204,false,linq,4,0,null
17,66,4521,2008-08-01T13:20:46.890,89,6204,false,.net-3.5,4,0,null
null,41881,null,2008-09-03T15:06:48.940,3,10675,false,mysql,4,0,null
null,41881,null,2008-09-03T15:06:48.940,3,10675,false,visual-studio-2008,4,0,null
null,41881,null,2008-09-03T15:06:48.940,3,10675,false,crystal-reports,4,0,null
null,41881,null,2008-09-03T15:06:48.940,3,10675,false,odbc,4,0,null
823,41894,41904,2008-09-03T15:11:01.813,54,28851,false,java,8,0,null
572,41898,41913,2008-09-03T15:12:38.567,26,3942,false,open-source,10,0,null
572,41898,41913,2008-09-03T15:12:38.567,26,3942,false,licensing,10,0,null
730,12225,16718,2008-08-15T13:16:25.263,2,3028,false,asp.net,2,0,null
730,12225,16718,2008-08-15T13:16:25.263,2,3028,false,validation,2,0,null
730,12225,16718,2008-08-15T13:16:25.263,2,3028,false,asp.net-ajax,2,0,null
1946,16330,33604,2008-08-19T14:53:06.593,5,4426,false,asp.net-mvc,5,0,null
1948,16340,null,2008-08-19T14:55:33.173,56,53850,false,c#,12,0,null
1948,16340,null,2008-08-19T14:55:33.173,56,53850,false,hash,12,0,null
1403,28529,28537,2008-08-26T16:26:45.347,33,6710,false,asp.net,3,0,null
1403,28529,28537,2008-08-26T16:26:45.347,33,6710,false,jquery,3,0,null
1403,28529,28537,2008-08-26T16:26:45.347,33,6710,false,ajax,3,0,null
2141,28530,38903,2008-08-26T16:26:51.417,36,11677,false,open-source,10,2,null
2887,28538,28594,2008-08-26T16:30:07.960,6,4871,false,java,4,0,null
2887,28538,28594,2008-08-26T16:30:07.960,6,4871,false,import,4,0,null
2887,28538,28594,2008-08-26T16:30:07.960,6,4871,false,export,4,0,null
136,1496,1517,2008-08-04T18:51:38.543,35,9888,false,macos,13,0,null
136,1496,1517,2008-08-04T18:51:38.543,35,9888,false,vim,13,0,null
136,1496,1517,2008-08-04T18:51:38.543,35,9888,false,emacs,13,0,null
136,1496,1517,2008-08-04T18:51:38.543,35,9888,false,editor,13,0,null
27,1503,1514,2008-08-04T19:01:14.157,20,4348,false,visual-studio,1,0,null
27,1503,1514,2008-08-04T19:01:14.157,20,4348,false,unit-testing,1,0,null
27,1503,1514,2008-08-04T19:01:14.157,20,4348,false,continuous-integration,1,0,null
27,1503,1514,2008-08-04T19:01:14.157,20,4348,false,cruisecontrol.net,1,0,null
83,1505,null,2008-08-04T19:02:36.777,31,9114,false,html,1,1,null
83,1505,null,2008-08-04T19:02:36.777,31,9114,false,ios,1,1,null
83,1505,null,2008-08-04T19:02:36.777,31,9114,false,iphone,1,1,null
83,1505,null,2008-08-04T19:02:36.777,31,9114,false,favicon,1,1,null
83,1505,null,2008-08-04T19:02:36.777,31,9114,false,apple-touch-icon,1,1,null
149,1508,1525,2008-08-04T19:04:47.347,18,733,false,version-control,4,0,null
149,1508,1525,2008-08-04T19:04:47.347,18,733,false,dvcs,4,0,null
279,37296,null,2008-09-01T00:17:45.597,5,463,false,language-agnostic,1,0,null
279,37296,null,2008-09-01T00:17:45.597,5,463,false,distributed,1,0,null
279,37296,null,2008-09-01T00:17:45.597,5,463,false,machine-learning,1,0,null
279,37296,null,2008-09-01T00:17:45.597,5,463,false,p2p,1,0,null
279,37296,null,2008-09-01T00:17:45.597,5,463,false,fault-tolerance,1,0,null
null,18119,18490,2008-08-20T14:39:12.923,4,1590,false,oop,4,0,null
null,18119,18490,2008-08-20T14:39:12.923,4,1590,false,delphi,4,0,null
64,18132,null,2008-08-20T14:48:00.377,34,24420,false,nhibernate,7,0,null
64,18132,null,2008-08-20T14:48:00.377,34,24420,false,entity-framework,7,0,null
64,18132,null,2008-08-20T14:48:00.377,34,24420,false,orm,7,0,null
64,18132,null,2008-08-20T14:48:00.377,34,24420,false,ado.net,7,0,null
979,7707,881597,2008-08-11T12:18:02.150,56,68906,false,internet-explorer-8,8,3,null
979,7707,881597,2008-08-11T12:18:02.150,56,68906,false,overflow,8,3,null
979,7707,881597,2008-08-11T12:18:02.150,56,68906,false,css,8,3,null
93,1528,1556,2008-08-04T19:13:54.693,51,34163,false,c#,9,0,null
93,1528,1556,2008-08-04T19:13:54.693,51,34163,false,wpf,9,0,null
93,1528,1556,2008-08-04T19:13:54.693,51,34163,false,silverlight,9,0,null
93,1528,1556,2008-08-04T19:13:54.693,51,34163,false,polymorphism,9,0,null
93,1528,1556,2008-08-04T19:13:54.693,51,34163,false,dependency-properties,9,0,null
1834,33334,33683,2008-08-28T20:35:07.060,4,3125,false,.net,2,0,null
1834,33334,33683,2008-08-28T20:35:07.060,4,3125,false,app-config,2,0,null
1436,13485,13495,2008-08-17T02:57:46.633,24,10971,false,sql-server,5,1,null
1436,13485,13495,2008-08-17T02:57:46.633,24,10971,false,database,5,1,null
1436,13485,13495,2008-08-17T02:57:46.633,24,10971,false,synchronization,5,1,null
1436,13485,13495,2008-08-17T02:57:46.633,24,10971,false,distributed,5,1,null
25,24310,844821,2008-08-23T15:49:06.960,11,13187,false,ruby,5,0,null
25,24310,844821,2008-08-23T15:49:06.960,11,13187,false,shoes,5,0,null
25,24310,844821,2008-08-23T15:49:06.960,11,13187,false,irc,5,0,null
392,24315,null,2008-08-23T15:54:56.727,7,2796,false,c#,4,0,null
392,24315,null,2008-08-23T15:54:56.727,7,2796,false,.net,4,0,null
392,24315,null,2008-08-23T15:54:56.727,7,2796,false,file-io,4,0,null
204,18166,18287,2008-08-20T15:02:49.233,4,3614,false,php,3,0,null
204,18166,18287,2008-08-20T15:02:49.233,4,3614,false,xml,3,0,null
204,18166,18287,2008-08-20T15:02:49.233,4,3614,false,curl,3,0,null
1043,37299,37304,2008-09-01T00:18:18.263,23,18330,false,xcode,7,0,null
1043,37299,37304,2008-09-01T00:18:18.263,23,18330,false,macos,7,0,null
1043,37299,37304,2008-09-01T00:18:18.263,23,18330,false,debugbreak,7,0,null
194,7719,7840,2008-08-11T12:36:20.350,2,12745,false,c#,5,1,null
194,7719,7840,2008-08-11T12:36:20.350,2,12745,false,.net,5,1,null
194,7719,7840,2008-08-11T12:36:20.350,2,12745,false,events,5,1,null
194,7719,7840,2008-08-11T12:36:20.350,2,12745,false,windows-mobile,5,1,null
412,27345,27352,2008-08-26T03:23:34.170,6,14033,false,php,2,0,null
412,27345,27352,2008-08-26T03:23:34.170,6,14033,false,mamp,2,0,null
163,27359,27371,2008-08-26T03:37:53.463,9,9231,false,bash,6,0,null
163,27359,27371,2008-08-26T03:37:53.463,9,9231,false,backup,6,0,null
163,27359,27371,2008-08-26T03:37:53.463,9,9231,false,system-administration,6,0,null
163,27359,27371,2008-08-26T03:37:53.463,9,9231,false,rsync,6,0,null
445,33338,null,2008-08-28T20:36:14.700,2,11387,false,visual-studio,6,0,null
877,33341,33365,2008-08-28T20:37:19.067,8,16948,false,asp.net,8,0,null
877,33341,33365,2008-08-28T20:37:19.067,8,16948,false,radio-button,8,0,null
877,33341,33365,2008-08-28T20:37:19.067,8,16948,false,radiobuttonlist,8,0,null
27687,13498,13505,2008-08-17T03:25:36.607,8,4014,false,windows,4,0,null
27687,13498,13505,2008-08-17T03:25:36.607,8,4014,false,outlook,4,0,null
27687,13498,13505,2008-08-17T03:25:36.607,8,4014,false,synchronization,4,0,null
27687,13498,13505,2008-08-17T03:25:36.607,8,4014,false,reminders,4,0,null
998,7720,149971,2008-08-11T12:37:50.503,40,15642,false,java,18,1,null
998,7720,149971,2008-08-11T12:37:50.503,40,15642,false,windows,18,1,null
998,7720,149971,2008-08-11T12:37:50.503,40,15642,false,swt,18,1,null
998,7720,149971,2008-08-11T12:37:50.503,40,15642,false,executable,18,1,null
998,7720,149971,2008-08-11T12:37:50.503,40,15642,false,software-distribution,18,1,null
137,7726,null,2008-08-11T12:40:01.140,3,960,false,flash,3,0,null
137,7726,null,2008-08-11T12:40:01.140,3,960,false,video,3,0,null
2908,27381,27391,2008-08-26T03:52:06.723,7,2084,false,html,15,0,null
2908,27381,27391,2008-08-26T03:52:06.723,7,2084,false,css,15,0,null
2908,27381,27391,2008-08-26T03:52:06.723,7,2084,false,browser,15,0,null
2908,27381,27391,2008-08-26T03:52:06.723,7,2084,false,usability,15,0,null
2429,39357,40819,2008-09-02T12:12:03.080,5,1573,false,windows-vista,1,0,null
2429,39357,40819,2008-09-02T12:12:03.080,5,1573,false,virtual-pc,1,0,null
332,1535,2047,2008-08-04T19:21:48.530,40,2780,false,c#,4,2,null
332,1535,2047,2008-08-04T19:21:48.530,40,2780,false,exception,4,2,null
332,1535,2047,2008-08-04T19:21:48.530,40,2780,false,error-handling,4,2,null
1940,16363,16390,2008-08-19T15:09:30.663,13,3925,false,visual-studio,5,0,null
1940,16363,16390,2008-08-19T15:09:30.663,13,3925,false,debugging,5,0,null
3111,41908,42145,2008-09-03T15:15:24.753,16,3547,false,c#,12,0,null
3111,41908,42145,2008-09-03T15:15:24.753,16,3547,false,asp.net,12,0,null
3111,41908,42145,2008-09-03T15:15:24.753,16,3547,false,winforms,12,0,null
3111,41908,42145,2008-09-03T15:15:24.753,16,3547,false,visual-studio,12,0,null
2915,33347,33502,2008-08-28T20:39:52.290,18,8474,false,javascript,5,0,null
2915,33347,33502,2008-08-28T20:39:52.290,18,8474,false,ajax,5,0,null
2915,33347,33502,2008-08-28T20:39:52.290,18,8474,false,svg,5,0,null
1533,33349,null,2008-08-28T20:44:06.943,0,2500,false,sharepoint,2,0,null
1533,33349,null,2008-08-28T20:44:06.943,0,2500,false,moss,2,0,null
1533,33349,null,2008-08-28T20:44:06.943,0,2500,false,workflow,2,0,null
1533,33349,null,2008-08-28T20:44:06.943,0,2500,false,sharepoint-designer,2,0,null
1124,18167,null,2008-08-20T15:03:26.597,5,7007,false,asp.net,4,0,null
1124,18167,null,2008-08-20T15:03:26.597,5,7007,false,sql-server,4,0,null
2144,18172,19606,2008-08-20T15:04:20.930,15,5001,false,windows,8,0,null
2144,18172,19606,2008-08-20T15:04:20.930,15,5001,false,vb6,8,0,null
2144,18172,19606,2008-08-20T15:04:20.930,15,5001,false,network-programming,8,0,null
2144,18172,19606,2008-08-20T15:04:20.930,15,5001,false,wireless,8,0,null
2144,18172,19606,2008-08-20T15:04:20.930,15,5001,false,intermittent,8,0,null
1390,31672,67624,2008-08-28T04:36:25.570,80,15766,false,fortran,10,3,null
1455,13518,13521,2008-08-17T04:58:38.510,2,1744,false,firefox,4,1,null
1455,13518,13521,2008-08-17T04:58:38.510,2,1744,false,browser,4,1,null
1455,13518,13521,2008-08-17T04:58:38.510,2,1744,false,synchronization,4,1,null
1463,13524,null,2008-08-17T05:57:59.653,3,5119,false,c#,1,2,null
1463,13524,null,2008-08-17T05:57:59.653,3,5119,false,asp.net,1,2,null
1463,13524,null,2008-08-17T05:57:59.653,3,5119,false,gridview,1,2,null
514,33386,null,2008-08-28T21:00:24.517,7,3907,false,debugging,9,0,null
514,33386,null,2008-08-28T21:00:24.517,7,3907,false,embedded,9,0,null
1194,33390,33405,2008-08-28T21:02:15.903,3,848,false,linq-to-sql,2,0,null
1194,33390,33405,2008-08-28T21:02:15.903,3,848,false,.net-3.5,2,0,null
1007,7737,7950,2008-08-11T12:50:43.787,7,18947,false,windows,8,0,null
1007,7737,7950,2008-08-11T12:50:43.787,7,18947,false,opengl,8,0,null
1007,7737,7950,2008-08-11T12:50:43.787,7,18947,false,unicode,8,0,null
83,33395,null,2008-08-28T21:04:01.793,1,3549,false,asp.net,3,0,null
83,33395,null,2008-08-28T21:04:01.793,1,3549,false,forms-authentication,3,0,null
83,33395,null,2008-08-28T21:04:01.793,1,3549,false,sitemap,3,0,null
1344,21229,21414,2008-08-21T21:28:20.123,1,1329,false,c#,3,0,null
1344,21229,21414,2008-08-21T21:28:20.123,1,1329,false,asp.net,3,0,null
1344,21229,21414,2008-08-21T21:28:20.123,1,1329,false,visual-web-developer,3,0,null
1344,21229,21414,2008-08-21T21:28:20.123,1,1329,false,server-configuration,3,0,null
83,21232,null,2008-08-21T21:30:21.947,2,1201,false,vb.net,2,0,null
83,21232,null,2008-08-21T21:30:21.947,2,1201,false,collections,2,0,null
83,21232,null,2008-08-21T21:30:21.947,2,1201,false,paging,2,0,null
3314,33403,null,2008-08-28T21:06:57.903,9,1537,true,.net,10,1,null
3314,33403,null,2008-08-28T21:06:57.903,9,1537,true,performance,10,1,null
3314,33403,null,2008-08-28T21:06:57.903,9,1537,true,generics,10,1,null
3314,33403,null,2008-08-28T21:06:57.903,9,1537,true,list,10,1,null
3314,33403,null,2008-08-28T21:06:57.903,9,1537,true,memory,10,1,null
1154,22577,22637,2008-08-22T14:55:59.327,-3,1152,false,search,4,1,null
1154,22577,22637,2008-08-22T14:55:59.327,-3,1152,false,safari,4,1,null
1214,33409,33425,2008-08-28T21:09:00.143,214,553092,false,sql-server,17,1,null
1214,33409,33425,2008-08-28T21:09:00.143,214,553092,false,sql-server-2005,17,1,null
1214,33409,33425,2008-08-28T21:09:00.143,214,553092,false,sqldatatypes,17,1,null
1214,33409,33425,2008-08-28T21:09:00.143,214,553092,false,notnull,17,1,null
1214,33409,33425,2008-08-28T21:09:00.143,214,553092,false,emptydatatext,17,1,null
1310,33412,1088009,2008-08-28T21:09:30.707,77,193206,false,java,10,0,null
1310,33412,1088009,2008-08-28T21:09:30.707,77,193206,false,security,10,0,null
1310,33412,1088009,2008-08-28T21:09:30.707,77,193206,false,cookies,10,0,null
1310,33412,1088009,2008-08-28T21:09:30.707,77,193206,false,xss,10,0,null
1310,33412,1088009,2008-08-28T21:09:30.707,77,193206,false,httponly,10,0,null
1228206,30209,30221,2008-08-27T14:06:35.410,0,502,false,tfs,1,0,null
1228206,30209,30221,2008-08-27T14:06:35.410,0,502,false,msbuild,1,0,null
1414,30211,30473,2008-08-27T14:06:52.133,62,111572,false,windows,6,4,null
1414,30211,30473,2008-08-27T14:06:52.133,62,111572,false,vbscript,6,4,null
1414,30211,30473,2008-08-27T14:06:52.133,62,111572,false,batch-file,6,4,null
1414,30211,30473,2008-08-27T14:06:52.133,62,111572,false,zip,6,4,null
1414,30211,30473,2008-08-27T14:06:52.133,62,111572,false,scripting,6,4,null
1771,15040,15683,2008-08-18T18:26:53.603,6,2188,false,ubuntu,5,0,null
1771,15040,15683,2008-08-18T18:26:53.603,6,2188,false,vmware,5,0,null
1771,15040,15683,2008-08-18T18:26:53.603,6,2188,false,lamp,5,0,null
1478,19401,null,2008-08-21T06:14:17.857,1,438,false,windows,1,0,null
1478,19401,null,2008-08-21T06:14:17.857,1,438,false,menu,1,0,null
1478,19401,null,2008-08-21T06:14:17.857,1,438,false,trayicon,1,0,null
61,19409,19453,2008-08-21T06:20:08.233,8,9310,false,gnu-assembler,6,1,null
61,19409,19453,2008-08-21T06:20:08.233,8,9310,false,assembly,6,1,null
2147,18194,18211,2008-08-20T15:14:13.247,4,13250,false,sql,9,0,null
2147,18194,18211,2008-08-20T15:14:13.247,4,13250,false,sql-server,9,0,null
2147,18194,18211,2008-08-20T15:14:13.247,4,13250,false,database,9,0,null
770,18197,18263,2008-08-20T15:15:06.333,12,1242,false,user-interface,11,0,null
770,18197,18263,2008-08-20T15:15:06.333,12,1242,false,testing,11,0,null
770,18197,18263,2008-08-20T15:15:06.333,12,1242,false,usability,11,0,null
1212,12243,12247,2008-08-15T13:30:42.690,10,2596,false,architecture,6,0,null
1212,12243,12247,2008-08-15T13:30:42.690,10,2596,false,module,6,0,null
1212,12243,12247,2008-08-15T13:30:42.690,10,2596,false,namespaces,6,0,null
1212,12243,12247,2008-08-15T13:30:42.690,10,2596,false,legacy,6,0,null
71,18216,18239,2008-08-20T15:23:02.400,2,950,false,sql,5,0,null
71,18216,18239,2008-08-20T15:23:02.400,2,950,false,database-design,5,0,null
71,18216,18239,2008-08-20T15:23:02.400,2,950,false,stored-procedures,5,0,null
741,18223,18229,2008-08-20T15:26:06.853,3,11789,false,sql-server,4,0,null
1946,18224,18231,2008-08-20T15:26:28.973,6,519,false,.net,8,0,null
1946,18224,18231,2008-08-20T15:26:28.973,6,519,false,windows,8,0,null
1946,18224,18231,2008-08-20T15:26:28.973,6,519,false,deployment,8,0,null
1946,18224,18231,2008-08-20T15:26:28.973,6,519,false,iis-6,8,0,null
383,4610,4615,2008-08-07T12:00:50.540,20,11030,false,c#,4,0,null
383,4610,4615,2008-08-07T12:00:50.540,20,11030,false,.net,4,0,null
608,4612,29283,2008-08-07T12:01:14.503,20,3326,false,c#,2,0,null
608,4612,29283,2008-08-07T12:01:14.503,20,3326,false,performance,2,0,null
608,4612,29283,2008-08-07T12:01:14.503,20,3326,false,compiler-construction,2,0,null
null,18250,null,2008-08-20T15:40:53.167,0,227,false,date,4,0,null
null,18250,null,2008-08-20T15:40:53.167,0,227,false,executable,4,0,null
2150,18253,23076,2008-08-20T15:43:55.187,9,4166,false,windows,2,0,null
2150,18253,23076,2008-08-20T15:43:55.187,9,4166,false,unit-testing,2,0,null
2150,18253,23076,2008-08-20T15:43:55.187,9,4166,false,kernel,2,0,null
2150,18253,23076,2008-08-20T15:43:55.187,9,4166,false,drivers,2,0,null
2121,25519,25529,2008-08-25T01:00:50.370,7,1238,false,asp.net,1,0,null
2121,25519,25529,2008-08-25T01:00:50.370,7,1238,false,html,1,0,null
2121,25519,25529,2008-08-25T01:00:50.370,7,1238,false,vb.net,1,0,null
25,72,null,2008-08-01T13:38:27.133,48,2172,false,ruby,2,1,null
25,72,null,2008-08-01T13:38:27.133,48,2172,false,rdoc,2,1,null
609,27405,null,2008-08-26T04:19:59.853,2,2521,false,c,9,0,null
609,27405,null,2008-08-26T04:19:59.853,2,2521,false,microcontroller,9,0,null
1918,27407,null,2008-08-26T04:22:21.313,12,28083,false,windows,5,0,null
1918,27407,null,2008-08-26T04:22:21.313,12,28083,false,operating-system,5,0,null
473,19412,19419,2008-08-21T06:28:49.927,609,587341,false,sql,32,6,null
473,19412,19419,2008-08-21T06:28:49.927,609,587341,false,random,32,6,null
2486,30222,30229,2008-08-27T14:10:49.720,134,461962,false,sql,16,0,null
2486,30222,30229,2008-08-27T14:10:49.720,134,461962,false,sql-server,16,0,null
2486,30222,30229,2008-08-27T14:10:49.720,134,461962,false,database,16,0,null
2486,30222,30229,2008-08-27T14:10:49.720,134,461962,false,t-sql,16,0,null
3191,37306,37371,2008-09-01T00:32:32.397,2,385,false,.net,4,0,null
3191,37306,37371,2008-09-01T00:32:32.397,2,385,false,winforms,4,0,null
3191,37306,37371,2008-09-01T00:32:32.397,2,385,false,user-interface,4,0,null
3191,37306,37371,2008-09-01T00:32:32.397,2,385,false,layout,4,0,null
3191,37306,37371,2008-09-01T00:32:32.397,2,385,false,fonts,4,0,null
616,28542,null,2008-08-26T16:31:25.943,5,1571,false,c,11,0,null
616,28542,null,2008-08-26T16:31:25.943,5,1571,false,gcc,11,0,null
616,28542,null,2008-08-26T16:31:25.943,5,1571,false,arm,11,0,null
616,28542,null,2008-08-26T16:31:25.943,5,1571,false,assembly,11,0,null
1432,22590,22653,2008-08-22T15:02:06.630,5,755,false,asp.net,4,0,null
1432,22590,22653,2008-08-22T15:02:06.630,5,755,false,iis-6,4,0,null
1432,22590,22653,2008-08-22T15:02:06.630,5,755,false,windows-server-2003,4,0,null
1432,22590,22653,2008-08-22T15:02:06.630,5,755,false,cluster-computing,4,0,null
1432,22590,22653,2008-08-22T15:02:06.630,5,755,false,failover,4,0,null
319,39364,39387,2008-09-02T12:16:50.977,2,37729,false,php,6,0,null
319,39364,39387,2008-09-02T12:16:50.977,2,37729,false,zend-framework,6,0,null
2462,30230,32358,2008-08-27T14:12:30.717,3,22393,false,asp.net,9,0,null
954,18265,18406,2008-08-20T15:50:52.283,7,10001,false,linux,4,0,null
954,18265,18406,2008-08-20T15:50:52.283,7,10001,false,unix,4,0,null
954,18265,18406,2008-08-20T15:50:52.283,7,10001,false,stack-trace,4,0,null
954,18265,18406,2008-08-20T15:50:52.283,7,10001,false,segmentation-fault,4,0,null
770,18272,18336,2008-08-20T15:58:40.783,2,2248,false,sql-server,2,0,null
770,18272,18336,2008-08-20T15:58:40.783,2,2248,false,extended-properties,2,0,null
1448,27435,27440,2008-08-26T05:05:35.610,135,74206,false,mysql,10,0,null
1448,27435,27440,2008-08-26T05:05:35.610,135,74206,false,postgresql,10,0,null
93,7758,8461,2008-08-11T13:09:08.693,2,4490,false,.net,7,0,null
93,7758,8461,2008-08-11T13:09:08.693,2,4490,false,wpf,7,0,null
93,7758,8461,2008-08-11T13:09:08.693,2,4490,false,silverlight,7,0,null
93,7758,8461,2008-08-11T13:09:08.693,2,4490,false,xaml,7,0,null
93,7758,8461,2008-08-11T13:09:08.693,2,4490,false,binding,7,0,null
219,3112,3134,2008-08-06T05:56:00.933,28,14585,false,perl,6,1,null
219,3112,3134,2008-08-06T05:56:00.933,28,14585,false,arrays,6,1,null
219,3112,3134,2008-08-06T05:56:00.933,28,14585,false,reference,6,1,null
219,3112,3134,2008-08-06T05:56:00.933,28,14585,false,scalar,6,1,null
2274,33438,33516,2008-08-28T21:24:19.780,8,8086,false,java,3,0,null
2274,33438,33516,2008-08-28T21:24:19.780,8,8086,false,database,3,0,null
2274,33438,33516,2008-08-28T21:24:19.780,8,8086,false,hibernate,3,0,null
2274,33438,33516,2008-08-28T21:24:19.780,8,8086,false,text-files,3,0,null
1632,27442,27448,2008-08-26T05:20:41.393,5,2094,false,mysql,7,0,null
1632,27442,27448,2008-08-26T05:20:41.393,5,2094,false,ruby-on-rails,7,0,null
1632,27442,27448,2008-08-26T05:20:41.393,5,2094,false,ruby,7,0,null
1632,27442,27448,2008-08-26T05:20:41.393,5,2094,false,database,7,0,null
1632,27442,27448,2008-08-26T05:20:41.393,5,2094,false,rake,7,0,null
1874,33449,30211736,2008-08-28T21:29:35.353,39,96677,false,sql-server,9,1,null
1874,33449,30211736,2008-08-28T21:29:35.353,39,96677,false,web-services,9,1,null
1874,33449,30211736,2008-08-28T21:29:35.353,39,96677,false,t-sql,9,1,null
40,1584,44389,2008-08-04T21:04:06.407,21,3502,false,windows,8,0,null
40,1584,44389,2008-08-04T21:04:06.407,21,3502,false,iis,8,0,null
40,1584,44389,2008-08-04T21:04:06.407,21,3502,false,shell,8,0,null
40,1584,44389,2008-08-04T21:04:06.407,21,3502,false,command-line,8,0,null
40,1584,44389,2008-08-04T21:04:06.407,21,3502,false,terminal,8,0,null
484,21243,21434,2008-08-21T21:38:43.190,0,285,false,facebook,1,1,null
1692,21262,21270,2008-08-21T21:46:07.413,3,6931,false,sql-server,1,0,null
1692,21262,21270,2008-08-21T21:46:07.413,3,6931,false,sql-server-2005,1,0,null
1692,21262,21270,2008-08-21T21:46:07.413,3,6931,false,entity-relationship,1,0,null
2328,21265,21277,2008-08-21T21:47:24.230,9,5877,false,variables,15,1,null
2328,21265,21277,2008-08-21T21:47:24.230,9,5877,false,floating-point,15,1,null
2328,21265,21277,2008-08-21T21:47:24.230,9,5877,false,inequality,15,1,null
1429,18284,18307,2008-08-20T16:08:43.100,10,8036,false,language-agnostic,3,0,null
1429,18284,18307,2008-08-20T16:08:43.100,10,8036,false,web-applications,3,0,null
1429,18284,18307,2008-08-20T16:08:43.100,10,8036,false,resources,3,0,null
1450,18290,18344,2008-08-20T16:12:46.850,51,22956,false,ruby-on-rails,6,0,null
1450,18290,18344,2008-08-20T16:12:46.850,51,22956,false,security,6,0,null
1450,18290,18344,2008-08-20T16:12:46.850,51,22956,false,deployment,6,0,null
2199,33457,33742,2008-08-28T21:36:43.637,0,6879,false,sql-server,4,0,null
2199,33457,33742,2008-08-28T21:36:43.637,0,6879,false,smo,4,0,null
2214,33459,33519,2008-08-28T21:37:13.697,8,34157,false,html,4,0,null
2214,33459,33519,2008-08-28T21:37:13.697,8,34157,false,flash,4,0,null
327,27455,27459,2008-08-26T05:36:17.407,10,9909,false,c#,2,1,null
327,27455,27459,2008-08-26T05:36:17.407,10,9909,false,.net,2,1,null
327,27455,27459,2008-08-26T05:36:17.407,10,9909,false,linux,2,1,null
327,27455,27459,2008-08-26T05:36:17.407,10,9909,false,printing,2,1,null
327,27455,27459,2008-08-26T05:36:17.407,10,9909,false,mono,2,1,null
489,27472,27473,2008-08-26T06:06:06.557,29,40230,false,sql-server,2,0,null
489,27472,27473,2008-08-26T06:06:06.557,29,40230,false,database,2,0,null
489,27472,27473,2008-08-26T06:06:06.557,29,40230,false,timeout,2,0,null
1407,27474,27491,2008-08-26T06:10:01.367,18,51166,false,validation,7,0,null
1407,27474,27491,2008-08-26T06:10:01.367,18,51166,false,email,7,0,null
1461,18291,18516,2008-08-20T16:12:50.703,60,28591,false,delphi,9,0,null
1461,18291,18516,2008-08-20T16:12:50.703,60,28591,false,unit-testing,9,0,null
1461,18291,18516,2008-08-20T16:12:50.703,60,28591,false,delphi-7,9,0,null
1461,18291,18516,2008-08-20T16:12:50.703,60,28591,false,delphi-2006,9,0,null
1946,18292,18370,2008-08-20T16:13:39.937,76,109634,false,windows,7,6,null
1946,18292,18370,2008-08-20T16:13:39.937,76,109634,false,deployment,7,6,null
1946,18292,18370,2008-08-20T16:13:39.937,76,109634,false,ssh,7,6,null
1946,18292,18370,2008-08-20T16:13:39.937,76,109634,false,winscp,7,6,null
26,18298,18322,2008-08-20T16:15:55.953,1,5923,false,apache-flex,2,0,null
26,18298,18322,2008-08-20T16:15:55.953,1,5923,false,air,2,0,null
null,33465,null,2008-08-28T21:40:01.660,1,441,false,php,5,0,null
null,33465,null,2008-08-28T21:40:01.660,1,441,false,email,5,0,null
1212,33469,33795,2008-08-28T21:43:16.163,17,4681,false,asp.net,3,0,null
1212,33469,33795,2008-08-28T21:43:16.163,17,4681,false,caching,3,0,null
1806,33471,164940,2008-08-28T21:44:08.593,4,1616,false,svn,6,0,null
1806,33471,164940,2008-08-28T21:44:08.593,4,1616,false,command-line,6,0,null
1806,33471,164940,2008-08-28T21:44:08.593,4,1616,false,merge,6,0,null
1806,33471,164940,2008-08-28T21:44:08.593,4,1616,false,conflict,6,0,null
335696,36114,36246,2008-08-30T16:43:28.943,0,344,false,c++,4,0,null
1597,43194,43304,2008-09-04T04:56:39.443,7,1580,false,c++,5,0,null
1597,43194,43304,2008-09-04T04:56:39.443,7,1580,false,visual-studio,5,0,null
1597,43194,43304,2008-09-04T04:56:39.443,7,1580,false,gcc,5,0,null
1597,43194,43304,2008-09-04T04:56:39.443,7,1580,false,linker,5,0,null
709,43196,43369,2008-09-04T04:56:52.873,2,5131,false,virtual-pc,4,1,null
709,43196,43369,2008-09-04T04:56:52.873,2,5131,false,hyper-v,4,1,null
4287,43199,47149,2008-09-04T05:00:49.183,5,1134,false,java,2,0,null
4287,43199,47149,2008-09-04T05:00:49.183,5,1134,false,internationalization,2,0,null
4287,43199,47149,2008-09-04T05:00:49.183,5,1134,false,tapestry,2,0,null
56,6373,6424,2008-08-08T20:53:21.393,23,1793,false,javascript,5,0,null
326,6378,8431,2008-08-08T20:58:11.103,5,772,false,outlook,2,0,null
326,6378,8431,2008-08-08T20:58:11.103,5,772,false,gmail,2,0,null
326,6378,8431,2008-08-08T20:58:11.103,5,772,false,icalendar,2,0,null
326,6378,8431,2008-08-08T20:58:11.103,5,772,false,recurrence,2,0,null
1013,7773,7777,2008-08-11T13:24:19.037,34,128913,false,asp.net,7,0,null
1013,7773,7777,2008-08-11T13:24:19.037,34,128913,false,javascript,7,0,null
2098,34488,34500,2008-08-29T15:48:23.390,35,14711,false,sql,6,0,null
2098,34488,34500,2008-08-29T15:48:23.390,35,14711,false,mysql,6,0,null
2098,34488,34500,2008-08-29T15:48:23.390,35,14711,false,database,6,0,null
3624,34490,34514,2008-08-29T15:49:08.113,165,93272,false,ruby,4,1,null
3624,34490,34514,2008-08-29T15:49:08.113,165,93272,false,hash,4,1,null
3624,34490,34514,2008-08-29T15:49:08.113,165,93272,false,sha1,4,1,null
2230,34493,34719,2008-08-29T15:49:25.307,5,2527,false,excel,5,1,null
2230,34493,34719,2008-08-29T15:49:25.307,5,2527,false,vba,5,1,null
2450,27482,27548,2008-08-26T06:24:16.763,17,9691,false,pdf,5,1,null
2450,27482,27548,2008-08-26T06:24:16.763,17,9691,false,latex,5,1,null
2450,27482,27548,2008-08-26T06:24:16.763,17,9691,false,comments,5,1,null
2450,27482,27548,2008-08-26T06:24:16.763,17,9691,false,rights-management,5,1,null
2450,27482,27548,2008-08-26T06:24:16.763,17,9691,false,texnic-center,5,1,null
791,7779,28154,2008-08-11T13:30:21.850,11,3752,false,java,6,0,null
791,7779,28154,2008-08-11T13:30:21.850,11,3752,false,eclipse,6,0,null
791,7779,28154,2008-08-11T13:30:21.850,11,3752,false,rcp,6,0,null
791,7779,28154,2008-08-11T13:30:21.850,11,3752,false,myeclipse,6,0,null
1219,41925,41982,2008-09-03T15:22:33.863,103,65055,false,database,18,1,null
742,33475,33486,2008-08-28T21:48:09.363,2,3839,false,python,2,0,null
742,33475,33486,2008-08-28T21:48:09.363,2,3839,false,ssh,2,0,null
1432,33476,34454,2008-08-28T21:48:57.053,19,11043,false,java,4,1,null
1432,33476,34454,2008-08-28T21:48:57.053,19,11043,false,jsf,4,1,null
1432,33476,34454,2008-08-28T21:48:57.053,19,11043,false,jakarta-ee,4,1,null
1432,33476,34454,2008-08-28T21:48:57.053,19,11043,false,custom-component,4,1,null
2362,24408,24841,2008-08-23T17:24:48.760,3,350,false,file,3,0,null
2362,24408,24841,2008-08-23T17:24:48.760,3,350,false,http,3,0,null
2362,24408,24841,2008-08-23T17:24:48.760,3,350,false,webdav,3,0,null
2621,24414,25826,2008-08-23T17:30:23.020,1,858,false,internet-explorer,1,0,null
2621,24414,25826,2008-08-23T17:30:23.020,1,858,false,windows-mobile,1,0,null
2621,24414,25826,2008-08-23T17:30:23.020,1,858,false,key-events,1,0,null
223,33478,35561,2008-08-28T21:49:51.327,0,2521,false,asp.net,7,1,null
223,33478,35561,2008-08-28T21:49:51.327,0,2521,false,controls,7,1,null
459,33484,33981,2008-08-28T21:51:40.480,3,691,false,translation,2,0,null
459,33484,33981,2008-08-28T21:51:40.480,3,691,false,freebase,2,0,null
223,33485,34080,2008-08-28T21:51:58.870,22,29927,false,asp.net,11,1,null
223,33485,34080,2008-08-28T21:51:58.870,22,29927,false,silverlight,11,1,null
392,34505,34541,2008-08-29T15:54:15.870,26,9723,false,c#,6,0,null
392,34505,34541,2008-08-29T15:54:15.870,26,9723,false,.net,6,0,null
3373,34506,35201,2008-08-29T15:54:46.167,12,6886,false,c++,5,0,null
3373,34506,35201,2008-08-29T15:54:46.167,12,6886,false,virtual-functions,5,0,null
2450,27492,27501,2008-08-26T06:50:32.550,8,6989,false,c++,8,6,null
2450,27492,27501,2008-08-26T06:50:32.550,8,6989,false,memory,8,6,null
2450,27492,27501,2008-08-26T06:50:32.550,8,6989,false,pointers,8,6,null
2141,24439,24687,2008-08-23T17:54:12.260,3,220,false,internet-explorer,1,0,null
2141,24439,24687,2008-08-23T17:54:12.260,3,220,false,bookmarks,1,0,null
2141,24439,24687,2008-08-23T17:54:12.260,3,220,false,favorites,1,0,null
437,10564,773973,2008-08-14T01:43:04.270,655,428890,false,windows,37,6,null
437,10564,773973,2008-08-14T01:43:04.270,655,428890,false,git,37,6,null
437,10564,773973,2008-08-14T01:43:04.270,655,428890,false,cygwin,37,6,null
437,10564,773973,2008-08-14T01:43:04.270,655,428890,false,editor,37,6,null
459,33495,33855,2008-08-28T21:57:24.193,3,412,false,berkeley-db,1,0,null
459,33495,33855,2008-08-28T21:57:24.193,3,412,false,berkeley-db-xml,1,0,null
3474,33497,33564,2008-08-28T21:57:40.480,4,3296,false,c#,9,0,null
3474,33497,33564,2008-08-28T21:57:40.480,4,3296,false,java,9,0,null
3474,33497,33564,2008-08-28T21:57:40.480,4,3296,false,api,9,0,null
3474,33497,33564,2008-08-28T21:57:40.480,4,3296,false,exception,9,0,null
116,27499,27541,2008-08-26T07:04:21.657,49,37471,false,database,15,3,null
116,27499,27541,2008-08-26T07:04:21.657,49,37471,false,deadlock,15,3,null
116,27499,27541,2008-08-26T07:04:21.657,49,37471,false,terminology,15,3,null
797,27509,416327,2008-08-26T07:25:08.083,3218,1496816,false,javascript,49,2,null
797,27509,416327,2008-08-26T07:25:08.083,3218,1496816,false,object,49,2,null
797,27509,416327,2008-08-26T07:25:08.083,3218,1496816,false,undefined,49,2,null
797,27509,416327,2008-08-26T07:25:08.083,3218,1496816,false,object-property,49,2,null
83,1598,3490980,2008-08-04T21:17:51.150,73,52507,false,iphone,7,3,null
83,1598,3490980,2008-08-04T21:17:51.150,73,52507,false,favicon,7,3,null
83,1598,3490980,2008-08-04T21:17:51.150,73,52507,false,apple-touch-icon,7,3,null
230,1600,1793,2008-08-04T21:27:53.003,28,4334,false,sql-server,5,0,null
230,1600,1793,2008-08-04T21:27:53.003,28,4334,false,sql-server-2008,5,0,null
72,1607,1666,2008-08-04T21:31:40.390,139,44917,false,php,20,0,null
72,1607,1666,2008-08-04T21:31:40.390,139,44917,false,mysql,20,0,null
72,1607,1666,2008-08-04T21:31:40.390,139,44917,false,database,20,0,null
72,1607,1666,2008-08-04T21:31:40.390,139,44917,false,svn,20,0,null
72,1607,1666,2008-08-04T21:31:40.390,139,44917,false,migration,20,0,null
122,6392,6496,2008-08-08T21:24:01.490,34,45722,false,java,5,0,null
122,6392,6496,2008-08-08T21:24:01.490,34,45722,false,linux,5,0,null
122,6392,6496,2008-08-08T21:24:01.490,34,45722,false,timezone,5,0,null
85,27532,27536,2008-08-26T07:57:06.773,33,50969,false,java,5,0,null
85,27532,27536,2008-08-26T07:57:06.773,33,50969,false,colors,5,0,null
85,27532,27536,2008-08-26T07:57:06.773,33,50969,false,rgb,5,0,null
85,27532,27536,2008-08-26T07:57:06.773,33,50969,false,gradient,5,0,null
1865,27535,33940,2008-08-26T07:59:57.827,1,567,false,asp.net,3,0,null
328,1610,1621,2008-08-04T21:37:31.720,105,93027,false,sql-server,9,5,null
25,1615,1628,2008-08-04T21:42:37.933,17,7918,false,ruby,3,0,null
25,1615,1628,2008-08-04T21:42:37.933,17,7918,false,language-agnostic,3,0,null
25,1615,1628,2008-08-04T21:42:37.933,17,7918,false,xfdl,3,0,null
2514,31673,null,2008-08-28T04:38:15.657,-1,2867,false,wifi,2,0,null
2514,31673,null,2008-08-28T04:38:15.657,-1,2867,false,windows-xp,2,0,null
2644,31693,31929,2008-08-28T05:08:06.663,203,60668,false,c#,13,0,null
2644,31693,31929,2008-08-28T05:08:06.663,203,60668,false,java,13,0,null
2644,31693,31929,2008-08-28T05:08:06.663,203,60668,false,c++,13,0,null
2644,31693,31929,2008-08-28T05:08:06.663,203,60668,false,generics,13,0,null
2644,31693,31929,2008-08-28T05:08:06.663,203,60668,false,templates,13,0,null
1455,40107,null,2008-09-02T17:32:15.103,6,1261,false,c#,5,1,null
1455,40107,null,2008-09-02T17:32:15.103,6,1261,false,reflection,5,1,null
1455,40107,null,2008-09-02T17:32:15.103,6,1261,false,enums,5,1,null
1455,40107,null,2008-09-02T17:32:15.103,6,1261,false,attributes,5,1,null
685,40112,41036,2008-09-02T17:34:34.163,6,58398,false,ms-access,7,0,null
685,40112,41036,2008-09-02T17:34:34.163,6,58398,false,image,7,0,null
83,40116,null,2008-09-02T17:36:16.263,19,113165,false,asp.net,5,1,null
83,40116,null,2008-09-02T17:36:16.263,19,113165,false,ajax,5,1,null
83,40116,null,2008-09-02T17:36:16.263,19,113165,false,.net-3.5,5,1,null
2936,27559,null,2008-08-26T08:31:18.610,1,305,false,vb.net,2,0,null
2936,27559,null,2008-08-26T08:31:18.610,1,305,false,templates,2,0,null
2936,27559,null,2008-08-26T08:31:18.610,1,305,false,file,2,0,null
2936,27559,null,2008-08-26T08:31:18.610,1,305,false,resharper,2,0,null
1190,10580,10587,2008-08-14T02:10:53.873,107,121655,true,binding,8,3,null
1190,10580,10587,2008-08-14T02:10:53.873,107,121655,true,dynamic-binding,8,3,null
1190,10580,10587,2008-08-14T02:10:53.873,107,121655,true,static-binding,8,3,null
2785,31701,34140,2008-08-28T05:17:19.730,4,603,false,javascript,2,0,null
2785,31701,34140,2008-08-28T05:17:19.730,4,603,false,virtual-earth,2,0,null
202,31708,31710,2008-08-28T05:21:26.943,17,54449,false,c#,5,1,null
202,31708,31710,2008-08-28T05:21:26.943,17,54449,false,linq,5,1,null
202,31708,31710,2008-08-28T05:21:26.943,17,54449,false,generics,5,1,null
202,31708,31710,2008-08-28T05:21:26.943,17,54449,false,listview,5,1,null
2785,31711,31788,2008-08-28T05:23:30.120,3,414,false,javascript,1,0,null
2785,31711,31788,2008-08-28T05:23:30.120,3,414,false,virtual-earth,1,0,null
3677,36122,177740,2008-08-30T16:45:44.633,2,460,false,algorithm,4,0,null
3677,36122,177740,2008-08-30T16:45:44.633,2,460,false,string,4,0,null
3677,36122,177740,2008-08-30T16:45:44.633,2,460,false,optimization,4,0,null
3153,36127,38474,2008-08-30T16:51:03.730,12,3014,false,visual-studio,7,0,null
3153,36127,38474,2008-08-30T16:51:03.730,12,3014,false,visual-c++,7,0,null
3153,36127,38474,2008-08-30T16:51:03.730,12,3014,false,pdb-files,7,0,null
3153,36127,38474,2008-08-30T16:51:03.730,12,3014,false,crashrpt,7,0,null
null,27562,27693,2008-08-26T08:32:51.103,5,62329,false,oracle,5,0,null
1662,27567,42689,2008-08-26T08:40:28.853,11,1303,false,python,5,0,null
1662,27567,42689,2008-08-26T08:40:28.853,11,1303,false,translation,5,0,null
1662,27567,42689,2008-08-26T08:40:28.853,11,1303,false,pypy,5,0,null
1912,27568,36972,2008-08-26T08:40:39.803,20,45396,false,simulator,16,0,null
1912,27568,36972,2008-08-26T08:40:39.803,20,45396,false,assembly,16,0,null
1752,15047,15207,2008-08-18T18:31:08.730,18,9968,false,.net,5,0,null
1752,15047,15207,2008-08-18T18:31:08.730,18,9968,false,design-patterns,5,0,null
1752,15047,15207,2008-08-18T18:31:08.730,18,9968,false,command,5,0,null
1915,19433,19467,2008-08-21T07:06:38.153,4,697,false,audio,3,1,null
1013,19436,19447,2008-08-21T07:13:24.487,4,2360,false,asp.net,2,0,null
1199387,19437,19444,2008-08-21T07:16:16.087,11,18882,false,sql,5,0,null
1199387,19437,19444,2008-08-21T07:16:16.087,11,18882,false,reporting-services,5,0,null
230,1623,1667,2008-08-04T22:00:41.347,31,5361,false,visual-studio,7,0,null
230,1623,1667,2008-08-04T22:00:41.347,31,5361,false,projects-and-solutions,7,0,null
204,1625,1627,2008-08-04T22:01:10.317,40,19050,false,windows,17,0,null
204,1625,1627,2008-08-04T22:01:10.317,40,19050,false,xml,17,0,null
204,1625,1627,2008-08-04T22:01:10.317,40,19050,false,linux,17,0,null
797,10586,10713,2008-08-14T02:22:37.920,6,4545,false,java,3,0,null
797,10586,10713,2008-08-14T02:22:37.920,6,4545,false,xml,3,0,null
797,10586,10713,2008-08-14T02:22:37.920,6,4545,false,stax,3,0,null
598,31722,33500,2008-08-28T06:33:37.863,91,39236,false,javascript,12,5,null
598,31722,33500,2008-08-28T06:33:37.863,91,39236,false,html,12,5,null
598,31722,33500,2008-08-28T06:33:37.863,91,39236,false,diff,12,5,null
2990,39365,39472,2008-09-02T12:18:59.130,41,24155,false,testing,8,0,null
2990,39365,39472,2008-09-02T12:18:59.130,41,24155,false,web-applications,8,0,null
2990,39365,39472,2008-09-02T12:18:59.130,41,24155,false,facebook,8,0,null
1196,39371,null,2008-09-02T12:25:35.263,15,8021,true,database,7,0,null
1196,39371,null,2008-09-02T12:25:35.263,15,8021,true,exception,7,0,null
1196,39371,null,2008-09-02T12:25:35.263,15,8021,true,architecture,7,0,null
828,25530,25543,2008-08-25T01:11:59.080,20,4975,false,java,3,1,null
828,25530,25543,2008-08-25T01:11:59.080,20,4975,false,unix,3,1,null
828,25530,25543,2008-08-25T01:11:59.080,20,4975,false,windows-services,3,1,null
828,25530,25543,2008-08-25T01:11:59.080,20,4975,false,daemon,3,1,null
2572,25532,25540,2008-08-25T01:13:04.337,6,10216,false,java,3,0,null
2572,25532,25540,2008-08-25T01:13:04.337,6,10216,false,model-view-controller,3,0,null
2572,25532,25540,2008-08-25T01:13:04.337,6,10216,false,master-pages,3,0,null
58,79,62853,2008-08-01T13:56:33.837,50,11457,false,eclipse,4,0,null
58,79,62853,2008-08-01T13:56:33.837,50,11457,false,svn,4,0,null
58,79,62853,2008-08-01T13:56:33.837,50,11457,false,aptana,4,0,null
58,79,62853,2008-08-01T13:56:33.837,50,11457,false,subclipse,4,0,null
26,80,124,2008-08-01T13:57:07.033,54,6683,false,apache-flex,3,0,null
26,80,124,2008-08-01T13:57:07.033,54,6683,false,actionscript-3,3,0,null
26,80,124,2008-08-01T13:57:07.033,54,6683,false,air,3,0,null
357,9228,9233,2008-08-12T20:48:30.513,3,2510,false,sql-server,4,0,null
357,9228,9233,2008-08-12T20:48:30.513,3,2510,false,performance,4,0,null
357,9228,9233,2008-08-12T20:48:30.513,3,2510,false,ado.net,4,0,null
538,9231,9260,2008-08-12T20:49:54.003,8,1300,false,backup,9,0,null
538,9231,9260,2008-08-12T20:49:54.003,8,1300,false,offsite,9,0,null
925,18305,18315,2008-08-20T16:21:05.613,3,3871,false,iis,5,0,null
925,18305,18315,2008-08-20T16:21:05.613,3,3871,false,webserver,5,0,null
925,18305,18315,2008-08-20T16:21:05.613,3,3871,false,web-farm,5,0,null
91,1644,null,2008-08-04T22:17:08.503,526,159657,true,podcast,97,11,null
958,33510,33580,2008-08-28T22:03:58.093,1,560,false,compiled,6,0,null
958,33510,33580,2008-08-28T22:03:58.093,1,560,false,interpreted-language,6,0,null
572,33513,33528,2008-08-28T22:05:04.083,4,1671,false,version-control,10,2,null
572,33513,33528,2008-08-28T22:05:04.083,4,1671,false,projects,10,2,null
572,33513,33528,2008-08-28T22:05:04.083,4,1671,false,project-hosting,10,2,null
null,18324,null,2008-08-20T16:30:52.487,7,3726,false,operating-system,4,0,null
null,18324,null,2008-08-20T16:30:52.487,7,3726,false,nasm,4,0,null
null,18324,null,2008-08-20T16:30:52.487,7,3726,false,osdev,4,0,null
null,18324,null,2008-08-20T16:30:52.487,7,3726,false,assembly,4,0,null
1223,18326,null,2008-08-20T16:32:15.383,3,2157,false,debugging,8,1,null
1223,18326,null,2008-08-20T16:32:15.383,3,2157,false,tcl,8,1,null
1223,18326,null,2008-08-20T16:32:15.383,3,2157,false,tivo,8,1,null
2257,27570,27584,2008-08-26T08:42:25.463,20,43385,false,c#,7,0,null
2257,27570,27584,2008-08-26T08:42:25.463,20,43385,false,file,7,0,null
2257,27570,27584,2008-08-26T08:42:25.463,20,43385,false,recursion,7,0,null
2844,27572,764188,2008-08-26T08:43:37.457,2,417,false,java,3,0,null
2844,27572,764188,2008-08-26T08:43:37.457,2,417,false,daemon,3,0,null
797,27578,19061110,2008-08-26T08:45:56.437,269,73198,false,java,18,1,null
797,27578,19061110,2008-08-26T08:45:56.437,269,73198,false,exception,18,1,null
797,27578,19061110,2008-08-26T08:45:56.437,269,73198,false,checked-exceptions,18,1,null
797,27581,27609,2008-08-26T08:50:26.223,616,608425,false,java,11,0,null
797,27581,27609,2008-08-26T08:50:26.223,616,608425,false,overriding,11,0,null
797,27581,27609,2008-08-26T08:50:26.223,616,608425,false,equals,11,0,null
797,27581,27609,2008-08-26T08:50:26.223,616,608425,false,hashcode,11,0,null
1842,33529,33541,2008-08-28T22:14:16.650,54,141949,false,asp.net,4,0,null
1842,33529,33541,2008-08-28T22:14:16.650,54,141949,false,cookies,4,0,null
1842,33529,33541,2008-08-28T22:14:16.650,54,141949,false,xss,4,0,null
1842,33529,33541,2008-08-28T22:14:16.650,54,141949,false,httponly,4,0,null
394,33534,33563,2008-08-28T22:18:02.740,16,24861,false,python,5,0,null
null,12268,12274,2008-08-15T14:01:15.030,2,1863,true,.net,9,0,null
null,12268,12274,2008-08-15T14:01:15.030,2,1863,true,reflector,9,0,null
214,12271,12491,2008-08-15T14:04:01.017,3,307,false,visual-studio,2,0,null
214,12271,12491,2008-08-15T14:04:01.017,3,307,false,templates,2,0,null
87,3136,3139,2008-08-06T07:16:16.373,18,1255,false,cron,3,0,null
87,3136,3139,2008-08-06T07:16:16.373,18,1255,false,settings,3,0,null
3125,33545,33598,2008-08-28T22:22:55.973,2,1807,false,vb.net,3,0,null
3125,33545,33598,2008-08-28T22:22:55.973,2,1807,false,linux,3,0,null
3125,33545,33598,2008-08-28T22:22:55.973,2,1807,false,ms-access,3,0,null
1165587,16396,20786,2008-08-19T15:23:17.983,32,56340,false,sql-server,7,0,null
1165587,16396,20786,2008-08-19T15:23:17.983,32,56340,false,reporting-services,7,0,null
1165587,16396,20786,2008-08-19T15:23:17.983,32,56340,false,crystal-reports,7,0,null
1165587,16396,20786,2008-08-19T15:23:17.983,32,56340,false,migration,7,0,null
652,16402,16416,2008-08-19T15:26:40.287,0,355,false,windows,2,0,null
652,16402,16416,2008-08-19T15:26:40.287,0,355,false,batch-file,2,0,null
652,16402,16416,2008-08-19T15:26:40.287,0,355,false,installation,2,0,null
1948,16403,16546,2008-08-19T15:27:31.470,7,3991,false,html,8,1,null
1948,16403,16546,2008-08-19T15:27:31.470,7,3991,false,whitespace,8,1,null
1956,16406,null,2008-08-19T15:30:48.203,1,1539,false,frameworks,2,0,null
1956,16406,null,2008-08-19T15:30:48.203,1,1539,false,entity,2,0,null
708,33559,34816,2008-08-28T22:30:54.923,71,23413,false,powershell,15,1,null
708,33559,34816,2008-08-28T22:30:54.923,71,23413,false,scripting,15,1,null
340,1669,1672,2008-08-04T22:46:36.900,697,361322,true,compiler-construction,38,4,null
340,1669,1672,2008-08-04T22:46:36.900,697,361322,true,language-agnostic,38,4,null
3047,30239,30285,2008-08-27T14:16:08.133,40,61049,false,c#,8,0,null
3047,30239,30285,2008-08-27T14:16:08.133,40,61049,false,wpf,8,0,null
3047,30239,30285,2008-08-27T14:16:08.133,40,61049,false,icons,8,0,null
3047,30239,30285,2008-08-27T14:16:08.133,40,61049,false,menuitem,8,0,null
814,33577,119595,2008-08-28T22:44:22.880,12,24980,false,version-control,2,0,null
814,33577,119595,2008-08-28T22:44:22.880,12,24980,false,clearcase,2,0,null
576,6406,6412,2008-08-08T21:39:04.283,15,11714,false,c#,6,0,null
576,6406,6412,2008-08-08T21:39:04.283,15,11714,false,.net,6,0,null
357,6414,6417,2008-08-08T21:49:01.127,878,862830,false,c#,16,3,null
357,6414,6417,2008-08-08T21:49:01.127,878,862830,false,loops,16,3,null
357,6414,6417,2008-08-08T21:49:01.127,878,862830,false,break,16,3,null
357,6414,6417,2008-08-08T21:49:01.127,878,862830,false,enumeration,16,3,null
357,6414,6417,2008-08-08T21:49:01.127,878,862830,false,continue,16,3,null
4021,39374,null,2008-09-02T12:29:46.377,5,1187,false,readability,13,0,null
2099426,12290,15488,2008-08-15T14:29:20.887,6,3181,false,asp.net,5,0,null
2099426,12290,15488,2008-08-15T14:29:20.887,6,3181,false,performance,5,0,null
2099426,12290,15488,2008-08-15T14:29:20.887,6,3181,false,.net-3.5,5,0,null
2099426,12290,15488,2008-08-15T14:29:20.887,6,3181,false,content-management-system,5,0,null
2099426,12290,15488,2008-08-15T14:29:20.887,6,3181,false,n2,5,0,null
2937,27598,170414,2008-08-26T09:03:21.077,3,15208,false,java,7,1,null
2937,27598,170414,2008-08-26T09:03:21.077,3,15208,false,websphere,7,1,null
2937,27598,170414,2008-08-26T09:03:21.077,3,15208,false,jmx,7,1,null
2937,27598,170414,2008-08-26T09:03:21.077,3,15208,false,mbeans,7,1,null
2951,27599,68096,2008-08-26T09:04:19.357,18,22634,false,php,6,0,null
2951,27599,68096,2008-08-26T09:04:19.357,18,22634,false,unicode,6,0,null
2951,27599,68096,2008-08-26T09:04:19.357,18,22634,false,sms,6,0,null
2951,27599,68096,2008-08-26T09:04:19.357,18,22634,false,gsm,6,0,null
459,33590,35019,2008-08-28T22:54:37.690,1,1788,false,flash,2,0,null
459,33590,35019,2008-08-28T22:54:37.690,1,1788,false,actionscript-3,2,0,null
459,33590,35019,2008-08-28T22:54:37.690,1,1788,false,datatipfunction,2,0,null
3501,33594,null,2008-08-28T23:00:05.137,4,14697,false,winapi,4,0,null
3501,33594,null,2008-08-28T23:00:05.137,4,14697,false,windows-nt,4,0,null
1533,39389,39393,2008-09-02T12:35:58.933,3,22212,false,sharepoint,3,0,null
1533,39389,39393,2008-09-02T12:35:58.933,3,22212,false,moss,3,0,null
1533,39389,39393,2008-09-02T12:35:58.933,3,22212,false,sharepoint-designer,3,0,null
4223,39391,39449,2008-09-02T12:37:27.107,11,21933,false,java,2,0,null
4223,39391,39449,2008-09-02T12:37:27.107,11,21933,false,http,2,0,null
4223,39391,39449,2008-09-02T12:37:27.107,11,21933,false,url,2,0,null
2429,39392,39543,2008-09-02T12:37:34.890,7,3847,false,asp.net-mvc,6,0,null
2429,39392,39543,2008-09-02T12:37:34.890,7,3847,false,xslt,6,0,null
55,1679,1704,2008-08-04T22:56:45.540,16,10739,false,statistics,6,1,null
55,1679,1704,2008-08-04T22:56:45.540,16,10739,false,spss,6,1,null
350,1683,3020,2008-08-04T23:06:23.443,24,3568,false,asp.net,5,0,null
350,1683,3020,2008-08-04T23:06:23.443,24,3568,false,profile,5,0,null
383,39395,39404,2008-09-02T12:39:12.623,30,83979,false,c#,20,1,null
383,39395,39404,2008-09-02T12:39:12.623,30,83979,false,pi,20,1,null
3913,39399,null,2008-09-02T12:40:47.520,40,54171,false,java,15,0,null
3913,39399,null,2008-09-02T12:40:47.520,40,54171,false,jsp,15,0,null
3913,39399,null,2008-09-02T12:40:47.520,40,54171,false,struts2,15,0,null
3913,39399,null,2008-09-02T12:40:47.520,40,54171,false,struts,15,0,null
4171,39403,39410,2008-09-02T12:42:54.893,1,2359,false,.net,3,0,null
4171,39403,39410,2008-09-02T12:42:54.893,1,2359,false,entity-framework,3,0,null
2150,27607,null,2008-08-26T09:10:27.907,5,1534,false,c++,8,0,null
2150,27607,null,2008-08-26T09:10:27.907,5,1534,false,stl,8,0,null
1311,12294,12295,2008-08-15T14:32:52.003,8,5375,false,charts,6,0,null
1311,12294,12295,2008-08-15T14:32:52.003,8,5375,false,timeline,6,0,null
83,12297,12373,2008-08-15T14:38:18.920,1,4103,false,asp.net,3,0,null
83,12297,12373,2008-08-15T14:38:18.920,1,4103,false,.net,3,0,null
83,12297,12373,2008-08-15T14:38:18.920,1,4103,false,vb.net,3,0,null
83,12297,12373,2008-08-15T14:38:18.920,1,4103,false,repeater,3,0,null
83,12297,12373,2008-08-15T14:38:18.920,1,4103,false,sitemap,3,0,null
2260,27610,null,2008-08-26T09:12:56.450,123,119921,false,c#,2,1,null
2260,27610,null,2008-08-26T09:12:56.450,123,119921,false,trace,2,1,null
192,41928,627554,2008-09-03T15:23:16.870,0,2807,true,javascript,3,0,null
192,41928,627554,2008-09-03T15:23:16.870,0,2807,true,debugging,3,0,null
192,41928,627554,2008-09-03T15:23:16.870,0,2807,true,internet-explorer-7,3,0,null
192,41928,627554,2008-09-03T15:23:16.870,0,2807,true,lightwindow,3,0,null
2954,27621,27625,2008-08-26T09:22:34.510,44,24784,false,unix,5,0,null
2954,27621,27625,2008-08-26T09:22:34.510,44,24784,false,shell,5,0,null
116,28559,28714,2008-08-26T16:37:52.263,12,945,false,c,7,0,null
116,28559,28714,2008-08-26T16:37:52.263,12,945,false,python,7,0,null
1534,28560,28790,2008-08-26T16:38:05.570,2,425,false,database,1,0,null
1534,28560,28790,2008-08-26T16:38:05.570,2,425,false,nhibernate,1,0,null
1534,28560,28790,2008-08-26T16:38:05.570,2,425,false,paradox,1,0,null
1263,10595,11958,2008-08-14T02:39:38.917,0,655,false,ruby,2,0,null
730,10599,11467,2008-08-14T02:50:26.210,2,703,false,html,10,0,null
150,10604,10617,2008-08-14T02:57:18.507,5,766,false,sql-server,6,0,null
150,10604,10617,2008-08-14T02:57:18.507,5,766,false,optimization,6,0,null
805,10610,10646,2008-08-14T03:04:16.977,7,2222,false,regex,6,1,null
1219,12304,null,2008-08-15T14:45:33.070,0,1076,false,sql-server,3,0,null
1219,12304,null,2008-08-15T14:45:33.070,0,1076,false,sql-server-2005,3,0,null
767,12306,12342,2008-08-15T14:46:07.687,60,77345,false,c#,6,2,null
767,12306,12342,2008-08-15T14:46:07.687,60,77345,false,serialization,6,2,null
1456,18348,18352,2008-08-20T16:44:04.170,2,4268,false,.net,1,2,null
1456,18348,18352,2008-08-20T16:44:04.170,2,4268,false,wcf,1,2,null
1456,18348,18352,2008-08-20T16:44:04.170,2,4268,false,web-services,1,2,null
1630,27622,41046,2008-08-26T09:22:40.047,15,16114,false,mfc,5,1,null
1630,27622,41046,2008-08-26T09:22:40.047,15,16114,false,macros,5,1,null
1630,27622,41046,2008-08-26T09:22:40.047,15,16114,false,trace,5,1,null
349,1709,1724,2008-08-04T23:43:34.757,24,18290,false,web-services,8,0,null
349,1709,1724,2008-08-04T23:43:34.757,24,18290,false,application-integration,8,0,null
303,1711,null,2008-08-04T23:50:22.933,1436,1132136,true,resources,214,28,null
268,12319,265407,2008-08-15T14:59:11.653,18,10907,false,c++,5,0,null
268,12319,265407,2008-08-15T14:59:11.653,18,10907,false,winapi,5,0,null
268,12319,265407,2008-08-15T14:59:11.653,18,10907,false,macos,5,0,null
268,12319,265407,2008-08-15T14:59:11.653,18,10907,false,porting,5,0,null
268,12319,265407,2008-08-15T14:59:11.653,18,10907,false,fopen,5,0,null
285,10616,10623,2008-08-14T03:13:26.633,150,334059,false,mysql,12,0,null
285,10616,10623,2008-08-14T03:13:26.633,150,334059,false,sql-server,12,0,null
285,10616,10623,2008-08-14T03:13:26.633,150,334059,false,t-sql,12,0,null
840,18391,18396,2008-08-20T17:25:03.197,11,9160,false,language-agnostic,3,0,null
840,18391,18396,2008-08-20T17:25:03.197,11,9160,false,firewall,3,0,null
2141,30251,30271,2008-08-27T14:19:44.583,116,19682,false,html,24,1,null
2141,30251,30271,2008-08-27T14:19:44.583,116,19682,false,css,24,1,null
null,12330,12381,2008-08-15T15:06:31.873,7,8478,false,vbscript,2,0,null
null,12330,12381,2008-08-15T15:06:31.873,7,8478,false,wmi,2,0,null
null,12332,12408,2008-08-15T15:08:48.560,19,4092,false,c++,5,0,null
null,12332,12408,2008-08-15T15:08:48.560,19,4092,false,c,5,0,null
null,12332,12408,2008-08-15T15:08:48.560,19,4092,false,program-entry-point,5,0,null
1418,12348,12349,2008-08-15T15:17:30.073,30,40430,false,php,6,0,null
1418,12348,12349,2008-08-15T15:17:30.073,30,40430,false,windows,6,0,null
1418,12348,12349,2008-08-15T15:17:30.073,30,40430,false,curl,6,0,null
1266,13537,13552,2008-08-17T06:46:11.210,104,19995,false,compiler-construction,12,3,null
1266,13537,13552,2008-08-17T06:46:11.210,104,19995,false,language-agnostic,12,3,null
1266,13537,13552,2008-08-17T06:46:11.210,104,19995,false,bootstrapping,12,3,null
1463,13540,13554,2008-08-17T06:48:50.487,112,55488,false,sql,9,0,null
1463,13540,13554,2008-08-17T06:48:50.487,112,55488,false,sql-server,9,0,null
1463,13540,13554,2008-08-17T06:48:50.487,112,55488,false,stored-procedures,9,0,null
1463,13540,13554,2008-08-17T06:48:50.487,112,55488,false,upsert,9,0,null
253,3143,880219,2008-08-06T07:41:11.937,17,3497,false,mono,4,0,null
253,3143,880219,2008-08-06T07:41:11.937,17,3497,false,nant,4,0,null
253,3143,880219,2008-08-06T07:41:11.937,17,3497,false,teamcity,4,0,null
253,3143,880219,2008-08-06T07:41:11.937,17,3497,false,mbunit,4,0,null
475,3144,3146,2008-08-06T07:42:33.947,18,5972,false,vb.net,3,1,null
475,3144,3146,2008-08-06T07:42:33.947,18,5972,false,diff,3,1,null
380,3147,null,2008-08-06T07:52:31.620,43,7453,false,.net,6,0,null
370,3150,35963,2008-08-06T07:57:50.017,94,62191,false,c++,12,3,null
370,3150,35963,2008-08-06T07:57:50.017,94,62191,false,unit-testing,12,3,null
370,3150,35963,2008-08-06T07:57:50.017,94,62191,false,testing,12,3,null
370,3150,35963,2008-08-06T07:57:50.017,94,62191,false,visual-studio-2008,12,3,null
370,3150,35963,2008-08-06T07:57:50.017,94,62191,false,frameworks,12,3,null
2972,28577,28871,2008-08-26T16:48:46.963,4,674,false,c#,4,0,null
2972,28577,28871,2008-08-26T16:48:46.963,4,674,false,architecture,4,0,null
2972,28577,28871,2008-08-26T16:48:46.963,4,674,false,localization,4,0,null
2972,28577,28871,2008-08-26T16:48:46.963,4,674,false,globalization,4,0,null
287,4617,4712,2008-08-07T12:05:48.410,14,1180,false,version-control,3,0,null
287,4617,4712,2008-08-07T12:05:48.410,14,1180,false,mercurial,3,0,null
287,4617,4712,2008-08-07T12:05:48.410,14,1180,false,dvcs,3,0,null
383,4622,4626,2008-08-07T12:13:01.390,63,174529,false,sql,7,1,null
785,6430,6435,2008-08-08T22:08:29.980,4,9121,false,winforms,4,0,null
44972,39419,39441,2008-09-02T12:50:26.340,58,155533,false,c++,4,1,null
44972,39419,39441,2008-09-02T12:50:26.340,58,155533,false,winapi,4,1,null
44972,39419,39441,2008-09-02T12:50:26.340,58,155533,false,64-bit,4,1,null
44972,39419,39441,2008-09-02T12:50:26.340,58,155533,false,dword,4,1,null
3576,37310,37316,2008-09-01T00:40:03.830,25,30750,false,java,5,0,null
3576,37310,37316,2008-09-01T00:40:03.830,25,30750,false,unit-testing,5,0,null
3576,37310,37316,2008-09-01T00:40:03.830,25,30750,false,tdd,5,0,null
3452,37317,37336,2008-09-01T00:48:03.637,7,12579,false,c#,7,0,null
3452,37317,37336,2008-09-01T00:48:03.637,7,12579,false,.net,7,0,null
3452,37317,37336,2008-09-01T00:48:03.637,7,12579,false,winforms,7,0,null
438,44899,46996,2008-09-04T22:25:34.087,1,386,false,visual-studio,1,0,null
438,44899,46996,2008-09-04T22:25:34.087,1,386,false,unit-testing,1,0,null
1414,44903,44908,2008-09-04T22:32:51.573,9,1492,false,javascript,3,0,null
1414,44903,44908,2008-09-04T22:32:51.573,9,1492,false,jquery,3,0,null
1414,44903,44908,2008-09-04T22:32:51.573,9,1492,false,dom,3,0,null
1414,44903,44908,2008-09-04T22:32:51.573,9,1492,false,html-select,3,0,null
3394,44905,44921,2008-09-04T22:34:47.030,151,124266,false,c#,17,3,null
3394,44905,44921,2008-09-04T22:34:47.030,151,124266,false,switch-statement,17,3,null
3717,43201,null,2008-09-04T05:02:36.510,3,2147,false,asp.net-mvc,2,1,null
3717,43201,null,2008-09-04T05:02:36.510,3,2147,false,routes,2,1,null
3717,43201,null,2008-09-04T05:02:36.510,3,2147,false,controller,2,1,null
770,39438,41100,2008-09-02T13:01:06.737,7,4121,false,sql-server,8,1,null
770,39438,41100,2008-09-02T13:01:06.737,7,4121,false,database,8,1,null
770,39438,41100,2008-09-02T13:01:06.737,7,4121,false,oracle,8,1,null
59,1734,1780,2008-08-05T00:12:55.290,36,2455,false,python,4,0,null
59,1734,1780,2008-08-05T00:12:55.290,36,2455,false,xml,4,0,null
59,1734,1780,2008-08-05T00:12:55.290,36,2455,false,database,4,0,null
59,1734,1780,2008-08-05T00:12:55.290,36,2455,false,protocol-buffers,4,0,null
137,1746,1749,2008-08-05T00:35:17.493,59,22319,false,php,4,0,null
137,1746,1749,2008-08-05T00:35:17.493,59,22319,false,regex,4,0,null
137,1746,1749,2008-08-05T00:35:17.493,59,22319,false,html-parsing,4,0,null
137,1746,1749,2008-08-05T00:35:17.493,59,22319,false,preg-replace,4,0,null
234,1760,1821,2008-08-05T00:51:49.177,63,11645,false,c#,11,0,null
234,1760,1821,2008-08-05T00:51:49.177,63,11645,false,.net,11,0,null
234,1760,1821,2008-08-05T00:51:49.177,63,11645,false,unit-testing,11,0,null
234,1760,1821,2008-08-05T00:51:49.177,63,11645,false,testing,11,0,null
1363,21274,21285,2008-08-21T21:52:17.820,14,1750,false,html,9,0,null
1363,21274,21285,2008-08-21T21:52:17.820,14,1750,false,editor,9,0,null
392,18407,18416,2008-08-20T17:37:16.943,12,4335,false,c#,4,2,null
392,18407,18416,2008-08-20T17:37:16.943,12,4335,false,logic,4,2,null
392,18407,18416,2008-08-20T17:37:16.943,12,4335,false,boolean-logic,4,2,null
1097,18413,18471,2008-08-20T17:39:52.040,2,15422,false,sql-server,8,0,null
1892,18418,18435,2008-08-20T17:41:24.377,57,46886,false,python,14,1,null
1892,18418,18435,2008-08-20T17:41:24.377,57,46886,false,optimization,14,1,null
1892,18418,18435,2008-08-20T17:41:24.377,57,46886,false,set,14,1,null
1892,18418,18435,2008-08-20T17:41:24.377,57,46886,false,series,14,1,null
1290,18419,null,2008-08-20T17:41:43.250,1,4554,false,apache-flex,5,0,null
1290,18419,null,2008-08-20T17:41:43.250,1,4554,false,actionscript-3,5,0,null
null,44909,44971,2008-09-04T22:39:52.790,2,10960,false,artifacts,6,0,null
3498,44912,44928,2008-09-04T22:45:00.030,224,302304,false,java,14,8,null
3498,44912,44928,2008-09-04T22:45:00.030,224,302304,false,delegates,14,8,null
1587,44914,44934,2008-09-04T22:48:22.143,5,3676,false,winforms,4,0,null
1587,44914,44934,2008-09-04T22:48:22.143,5,3676,false,performance,4,0,null
2958,27640,27811,2008-08-26T09:37:52.320,9,6929,false,c++,4,0,null
2958,27640,27811,2008-08-26T09:37:52.320,9,6929,false,qt,4,0,null
2958,27640,27811,2008-08-26T09:37:52.320,9,6929,false,mfc,4,0,null
2966,27643,null,2008-08-26T09:39:34.453,11,5017,false,javascript,3,0,null
2966,27643,null,2008-08-26T09:39:34.453,11,5017,false,css,3,0,null
4316,44917,44932,2008-09-04T22:49:58.117,495,230523,false,sql,12,11,null
4316,44917,44932,2008-09-04T22:49:58.117,495,230523,false,join,12,11,null
137,1762,1771,2008-08-05T00:56:43.813,26,1142,false,php,5,0,null
137,1762,1771,2008-08-05T00:56:43.813,26,1142,false,ternary-operator,5,0,null
497,44937,44939,2008-09-04T23:02:07.743,13,7533,false,apache,4,0,null
497,44937,44939,2008-09-04T23:02:07.743,13,7533,false,http,4,0,null
497,44937,44939,2008-09-04T23:02:07.743,13,7533,false,etag,4,0,null
3394,44940,44947,2008-09-04T23:04:12.340,9,1676,false,.net,3,0,null
3394,44940,44947,2008-09-04T23:04:12.340,9,1676,false,cil,3,0,null
493,44942,44954,2008-09-04T23:06:56.360,104,95744,false,c#,8,0,null
493,44942,44954,2008-09-04T23:06:56.360,104,95744,false,generics,8,0,null
493,44942,44954,2008-09-04T23:06:56.360,104,95744,false,casting,8,0,null
2025,27655,27661,2008-08-26T09:50:51.070,1,677,false,file,1,0,null
2025,27655,27661,2008-08-26T09:50:51.070,1,677,false,ftp,1,0,null
2025,27655,27661,2008-08-26T09:50:51.070,1,677,false,symlink,1,0,null
3205,39447,39467,2008-09-02T13:05:48.630,12,2269,false,c#,6,0,null
3205,39447,39467,2008-09-02T13:05:48.630,12,2269,false,windows-mobile,6,0,null
3205,39447,39467,2008-09-02T13:05:48.630,12,2269,false,compact-framework,6,0,null
3205,39447,39467,2008-09-02T13:05:48.630,12,2269,false,.net-2.0,6,0,null
1533,15053,null,2008-08-18T18:35:22.230,5,2090,false,sharepoint,3,0,null
1533,15053,null,2008-08-18T18:35:22.230,5,2090,false,moss,3,0,null
1533,15053,null,2008-08-18T18:35:22.230,5,2090,false,workflow,3,0,null
1185,15056,null,2008-08-18T18:36:58.890,9,4966,true,visual-studio,5,1,null
1185,15056,null,2008-08-18T18:36:58.890,9,4966,true,automation,5,1,null
1185,15056,null,2008-08-18T18:36:58.890,9,4966,true,macros,5,1,null
1795,15057,15060,2008-08-18T18:37:12.913,11,1745,false,.net,4,0,null
1795,15057,15060,2008-08-18T18:37:12.913,11,1745,false,visual-studio,4,0,null
1795,15057,15060,2008-08-18T18:37:12.913,11,1745,false,refactoring,4,0,null
4227,39454,39498,2008-09-02T13:08:22.337,6,1971,false,wpf,3,0,null
4227,39454,39498,2008-09-02T13:08:22.337,6,1971,false,windows-xp,3,0,null
4227,39454,39498,2008-09-02T13:08:22.337,6,1971,false,3d,3,0,null
4227,39454,39498,2008-09-02T13:08:22.337,6,1971,false,antialiasing,3,0,null
4227,39454,39498,2008-09-02T13:08:22.337,6,1971,false,viewport3d,3,0,null
381,39457,40101,2008-09-02T13:09:02.163,3,4009,false,regex,3,0,null
229,18421,18456,2008-08-20T17:42:21.457,16,4807,false,c#,1,0,null
229,18421,18456,2008-08-20T17:42:21.457,16,4807,false,.net,1,0,null
2156,18432,18502,2008-08-20T17:49:18.163,3,1477,false,reporting-services,2,0,null
636,15062,15136,2008-08-18T18:40:34.403,18,54649,false,string,4,0,null
636,15062,15136,2008-08-18T18:40:34.403,18,54649,false,powershell,4,0,null
636,15062,15136,2008-08-18T18:40:34.403,18,54649,false,function,4,0,null
636,15062,15136,2008-08-18T18:40:34.403,18,54649,false,replace,4,0,null
271,15066,15071,2008-08-18T18:41:19.690,5,2922,false,c#,3,0,null
271,15066,15071,2008-08-18T18:41:19.690,5,2922,false,.net,3,0,null
271,15066,15071,2008-08-18T18:41:19.690,5,2922,false,winforms,3,0,null
1749,15087,null,2008-08-18T19:00:52.133,3,3448,false,sql-server,7,0,null
1749,15087,null,2008-08-18T19:00:52.133,3,3448,false,ms-access,7,0,null
1749,15087,null,2008-08-18T19:00:52.133,3,3448,false,sql-server-2005,7,0,null
1749,15087,null,2008-08-18T19:00:52.133,3,3448,false,ms-access-2000,7,0,null
59,85,154,2008-08-01T14:19:52.510,132,69859,false,php,11,2,null
59,85,154,2008-08-01T14:19:52.510,132,69859,false,sql,11,2,null
59,85,154,2008-08-01T14:19:52.510,132,69859,false,database,11,2,null
59,85,154,2008-08-01T14:19:52.510,132,69859,false,flat-file,11,2,null
61,88,98,2008-08-01T14:36:18.640,106,45129,false,linux,10,0,null
61,88,98,2008-08-01T14:36:18.640,106,45129,false,winapi,10,0,null
61,88,98,2008-08-01T14:36:18.640,106,45129,false,visual-c++,10,0,null
61,88,98,2008-08-01T14:36:18.640,106,45129,false,unix,10,0,null
61,88,98,2008-08-01T14:36:18.640,106,45129,false,timer,10,0,null
479,19442,19443,2008-08-21T07:26:27.030,23,5451,false,mercurial,2,3,null
479,19442,19443,2008-08-21T07:26:27.030,23,5451,false,windows-server-2003,2,3,null
479,19442,19443,2008-08-21T07:26:27.030,23,5451,false,hgignore,2,3,null
2976,27663,null,2008-08-26T09:55:44.540,25,12055,false,database,11,0,null
2976,27663,null,2008-08-26T09:55:44.540,25,12055,false,refactoring,11,0,null
1178,27670,27677,2008-08-26T10:01:56.740,1,9430,false,.net,3,0,null
1178,27670,27677,2008-08-26T10:01:56.740,1,9430,false,frameworks,3,0,null
1178,27670,27677,2008-08-26T10:01:56.740,1,9430,false,installation,3,0,null
805,15102,16690,2008-08-18T19:17:00.447,6,565,false,c#,1,0,null
805,15102,16690,2008-08-18T19:17:00.447,6,565,false,visual-studio,1,0,null
805,15102,16690,2008-08-18T19:17:00.447,6,565,false,ms-word,1,0,null
805,15102,16690,2008-08-18T19:17:00.447,6,565,false,vsto,1,0,null
1743,15109,15286,2008-08-18T19:24:23.973,4,1379,false,visual-studio,2,0,null
1743,15109,15286,2008-08-18T19:24:23.973,4,1379,false,installation,2,0,null
1743,15109,15286,2008-08-18T19:24:23.973,4,1379,false,projects,2,0,null
null,43211,null,2008-09-04T05:21:46.777,1,883,false,matlab,3,0,null
null,43211,null,2008-09-04T05:21:46.777,1,883,false,simulink,3,0,null
null,43211,null,2008-09-04T05:21:46.777,1,883,false,xpc-target,3,0,null
1463,43218,43222,2008-09-04T05:33:14.580,10,5312,false,asp.net,5,0,null
1463,43218,43222,2008-09-04T05:33:14.580,10,5312,false,javascript,5,0,null
361,15124,15134,2008-08-18T19:41:39.740,6,1863,false,.net,5,0,null
2312,25546,55252,2008-08-25T01:46:05.737,5,3920,false,synchronization,11,0,null
2312,25546,55252,2008-08-25T01:46:05.737,5,3920,false,security,11,0,null
2312,25546,55252,2008-08-25T01:46:05.737,5,3920,false,rsync,11,0,null
2775,25550,25631,2008-08-25T01:49:22.250,4,11477,false,pdf,4,0,null
2775,25550,25631,2008-08-25T01:49:22.250,4,11477,false,import,4,0,null
1693,25552,25596,2008-08-25T01:49:55.433,244,260837,false,java,17,1,null
1693,25552,25596,2008-08-25T01:49:55.433,244,260837,false,memory,17,1,null
1693,25552,25596,2008-08-25T01:49:55.433,244,260837,false,resources,17,1,null
1693,25552,25596,2008-08-25T01:49:55.433,244,260837,false,system,17,1,null
2754,25561,25622,2008-08-25T01:59:45.020,3,7130,false,regex,9,0,null
2754,25561,25622,2008-08-25T01:59:45.020,3,7130,false,.net-2.0,9,0,null
3685,39468,39478,2008-09-02T13:11:25.887,2,9346,false,c++,3,0,null
3685,39468,39478,2008-09-02T13:11:25.887,2,9346,false,c,3,0,null
3685,39468,39478,2008-09-02T13:11:25.887,2,9346,false,vb6,3,0,null
4055,39473,99990,2008-09-02T13:12:56.273,11,17510,false,cuda,2,1,null
4055,39473,99990,2008-09-02T13:12:56.273,11,17510,false,raytracing,2,1,null
905,34509,2060952,2008-08-29T15:55:10.223,49,39608,false,sql-server,14,5,null
905,34509,2060952,2008-08-29T15:55:10.223,49,39608,false,sql-server-2005,14,5,null
905,34509,2060952,2008-08-29T15:55:10.223,49,39608,false,sorting,14,5,null
905,34509,2060952,2008-08-29T15:55:10.223,49,39608,false,natural-sort,14,5,null
1931,34510,34550,2008-08-29T15:55:10.457,1324,876000,false,multithreading,19,2,null
1931,34510,34550,2008-08-29T15:55:10.457,1324,876000,false,concurrency,19,2,null
1931,34510,34550,2008-08-29T15:55:10.457,1324,876000,false,terminology,19,2,null
1931,34510,34550,2008-08-29T15:55:10.457,1324,876000,false,race-condition,19,2,null
942,15133,16431,2008-08-18T19:49:40.130,15,4342,false,visual-studio,4,0,null
942,15133,16431,2008-08-18T19:49:40.130,15,4342,false,winforms,4,0,null
942,15133,16431,2008-08-18T19:49:40.130,15,4342,false,internationalization,4,0,null
942,15133,16431,2008-08-18T19:49:40.130,15,4342,false,vsx,4,0,null
942,15133,16431,2008-08-18T19:49:40.130,15,4342,false,extensibility,4,0,null
1323,15139,15234,2008-08-18T19:52:16.273,23,33758,false,javascript,14,1,null
1323,15139,15234,2008-08-18T19:52:16.273,23,33758,false,deployment,14,1,null
1323,15139,15234,2008-08-18T19:52:16.273,23,33758,false,web-applications,14,1,null
1323,15139,15234,2008-08-18T19:52:16.273,23,33758,false,browser,14,1,null
1931,34512,34520,2008-08-29T15:56:27.020,203,163588,false,multithreading,18,1,null
1931,34512,34520,2008-08-29T15:56:27.020,203,163588,false,concurrency,18,1,null
1931,34512,34520,2008-08-29T15:56:27.020,203,163588,false,locking,18,1,null
1931,34512,34520,2008-08-29T15:56:27.020,203,163588,false,deadlock,18,1,null
305,34516,34533,2008-08-29T15:57:44.537,41,25195,false,c#,6,0,null
305,34516,34533,2008-08-29T15:57:44.537,41,25195,false,comments,6,0,null
1585,34518,null,2008-08-29T15:57:49.607,23,11066,false,algorithm,15,2,null
1585,34518,null,2008-08-29T15:57:49.607,23,11066,false,language-agnostic,15,2,null
1585,34518,null,2008-08-29T15:57:49.607,23,11066,false,sorting,15,2,null
1585,34518,null,2008-08-29T15:57:49.607,23,11066,false,natural-sort,15,2,null
1931,34519,null,2008-08-29T15:58:15.957,433,291662,false,multithreading,15,1,null
1931,34519,null,2008-08-29T15:58:15.957,433,291662,false,concurrency,15,1,null
1931,34519,null,2008-08-29T15:58:15.957,433,291662,false,semaphore,15,1,null
986,39474,39590,2008-09-02T13:13:36.567,40,46236,false,c++,12,0,null
986,39474,39590,2008-09-02T13:13:36.567,40,46236,false,c,12,0,null
986,39474,39590,2008-09-02T13:13:36.567,40,46236,false,visual-studio-2008,12,0,null
986,39474,39590,2008-09-02T13:13:36.567,40,46236,false,intellisense,12,0,null
2313,39475,39927,2008-09-02T13:14:49.030,9,9126,false,git,3,0,null
2313,39475,39927,2008-09-02T13:14:49.030,9,9126,false,version-control,3,0,null
1409,39476,39496,2008-09-02T13:15:24.877,1052,503143,false,c#,20,2,null
1409,39476,39496,2008-09-02T13:15:24.877,1052,503143,false,yield,20,2,null
2099426,22598,22627,2008-08-22T15:06:36.883,2,700,false,asp.net,5,0,null
2099426,22598,22627,2008-08-22T15:06:36.883,2,700,false,asp.net-mvc,5,0,null
1367,22607,22666,2008-08-22T15:08:50.840,10,2698,false,iphone,6,3,null
1367,22607,22666,2008-08-22T15:08:50.840,10,2698,false,macos,6,3,null
1367,22607,22666,2008-08-22T15:08:50.840,10,2698,false,virtualization,6,3,null
1931,34524,null,2008-08-29T15:59:25.437,960,474981,false,multithreading,10,3,null
1931,34524,null,2008-08-29T15:59:25.437,960,474981,false,concurrency,10,3,null
1931,34524,null,2008-08-29T15:59:25.437,960,474981,false,mutex,10,3,null
3875,39485,41887,2008-09-02T13:18:19.410,7,19694,false,signal-processing,3,1,null
2457,27674,619685,2008-08-26T10:03:24.787,4,2629,false,c#,2,0,null
2457,27674,619685,2008-08-26T10:03:24.787,4,2629,false,.net,2,0,null
2457,27674,619685,2008-08-26T10:03:24.787,4,2629,false,winforms,2,0,null
2457,27674,619685,2008-08-26T10:03:24.787,4,2629,false,user-interface,2,0,null
2457,27674,619685,2008-08-26T10:03:24.787,4,2629,false,user-controls,2,0,null
327,28578,28583,2008-08-26T16:48:51.113,2,917,false,version-control,5,0,null
327,28578,28583,2008-08-26T16:48:51.113,2,917,false,refactoring,5,0,null
327,28578,28583,2008-08-26T16:48:51.113,2,917,false,merge,5,0,null
327,28578,28583,2008-08-26T16:48:51.113,2,917,false,starteam,5,0,null
3102,28588,28604,2008-08-26T16:53:12.740,15,12841,false,linux,6,2,null
3102,28588,28604,2008-08-26T16:53:12.740,15,12841,false,ubuntu,6,2,null
3102,28588,28604,2008-08-26T16:53:12.740,15,12841,false,openid,6,2,null
1344,28590,28614,2008-08-26T16:53:53.567,5,13253,false,database,5,0,null
1344,28590,28614,2008-08-26T16:53:53.567,5,13253,false,resources,5,0,null
1344,28590,28614,2008-08-26T16:53:53.567,5,13253,false,database-connection,5,0,null
1463,15142,15277,2008-08-18T19:54:39.467,274,79299,true,c#,47,2,null
1463,15142,15277,2008-08-18T19:54:39.467,274,79299,true,sql,47,2,null
1463,15142,15277,2008-08-18T19:54:39.467,274,79299,true,sql-server,47,2,null
1463,15142,15277,2008-08-18T19:54:39.467,274,79299,true,stored-procedures,47,2,null
383,4627,4649,2008-08-07T12:21:25.070,13,1424,false,asp.net,6,0,null
383,4627,4649,2008-08-07T12:21:25.070,13,1424,false,.net-3.5,6,0,null
384,4629,4637,2008-08-07T12:26:46.917,114,83535,false,c#,16,4,null
384,4629,4637,2008-08-07T12:26:46.917,114,83535,false,reflection,16,4,null
384,4629,4637,2008-08-07T12:26:46.917,114,83535,false,properties,16,4,null
384,4629,4637,2008-08-07T12:26:46.917,114,83535,false,c#-2.0,16,4,null
287,4630,478658,2008-08-07T12:26:50.707,17,2743,false,java,3,0,null
287,4630,478658,2008-08-07T12:26:50.707,17,2743,false,java-native-interface,3,0,null
287,4630,478658,2008-08-07T12:26:50.707,17,2743,false,java-web-start,3,0,null
1870,27695,1066304,2008-08-26T10:20:41.407,80,57898,false,svn,15,0,null
1870,27695,1066304,2008-08-26T10:20:41.407,80,57898,false,git,15,0,null
1870,27695,1066304,2008-08-26T10:20:41.407,80,57898,false,version-control,15,0,null
1870,27695,1066304,2008-08-26T10:20:41.407,80,57898,false,versioning,15,0,null
1578,27700,27749,2008-08-26T10:24:10.680,6,7652,false,c++,5,0,null
1578,27700,27749,2008-08-26T10:24:10.680,6,7652,false,windows,5,0,null
1578,27700,27749,2008-08-26T10:24:10.680,6,7652,false,linux,5,0,null
1578,27700,27749,2008-08-26T10:24:10.680,6,7652,false,filesystems,5,0,null
1602,33619,33628,2008-08-28T23:17:43.017,1,706,false,asp.net,4,0,null
1602,33619,33628,2008-08-28T23:17:43.017,1,706,false,authentication,4,0,null
3314,33630,33659,2008-08-28T23:25:02.783,2,4635,false,windows,8,0,null
3314,33630,33659,2008-08-28T23:25:02.783,2,4635,false,memory,8,0,null
3314,33630,33659,2008-08-28T23:25:02.783,2,4635,false,.net-2.0,8,0,null
3314,33630,33659,2008-08-28T23:25:02.783,2,4635,false,64-bit,8,0,null
3314,33630,33659,2008-08-28T23:25:02.783,2,4635,false,hardware,8,0,null
2171,39503,null,2008-09-02T13:26:43.197,7,16561,true,windows,3,0,null
2171,39503,null,2008-09-02T13:26:43.197,7,16561,true,mbr,3,0,null
1190,28599,28717,2008-08-26T16:57:52.293,12,14950,false,ruby-on-rails,5,0,null
1190,28599,28717,2008-08-26T16:57:52.293,12,14950,false,apache,5,0,null
1190,28599,28717,2008-08-26T16:57:52.293,12,14950,false,ssl,5,0,null
3377,34536,34710,2008-08-29T16:02:59.050,21,42724,false,javascript,5,0,null
3377,34536,34710,2008-08-29T16:02:59.050,21,42724,false,jquery,5,0,null
3377,34536,34710,2008-08-29T16:02:59.050,21,42724,false,html,5,0,null
3377,34536,34710,2008-08-29T16:02:59.050,21,42724,false,css,5,0,null
2147,39517,39634,2008-09-02T13:32:54.447,6,1536,false,sql,7,0,null
2147,39517,39634,2008-09-02T13:32:54.447,6,1536,false,database,7,0,null
2147,39517,39634,2008-09-02T13:32:54.447,6,1536,false,postgresql,7,0,null
2147,39517,39634,2008-09-02T13:32:54.447,6,1536,false,trusted-vs-untrusted,7,0,null
1256645,18448,18484,2008-08-20T17:55:34.247,18,11583,false,c#,6,0,null
1256645,18448,18484,2008-08-20T17:55:34.247,18,11583,false,web-services,6,0,null
1256645,18448,18484,2008-08-20T17:55:34.247,18,11583,false,security,6,0,null
1256645,18448,18484,2008-08-20T17:55:34.247,18,11583,false,encryption,6,0,null
2056,18449,18607,2008-08-20T17:55:35.323,12,7921,false,php,5,0,null
2056,18449,18607,2008-08-20T17:55:35.323,12,7921,false,mysql,5,0,null
2056,18449,18607,2008-08-20T17:55:35.323,12,7921,false,datetime,5,0,null
2056,18449,18607,2008-08-20T17:55:35.323,12,7921,false,date,5,0,null
2056,18449,18607,2008-08-20T17:55:35.323,12,7921,false,timezone,5,0,null
2018,18450,93952,2008-08-20T17:57:44.977,314,24846,false,.net,17,3,null
2018,18450,93952,2008-08-20T17:57:44.977,314,24846,false,mono,17,3,null
3448,34544,63555,2008-08-29T16:04:25.113,1,849,false,c++,2,0,null
3448,34544,63555,2008-08-29T16:04:25.113,1,849,false,internet-explorer,2,0,null
3448,34544,63555,2008-08-29T16:04:25.113,1,849,false,internet-explorer-7,2,0,null
3448,34544,63555,2008-08-29T16:04:25.113,1,849,false,bho,2,0,null
3832,39525,null,2008-09-02T13:36:26.543,4,2059,false,c++,2,0,null
3832,39525,null,2008-09-02T13:36:26.543,4,2059,false,error-handling,2,0,null
3832,39525,null,2008-09-02T13:36:26.543,4,2059,false,api-design,2,0,null
3832,39525,null,2008-09-02T13:36:26.543,4,2059,false,error-logging,2,0,null
107,39533,39619,2008-09-02T13:39:47.610,38,47594,false,virtualization,12,2,null
1944,39536,39672,2008-09-02T13:42:16.530,8,2952,false,php,6,0,null
1944,39536,39672,2008-09-02T13:42:16.530,8,2952,false,ruby,6,0,null
1944,39536,39672,2008-09-02T13:42:16.530,8,2952,false,database,6,0,null
1944,39536,39672,2008-09-02T13:42:16.530,8,2952,false,mysql,6,0,null
2841,27711,null,2008-08-26T10:31:46.230,4,11459,false,c#,5,0,null
2841,27711,null,2008-08-26T10:31:46.230,4,11459,false,asp.net,5,0,null
2841,27711,null,2008-08-26T10:31:46.230,4,11459,false,linq,5,0,null
2841,27711,null,2008-08-26T10:31:46.230,4,11459,false,gridview,5,0,null
2993,27726,27751,2008-08-26T10:45:59.927,11,1534,false,c#,3,0,null
2993,27726,27751,2008-08-26T10:45:59.927,11,1534,false,expression,3,0,null
1597,24451,24476,2008-08-23T18:18:04.933,226,58928,false,language-agnostic,25,0,null
1597,24451,24476,2008-08-23T18:18:04.933,226,58928,false,goto,25,0,null
2025,24456,24517,2008-08-23T18:24:21.643,2,3086,false,php,1,0,null
2025,24456,24517,2008-08-23T18:24:21.643,2,3086,false,gd,1,0,null
2025,24456,24517,2008-08-23T18:24:21.643,2,3086,false,iptc,1,0,null
4228,39541,39556,2008-09-02T13:44:13.997,10,12156,false,.net,9,2,null
4228,39541,39556,2008-09-02T13:44:13.997,10,12156,false,vb6,9,2,null
4228,39541,39556,2008-09-02T13:44:13.997,10,12156,false,vb6-migration,9,2,null
4228,39541,39556,2008-09-02T13:44:13.997,10,12156,false,control-array,9,2,null
2504,22617,22624,2008-08-22T15:10:46.360,129,407135,false,python,9,0,null
2504,22617,22624,2008-08-22T15:10:46.360,129,407135,false,string-formatting,9,0,null
357,22623,22628,2008-08-22T15:12:15.340,310,194304,false,c#,11,0,null
357,22623,22628,2008-08-22T15:12:15.340,310,194304,false,.net,11,0,null
357,22623,22628,2008-08-22T15:12:15.340,310,194304,false,exception,11,0,null
357,22623,22628,2008-08-22T15:12:15.340,310,194304,false,rethrow,11,0,null
2937,27729,28512,2008-08-26T10:48:04.710,6,3801,false,apache-flex,3,0,null
2937,27729,28512,2008-08-26T10:48:04.710,6,3801,false,macos,3,0,null
2131,27733,27854,2008-08-26T10:51:34.390,1,1938,false,wpf,4,0,null
2131,27733,27854,2008-08-26T10:51:34.390,1,1938,false,winapi,4,0,null
2973,27742,27750,2008-08-26T10:56:37.717,12,8426,false,c#,2,0,null
2973,27742,27750,2008-08-26T10:56:37.717,12,8426,false,crash,2,0,null
2973,27742,27750,2008-08-26T10:56:37.717,12,8426,false,memory-dump,2,0,null
2994,27743,31556,2008-08-26T10:59:50.517,4,3610,false,ruby-on-rails,6,0,null
2994,27743,31556,2008-08-26T10:59:50.517,4,3610,false,ruby,6,0,null
2994,27743,31556,2008-08-26T10:59:50.517,4,3610,false,mongrel,6,0,null
3624,34565,null,2008-08-29T16:08:47.990,75,67236,false,ruby,23,0,null
3624,34565,null,2008-08-29T16:08:47.990,75,67236,false,random,23,0,null
26,39561,39574,2008-09-02T13:52:48.050,150,75806,false,visual-studio,8,5,null
3394,44961,44995,2008-09-04T23:24:51.883,135,32879,false,haskell,5,2,null
3394,44961,44995,2008-09-04T23:24:51.883,135,32879,false,f#,5,2,null
3394,44961,44995,2008-09-04T23:24:51.883,135,32879,false,functional-programming,5,2,null
3394,44961,44995,2008-09-04T23:24:51.883,135,32879,false,language-comparisons,5,2,null
1782,33637,33707,2008-08-28T23:29:57.607,33,294920,false,gps,2,0,null
1782,33637,33707,2008-08-28T23:29:57.607,33,294920,false,mobile-phones,2,0,null
2894,33638,33656,2008-08-28T23:30:16.780,8,761,false,database,7,0,null
2894,33638,33656,2008-08-28T23:30:16.780,8,761,false,version-control,7,0,null
2894,33638,33656,2008-08-28T23:30:16.780,8,761,false,testing,7,0,null
2894,33638,33656,2008-08-28T23:30:16.780,8,761,false,build-process,7,0,null
1679,39562,39587,2008-09-02T13:52:56.083,6,12841,false,database,5,0,null
1679,39562,39587,2008-09-02T13:52:56.083,6,12841,false,jakarta-ee,5,0,null
1679,39562,39587,2008-09-02T13:52:56.083,6,12841,false,web-applications,5,0,null
1679,39562,39587,2008-09-02T13:52:56.083,6,12841,false,multilingual,5,0,null
2644,39564,null,2008-09-02T13:53:15.550,4,2925,false,php,8,0,null
2644,39564,null,2008-09-02T13:53:15.550,4,2925,false,authentication,8,0,null
2644,39564,null,2008-09-02T13:53:15.550,4,2925,false,integration,8,0,null
2644,39564,null,2008-09-02T13:53:15.550,4,2925,false,mediawiki-extensions,8,0,null
4142,39567,9571767,2008-09-02T13:53:55.143,140,160659,false,ruby,12,0,null
4142,39567,9571767,2008-09-02T13:53:55.143,140,160659,false,arrays,12,0,null
4142,39567,9571767,2008-09-02T13:53:55.143,140,160659,false,hashmap,12,0,null
2644,27745,27755,2008-08-26T11:01:37.267,164,332581,false,regex,30,4,null
2644,27745,27755,2008-08-26T11:01:37.267,164,332581,false,language-agnostic,30,4,null
2644,27745,27755,2008-08-26T11:01:37.267,164,332581,false,url,30,4,null
null,43223,null,2008-09-04T05:40:09.917,2,1262,false,matlab,3,0,null
null,43223,null,2008-09-04T05:40:09.917,2,1262,false,simulink,3,0,null
null,43223,null,2008-09-04T05:40:09.917,2,1262,false,xpc-target,3,0,null
2646,43224,43239,2008-09-04T05:41:07.370,52,137628,false,c#,13,1,null
2646,43224,43239,2008-09-04T05:41:07.370,52,137628,false,math,13,1,null
2646,43224,43239,2008-09-04T05:41:07.370,52,137628,false,graph,13,1,null
1006,27757,27773,2008-08-26T11:08:48.933,121,159442,false,c#,5,0,null
1006,27757,27773,2008-08-26T11:08:48.933,121,159442,false,.net,5,0,null
1006,27757,27773,2008-08-26T11:08:48.933,121,159442,false,resources,5,0,null
832,27758,27825,2008-08-26T11:09:30.820,34,11973,false,.net,14,0,null
832,27758,27825,2008-08-26T11:09:30.820,34,11973,false,attributes,14,0,null
572,7846,7853,2008-08-11T15:04:21.363,8,12727,false,xml,10,0,null
3098,34571,34658,2008-08-29T16:11:09.933,3220,1257561,true,java,59,8,null
3098,34571,34658,2008-08-29T16:11:09.933,3220,1257561,true,unit-testing,59,8,null
3098,34571,34658,2008-08-29T16:11:09.933,3220,1257561,true,junit,59,8,null
3098,34571,34658,2008-08-29T16:11:09.933,3220,1257561,true,tdd,59,8,null
1463,13545,16139,2008-08-17T07:00:25.677,0,1957,false,.net,2,0,null
1463,13545,16139,2008-08-17T07:00:25.677,0,1957,false,asp.net,2,0,null
1463,13545,16139,2008-08-17T07:00:25.677,0,1957,false,.net-3.5,2,0,null
1463,13545,16139,2008-08-17T07:00:25.677,0,1957,false,crystal-reports,2,0,null
823,41934,3693293,2008-09-03T15:27:19.670,58,20478,false,eclipse,9,1,null
823,41934,3693293,2008-09-03T15:27:19.670,58,20478,false,svn,9,1,null
1958,41937,42002,2008-09-03T15:29:24.360,6,12967,false,gis,7,0,null
1958,41937,42002,2008-09-03T15:29:24.360,6,12967,false,latitude-longitude,7,0,null
1958,41937,42002,2008-09-03T15:29:24.360,6,12967,false,proj4js,7,0,null
1958,41937,42002,2008-09-03T15:29:24.360,6,12967,false,proj,7,0,null
3734,39576,39602,2008-09-02T13:56:19.413,381,845569,false,sql,9,1,null
3734,39576,39602,2008-09-02T13:56:19.413,381,845569,false,oracle,9,1,null
3734,39576,39602,2008-09-02T13:56:19.413,381,845569,false,sql-insert,9,1,null
3734,39576,39602,2008-09-02T13:56:19.413,381,845569,false,oracle9i,9,1,null
1196,39583,null,2008-09-02T13:59:38.703,31,17514,false,database,7,0,null
1196,39583,null,2008-09-02T13:59:38.703,31,17514,false,architecture,7,0,null
1196,39583,null,2008-09-02T13:59:38.703,31,17514,false,transactions,7,0,null
1219,39585,39591,2008-09-02T14:00:09.420,9,1447,false,web-services,4,0,null
1219,39585,39591,2008-09-02T14:00:09.420,9,1447,false,soap,4,0,null
1219,39585,39591,2008-09-02T14:00:09.420,9,1447,false,wsdl,4,0,null
476,3157,4449,2008-08-06T08:15:28.233,22,4031,false,apache,3,0,null
476,3157,4449,2008-08-06T08:15:28.233,22,4031,false,.htaccess,3,0,null
476,3157,4449,2008-08-06T08:15:28.233,22,4031,false,mod-rewrite,3,0,null
655,34579,null,2008-08-29T16:12:31.273,4,3101,false,mysql,2,0,null
655,34579,null,2008-08-29T16:12:31.273,4,3101,false,mysql-workbench,2,0,null
655,34579,null,2008-08-29T16:12:31.273,4,3101,false,mysql-error-1005,2,0,null
3635,34581,34587,2008-08-29T16:13:11.880,7,22327,false,html,3,1,null
3635,34581,34587,2008-08-29T16:13:11.880,7,22327,false,css,3,1,null
3635,34581,34587,2008-08-29T16:13:11.880,7,22327,false,css-float,3,1,null
3635,34581,34587,2008-08-29T16:13:11.880,7,22327,false,internet-explorer-6,3,1,null
3535,34588,34645,2008-08-29T16:14:25.417,220,574001,false,linux,4,4,null
3485,34595,null,2008-08-29T16:15:37.257,149,192217,false,algorithm,9,3,null
3485,34595,null,2008-08-29T16:15:37.257,149,192217,false,language-agnostic,9,3,null
3485,34595,null,2008-08-29T16:15:37.257,149,192217,false,hash,9,3,null
149,16413,16444,2008-08-19T15:34:41.703,133,163624,false,string,24,4,null
149,16413,16444,2008-08-19T15:34:41.703,133,163624,false,parsing,24,4,null
149,16413,16444,2008-08-19T15:34:41.703,133,163624,false,sql-server-2005,24,4,null
149,16413,16444,2008-08-19T15:34:41.703,133,163624,false,street-address,24,4,null
560,6440,6445,2008-08-08T22:32:01.243,19,12024,false,.net,6,0,null
560,6440,6445,2008-08-08T22:32:01.243,19,12024,false,redistributable,6,0,null
232,6441,6868,2008-08-08T22:33:19.960,19,3675,false,javascript,3,1,null
232,6441,6868,2008-08-08T22:33:19.960,19,3675,false,html,3,1,null
232,6441,6868,2008-08-08T22:33:19.960,19,3675,false,radio-button,3,1,null
3245,30281,32303,2008-08-27T14:30:29.987,21,11236,false,java,12,0,null
3245,30281,32303,2008-08-27T14:30:29.987,21,11236,false,frameworks,12,0,null
3245,30281,32303,2008-08-27T14:30:29.987,21,11236,false,seam,12,0,null
31505,30286,30301,2008-08-27T14:31:57.707,2,2000,false,asp.net,4,0,null
31505,30286,30301,2008-08-27T14:31:57.707,2,2000,false,user-controls,4,0,null
3242,30288,130971,2008-08-27T14:32:52.743,5,5596,false,coldfusion,7,0,null
2147,21280,21292,2008-08-21T21:54:56.317,20,1916,false,c#,6,0,null
2147,21280,21292,2008-08-21T21:54:56.317,20,1916,false,sql,6,0,null
2147,21280,21292,2008-08-21T21:54:56.317,20,1916,false,linq,6,0,null
2011,21288,21348,2008-08-21T21:56:23.210,405,178925,false,c#,12,5,null
2011,21288,21348,2008-08-21T21:56:23.210,405,178925,false,.net,12,5,null
2011,21288,21348,2008-08-21T21:56:23.210,405,178925,false,dependency-injection,12,5,null
2011,21288,21348,2008-08-21T21:56:23.210,405,178925,false,inversion-of-control,12,5,null
356,28605,28618,2008-08-26T16:59:00.107,23,61960,false,c++,15,0,null
356,28605,28618,2008-08-26T16:59:00.107,23,61960,false,c,15,0,null
356,28605,28618,2008-08-26T16:59:00.107,23,61960,false,ide,15,0,null
356,28605,28618,2008-08-26T16:59:00.107,23,61960,false,compiler-construction,15,0,null
2313,28607,null,2008-08-26T16:59:48.607,6,1190,false,c#,1,0,null
2313,28607,null,2008-08-26T16:59:48.607,6,1190,false,.net,1,0,null
2313,28607,null,2008-08-26T16:59:48.607,6,1190,false,visual-studio,1,0,null
2313,28607,null,2008-08-26T16:59:48.607,6,1190,false,exception,1,0,null
2313,28607,null,2008-08-26T16:59:48.607,6,1190,false,stack-trace,1,0,null
2492,27774,29690,2008-08-26T11:21:52.553,2,18028,false,google-sheets,5,0,null
2492,27774,29690,2008-08-26T11:21:52.553,2,18028,false,gs-vlookup,5,0,null
1075,27779,29443,2008-08-26T11:28:43.113,13,2934,false,c++,7,0,null
1075,27779,29443,2008-08-26T11:28:43.113,13,2934,false,c,7,0,null
1075,27779,29443,2008-08-26T11:28:43.113,13,2934,false,mfc,7,0,null
2078,24467,26282,2008-08-23T18:31:02.187,1,674,false,sql,1,0,null
2078,24467,26282,2008-08-23T18:31:02.187,1,674,false,nhibernate,1,0,null
2078,24467,26282,2008-08-23T18:31:02.187,1,674,false,orm,1,0,null
616,24468,24477,2008-08-23T18:33:55.287,11,8714,false,.net,4,0,null
616,24468,24477,2008-08-23T18:33:55.287,11,8714,false,security,4,0,null
2626,24470,40434,2008-08-23T18:36:33.953,131,196531,false,sql-server,7,3,null
2626,24470,40434,2008-08-23T18:36:33.953,131,196531,false,t-sql,7,3,null
2626,24470,40434,2008-08-23T18:36:33.953,131,196531,false,pivot,7,3,null
4208,40119,40285,2008-09-02T17:37:12.173,150,159975,false,java,12,2,null
4208,40119,40285,2008-09-02T17:37:12.173,150,159975,false,memory,12,2,null
4208,40119,40285,2008-09-02T17:37:12.173,150,159975,false,memory-leaks,12,2,null
4208,40119,40285,2008-09-02T17:37:12.173,150,159975,false,jhat,12,2,null
1447,34611,35741,2008-08-29T16:20:43.467,13,6154,false,python-3.x,7,0,null
1447,34611,35741,2008-08-29T16:20:43.467,13,6154,false,pygame,7,0,null
1447,34611,35741,2008-08-29T16:20:43.467,13,6154,false,libraries,7,0,null
1447,34611,35741,2008-08-29T16:20:43.467,13,6154,false,toolkit,7,0,null
1447,34611,35741,2008-08-29T16:20:43.467,13,6154,false,2d-games,7,0,null
2172,18460,18469,2008-08-20T18:04:58.233,1,662,false,asp.net,2,0,null
2172,18460,18469,2008-08-20T18:04:58.233,1,662,false,authorization,2,0,null
149,18465,18523,2008-08-20T18:06:12.880,13,1695,false,.net,5,0,null
149,18465,18523,2008-08-20T18:06:12.880,13,1695,false,parsing,5,0,null
4219,40122,40170,2008-09-02T17:38:59.470,2,1137,false,.net,5,0,null
4219,40122,40170,2008-09-02T17:38:59.470,2,1137,false,wcf,5,0,null
4219,40122,40170,2008-09-02T17:38:59.470,2,1137,false,web-services,5,0,null
4219,40122,40170,2008-09-02T17:38:59.470,2,1137,false,exception,5,0,null
4165,40125,null,2008-09-02T17:39:52.293,2,420,false,javascript,2,0,null
4165,40125,null,2008-09-02T17:39:52.293,2,420,false,firefox,2,0,null
4165,40125,null,2008-09-02T17:39:52.293,2,420,false,plugins,2,0,null
4165,40125,null,2008-09-02T17:39:52.293,2,420,false,xul,2,0,null
2313,27784,35967,2008-08-26T11:32:57.613,0,583,false,windows,3,4,null
2313,27784,35967,2008-08-26T11:32:57.613,0,583,false,bsd,3,4,null
null,9240,9502,2008-08-12T21:06:38.650,12,5339,false,architecture,9,1,null
2775,25566,null,2008-08-25T02:05:54.053,10,1901,false,sorting,8,0,null
2775,25566,null,2008-08-25T02:05:54.053,10,1901,false,big-o,8,0,null
null,30295,null,2008-08-27T14:35:20.740,3,3347,false,tomcat,2,0,null
null,30295,null,2008-08-27T14:35:20.740,3,3347,false,cluster-computing,2,0,null
179,30297,30368,2008-08-27T14:36:38.083,-2,781,false,email,2,0,null
179,30297,30368,2008-08-27T14:36:38.083,-2,781,false,hotfix,2,0,null
840,7851,null,2008-08-11T15:12:53.903,8,4899,false,php,4,0,null
840,7851,null,2008-08-11T15:12:53.903,8,4899,false,unix,4,0,null
751,7864,8215,2008-08-11T15:30:30.313,102,20798,false,ruby-on-rails,14,3,null
751,7864,8215,2008-08-11T15:30:30.313,102,20798,false,design-patterns,14,3,null
751,7864,8215,2008-08-11T15:30:30.313,102,20798,false,oop,14,3,null
751,7864,8215,2008-08-11T15:30:30.313,102,20798,false,activerecord,14,3,null
905,9256,16362,2008-08-12T21:27:40.200,5,1509,false,apache-flex,2,0,null
905,9256,16362,2008-08-12T21:27:40.200,5,1509,false,actionscript-3,2,0,null
905,9256,16362,2008-08-12T21:27:40.200,5,1509,false,firefox,2,0,null
1603,36129,36167,2008-08-30T16:51:19.220,7,21557,false,design-patterns,10,0,null
3205,36139,36156,2008-08-30T17:03:09.350,493,688241,false,python,11,1,null
3205,36139,36156,2008-08-30T17:03:09.350,493,688241,false,string,11,1,null
3205,36139,36156,2008-08-30T17:03:09.350,493,688241,false,sorting,11,1,null
1271,12368,12394,2008-08-15T15:26:41.987,45,90313,true,.net,20,0,null
1271,12368,12394,2008-08-15T15:26:41.987,45,90313,true,memory,20,0,null
1271,12368,12394,2008-08-15T15:26:41.987,45,90313,true,dispose,20,0,null
null,12369,null,2008-08-15T15:27:16.700,5,2453,false,visual-studio-2008,4,0,null
null,12369,null,2008-08-15T15:27:16.700,5,2453,false,xslt,4,0,null
null,12369,null,2008-08-15T15:27:16.700,5,2453,false,visual-sourcesafe-plugin,4,0,null
637,33664,36749,2008-08-28T23:42:14.037,33,9042,false,linq-to-sql,5,1,null
3974,39615,39664,2008-09-02T14:12:02.527,216,368946,false,command-line,7,0,null
3974,39615,39664,2008-09-02T14:12:02.527,216,368946,false,windows-xp,7,0,null
3974,39615,39664,2008-09-02T14:12:02.527,216,368946,false,batch-file,7,0,null
1130097,13550,13668,2008-08-17T07:08:41.383,2,566,false,case-tools,4,0,null
1196,39628,null,2008-09-02T14:16:32.280,9,1409,false,database,4,0,null
1196,39628,null,2008-09-02T14:16:32.280,9,1409,false,architecture,4,0,null
null,39632,null,2008-09-02T14:17:41.997,7,8263,false,xml,1,0,null
null,39632,null,2008-09-02T14:17:41.997,7,8263,false,xsd,1,0,null
863,15163,15591,2008-08-18T20:11:22.787,3,1347,false,events,4,0,null
863,15163,15591,2008-08-18T20:11:22.787,3,1347,false,vb6,4,0,null
863,15163,15591,2008-08-18T20:11:22.787,3,1347,false,treeview,4,0,null
1220,10634,10737,2008-08-14T03:36:54.790,28,6168,false,msbuild,18,2,null
1220,10634,10737,2008-08-14T03:36:54.790,28,6168,false,build-process,18,2,null
1220,10634,10737,2008-08-14T03:36:54.790,28,6168,false,build-automation,18,2,null
1220,10634,10737,2008-08-14T03:36:54.790,28,6168,false,nant,18,2,null
1220,10635,10638,2008-08-14T03:39:17.610,116,252297,false,powershell,11,0,null
147,10644,10655,2008-08-14T03:52:55.553,83,42000,false,c#,19,2,null
147,10644,10655,2008-08-14T03:52:55.553,83,42000,false,.net,19,2,null
147,10644,10655,2008-08-14T03:52:55.553,83,42000,false,profiling,19,2,null
147,10644,10655,2008-08-14T03:52:55.553,83,42000,false,profiler,19,2,null
481,13561,null,2008-08-17T08:25:46.440,3,2724,false,asp.net,2,0,null
481,13561,null,2008-08-17T08:25:46.440,3,2724,false,asp.net-mvc,2,0,null
481,13561,null,2008-08-17T08:25:46.440,3,2724,false,user-controls,2,0,null
1007,39639,67661,2008-09-02T14:19:23.040,7,2913,false,java,4,0,null
1007,39639,67661,2008-09-02T14:19:23.040,7,2913,false,spring,4,0,null
1007,39639,67661,2008-09-02T14:19:23.040,7,2913,false,spring-aop,4,0,null
519,10658,null,2008-08-14T04:07:36.150,77,67315,false,c#,9,1,null
519,10658,null,2008-08-14T04:07:36.150,77,67315,false,asp.net,9,1,null
519,10658,null,2008-08-14T04:07:36.150,77,67315,false,icalendar,9,1,null
137,13569,null,2008-08-17T09:47:22.610,342,150954,false,php,13,1,null
137,13569,null,2008-08-17T09:47:22.610,342,150954,false,mysql,13,1,null
137,13569,null,2008-08-17T09:47:22.610,342,150954,false,pdo,13,1,null
137,13569,null,2008-08-17T09:47:22.610,342,150954,false,mysqli,13,1,null
137,13569,null,2008-08-17T09:47:22.610,342,150954,false,database-abstraction,13,1,null
307,4638,4650,2008-08-07T12:31:42.413,13,4616,false,windows,3,1,null
307,4638,4650,2008-08-07T12:31:42.413,13,4616,false,winapi,3,1,null
307,4638,4650,2008-08-07T12:31:42.413,13,4616,false,moniker,3,1,null
3394,44965,null,2008-09-04T23:26:44.767,1689,329399,true,haskell,48,16,null
3394,44965,null,2008-09-04T23:26:44.767,1689,329399,true,functional-programming,48,16,null
3394,44965,null,2008-09-04T23:26:44.767,1689,329399,true,monads,48,16,null
3394,44965,null,2008-09-04T23:26:44.767,1689,329399,true,terminology,48,16,null
4037,39648,339784,2008-09-02T14:22:16.497,43,28219,false,visual-studio,8,0,null
4037,39648,339784,2008-09-02T14:22:16.497,43,28219,false,gui-designer,8,0,null
4161,39651,39862,2008-09-02T14:22:44.390,96,37645,false,git,4,0,null
713,19445,26105,2008-08-21T07:29:46.990,0,1175,false,content-management-system,13,0,null
713,19445,26105,2008-08-21T07:29:46.990,0,1175,false,content-management,13,0,null
713,19445,26105,2008-08-21T07:29:46.990,0,1175,false,ecm,13,0,null
1043,19448,19495,2008-08-21T07:33:10.867,1,1223,false,graphics,4,0,null
1043,19448,19495,2008-08-21T07:33:10.867,1,1223,false,directx,4,0,null
1043,19448,19495,2008-08-21T07:33:10.867,1,1223,false,directdraw,4,0,null
1043,19448,19495,2008-08-21T07:33:10.867,1,1223,false,dds-format,4,0,null
null,7873,null,2008-08-11T15:37:30.983,1,452,false,asp.net,2,0,null
null,7873,null,2008-08-11T15:37:30.983,1,452,false,webforms,2,0,null
2688,41948,41960,2008-09-03T15:34:39.137,124,159049,false,javascript,18,1,null
2688,41948,41960,2008-09-03T15:34:39.137,124,159049,false,date,18,1,null
3394,39661,null,2008-09-02T14:26:49.713,3,903,false,.net,5,0,null
3394,39661,null,2008-09-02T14:26:49.713,3,903,false,sql-server,5,0,null
1127460,39662,39814,2008-09-02T14:26:50.633,1,715,false,tfs,3,0,null
2587612,39663,39760,2008-09-02T14:28:40.600,27,14017,false,python,2,0,null
2587612,39663,39760,2008-09-02T14:28:40.600,27,14017,false,udp,2,0,null
2587612,39663,39760,2008-09-02T14:28:40.600,27,14017,false,bit,2,0,null
2587612,39663,39760,2008-09-02T14:28:40.600,27,14017,false,bit-fields,2,0,null
209,10661,11290,2008-08-14T04:16:18.610,6,350,false,c#,2,0,null
209,10661,11290,2008-08-14T04:16:18.610,6,350,false,asp.net,2,0,null
209,10661,11290,2008-08-14T04:16:18.610,6,350,false,asp.net-mvc,2,0,null
209,10661,11290,2008-08-14T04:16:18.610,6,350,false,outputcache,2,0,null
1114,10668,null,2008-08-14T04:31:32.903,25,21493,false,c,8,6,null
1114,10668,null,2008-08-14T04:31:32.903,25,21493,false,macos,8,6,null
1114,10668,null,2008-08-14T04:31:32.903,25,21493,false,memory,8,6,null
1114,10668,null,2008-08-14T04:31:32.903,25,21493,false,ptrace,8,6,null
209,10670,10714,2008-08-14T04:35:16.810,9,2506,false,c#,1,0,null
209,10670,10714,2008-08-14T04:35:16.810,9,2506,false,.net-3.5,1,0,null
209,10670,10714,2008-08-14T04:35:16.810,9,2506,false,.net-2.0,1,0,null
209,10670,10714,2008-08-14T04:35:16.810,9,2506,false,remoting,1,0,null
209,10670,10714,2008-08-14T04:35:16.810,9,2506,false,rpc,1,0,null
194,1790,2017,2008-08-05T01:27:34.610,20,3208,false,svn,5,0,null
194,1790,2017,2008-08-05T01:27:34.610,20,3208,false,version-control,5,0,null
3288,36144,null,2008-08-30T17:05:14.710,6,5403,false,javascript,3,0,null
3288,36144,null,2008-08-30T17:05:14.710,6,5403,false,firefox,3,0,null
3288,36144,null,2008-08-30T17:05:14.710,6,5403,false,xul,3,0,null
3288,36144,null,2008-08-30T17:05:14.710,6,5403,false,ubiquity,3,0,null
3288,36152,36165,2008-08-30T17:09:16.823,2,842,false,ubiquity,3,0,null
3085,30302,30551,2008-08-27T14:38:39.327,12,10860,false,c#,2,0,null
3085,30302,30551,2008-08-27T14:38:39.327,12,10860,false,asp.net,2,0,null
3085,30302,30551,2008-08-27T14:38:39.327,12,10860,false,asp.net-mvc,2,0,null
3085,30302,30551,2008-08-27T14:38:39.327,12,10860,false,routes,2,0,null
305,30307,30313,2008-08-27T14:40:38.853,-1,1487,false,php,4,0,null
305,30307,30313,2008-08-27T14:40:38.853,-1,1487,false,directory,4,0,null
3085,30310,540583,2008-08-27T14:41:31.443,78,26024,false,asp.net-mvc,9,2,null
58,90,1466832,2008-08-01T14:41:24.277,163,56424,false,svn,3,0,null
58,90,1466832,2008-08-01T14:41:24.277,163,56424,false,tortoisesvn,3,0,null
58,90,1466832,2008-08-01T14:41:24.277,163,56424,false,branch,3,0,null
58,90,1466832,2008-08-01T14:41:24.277,163,56424,false,branching-and-merging,3,0,null
39,104,112,2008-08-01T15:12:34.837,181,15291,false,.net,15,0,null
39,104,112,2008-08-01T15:12:34.837,181,15291,false,performance,15,0,null
39,104,112,2008-08-01T15:12:34.837,181,15291,false,memory-leaks,15,0,null
39,104,112,2008-08-01T15:12:34.837,181,15291,false,com-interop,15,0,null
1078,12374,25204,2008-08-15T15:29:14.837,37,7437,false,sql,16,0,null
1078,12374,25204,2008-08-15T15:29:14.837,37,7437,false,unit-testing,16,0,null
1078,12374,25204,2008-08-15T15:29:14.837,37,7437,false,linq-to-sql,16,0,null
1084,10680,10686,2008-08-14T04:53:45.620,24,13749,false,c,5,0,null
1084,10680,10686,2008-08-14T04:53:45.620,24,13749,false,linux,5,0,null
22,3163,10030,2008-08-06T08:33:53.097,24,33994,false,apache-flex,7,0,null
22,3163,10030,2008-08-06T08:33:53.097,24,33994,false,actionscript-3,7,0,null
4231,39669,null,2008-09-02T14:32:42.977,2,2259,false,memory-management,1,0,null
4231,39669,null,2008-09-02T14:32:42.977,2,2259,false,websphere,1,0,null
997,39674,39790,2008-09-02T14:33:47.403,5,812,false,sql-server,2,0,null
997,39674,39790,2008-09-02T14:33:47.403,5,812,false,t-sql,2,0,null
997,39674,39790,2008-09-02T14:33:47.403,5,812,false,text,2,0,null
997,39674,39790,2008-09-02T14:33:47.403,5,812,false,cursors,2,0,null
3233,30318,4155764,2008-08-27T14:43:31.983,9,3880,false,user-interface,13,0,null
3233,30318,4155764,2008-08-27T14:43:31.983,9,3880,false,shell,13,0,null
3233,30318,4155764,2008-08-27T14:43:31.983,9,3880,false,terminal,13,0,null
2098,30319,30324,2008-08-27T14:44:02.373,128,22823,false,javascript,12,0,null
2098,30319,30324,2008-08-27T14:44:02.373,128,22823,false,html,12,0,null
2098,30319,30324,2008-08-27T14:44:02.373,128,22823,false,noscript,12,0,null
982,30321,30326,2008-08-27T14:44:25.240,2,317,false,vb.net,3,0,null
982,30321,30326,2008-08-27T14:44:25.240,2,317,false,resources,3,0,null
4642,44973,44986,2008-09-04T23:29:54.650,3,2174,false,rubygems,3,0,null
4642,44973,44986,2008-09-04T23:29:54.650,3,2174,false,ironruby,3,0,null
1588,44980,604042,2008-09-04T23:37:56.207,115,50607,false,c#,8,0,null
1588,44980,604042,2008-09-04T23:37:56.207,115,50607,false,windows,8,0,null
30,1829,1852,2008-08-05T02:39:23.140,27,14833,false,python,4,0,null
831,31790,31798,2008-08-28T07:28:17.857,10,16714,false,wcf,4,0,null
831,31790,31798,2008-08-28T07:28:17.857,10,16714,false,web-services,4,0,null
2121,31794,31796,2008-08-28T07:31:48.580,6,2659,false,c#,5,0,null
2121,31794,31796,2008-08-28T07:31:48.580,6,2659,false,.net,5,0,null
2121,31794,31796,2008-08-28T07:31:48.580,6,2659,false,.net-2.0,5,0,null
1146,9272,971143,2008-08-12T21:44:32.070,93,50008,false,version-control,16,4,null
1146,9272,971143,2008-08-12T21:44:32.070,93,50008,false,language-agnostic,16,4,null
1146,9272,971143,2008-08-12T21:44:32.070,93,50008,false,perforce,16,4,null
1596,13578,13600,2008-08-17T10:22:25.877,9,30751,false,windows,5,0,null
1463,44989,44991,2008-09-04T23:48:17.960,10,5538,false,c#,2,0,null
1463,44989,44991,2008-09-04T23:48:17.960,10,5538,false,linq,2,0,null
3249,30328,30685,2008-08-27T14:46:28.043,33,59702,false,c#,5,1,null
3249,30328,30685,2008-08-27T14:46:28.043,33,59702,false,ocr,5,1,null
3249,30328,30685,2008-08-27T14:46:28.043,33,59702,false,tesseract,5,1,null
2881,30337,null,2008-08-27T14:47:46.607,9,1410,false,java,2,1,null
2881,30337,null,2008-08-27T14:47:46.607,9,1410,false,deployment,2,1,null
116,10727,10818,2008-08-14T06:07:53.347,3,1057,false,sql,5,0,null
116,10727,10818,2008-08-14T06:07:53.347,3,1057,false,cursors,5,0,null
116,10731,10820,2008-08-14T06:10:25.013,8,6280,false,sql-server,7,0,null
116,10731,10820,2008-08-14T06:10:25.013,8,6280,false,security,7,0,null
116,10731,10820,2008-08-14T06:10:25.013,8,6280,false,passwords,7,0,null
4114,39691,39970,2008-09-02T14:41:22.050,34,6752,true,javascript,8,1,null
4114,39691,39970,2008-09-02T14:41:22.050,34,6752,true,unit-testing,8,1,null
432,7880,7886,2008-08-11T15:50:51.660,57,215989,false,c++,9,2,null
432,7880,7886,2008-08-11T15:50:51.660,57,215989,false,file,9,2,null
432,7880,7886,2008-08-11T15:50:51.660,57,215989,false,io,9,2,null
1030,7884,7892,2008-08-11T15:56:42.973,48,23048,false,t-sql,4,2,null
1030,7884,7892,2008-08-11T15:56:42.973,48,23048,false,indexing,4,2,null
1030,7884,7892,2008-08-11T15:56:42.973,48,23048,false,inequality,4,2,null
432,7885,8668,2008-08-11T15:57:35.047,13,6766,false,perl,7,0,null
432,7885,8668,2008-08-11T15:57:35.047,13,6766,false,oop,7,0,null
432,7885,8668,2008-08-11T15:57:35.047,13,6766,false,syntax,7,0,null
122,10752,null,2008-08-14T06:27:57.207,354,65331,false,unit-testing,21,0,null
122,10752,null,2008-08-14T06:27:57.207,354,65331,false,integration-testing,21,0,null
72,108,111,2008-08-01T15:22:29.467,52,16513,false,windows,8,0,null
72,108,111,2008-08-01T15:22:29.467,52,16513,false,svn,8,0,null
72,108,111,2008-08-01T15:22:29.467,52,16513,false,64-bit,8,0,null
71,109,2585,2008-08-01T15:23:05.190,68,6199,false,c#,2,3,null
71,109,2585,2008-08-01T15:23:05.190,68,6199,false,sql,2,3,null
71,109,2585,2008-08-01T15:23:05.190,68,6199,false,vb.net,2,3,null
71,109,2585,2008-08-01T15:23:05.190,68,6199,false,ascii,2,3,null
71,109,2585,2008-08-01T15:23:05.190,68,6199,false,hex,2,3,null
null,39704,null,2008-09-02T14:48:28.820,4,5253,false,event-handling,4,0,null
null,39704,null,2008-09-02T14:48:28.820,4,5253,false,wmi,4,0,null
481,10782,10786,2008-08-14T07:21:12.653,2,8354,false,asp.net,2,0,null
481,10782,10786,2008-08-14T07:21:12.653,2,8354,false,iis-7,2,0,null
481,10782,10786,2008-08-14T07:21:12.653,2,8354,false,.net-2.0,2,0,null
4231,39712,41600,2008-09-02T14:53:11.990,5,1438,false,visual-studio,10,1,null
4231,39712,41600,2008-09-02T14:53:11.990,5,1438,false,formatting,10,1,null
1269,10793,12055,2008-08-14T08:06:59.457,5,4933,false,asp.net,7,0,null
1269,10793,12055,2008-08-14T08:06:59.457,5,4933,false,exception,7,0,null
1269,10793,12055,2008-08-14T08:06:59.457,5,4933,false,user-controls,7,0,null
4140,39727,null,2008-09-02T15:00:08.963,2,4031,true,c#,2,0,null
4140,39727,null,2008-09-02T15:00:08.963,2,4031,true,.net,2,0,null
4140,39727,null,2008-09-02T15:00:08.963,2,4031,true,namespaces,2,0,null
2047,39728,176467,2008-09-02T15:00:15.420,3,1095,false,visual-studio-2008,3,0,null
2047,39728,176467,2008-09-02T15:00:15.420,3,1095,false,tfs,3,0,null
2047,39728,176467,2008-09-02T15:00:15.420,3,1095,false,msbuild,3,0,null
2047,39728,176467,2008-09-02T15:00:15.420,3,1095,false,visual-studio-2005,3,0,null
2047,39728,176467,2008-09-02T15:00:15.420,3,1095,false,tfs-migration,3,0,null
4264,39734,39966,2008-09-02T15:02:21.860,9,7526,false,windows,2,1,null
4264,39734,39966,2008-09-02T15:02:21.860,9,7526,false,user-interface,2,1,null
4264,39734,39966,2008-09-02T15:02:21.860,9,7526,false,windows-shell,2,1,null
1122,39735,40120,2008-09-02T15:02:25.807,5,5200,false,c#,4,0,null
1122,39735,40120,2008-09-02T15:02:25.807,5,5200,false,asp.net-mvc,4,0,null
1122,39735,40120,2008-09-02T15:02:25.807,5,5200,false,ajax,4,0,null
1122,39735,40120,2008-09-02T15:02:25.807,5,5200,false,controls,4,0,null
841,10808,3867490,2008-08-14T08:30:27.570,35,30778,false,ruby-on-rails,5,0,null
841,10808,3867490,2008-08-14T08:30:27.570,35,30778,false,ruby,5,0,null
966,10810,12106,2008-08-14T08:38:24.760,4,3023,false,c#,2,0,null
966,10810,12106,2008-08-14T08:38:24.760,4,3023,false,winforms,2,0,null
966,10810,12106,2008-08-14T08:38:24.760,4,3023,false,authorization,2,0,null
966,10810,12106,2008-08-14T08:38:24.760,4,3023,false,adam,2,0,null
966,10810,12106,2008-08-14T08:38:24.760,4,3023,false,azman,2,0,null
282,39739,40350,2008-09-02T15:04:06.707,8,8008,false,asp.net,2,0,null
282,39739,40350,2008-09-02T15:04:06.707,8,8008,false,visual-studio,2,0,null
282,39739,40350,2008-09-02T15:04:06.707,8,8008,false,debugging,2,0,null
282,39739,40350,2008-09-02T15:04:06.707,8,8008,false,asp-classic,2,0,null
4161,39742,39947,2008-09-02T15:05:22.150,39,22679,false,svn,5,0,null
4161,39742,39947,2008-09-02T15:05:22.150,39,22679,false,git,5,0,null
4161,39742,39947,2008-09-02T15:05:22.150,39,22679,false,version-control,5,0,null
2894,39744,39765,2008-09-02T15:05:47.077,0,4017,false,vb.net,1,0,null
2894,39744,39765,2008-09-02T15:05:47.077,0,4017,false,configuration-files,1,0,null
2894,39744,39765,2008-09-02T15:05:47.077,0,4017,false,.net-1.1,1,0,null
4264,39746,224136,2008-09-02T15:06:17.467,12,6100,false,mercurial,8,1,null
4264,39746,224136,2008-09-02T15:06:17.467,12,6100,false,tortoisehg,8,1,null
4264,39746,224136,2008-09-02T15:06:17.467,12,6100,false,vista64,8,1,null
1512,40132,40142,2008-09-02T17:44:32.313,2,464,false,c#,4,0,null
3720,40133,40156,2008-09-02T17:45:39.020,3,4314,false,apache,4,0,null
3720,40133,40156,2008-09-02T17:45:39.020,3,4314,false,templates,4,0,null
3720,40133,40156,2008-09-02T17:45:39.020,3,4314,false,filtering,4,0,null
3720,40133,40156,2008-09-02T17:45:39.020,3,4314,false,ssi,4,0,null
4263,39753,null,2008-09-02T15:11:50.060,90,100791,false,php,9,3,null
4263,39753,null,2008-09-02T15:11:50.060,90,100791,false,connection-pooling,9,3,null
184,39758,39778,2008-09-02T15:12:55.033,18,1992,false,google-chrome,17,0,null
224,10819,2663232,2008-08-14T09:01:37.663,67,26118,false,sql,8,5,null
224,10819,2663232,2008-08-14T09:01:37.663,67,26118,false,sql-server,8,5,null
1271,10822,10824,2008-08-14T09:09:52.607,5,1173,false,.net,2,2,null
1271,10822,10824,2008-08-14T09:09:52.607,5,1173,false,database,2,2,null
1271,10822,10824,2008-08-14T09:09:52.607,5,1173,false,connection,2,2,null
1271,10822,10824,2008-08-14T09:09:52.607,5,1173,false,connection-string,2,2,null
993,10825,10826,2008-08-14T09:14:07.683,53,270044,false,sql-server,18,0,null
993,10825,10826,2008-08-14T09:14:07.683,53,270044,false,database,18,0,null
993,10825,10826,2008-08-14T09:14:07.683,53,270044,false,t-sql,18,0,null
993,10825,10826,2008-08-14T09:14:07.683,53,270044,false,datetime,18,0,null
572,39770,39786,2008-09-02T15:17:16.020,2,321,false,svn,3,0,null
572,39770,39786,2008-09-02T15:17:16.020,2,321,false,tags,3,0,null
572,39770,39786,2008-09-02T15:17:16.020,2,321,false,cvs,3,0,null
2469,39771,39776,2008-09-02T15:17:22.680,675,270400,false,language-agnostic,25,20,null
2469,39771,39776,2008-09-02T15:17:22.680,675,270400,false,guid,25,20,null
1679,39772,39797,2008-09-02T15:18:05.300,4,4515,false,encryption,5,0,null
1679,39772,39797,2008-09-02T15:18:05.300,4,4515,false,web-applications,5,0,null
1679,39772,39797,2008-09-02T15:18:05.300,4,4515,false,privacy,5,0,null
4267,39777,91543,2008-09-02T15:19:33.067,0,1398,false,sql,1,0,null
4267,39777,91543,2008-09-02T15:19:33.067,0,1398,false,oracle,1,0,null
4267,39777,91543,2008-09-02T15:19:33.067,0,1398,false,database-design,1,0,null
null,10848,null,2008-08-14T09:51:06.207,546,306630,false,ios,18,3,null
null,10848,null,2008-08-14T09:51:06.207,546,306630,false,objective-c,18,3,null
null,10848,null,2008-08-14T09:51:06.207,546,306630,false,cocoa-touch,18,3,null
null,10848,null,2008-08-14T09:51:06.207,546,306630,false,sms,18,3,null
445,10855,11593,2008-08-14T10:08:27.123,1148,1138519,false,c#,22,5,null
445,10855,11593,2008-08-14T10:08:27.123,1148,1138519,false,.net,22,5,null
445,10855,11593,2008-08-14T10:08:27.123,1148,1138519,false,linq,22,5,null
445,10855,11593,2008-08-14T10:08:27.123,1148,1138519,false,datatable,22,5,null
445,10855,11593,2008-08-14T10:08:27.123,1148,1138519,false,.net-3.5,22,5,null
377,10860,10875,2008-08-14T10:23:05.657,9,3543,false,.net,6,0,null
377,10860,10875,2008-08-14T10:23:05.657,9,3543,false,n-tier-architecture,6,0,null
1284,39780,39820,2008-09-02T15:19:50.587,3,3492,false,sql-server,2,0,null
1284,39780,39820,2008-09-02T15:19:50.587,3,3492,false,ssis,2,0,null
1109,10870,null,2008-08-14T10:32:52.610,5,5171,false,actionscript-3,5,0,null
1109,10870,null,2008-08-14T10:32:52.610,5,5171,false,apache-flex,5,0,null
1109,10870,null,2008-08-14T10:32:52.610,5,5171,false,drag-and-drop,5,0,null
4224,39792,39807,2008-09-02T15:22:57.007,8,3415,false,php,8,0,null
4224,39792,39807,2008-09-02T15:22:57.007,8,3415,false,sql,8,0,null
4224,39792,39807,2008-09-02T15:22:57.007,8,3415,false,where-clause,8,0,null
1384652,10872,10882,2008-08-14T10:34:05.073,3,1159,false,language-agnostic,8,0,null
832,31799,31810,2008-08-28T07:36:40.020,4,3347,false,xml,3,0,null
832,31799,31810,2008-08-28T07:36:40.020,4,3347,false,inheritance,3,0,null
832,31799,31810,2008-08-28T07:36:40.020,4,3347,false,serialization,3,0,null
832,31799,31810,2008-08-28T07:36:40.020,4,3347,false,.net-2.0,3,0,null
2670,31800,31825,2008-08-28T07:36:46.383,4,485,false,language-agnostic,3,0,null
2670,31800,31825,2008-08-28T07:36:46.383,4,485,false,http,3,0,null
2670,31800,31825,2008-08-28T07:36:46.383,4,485,false,rest,3,0,null
1493,31812,null,2008-08-28T07:47:37.777,0,720,false,ms-access,2,0,null
1493,31812,null,2008-08-28T07:47:37.777,0,720,false,serialization,2,0,null
1493,31812,null,2008-08-28T07:47:37.777,0,720,false,oledb,2,0,null
3353,31818,31820,2008-08-28T07:54:27.467,13,45837,false,sql-server,2,0,null
1428,31826,31841,2008-08-28T08:01:12.690,15,1972,false,xml,4,1,null
1428,31826,31841,2008-08-28T08:01:12.690,15,1972,false,algorithm,4,1,null
1428,31826,31841,2008-08-28T08:01:12.690,15,1972,false,performance,4,1,null
2644,31834,null,2008-08-28T08:12:42.507,4,2992,false,blender,4,0,null
3360,31840,null,2008-08-28T08:20:44.047,151,85189,false,java,7,1,null
3360,31840,null,2008-08-28T08:20:44.047,151,85189,false,logging,7,1,null
3360,31840,null,2008-08-28T08:20:44.047,151,85189,false,log4j,7,1,null
3360,31840,null,2008-08-28T08:20:44.047,151,85189,false,java.util.logging,7,1,null
2964,31847,31858,2008-08-28T08:30:27.830,9,2808,false,xml,1,0,null
2964,31847,31858,2008-08-28T08:30:27.830,9,2808,false,xsd,1,0,null
2964,31847,31858,2008-08-28T08:30:27.830,9,2808,false,schema,1,0,null
3023,31849,32086,2008-08-28T08:34:09.087,3,10553,false,apache-flex,4,0,null
3023,31849,32086,2008-08-28T08:34:09.087,3,10553,false,air,4,0,null
1695,31854,null,2008-08-28T08:38:04.660,2,12297,false,.net,2,0,null
1695,31854,null,2008-08-28T08:38:04.660,2,12297,false,interop,2,0,null
1695,31854,null,2008-08-28T08:38:04.660,2,12297,false,marshalling,2,0,null
2452,31865,31896,2008-08-28T08:50:20.933,1,3265,false,security,3,2,null
2452,31865,31896,2008-08-28T08:50:20.933,1,3265,false,internet-explorer,3,2,null
2452,31865,31896,2008-08-28T08:50:20.933,1,3265,false,activex,3,2,null
2452,31865,31896,2008-08-28T08:50:20.933,1,3265,false,intranet,3,2,null
1104,9275,9325,2008-08-12T21:47:45.277,2,10120,false,sql-server,4,0,null
1104,9275,9325,2008-08-12T21:47:45.277,2,10120,false,visual-studio,4,0,null
1104,9275,9325,2008-08-12T21:47:45.277,2,10120,false,sql-server-2008,4,0,null
1104,9275,9325,2008-08-12T21:47:45.277,2,10120,false,reporting-services,4,0,null
1104,9275,9325,2008-08-12T21:47:45.277,2,10120,false,odbc,4,0,null
302,9279,9287,2008-08-12T21:56:10.050,45,42224,false,linux,18,2,null
302,9279,9287,2008-08-12T21:56:10.050,45,42224,false,macos,18,2,null
302,9279,9287,2008-08-12T21:56:10.050,45,42224,false,ssh,18,2,null
302,9279,9287,2008-08-12T21:56:10.050,45,42224,false,sftp,18,2,null
3333,36182,36397,2008-08-30T17:25:40.870,1,986,false,gis,2,0,null
3333,36182,36397,2008-08-30T17:25:40.870,1,986,false,postgis,2,0,null
2993,30342,31734,2008-08-27T14:49:44.747,2,568,false,jquery,1,0,null
2993,30342,31734,2008-08-27T14:49:44.747,2,568,false,ajax,1,0,null
3211,30346,30360,2008-08-27T14:50:58.643,4,1814,false,html,5,0,null
3211,30346,30360,2008-08-27T14:50:58.643,4,1814,false,css,5,0,null
3211,30346,30360,2008-08-27T14:50:58.643,4,1814,false,xhtml,5,0,null
3211,30346,30360,2008-08-27T14:50:58.643,4,1814,false,internet-explorer-6,5,0,null
486,10877,486662,2008-08-14T10:42:32.013,137,148615,false,html,17,1,null
486,10877,486662,2008-08-14T10:42:32.013,137,148615,false,css,17,1,null
486,10877,486662,2008-08-14T10:42:32.013,137,148615,false,html-lists,17,1,null
486,10877,486662,2008-08-14T10:42:32.013,137,148615,false,roman-numerals,17,1,null
1007,10880,10890,2008-08-14T10:42:59.627,39,23094,false,c++,5,0,null
1007,10880,10890,2008-08-14T10:42:59.627,39,23094,false,emacs,5,0,null
863,30354,30679,2008-08-27T14:54:52.423,10,21769,false,vb6,8,0,null
863,30354,30679,2008-08-27T14:54:52.423,10,21769,false,memory-leaks,8,0,null
1075,10891,10914,2008-08-14T11:05:21.743,4,3836,false,sql-server,1,2,null
1075,10891,10914,2008-08-14T11:05:21.743,4,3836,false,mfc,1,2,null
2289,36183,36191,2008-08-30T17:26:09.230,29,17575,false,javascript,4,0,null
2289,36183,36191,2008-08-30T17:26:09.230,29,17575,false,regex,4,0,null
3747,36186,619713,2008-08-30T17:31:20.030,10,18680,false,versioning,5,0,null
3747,36186,619713,2008-08-30T17:31:20.030,10,18680,false,photoshop,5,0,null
162,10898,21550,2008-08-14T11:18:39.113,5,2158,false,sql-server,3,0,null
162,10898,21550,2008-08-14T11:18:39.113,5,2158,false,db2,3,0,null
1169,10901,11004,2008-08-14T11:26:02.733,12,4251,false,c#,6,1,null
1169,10901,11004,2008-08-14T11:26:02.733,12,4251,false,c++,6,1,null
1169,10901,11004,2008-08-14T11:26:02.733,12,4251,false,winforms,6,1,null
1169,10901,11004,2008-08-14T11:26:02.733,12,4251,false,mfc,6,1,null
1169,10901,11004,2008-08-14T11:26:02.733,12,4251,false,user-interface,6,1,null
2328,30373,30420,2008-08-27T15:03:00.173,76,18681,true,c++,29,3,null
2328,30373,30420,2008-08-27T15:03:00.173,76,18681,true,stl,29,3,null
2349,30379,30394,2008-08-27T15:05:51.650,3,1559,false,iis,2,0,null
2349,30379,30394,2008-08-27T15:05:51.650,3,1559,false,replication,2,0,null
2349,30379,30394,2008-08-27T15:05:51.650,3,1559,false,webserver,2,0,null
905,10905,10907,2008-08-14T11:30:54.970,33,14418,false,c#,4,0,null
905,10905,10907,2008-08-14T11:30:54.970,33,14418,false,.net,4,0,null
905,10905,10907,2008-08-14T11:30:54.970,33,14418,false,winforms,4,0,null
1284,10915,11164,2008-08-14T11:56:29.550,3,14538,false,c#,6,0,null
1284,10915,11164,2008-08-14T11:56:29.550,3,14538,false,nhibernate,6,0,null
383,10919,10922,2008-08-14T12:07:27.750,8,2499,false,sql-server,2,0,null
383,10919,10922,2008-08-14T12:07:27.750,8,2499,false,fillfactor,2,0,null
1290,10926,null,2008-08-14T12:27:00.003,1,13359,false,apache-flex,4,0,null
1290,10926,null,2008-08-14T12:27:00.003,1,13359,false,actionscript-3,4,0,null
1290,10926,null,2008-08-14T12:27:00.003,1,13359,false,e4x,4,0,null
905,10933,10988,2008-08-14T12:37:21.013,10,4679,false,.net,6,0,null
905,10933,10988,2008-08-14T12:37:21.013,10,4679,false,asp.net,6,0,null
905,10933,10988,2008-08-14T12:37:21.013,10,4679,false,svn,6,0,null
1100,10935,10969,2008-08-14T12:41:43.190,0,666,false,exception,4,0,null
1100,10935,10969,2008-08-14T12:41:43.190,0,666,false,com,4,0,null
1100,10935,10969,2008-08-14T12:41:43.190,0,666,false,dll,4,0,null
1100,10935,10969,2008-08-14T12:41:43.190,0,666,false,trace,4,0,null
987,10949,null,2008-08-14T12:49:03.440,11,4534,false,c#,6,0,null
987,10949,null,2008-08-14T12:49:03.440,11,4534,false,.net,6,0,null
987,10949,null,2008-08-14T12:49:03.440,11,4534,false,unit-testing,6,0,null
96,10980,16662,2008-08-14T13:16:37.580,10,2201,false,java,3,0,null
96,10980,16662,2008-08-14T13:16:37.580,10,2201,false,.net,3,0,null
96,10980,16662,2008-08-14T13:16:37.580,10,2201,false,ikvm,3,0,null
96,10980,16662,2008-08-14T13:16:37.580,10,2201,false,gnu-classpath,3,0,null
1304,10985,11299,2008-08-14T13:19:08.073,32,10580,false,c++,9,2,null
1304,10985,11299,2008-08-14T13:19:08.073,32,10580,false,stack,9,2,null
1304,10985,11299,2008-08-14T13:19:08.073,32,10580,false,heap-memory,9,2,null
1153,10990,11005,2008-08-14T13:22:25.743,60,123060,false,php,8,0,null
1153,10990,11005,2008-08-14T13:22:25.743,60,123060,false,apache,8,0,null
1153,10990,11005,2008-08-14T13:22:25.743,60,123060,false,upload,8,0,null
1122,10999,11034,2008-08-14T13:27:40.523,5,1998,false,visual-studio,3,3,null
1122,10999,11034,2008-08-14T13:27:40.523,5,1998,false,tfs,3,3,null
287,27818,478654,2008-08-26T11:54:35.283,11,8944,false,dependencies,8,1,null
287,27818,478654,2008-08-26T11:54:35.283,11,8944,false,osgi,8,1,null
287,27818,478654,2008-08-26T11:54:35.283,11,8944,false,build,8,1,null
1344,13586,13605,2008-08-17T11:12:51.813,5,1166,false,performance,4,1,null
1344,13586,13605,2008-08-17T11:12:51.813,5,1166,false,language-agnostic,4,1,null
1344,13586,13605,2008-08-17T11:12:51.813,5,1166,false,language-features,4,1,null
1344,13586,13605,2008-08-17T11:12:51.813,5,1166,false,interpreted-language,4,1,null
91,13589,32081,2008-08-17T11:40:38.963,2,5723,false,asp.net,4,0,null
91,13589,32081,2008-08-17T11:40:38.963,2,5723,false,ajax,4,0,null
2470,30397,null,2008-08-27T15:11:38.733,7,13739,false,javascript,2,1,null
2470,30397,null,2008-08-27T15:11:38.733,7,13739,false,sharepoint,2,1,null
2470,30397,null,2008-08-27T15:11:38.733,7,13739,false,moss,2,1,null
2470,30397,null,2008-08-27T15:11:38.733,7,13739,false,document-library,2,1,null
305,46124,46126,2008-09-05T15:58:13.913,8,726,false,css,4,0,null
305,46124,46126,2008-09-05T15:58:13.913,8,726,false,browser,4,0,null
305,46124,46126,2008-09-05T15:58:13.913,8,726,false,conditional-statements,4,0,null
null,46125,46141,2008-09-05T15:58:16.550,39,26454,false,xml,3,0,null
null,46125,46141,2008-09-05T15:58:16.550,39,26454,false,xpath,3,0,null
1946,46130,47308,2008-09-05T16:01:35.887,5,386,false,c#,2,0,null
1946,46130,47308,2008-09-05T16:01:35.887,5,386,false,.net,2,0,null
1946,46130,47308,2008-09-05T16:01:35.887,5,386,false,linq,2,0,null
1946,46130,47308,2008-09-05T16:01:35.887,5,386,false,lambda,2,0,null
4231,46133,null,2008-09-05T16:03:46.537,2,765,false,pdf,3,0,null
4231,46133,null,2008-09-05T16:03:46.537,2,765,false,adobe-reader,3,0,null
1409,46136,46184,2008-09-05T16:04:36.580,6,1047,false,apache-flex,5,0,null
1409,46136,46184,2008-09-05T16:04:36.580,6,1047,false,flash,5,0,null
1409,46136,46184,2008-09-05T16:04:36.580,6,1047,false,actionscript-3,5,0,null
1409,46136,46184,2008-09-05T16:04:36.580,6,1047,false,porting,5,0,null
4792,46146,null,2008-09-05T16:08:18.727,7,21801,false,java,6,1,null
4792,46146,null,2008-09-05T16:08:18.727,7,21801,false,regex,6,1,null
1220,46147,46196,2008-09-05T16:08:19.007,5,3117,false,css,7,0,null
1220,46147,46196,2008-09-05T16:08:19.007,5,3117,false,safari,7,0,null
1220,46147,46196,2008-09-05T16:08:19.007,5,3117,false,google-chrome,7,0,null
1220,46147,46196,2008-09-05T16:08:19.007,5,3117,false,webkit,7,0,null
3381,46149,null,2008-09-05T16:08:51.767,1,303,false,build-process,3,0,null
3381,46149,null,2008-09-05T16:08:51.767,1,303,false,automation,3,0,null
3381,46149,null,2008-09-05T16:08:51.767,1,303,false,code-generation,3,0,null
3381,46149,null,2008-09-05T16:08:51.767,1,303,false,nant,3,0,null
4204,43243,null,2008-09-04T06:12:45.860,12,1922,false,asp.net-mvc,0,0,null
1865,43249,43767,2008-09-04T06:27:26.807,148,151983,false,sql-server,5,3,null
1865,43249,43767,2008-09-04T06:27:26.807,148,151983,false,t-sql,5,3,null
1865,43249,43767,2008-09-04T06:27:26.807,148,151983,false,stored-procedures,5,3,null
832,19454,19455,2008-08-21T07:49:56.083,18,4966,false,c#,5,0,null
832,19454,19455,2008-08-21T07:49:56.083,18,4966,false,xml,5,0,null
832,19454,19455,2008-08-21T07:49:56.083,18,4966,false,serialization,5,0,null
832,19454,19455,2008-08-21T07:49:56.083,18,4966,false,coding-style,5,0,null
832,19454,19455,2008-08-21T07:49:56.083,18,4966,false,.net-attributes,5,0,null
2627,24481,24501,2008-08-23T18:45:47.863,39,14201,false,database,6,3,null
2627,24481,24501,2008-08-23T18:45:47.863,39,14201,false,internationalization,6,3,null
2627,24481,24501,2008-08-23T18:45:47.863,39,14201,false,globalization,6,3,null
2627,24481,24501,2008-08-23T18:45:47.863,39,14201,false,street-address,6,3,null
2274,24495,24510,2008-08-23T18:59:43.647,4,3573,false,java,2,0,null
2274,24495,24510,2008-08-23T18:59:43.647,4,3573,false,struts,2,0,null
2274,24495,24510,2008-08-23T18:59:43.647,4,3573,false,velocity,2,0,null
2628,24496,24498,2008-08-23T19:01:06.890,34,8029,false,model-view-controller,10,0,null
2628,24496,24498,2008-08-23T19:01:06.890,34,8029,false,mvp,10,0,null
2628,24496,24498,2008-08-23T19:01:06.890,34,8029,false,passive-view,10,0,null
2628,24496,24498,2008-08-23T19:01:06.890,34,8029,false,architectural-patterns,10,0,null
1680,24506,24523,2008-08-23T19:06:17.063,6,5934,false,silverlight,1,0,null
83,120,null,2008-08-01T15:50:08.537,45,2175,false,sql,1,0,null
83,120,null,2008-08-01T15:50:08.537,45,2175,false,asp.net,1,0,null
83,120,null,2008-08-01T15:50:08.537,45,2175,false,xml,1,0,null
83,120,null,2008-08-01T15:50:08.537,45,2175,false,sitemap,1,0,null
78,123,183,2008-08-01T16:08:52.353,121,81172,false,java,16,8,null
78,123,183,2008-08-01T16:08:52.353,121,81172,false,xml,16,8,null
78,123,183,2008-08-01T16:08:52.353,121,81172,false,csv,16,8,null
78,123,183,2008-08-01T16:08:52.353,121,81172,false,data-conversion,16,8,null
58,126,127,2008-08-01T16:10:30.337,106,26730,false,java,18,1,null
58,126,127,2008-08-01T16:10:30.337,106,26730,false,php,18,1,null
58,126,127,2008-08-01T16:10:30.337,106,26730,false,oop,18,1,null
58,126,127,2008-08-01T16:10:30.337,106,26730,false,theory,18,1,null
920,16432,18342,2008-08-19T15:46:53.863,184,101454,true,c#,32,0,null
920,16432,18342,2008-08-19T15:46:53.863,184,101454,true,string,32,0,null
920,16432,18342,2008-08-19T15:46:53.863,184,101454,true,coding-style,32,0,null
920,16432,18342,2008-08-19T15:46:53.863,184,101454,true,string.format,32,0,null
277,16434,129435,2008-08-19T15:48:07.857,8,1779,false,testing,3,0,null
277,16434,129435,2008-08-19T15:48:07.857,8,1779,false,numerical,3,0,null
1936,16443,null,2008-08-19T15:51:34.057,9,22317,false,database,2,1,null
1936,16443,null,2008-08-19T15:51:34.057,9,22317,false,vb.net,2,1,null
1936,16443,null,2008-08-19T15:51:34.057,9,22317,false,visual-studio-2005,2,1,null
2646,36197,36253,2008-08-30T17:44:52.807,10,1307,false,c#,2,0,null
2646,36197,36253,2008-08-30T17:44:52.807,10,1307,false,asp.net-mvc,2,0,null
3027,30428,null,2008-08-27T15:21:31.830,7,3819,false,java,5,0,null
3027,30428,null,2008-08-27T15:21:31.830,7,3819,false,cluster-computing,5,0,null
3027,30428,null,2008-08-27T15:21:31.830,7,3819,false,terracotta,5,0,null
3027,30428,null,2008-08-27T15:21:31.830,7,3819,false,jgroups,5,0,null
2684,30430,30432,2008-08-27T15:22:52.590,8,742,false,c#,7,0,null
2684,30430,30432,2008-08-27T15:22:52.590,8,742,false,.net,7,0,null
2684,30430,30432,2008-08-27T15:22:52.590,8,742,false,visual-studio,7,0,null
2684,30430,30432,2008-08-27T15:22:52.590,8,742,false,.net-3.5,7,0,null
2684,30430,30432,2008-08-27T15:22:52.590,8,742,false,.net-2.0,7,0,null
1311,16447,16465,2008-08-19T15:53:19.373,4,19266,false,sql,3,0,null
1311,16447,16465,2008-08-19T15:53:19.373,4,19266,false,asp-classic,3,0,null
1311,16447,16465,2008-08-19T15:53:19.373,4,19266,false,vbscript,3,0,null
1311,16447,16465,2008-08-19T15:53:19.373,4,19266,false,sybase,3,0,null
1958,16451,711398,2008-08-19T15:54:59.153,23,14127,false,java,5,2,null
1958,16451,711398,2008-08-19T15:54:59.153,23,14127,false,.net,5,2,null
1958,16451,711398,2008-08-19T15:54:59.153,23,14127,false,apache-axis,5,2,null
1958,16451,711398,2008-08-19T15:54:59.153,23,14127,false,ws-security,5,2,null
1958,16451,711398,2008-08-19T15:54:59.153,23,14127,false,wse,5,2,null
666,16458,137090,2008-08-19T15:57:33.827,9,3444,false,javascript,5,0,null
666,16458,137090,2008-08-19T15:57:33.827,9,3444,false,jquery,5,0,null
666,16458,137090,2008-08-19T15:57:33.827,9,3444,false,sql,5,0,null
666,16458,137090,2008-08-19T15:57:33.827,9,3444,false,html,5,0,null
666,16458,137090,2008-08-19T15:57:33.827,9,3444,false,coldfusion,5,0,null
1801,16460,16500,2008-08-19T15:57:51.300,2,817,false,.net,6,0,null
4271,39824,39832,2008-09-02T15:38:09.637,8,3045,false,debugging,7,1,null
4271,39824,39832,2008-09-02T15:38:09.637,8,3045,false,exception,7,1,null
4271,39824,39832,2008-09-02T15:38:09.637,8,3045,false,ide,7,1,null
4271,39824,39832,2008-09-02T15:38:09.637,8,3045,false,try-catch,7,1,null
4269,39835,null,2008-09-02T15:41:53.887,0,515,false,indexing,1,0,null
4269,39835,null,2008-09-02T15:41:53.887,0,515,false,chm,1,0,null
null,16473,16484,2008-08-19T16:03:46.187,20,7241,false,memory-leaks,5,1,null
null,16473,16484,2008-08-19T16:03:46.187,20,7241,false,lambda,5,1,null
null,16473,16484,2008-08-19T16:03:46.187,20,7241,false,event-handling,5,1,null
164,16483,16534,2008-08-19T16:07:50.593,14,5405,false,firefox,2,0,null
164,16483,16534,2008-08-19T16:07:50.593,14,5405,false,https,2,0,null
3047,39843,40868,2008-09-02T15:45:03.550,10,16516,false,.net,5,0,null
3047,39843,40868,2008-09-02T15:45:03.550,10,16516,false,wpf,5,0,null
1892,39847,null,2008-09-02T15:46:39.193,2,312,false,python,4,0,null
1892,39847,null,2008-09-02T15:46:39.193,2,312,false,c,4,0,null
1892,39847,null,2008-09-02T15:46:39.193,2,312,false,cross-platform,4,0,null
1892,39847,null,2008-09-02T15:46:39.193,2,312,false,posix,4,0,null
1892,39847,null,2008-09-02T15:46:39.193,2,312,false,scripting,4,0,null
1950,33685,39161,2008-08-28T23:59:43.790,5,8682,false,sql-server,5,0,null
324,18505,18756,2008-08-20T18:22:55.320,7,5989,false,c#,4,0,null
324,18505,18756,2008-08-20T18:22:55.320,7,5989,false,.net,4,0,null
324,18505,18756,2008-08-20T18:22:55.320,7,5989,false,windows,4,0,null
324,18505,18756,2008-08-20T18:22:55.320,7,5989,false,winapi,4,0,null
916,18524,18529,2008-08-20T18:29:48.410,120,244643,false,java,22,0,null
916,18524,18529,2008-08-20T18:29:48.410,120,244643,false,string,22,0,null
916,18524,18529,2008-08-20T18:29:48.410,120,244643,false,collections,22,0,null
916,18524,18529,2008-08-20T18:29:48.410,120,244643,false,integer,22,0,null
3661,44999,45034,2008-09-04T23:57:24.647,1,797,false,c#,4,0,null
3661,44999,45034,2008-09-04T23:57:24.647,1,797,false,query-string,4,0,null
459,45002,71858,2008-09-04T23:59:24.533,5,1307,false,lucene,1,0,null
459,45002,71858,2008-09-04T23:59:24.533,5,1307,false,scoring,1,0,null
4640,45004,45008,2008-09-05T00:01:36.243,383,466406,false,css,10,6,null
4640,45004,45008,2008-09-05T00:01:36.243,383,466406,false,css-selectors,10,6,null
2638,31867,32062,2008-08-28T08:52:55.843,14,1970,false,c++,3,0,null
2638,31867,32062,2008-08-28T08:52:55.843,14,1970,false,oop,3,0,null
2638,31867,32062,2008-08-28T08:52:55.843,14,1970,false,inheritance,3,0,null
3362,31868,34274,2008-08-28T08:53:00.507,31,65878,false,sharepoint,7,0,null
3362,31868,34274,2008-08-28T08:53:00.507,31,65878,false,wss,7,0,null
1532,31870,31873,2008-08-28T08:55:34.697,68,65148,false,xslt,11,0,null
3263,31871,34373,2008-08-28T08:59:07.527,54,110779,false,c#,6,0,null
3263,31871,34373,2008-08-28T08:59:07.527,54,110779,false,multithreading,6,0,null
3263,31871,34373,2008-08-28T08:59:07.527,54,110779,false,sockets,6,0,null
3263,31871,34373,2008-08-28T08:59:07.527,54,110779,false,socketexception,6,0,null
3363,31875,31887,2008-08-28T09:03:09.827,536,465960,false,python,21,12,null
3363,31875,31887,2008-08-28T09:03:09.827,536,465960,false,design-patterns,21,12,null
3363,31875,31887,2008-08-28T09:03:09.827,536,465960,false,singleton,21,12,null
1536,13594,null,2008-08-17T12:02:23.600,4,6911,false,html,7,0,null
1536,13594,null,2008-08-17T12:02:23.600,4,6911,false,browser,7,0,null
1154,13599,13613,2008-08-17T12:24:21.840,27,8381,false,c#,8,0,null
1154,13599,13613,2008-08-17T12:24:21.840,27,8381,false,enums,8,0,null
1154,13599,13613,2008-08-17T12:24:21.840,27,8381,false,human-readable,8,0,null
3180,13607,13618,2008-08-17T12:50:15.000,1,1829,false,c++,9,0,null
3180,13607,13618,2008-08-17T12:50:15.000,1,1829,false,user-interface,9,0,null
3180,13607,13618,2008-08-17T12:50:15.000,1,1829,false,playstation-portable,9,0,null
1154,13615,4807469,2008-08-17T13:14:42.720,101,90158,false,c#,13,4,null
1154,13615,4807469,2008-08-17T13:14:42.720,101,90158,false,validation,13,4,null
1154,13615,4807469,2008-08-17T13:14:42.720,101,90158,false,enums,13,4,null
383,39855,1694704,2008-09-02T15:50:10.433,65,197099,false,xhtml,23,1,null
383,39855,1694704,2008-09-02T15:50:10.433,65,197099,false,embed,23,1,null
383,39855,1694704,2008-09-02T15:50:10.433,65,197099,false,powerpoint,23,1,null
1638,39856,39864,2008-09-02T15:51:51.787,0,7739,false,apache-flex,2,0,null
1638,39856,39864,2008-09-02T15:51:51.787,0,7739,false,actionscript-3,2,0,null
172,1836,1843,2008-08-05T02:51:37.420,41,17631,false,c#,6,4,null
172,1836,1843,2008-08-05T02:51:37.420,41,17631,false,winapi,6,4,null
172,1836,1843,2008-08-05T02:51:37.420,41,17631,false,mouse,6,4,null
36,1848,1856,2008-08-05T03:04:43.683,30,6130,false,c#,4,0,null
36,1848,1856,2008-08-05T03:04:43.683,30,6130,false,image,4,0,null
36,1848,1856,2008-08-05T03:04:43.683,30,6130,false,image-processing,4,0,null
36,1848,1856,2008-08-05T03:04:43.683,30,6130,false,artificial-intelligence,4,0,null
116,1854,1857,2008-08-05T03:23:18.917,953,520422,false,python,27,2,null
116,1854,1857,2008-08-05T03:23:18.917,953,520422,false,operating-system,27,2,null
116,1854,1857,2008-08-05T03:23:18.917,953,520422,false,cross-platform,27,2,null
116,1854,1857,2008-08-05T03:23:18.917,953,520422,false,platform-agnostic,27,2,null
242,1873,1886,2008-08-05T04:05:53.230,47,23470,false,asp.net,5,0,null
242,1873,1886,2008-08-05T04:05:53.230,47,23470,false,javascript,5,0,null
242,1873,1886,2008-08-05T04:05:53.230,47,23470,false,anchor,5,0,null
242,1873,1886,2008-08-05T04:05:53.230,47,23470,false,quotes,5,0,null
81,1898,null,2008-08-05T04:43:22.187,108,70612,false,c#,11,5,null
81,1898,null,2008-08-05T04:43:22.187,108,70612,false,vb.net,11,5,null
81,1898,null,2008-08-05T04:43:22.187,108,70612,false,file,11,5,null
81,1898,null,2008-08-05T04:43:22.187,108,70612,false,csv,11,5,null
81,1898,null,2008-08-05T04:43:22.187,108,70612,false,import,11,5,null
2108,34623,85788,2008-08-29T16:21:47.600,10,2221,false,openid,3,1,null
2108,34623,85788,2008-08-29T16:21:47.600,10,2221,false,redirect,3,1,null
2108,34623,85788,2008-08-29T16:21:47.600,10,2221,false,openid2,3,1,null
2948,43253,null,2008-09-04T06:38:32.770,15,14258,false,c++,8,0,null
2948,43253,null,2008-09-04T06:38:32.770,15,14258,false,exception,8,0,null
2948,43253,null,2008-09-04T06:38:32.770,15,14258,false,gcc,8,0,null
2948,43253,null,2008-09-04T06:38:32.770,15,14258,false,visual-c++,8,0,null
2948,43253,null,2008-09-04T06:38:32.770,15,14258,false,profiling,8,0,null
4021,43259,null,2008-09-04T06:55:16.507,2,1219,false,sql-server,5,0,null
4021,43259,null,2008-09-04T06:55:16.507,2,1219,false,database,5,0,null
4491,43267,null,2008-09-04T07:13:40.223,9,2893,true,windows,10,0,null
4491,43267,null,2008-09-04T07:13:40.223,9,2893,true,command-line,10,0,null
4491,43267,null,2008-09-04T07:13:40.223,9,2893,true,console,10,0,null
4491,43267,null,2008-09-04T07:13:40.223,9,2893,true,cmd,10,0,null
4489,43289,8808245,2008-09-04T07:33:25.387,652,433479,false,c#,28,3,null
4489,43289,8808245,2008-09-04T07:33:25.387,652,433479,false,.net,28,3,null
4489,43289,8808245,2008-09-04T07:33:25.387,652,433479,false,arrays,28,3,null
4489,43289,8808245,2008-09-04T07:33:25.387,652,433479,false,performance,28,3,null
4489,43289,8808245,2008-09-04T07:33:25.387,652,433479,false,j#,28,3,null
3355,43290,43312,2008-09-04T07:36:39.277,38,42175,false,python,4,0,null
3355,43290,43312,2008-09-04T07:36:39.277,38,42175,false,django,4,0,null
3355,43290,43312,2008-09-04T07:36:39.277,38,42175,false,url,4,0,null
3355,43290,43312,2008-09-04T07:36:39.277,38,42175,false,django-urls,4,0,null
115,43291,43295,2008-09-04T07:36:48.310,5,359,false,php,2,0,null
115,43291,43295,2008-09-04T07:36:48.310,5,359,false,variable-types,2,0,null
1030,11028,11044,2008-08-14T13:44:43.357,4,3086,false,sql,8,0,null
274,4661,4777,2008-08-07T12:51:38.910,16,1935,false,openid,6,0,null
null,4664,4672,2008-08-07T12:53:19.217,166,63962,false,c#,7,2,null
null,4664,4672,2008-08-07T12:53:19.217,166,63962,false,.net,7,2,null
null,4664,4672,2008-08-07T12:53:19.217,166,63962,false,namespaces,7,2,null
637,11043,11053,2008-08-14T13:53:33.467,46,40931,false,sql,17,1,null
637,11043,11053,2008-08-14T13:53:33.467,46,40931,false,alias,17,1,null
767,11045,12018,2008-08-14T13:54:43.947,80,166890,false,excel,9,0,null
767,11045,12018,2008-08-14T13:54:43.947,80,166890,false,vba,9,0,null
767,11045,12018,2008-08-14T13:54:43.947,80,166890,false,user-defined-functions,9,0,null
543,11055,11080,2008-08-14T13:57:20.227,4,453,false,database,5,0,null
543,11055,11080,2008-08-14T13:57:20.227,4,453,false,oracle,5,0,null
406,4665,4687,2008-08-07T12:54:51.057,7,824,false,windows,5,0,null
406,4665,4687,2008-08-07T12:54:51.057,7,824,false,testing,5,0,null
634,4670,null,2008-08-07T12:57:32.377,20,3167,false,version-control,8,1,null
634,4670,null,2008-08-07T12:57:32.377,20,3167,false,dvcs,8,1,null
912,11060,11074,2008-08-14T13:59:21.533,29,8403,false,c++,8,3,null
912,11060,11074,2008-08-14T13:59:21.533,29,8403,false,python,8,3,null
912,11060,11074,2008-08-14T13:59:21.533,29,8403,false,unit-testing,8,3,null
912,11060,11074,2008-08-14T13:59:21.533,29,8403,false,code-generation,8,3,null
912,11060,11074,2008-08-14T13:59:21.533,29,8403,false,swig,8,3,null
25,4677,5453,2008-08-07T13:00:07.690,11,1640,false,ruby,3,1,null
25,4677,5453,2008-08-07T13:00:07.690,11,1640,false,design-patterns,3,1,null
25,4677,5453,2008-08-07T13:00:07.690,11,1640,false,singleton,3,1,null
91,4684,4706,2008-08-07T13:05:38.040,21,3408,false,vmware,5,0,null
91,4684,4706,2008-08-07T13:05:38.040,21,3408,false,virtualization,5,0,null
1600,31882,31983,2008-08-28T09:08:43.730,7,3323,false,.net,8,0,null
1600,31882,31983,2008-08-28T09:08:43.730,7,3323,false,security,8,0,null
1600,31882,31983,2008-08-28T09:08:43.730,7,3323,false,obfuscation,8,0,null
3205,31885,31949,2008-08-28T09:09:58.983,13,13255,false,c#,4,0,null
3205,31885,31949,2008-08-28T09:09:58.983,13,13255,false,mysql,4,0,null
3205,31885,31949,2008-08-28T09:09:58.983,13,13255,false,visual-studio,4,0,null
3205,31885,31949,2008-08-28T09:09:58.983,13,13255,false,oracle,4,0,null
3205,31885,31949,2008-08-28T09:09:58.983,13,13255,false,sqlite,4,0,null
527,6467,3125174,2008-08-08T23:24:02.933,24,80147,false,unix,13,1,null
527,6467,3125174,2008-08-08T23:24:02.933,24,80147,false,shell,13,1,null
527,6467,3125174,2008-08-08T23:24:02.933,24,80147,false,date,13,1,null
527,6467,3125174,2008-08-08T23:24:02.933,24,80147,false,math,13,1,null
527,6467,3125174,2008-08-08T23:24:02.933,24,80147,false,scripting,13,1,null
527,6475,null,2008-08-08T23:46:31.357,3,1599,false,performance,6,0,null
527,6475,null,2008-08-08T23:46:31.357,3,1599,false,unix,6,0,null
527,6475,null,2008-08-08T23:46:31.357,3,1599,false,awk,6,0,null
527,6475,null,2008-08-08T23:46:31.357,3,1599,false,aix,6,0,null
2970,41963,42032,2008-09-03T15:43:42.983,20,23724,false,version-control,10,1,null
3002,41969,42046,2008-09-03T15:47:23.677,13,11173,false,python,3,0,null
3002,41969,42046,2008-09-03T15:47:23.677,13,11173,false,linux,3,0,null
3002,41969,42046,2008-09-03T15:47:23.677,13,11173,false,cross-platform,3,0,null
3002,41969,42046,2008-09-03T15:47:23.677,13,11173,false,desktop,3,0,null
1196,41970,null,2008-09-03T15:49:20.880,16,8788,false,fuzzy-search,8,0,null
184,22674,22731,2008-08-22T15:33:39.097,11,2104,false,windows-vista,4,0,null
184,22674,22731,2008-08-22T15:33:39.097,11,2104,false,windows-xp,4,0,null
2109,22676,22682,2008-08-22T15:34:13.760,1155,1575698,false,python,31,4,null
2109,22676,22682,2008-08-22T15:34:13.760,1155,1575698,false,http,31,4,null
2109,22676,22682,2008-08-22T15:34:13.760,1155,1575698,false,urllib,31,4,null
2118,22687,22702,2008-08-22T15:41:08.157,1,11034,false,ssh,9,0,null
2118,22687,22702,2008-08-22T15:41:08.157,1,11034,false,cvs,9,0,null
2118,22687,22702,2008-08-22T15:41:08.157,1,11034,false,tortoisecvs,9,0,null
2118,22687,22702,2008-08-22T15:41:08.157,1,11034,false,plink,9,0,null
1341,21294,242607,2008-08-21T21:59:31.080,195,220811,false,javascript,29,0,null
1341,21294,242607,2008-08-21T21:59:31.080,195,220811,false,file,29,0,null
1341,21294,242607,2008-08-21T21:59:31.080,195,220811,false,import,29,0,null
1341,21294,242607,2008-08-21T21:59:31.080,195,220811,false,include,29,0,null
1556,21303,21322,2008-08-21T22:02:58.310,87,101689,false,c++,5,0,null
1556,21303,21322,2008-08-21T22:02:58.310,87,101689,false,constructor,5,0,null
1556,21303,21322,2008-08-21T22:02:58.310,87,101689,false,destructor,5,0,null
192,3164,3218,2008-08-06T08:34:13.983,66,59862,false,c#,6,0,null
192,3164,3218,2008-08-06T08:34:13.983,66,59862,false,asp.net,6,0,null
192,3164,3218,2008-08-06T08:34:13.983,66,59862,false,.net,6,0,null
192,3164,3218,2008-08-06T08:34:13.983,66,59862,false,path,6,0,null
192,3164,3218,2008-08-06T08:34:13.983,66,59862,false,mappath,6,0,null
479,3180,3188,2008-08-06T08:47:45.423,35,6522,false,fogbugz,7,0,null
230,3196,3197,2008-08-06T09:00:58.063,26,23484,false,sql,3,0,null
2313,21347,null,2008-08-21T22:28:59.167,0,1306,false,windows-mobile,1,0,null
708,21353,21366,2008-08-21T22:36:15.750,4,1754,false,sql-server,1,0,null
708,21353,21366,2008-08-21T22:36:15.750,4,1754,false,batch-file,1,0,null
708,21353,21366,2008-08-21T22:36:15.750,4,1754,false,command-line,1,0,null
708,21353,21366,2008-08-21T22:36:15.750,4,1754,false,scripting,1,0,null
708,21353,21366,2008-08-21T22:36:15.750,4,1754,false,batch-processing,1,0,null
2313,21355,21637,2008-08-21T22:38:06.137,4,603,false,linq,1,0,null
111,18533,18539,2008-08-20T18:36:02.310,21,10038,false,c#,13,0,null
111,18533,18539,2008-08-20T18:36:02.310,21,10038,false,.net,13,0,null
111,18533,18539,2008-08-20T18:36:02.310,21,10038,false,sql,13,0,null
111,18533,18539,2008-08-20T18:36:02.310,21,10038,false,dataset,13,0,null
2031,18538,5645413,2008-08-20T18:37:51.370,125,87667,false,java,8,1,null
2031,18538,5645413,2008-08-20T18:37:51.370,125,87667,false,collections,8,1,null
2031,18538,5645413,2008-08-20T18:37:51.370,125,87667,false,groovy,8,1,null
2031,18538,5645413,2008-08-20T18:37:51.370,125,87667,false,expandometaclass,8,1,null
314,13620,13665,2008-08-17T13:19:32.587,57,25197,false,php,15,5,null
314,13620,13665,2008-08-17T13:19:32.587,57,25197,false,optimization,15,5,null
314,13620,13665,2008-08-17T13:19:32.587,57,25197,false,performance,15,5,null
33,13647,13663,2008-08-17T14:16:50.833,7,3758,false,c#,5,0,null
33,13647,13663,2008-08-17T14:16:50.833,7,3758,false,php,5,0,null
null,13655,13657,2008-08-17T14:48:00.350,4,2220,false,.net,2,0,null
1615,13678,13746,2008-08-17T15:39:57.560,35,9859,false,robotics,25,4,null
1615,13678,13746,2008-08-17T15:39:57.560,35,9859,false,labview,25,4,null
1615,13678,13746,2008-08-17T15:39:57.560,35,9859,false,graphical-language,25,4,null
1622,13698,13777,2008-08-17T16:06:03.827,2,4177,false,php,5,0,null
1622,13698,13777,2008-08-17T16:06:03.827,2,4177,false,model-view-controller,5,0,null
1622,13698,13777,2008-08-17T16:06:03.827,2,4177,false,zend-framework,5,0,null
null,13704,13726,2008-08-17T16:18:54.097,5,744,false,.net,4,0,null
null,13704,13726,2008-08-17T16:18:54.097,5,744,false,asp.net,4,0,null
null,13704,13726,2008-08-17T16:18:54.097,5,744,false,asp.net-mvc,4,0,null
null,13704,13726,2008-08-17T16:18:54.097,5,744,false,webforms,4,0,null
1542,13708,13719,2008-08-17T16:35:15.920,13,2738,false,wordpress,11,1,null
1542,13708,13719,2008-08-17T16:35:15.920,13,2738,false,themes,11,1,null
1013,13718,13735,2008-08-17T16:54:57.190,2,4851,false,asp.net,3,0,null
1043,13725,13742,2008-08-17T17:01:45.150,48,24040,false,objective-c,5,0,null
1043,13725,13742,2008-08-17T17:01:45.150,48,24040,false,cocoa,5,0,null
1043,13725,13742,2008-08-17T17:01:45.150,48,24040,false,types,5,0,null
2975,37324,37332,2008-09-01T01:00:24.467,482,687894,false,c#,18,4,null
2975,37324,37332,2008-09-01T01:00:24.467,482,687894,false,.net,18,4,null
2975,37324,37332,2008-09-01T01:00:24.467,482,687894,false,sql,18,4,null
2975,37324,37332,2008-09-01T01:00:24.467,482,687894,false,linq-to-sql,18,4,null
2975,37324,37332,2008-09-01T01:00:24.467,482,687894,false,join,18,4,null
307,6484,6716,2008-08-09T00:14:22.143,78,59907,false,unit-testing,10,0,null
307,6484,6716,2008-08-09T00:14:22.143,78,59907,false,language-agnostic,10,0,null
307,6484,6716,2008-08-09T00:14:22.143,78,59907,false,tdd,10,0,null
307,6484,6716,2008-08-09T00:14:22.143,78,59907,false,mocking,10,0,null
784,6499,6531,2008-08-09T00:56:15.040,24,1037,false,javascript,7,1,null
658,6512,6566,2008-08-09T01:18:37.943,54,10784,false,c,12,0,null
658,6512,6566,2008-08-09T01:18:37.943,54,10784,false,lisp,12,0,null
658,6512,6566,2008-08-09T01:18:37.943,54,10784,false,scheme,12,0,null
658,6512,6566,2008-08-09T01:18:37.943,54,10784,false,continuations,12,0,null
2168,45013,45016,2008-09-05T00:10:37.610,5,208,false,python,1,0,null
2168,45013,45016,2008-09-05T00:10:37.610,5,208,false,django,1,0,null
2168,45013,45016,2008-09-05T00:10:37.610,5,208,false,firefox,1,0,null
2313,40151,40257,2008-09-02T17:50:31.347,-3,860,false,javascript,2,0,null
2313,40151,40257,2008-09-02T17:50:31.347,-3,860,false,jquery,2,0,null
2313,40151,40257,2008-09-02T17:50:31.347,-3,860,false,html,2,0,null
2313,40151,40257,2008-09-02T17:50:31.347,-3,860,false,internet-explorer,2,0,null
245,40154,4868661,2008-09-02T17:52:24.120,469,199214,false,ios,9,2,null
245,40154,4868661,2008-09-02T17:52:24.120,469,199214,false,beta-testing,9,2,null
305,40161,40180,2008-09-02T17:53:54.473,20,8577,false,c#,11,1,null
305,40161,40180,2008-09-02T17:53:54.473,20,8577,false,parsing,11,1,null
1432,25614,25701,2008-08-25T03:11:58.497,3,2592,false,java,3,0,null
1432,25614,25701,2008-08-25T03:11:58.497,3,2592,false,xml,3,0,null
1432,25614,25701,2008-08-25T03:11:58.497,3,2592,false,dom,3,0,null
83,40169,40179,2008-09-02T17:58:52.310,11,4861,false,sql,4,0,null
83,40169,40179,2008-09-02T17:58:52.310,11,4861,false,sql-server,4,0,null
83,40169,40179,2008-09-02T17:58:52.310,11,4861,false,database,4,0,null
83,40169,40179,2008-09-02T17:58:52.310,11,4861,false,database-design,4,0,null
83,40169,40179,2008-09-02T17:58:52.310,11,4861,false,crystal-reports,4,0,null
4294,40171,250296,2008-09-02T18:00:04.880,2,1680,false,asp-classic,2,0,null
4294,40171,250296,2008-09-02T18:00:04.880,2,1680,false,compression,2,0,null
4294,40171,250296,2008-09-02T18:00:04.880,2,1680,false,windows-ce,2,0,null
4294,40171,250296,2008-09-02T18:00:04.880,2,1680,false,jpeg,2,0,null
2598,25637,25644,2008-08-25T04:01:40.920,72,109231,false,java,9,0,null
2598,25637,25644,2008-08-25T04:01:40.920,72,109231,false,cross-platform,9,0,null
2598,25637,25644,2008-08-25T04:01:40.920,72,109231,false,shutdown,9,0,null
615,25642,null,2008-08-25T04:04:48.977,3,8333,false,.net,2,0,null
615,25642,null,2008-08-25T04:04:48.977,3,8333,false,wpf,2,0,null
615,25642,null,2008-08-25T04:04:48.977,3,8333,false,navigation,2,0,null
1329401,25646,null,2008-08-25T04:11:49.803,3,1334,false,macos,4,0,null
1329401,25646,null,2008-08-25T04:11:49.803,3,1334,false,opengl,4,0,null
1329401,25646,null,2008-08-25T04:11:49.803,3,1334,false,graphics,4,0,null
1960,22694,250676,2008-08-22T15:44:28.603,4,601,false,dependency-management,5,0,null
null,22696,null,2008-08-22T15:44:39.820,0,2081,false,sql,7,0,null
null,22696,null,2008-08-22T15:44:39.820,0,2081,false,ms-access,7,0,null
2030,22697,23048,2008-08-22T15:45:11.423,347,221088,false,java,14,0,null
2030,22697,23048,2008-08-22T15:45:11.423,347,221088,false,unit-testing,14,0,null
2030,22697,23048,2008-08-22T15:45:11.423,347,221088,false,mocking,14,0,null
null,22704,22722,2008-08-22T15:48:44.490,2,593,false,performance,6,0,null
null,22704,22722,2008-08-22T15:48:44.490,2,593,false,oracle,6,0,null
null,22704,22722,2008-08-22T15:48:44.490,2,593,false,web-applications,6,0,null
940,22708,22715,2008-08-22T15:49:53.380,34,60656,false,algorithm,20,2,null
940,22708,22715,2008-08-22T15:49:53.380,34,60656,false,excel,20,2,null
940,22708,22715,2008-08-22T15:49:53.380,34,60656,false,language-agnostic,20,2,null
2362,22720,22803,2008-08-22T15:58:13.077,4,3062,false,java,3,1,null
2362,22720,22803,2008-08-22T15:58:13.077,4,3062,false,exception,3,1,null
2362,22720,22803,2008-08-22T15:58:13.077,4,3062,false,sockets,3,1,null
2362,22720,22803,2008-08-22T15:58:13.077,4,3062,false,networking,3,1,null
636,22732,22770,2008-08-22T16:03:00.227,35,79354,false,string,3,0,null
636,22732,22770,2008-08-22T16:03:00.227,35,79354,false,powershell,3,0,null
636,22732,22770,2008-08-22T16:03:00.227,35,79354,false,parameters,3,0,null
636,22732,22770,2008-08-22T16:03:00.227,35,79354,false,arguments,3,0,null
1031,7913,7924,2008-08-11T16:27:55.703,52,79401,false,svn,16,0,null
1031,7913,7924,2008-08-11T16:27:55.703,52,79401,false,hook,16,0,null
1031,7913,7924,2008-08-11T16:27:55.703,52,79401,false,post-commit,16,0,null
1031,7913,7924,2008-08-11T16:27:55.703,52,79401,false,post-commit-hook,16,0,null
402,7917,8113,2008-08-11T16:28:57.683,16,57017,false,mysql,8,0,null
402,7917,8113,2008-08-11T16:28:57.683,16,57017,false,regex,8,0,null
402,7917,8113,2008-08-11T16:28:57.683,16,57017,false,string,8,0,null
1030,7933,7936,2008-08-11T16:41:47.487,3,1800,false,t-sql,2,0,null
1030,7933,7936,2008-08-11T16:41:47.487,3,1800,false,sysobjects,2,0,null
268,7937,13197,2008-08-11T16:45:10.363,28,19700,false,html,10,4,null
268,7937,13197,2008-08-11T16:45:10.363,28,19700,false,css,10,4,null
268,7937,13197,2008-08-11T16:45:10.363,28,19700,false,internet-explorer-6,10,4,null
268,7937,13197,2008-08-11T16:45:10.363,28,19700,false,html-select,10,4,null
3407,33696,33736,2008-08-29T00:19:55.567,4,953,false,php,6,0,null
3407,33696,33736,2008-08-29T00:19:55.567,4,953,false,c,6,0,null
3407,33696,33736,2008-08-29T00:19:55.567,4,953,false,objective-c,6,0,null
3407,33696,33736,2008-08-29T00:19:55.567,4,953,false,cocoa,6,0,null
383,3213,3267,2008-08-06T09:21:09.490,62,49024,false,c#,11,3,null
383,3213,3267,2008-08-06T09:21:09.490,62,49024,false,integer,11,3,null
1130097,18584,18718,2008-08-20T18:59:03.377,1,7595,false,c#,4,1,null
229,18585,19056,2008-08-20T18:59:35.187,4,5084,false,c#,5,1,null
229,18585,19056,2008-08-20T18:59:35.187,4,5084,false,visual-studio,5,1,null
229,18585,19056,2008-08-20T18:59:35.187,4,5084,false,data-binding,5,1,null
229,18585,19056,2008-08-20T18:59:35.187,4,5084,false,.net-2.0,5,1,null
486,3224,3225,2008-08-06T09:38:15.417,64,7885,false,javascript,5,0,null
486,3224,3225,2008-08-06T09:38:15.417,64,7885,false,css,5,0,null
486,3224,3225,2008-08-06T09:38:15.417,64,7885,false,http,5,0,null
486,3224,3225,2008-08-06T09:38:15.417,64,7885,false,caching,5,0,null
2587612,27832,27858,2008-08-26T12:02:08.400,15,6268,false,video,7,0,null
2587612,27832,27858,2008-08-26T12:02:08.400,15,6268,false,directx,7,0,null
2587612,27832,27858,2008-08-26T12:02:08.400,15,6268,false,directshow,7,0,null
2587612,27832,27858,2008-08-26T12:02:08.400,15,6268,false,mpeg,7,0,null
2077,27835,27895,2008-08-26T12:03:44.013,17,32056,false,mysql,8,1,null
2077,27835,27895,2008-08-26T12:03:44.013,17,32056,false,sql-server,8,1,null
2077,27835,27895,2008-08-26T12:03:44.013,17,32056,false,rdbms,8,1,null
2077,27835,27895,2008-08-26T12:03:44.013,17,32056,false,portability,8,1,null
797,45015,5686237,2008-09-05T00:12:01.570,1497,1454822,false,javascript,28,5,null
797,45015,5686237,2008-09-05T00:12:01.570,1497,1454822,false,json,28,5,null
797,45015,5686237,2008-09-05T00:12:01.570,1497,1454822,false,parsing,28,5,null
2363,21388,694735,2008-08-21T23:01:30.400,36,5963,false,sql,11,0,null
2363,21388,694735,2008-08-21T23:01:30.400,36,5963,false,database,11,0,null
2363,21388,694735,2008-08-21T23:01:30.400,36,5963,false,django,11,0,null
2363,21388,694735,2008-08-21T23:01:30.400,36,5963,false,django-models,11,0,null
1747,21404,511006,2008-08-21T23:13:05.007,1,2095,false,visual-studio,2,0,null
1747,21404,511006,2008-08-21T23:13:05.007,1,2095,false,vsx,2,0,null
1747,21404,511006,2008-08-21T23:13:05.007,1,2095,false,extensibility,2,0,null
1693,21411,null,2008-08-21T23:17:41.687,15,6750,false,php,3,0,null
1693,21411,null,2008-08-21T23:17:41.687,15,6750,false,performance,3,0,null
1693,21411,null,2008-08-21T23:17:41.687,15,6750,false,sleep,3,0,null
2050,21422,null,2008-08-21T23:23:52.157,2,401,false,tags,7,3,null
2050,21422,null,2008-08-21T23:23:52.157,2,401,false,folksonomy,7,3,null
1975,21437,21440,2008-08-21T23:36:14.577,4,2001,false,image,15,3,null
2469,28637,28648,2008-08-26T17:09:45.417,494,76037,false,c#,16,7,null
2469,28637,28648,2008-08-26T17:09:45.417,494,76037,false,.net,16,7,null
2469,28637,28648,2008-08-26T17:09:45.417,494,76037,false,performance,16,7,null
2469,28637,28648,2008-08-26T17:09:45.417,494,76037,false,datetime,16,7,null
2469,28637,28648,2008-08-26T17:09:45.417,494,76037,false,timer,16,7,null
2375,21448,null,2008-08-21T23:42:39.507,7,24540,false,sql-server,5,3,null
2375,21448,null,2008-08-21T23:42:39.507,7,24540,false,excel,5,3,null
2375,21448,null,2008-08-21T23:42:39.507,7,24540,false,ssis,5,3,null
null,19458,null,2008-08-21T07:58:10.277,1,367,false,sql,2,0,null
1384652,19461,null,2008-08-21T08:02:12.420,11,12663,false,javascript,3,1,null
1384652,19461,null,2008-08-21T08:02:12.420,11,12663,false,html,3,1,null
1384652,19461,null,2008-08-21T08:02:12.420,11,12663,false,image,3,1,null
1969,16487,1449595,2008-08-19T16:11:16.297,12,8725,false,java,9,0,null
1969,16487,1449595,2008-08-19T16:11:16.297,12,8725,false,maven-2,9,0,null
1969,16487,1449595,2008-08-19T16:11:16.297,12,8725,false,sourceforge,9,0,null
1545,16491,16502,2008-08-19T16:13:31.813,51,93054,false,sql-server,10,0,null
1545,16491,16502,2008-08-19T16:13:31.813,51,93054,false,database,10,0,null
1545,16491,16502,2008-08-19T16:13:31.813,51,93054,false,sql-server-2005,10,0,null
1545,16491,16502,2008-08-19T16:13:31.813,51,93054,false,backup,10,0,null
1545,16491,16502,2008-08-19T16:13:31.813,51,93054,false,restore,10,0,null
115,19466,19472,2008-08-21T08:06:06.933,18,23123,false,php,6,0,null
115,19466,19472,2008-08-21T08:06:06.933,18,23123,false,file-permissions,6,0,null
260,19471,19480,2008-08-21T08:10:14.910,1,594,false,security,1,0,null
260,19471,19480,2008-08-21T08:10:14.910,1,594,false,internet-explorer-7,1,0,null
1344,16501,16509,2008-08-19T16:20:37.650,849,394608,false,lambda,24,3,null
1344,16501,16509,2008-08-19T16:20:37.650,849,394608,false,language-agnostic,24,3,null
1344,16501,16509,2008-08-19T16:20:37.650,849,394608,false,computer-science,24,3,null
1344,16501,16509,2008-08-19T16:20:37.650,849,394608,false,terminology,24,3,null
1344,16501,16509,2008-08-19T16:20:37.650,849,394608,false,theory,24,3,null
1193,19481,null,2008-08-21T08:25:46.667,22,5984,false,data-binding,10,0,null
5,19487,22087,2008-08-21T08:32:34.873,23,1221,false,html,8,0,null
5,19487,22087,2008-08-21T08:32:34.873,23,1221,false,css,8,0,null
3353,31906,null,2008-08-28T09:31:09.107,5,318,false,sql,3,0,null
3353,31906,null,2008-08-28T09:31:09.107,5,318,false,sql-server,3,0,null
3373,31913,null,2008-08-28T09:40:19.020,9,8301,false,c++,5,0,null
3373,31913,null,2008-08-28T09:40:19.020,9,8301,false,design-patterns,5,0,null
3373,31913,null,2008-08-28T09:40:19.020,9,8301,false,visitors,5,0,null
578,31919,null,2008-08-28T09:43:42.087,6,3480,false,asp.net,8,0,null
578,31919,null,2008-08-28T09:43:42.087,6,3480,false,sharepoint,8,0,null
578,31919,null,2008-08-28T09:43:42.087,6,3480,false,debugging,8,0,null
null,31924,31960,2008-08-28T09:47:18.270,11,11292,false,java,8,0,null
null,31924,31960,2008-08-28T09:47:18.270,11,11292,false,jsf,8,0,null
2972,31930,32063,2008-08-28T09:50:48.183,2,7050,false,c#,5,0,null
2972,31930,32063,2008-08-28T09:50:48.183,2,7050,false,reporting-services,5,0,null
916,31931,31939,2008-08-28T09:50:48.370,24,15085,false,javascript,7,1,null
916,31931,31939,2008-08-28T09:50:48.370,24,15085,false,browser,7,1,null
916,31931,31939,2008-08-28T09:50:48.370,24,15085,false,date,7,1,null
3099,31935,32784,2008-08-28T09:53:22.140,9,25655,false,asp.net,8,1,null
3099,31935,32784,2008-08-28T09:53:22.140,9,25655,false,javascript,8,1,null
3099,31935,32784,2008-08-28T09:53:22.140,9,25655,false,asp.net-ajax,8,1,null
93,12385,12436,2008-08-15T15:34:20.367,2,2473,false,.net,3,0,null
93,12385,12436,2008-08-15T15:34:20.367,2,2473,false,silverlight,3,0,null
93,12385,12436,2008-08-15T15:34:20.367,2,2473,false,dependency-properties,3,0,null
475,12397,19051,2008-08-15T15:41:53.160,7,2563,false,asp.net,1,0,null
475,12397,19051,2008-08-15T15:41:53.160,7,2563,false,virtualpathprovider,1,0,null
1432,12401,3003400,2008-08-15T15:45:21.217,6,1351,false,asp.net,4,0,null
1432,12401,3003400,2008-08-15T15:45:21.217,6,1351,false,session,4,0,null
1432,12401,3003400,2008-08-15T15:45:21.217,6,1351,false,cluster-computing,4,0,null
1432,12401,3003400,2008-08-15T15:45:21.217,6,1351,false,failover,4,0,null
1432,12401,3003400,2008-08-15T15:45:21.217,6,1351,false,session-replication,4,0,null
72,46155,46181,2008-09-05T16:10:11.093,5474,4692898,true,javascript,79,9,null
72,46155,46181,2008-09-05T16:10:11.093,5474,4692898,true,html,79,9,null
72,46155,46181,2008-09-05T16:10:11.093,5474,4692898,true,regex,79,9,null
72,46155,46181,2008-09-05T16:10:11.093,5474,4692898,true,email-validation,79,9,null
1483,46156,46207,2008-09-05T16:10:14.087,0,1013,false,windows,1,0,null
1483,46156,46207,2008-09-05T16:10:14.087,0,1013,false,vb6,1,0,null
1483,46156,46207,2008-09-05T16:10:14.087,0,1013,false,runtime-error,1,0,null
4216,46160,null,2008-09-05T16:11:44.067,10,16339,false,java,14,0,null
4216,46160,null,2008-09-05T16:11:44.067,10,16339,false,performance,14,0,null
4216,46160,null,2008-09-05T16:11:44.067,10,16339,false,string,14,0,null
2975,45030,45037,2008-09-05T00:22:54.630,358,235075,false,c#,23,2,null
2975,45030,45037,2008-09-05T00:22:54.630,358,235075,false,.net,23,2,null
2975,45030,45037,2008-09-05T00:22:54.630,358,235075,false,string,23,2,null
2975,45030,45037,2008-09-05T00:22:54.630,358,235075,false,.net-3.5,23,2,null
2975,45030,45037,2008-09-05T00:22:54.630,358,235075,false,nullable,23,2,null
166,11085,64160,2008-08-14T14:11:42.913,20,12669,false,perl,3,0,null
166,11085,64160,2008-08-14T14:11:42.913,20,12669,false,reference,3,0,null
166,11085,64160,2008-08-14T14:11:42.913,20,12669,false,types,3,0,null
1309,11088,11101,2008-08-14T14:14:03.940,60,27050,false,java,7,0,null
1309,11088,11101,2008-08-14T14:14:03.940,60,27050,false,byte,7,0,null
1309,11088,11101,2008-08-14T14:14:03.940,60,27050,false,unsigned,7,0,null
1309,11088,11101,2008-08-14T14:14:03.940,60,27050,false,signed,7,0,null
1185,11099,11107,2008-08-14T14:23:11.237,3,966,false,language-agnostic,20,0,null
1185,11099,11107,2008-08-14T14:23:11.237,3,966,false,language-features,20,0,null
1185,11099,11107,2008-08-14T14:23:11.237,3,966,false,readability,20,0,null
1175,11112,2028892,2008-08-14T14:30:17.277,7,1189,false,iphone,3,0,null
1175,11112,2028892,2008-08-14T14:30:17.277,7,1189,false,wiki,3,0,null
1175,11112,2028892,2008-08-14T14:30:17.277,7,1189,false,mobile-website,3,0,null
1212,28642,28715,2008-08-26T17:11:41.603,7,2545,false,c#,7,0,null
1212,28642,28715,2008-08-26T17:11:41.603,7,2545,false,asp.net,7,0,null
2045,21449,null,2008-08-21T23:42:44.060,17,16193,false,endianness,9,1,null
2019,21454,null,2008-08-21T23:48:08.777,101,67470,false,python,10,1,null
2019,21454,null,2008-08-21T23:48:08.777,101,67470,false,mysql,10,1,null
2019,21454,null,2008-08-21T23:48:08.777,101,67470,false,django,10,1,null
2019,21454,null,2008-08-21T23:48:08.777,101,67470,false,django-models,10,1,null
2019,21454,null,2008-08-21T23:48:08.777,101,67470,false,enums,10,1,null
2019,21460,null,2008-08-21T23:51:10.313,9,4239,false,django,5,1,null
2019,21460,null,2008-08-21T23:51:10.313,9,4239,false,shared-hosting,5,1,null
2019,21460,null,2008-08-21T23:51:10.313,9,4239,false,hostmonster,5,1,null
1343,21461,21479,2008-08-21T23:51:23.777,9,888,false,c#,3,0,null
2305,21464,21494,2008-08-21T23:53:36.797,8,1670,false,ios,7,2,null
2863,30454,30586,2008-08-27T15:31:27.517,4,2676,false,xml,1,0,null
2863,30454,30586,2008-08-27T15:31:27.517,4,2676,false,perl,1,0,null
2863,30454,30586,2008-08-27T15:31:27.517,4,2676,false,amazon-web-services,1,0,null
2281,21489,21545,2008-08-22T00:13:06.000,7,280,false,sql,6,0,null
1490,30465,null,2008-08-27T15:36:15.570,8,1971,false,user-experience,8,0,null
1490,30465,null,2008-08-27T15:36:15.570,8,1971,false,feedback,8,0,null
106,30485,30509,2008-08-27T15:40:54.840,171,169471,false,html,12,4,null
106,30485,30509,2008-08-27T15:40:54.840,171,169471,false,sql,12,4,null
106,30485,30509,2008-08-27T15:40:54.840,171,169471,false,sql-server,12,4,null
106,30485,30509,2008-08-27T15:40:54.840,171,169471,false,textbox,12,4,null
106,30485,30509,2008-08-27T15:40:54.840,171,169471,false,limit,12,4,null
2383,21514,21546,2008-08-22T00:29:05.837,7,24909,false,c#,5,1,null
2383,21514,21546,2008-08-22T00:29:05.837,7,24909,false,windows,5,1,null
2383,21514,21546,2008-08-22T00:29:05.837,7,24909,false,user-management,5,1,null
2383,21514,21546,2008-08-22T00:29:05.837,7,24909,false,usergroups,5,1,null
1490,30494,30629,2008-08-27T15:43:27.190,27,20682,false,c#,4,1,null
1490,30494,30629,2008-08-27T15:43:27.190,27,20682,false,.net,4,1,null
1490,30494,30629,2008-08-27T15:43:27.190,27,20682,false,compare,4,1,null
1490,30494,30629,2008-08-27T15:43:27.190,27,20682,false,versions,4,1,null
428190,7940,7945,2008-08-11T16:46:28.567,15,3414,false,css,9,0,null
428190,7940,7945,2008-08-11T16:46:28.567,15,3414,false,validation,9,0,null
428190,7940,7945,2008-08-11T16:46:28.567,15,3414,false,xhtml,9,0,null
428190,7940,7945,2008-08-11T16:46:28.567,15,3414,false,cross-browser,9,0,null
428190,7940,7945,2008-08-11T16:46:28.567,15,3414,false,w3c,9,0,null
1190,22764,1434830,2008-08-22T16:09:50.070,5,1788,false,ruby,5,0,null
1190,22764,1434830,2008-08-22T16:09:50.070,5,1788,false,encoding,5,0,null
1190,22764,1434830,2008-08-22T16:09:50.070,5,1788,false,utf-8,5,0,null
91,22779,22800,2008-08-22T16:20:55.287,4,1652,false,.net,5,0,null
91,22779,22800,2008-08-22T16:20:55.287,4,1652,false,gdi+,5,0,null
1463,22792,546633,2008-08-22T16:26:31.170,42,25579,false,sql-server,12,0,null
1463,22792,546633,2008-08-22T16:26:31.170,42,25579,false,sql-server-2005,12,0,null
1463,22792,546633,2008-08-22T16:26:31.170,42,25579,false,compare,12,0,null
1793,22798,4788050,2008-08-22T16:30:20.117,4,3408,false,java,3,0,null
1793,22798,4788050,2008-08-22T16:30:20.117,4,3408,false,eclipse,3,0,null
1793,22798,4788050,2008-08-22T16:30:20.117,4,3408,false,ms-office,3,0,null
1793,22798,4788050,2008-08-22T16:30:20.117,4,3408,false,integration,3,0,null
1793,22798,4788050,2008-08-22T16:30:20.117,4,3408,false,desktop,3,0,null
1174,19493,19597,2008-08-21T08:42:17.407,40,56008,false,apache,1,1,null
1174,19493,19597,2008-08-21T08:42:17.407,40,56008,false,mod-rewrite,1,1,null
234,45036,45049,2008-09-05T00:25:21.287,151,38238,false,.net,9,0,null
234,45036,45049,2008-09-05T00:25:21.287,151,38238,false,dispose,9,0,null
234,45036,45049,2008-09-05T00:25:21.287,151,38238,false,idisposable,9,0,null
2567,45042,45046,2008-09-05T00:35:51.480,14,15395,false,svn,2,0,null
2567,45042,45046,2008-09-05T00:35:51.480,14,15395,false,version-control,2,0,null
2723,45045,83999,2008-09-05T00:39:31.707,107,77202,false,.net,16,2,null
2723,45045,83999,2008-09-05T00:39:31.707,107,77202,false,linq,16,2,null
2723,45045,83999,2008-09-05T00:39:31.707,107,77202,false,linq-to-sql,16,2,null
3294,41994,42014,2008-09-03T16:00:08.797,9,3562,false,c#,3,0,null
3294,41994,42014,2008-09-03T16:00:08.797,9,3562,false,xml,3,0,null
4239,41996,42024,2008-09-03T16:01:01.727,1,3398,false,sharepoint,1,0,null
1223,42013,null,2008-09-03T16:04:25.227,16,15985,false,fuzzy-search,4,1,null
1223,42013,null,2008-09-03T16:04:25.227,16,15985,false,soundex,4,1,null
1223,42013,null,2008-09-03T16:04:25.227,16,15985,false,algorithm,4,1,null
4407,42015,null,2008-09-03T16:05:06.957,10,7618,false,sql-server,3,0,null
4407,42015,null,2008-09-03T16:05:06.957,10,7618,false,indexing,3,0,null
4407,42015,null,2008-09-03T16:05:06.957,10,7618,false,sql-server-2005,3,0,null
2361,42017,null,2008-09-03T16:05:39.267,33,30078,false,.net,7,0,null
2361,42017,null,2008-09-03T16:05:39.267,33,30078,false,exif,7,0,null
79,1908,1945,2008-08-05T04:55:28.683,25,6451,false,math,4,1,null
79,1908,1945,2008-08-05T04:55:28.683,25,6451,false,maps,4,1,null
79,1908,1945,2008-08-05T04:55:28.683,25,6451,false,mapping,4,1,null
79,1908,1945,2008-08-05T04:55:28.683,25,6451,false,latitude-longitude,4,1,null
1384652,22801,23835,2008-08-22T16:32:33.153,6,2323,false,php,11,1,null
1384652,22801,23835,2008-08-22T16:32:33.153,6,2323,false,loops,11,1,null
2495,30504,30512,2008-08-27T15:47:17.027,26,29980,false,visual-studio,17,0,null
1739,30505,30532,2008-08-27T15:47:35.840,86,51067,false,visual-studio,14,4,null
1739,30505,30532,2008-08-27T15:47:35.840,86,51067,false,projects-and-solutions,14,4,null
338,36239,217348,2008-08-30T18:42:57.067,67,9771,false,unix,11,7,null
338,36239,217348,2008-08-30T18:42:57.067,67,9771,false,time,11,7,null
338,36239,217348,2008-08-30T18:42:57.067,67,9771,false,maintainability,11,7,null
338,36239,217348,2008-08-30T18:42:57.067,67,9771,false,year2038,11,7,null
2183,43315,43331,2008-09-04T07:59:57.490,97,175545,false,iphone,14,2,null
2183,43315,43331,2008-09-04T07:59:57.490,97,175545,false,python,14,2,null
2183,43315,43331,2008-09-04T07:59:57.490,97,175545,false,cocoa-touch,14,2,null
372,43320,43567,2008-09-04T08:04:04.017,190,84162,false,.net,4,0,null
372,43320,43567,2008-09-04T08:04:04.017,190,84162,false,session,4,0,null
372,43320,43567,2008-09-04T08:04:04.017,190,84162,false,nhibernate,4,0,null
372,43320,43567,2008-09-04T08:04:04.017,190,84162,false,flush,4,0,null
4161,43321,43340,2008-09-04T08:04:37.493,193,72167,false,bash,6,3,null
4161,43321,43340,2008-09-04T08:04:37.493,193,72167,false,shell,6,3,null
4161,43321,43340,2008-09-04T08:04:37.493,193,72167,false,zsh,6,3,null
366,19516,19521,2008-08-21T09:12:00.083,3,1200,false,database,4,0,null
366,19516,19521,2008-08-21T09:12:00.083,3,1200,false,sql-server-2005,4,0,null
366,19516,19521,2008-08-21T09:12:00.083,3,1200,false,referential-integrity,4,0,null
4367,19517,21841,2008-08-21T09:23:56.137,7,1385,false,c#,2,0,null
4367,19517,21841,2008-08-21T09:23:56.137,7,1385,false,.net,2,0,null
4367,19517,21841,2008-08-21T09:23:56.137,7,1385,false,bdd,2,0,null
4367,19517,21841,2008-08-21T09:23:56.137,7,1385,false,boo,2,0,null
834,19519,null,2008-08-21T09:25:33.683,2,445,false,desktop,10,0,null
834,19519,null,2008-08-21T09:25:33.683,2,445,false,virtualization,10,0,null
834,19519,null,2008-08-21T09:25:33.683,2,445,false,legacy,10,0,null
268,9289,9297,2008-08-12T22:21:30.263,132,198387,false,javascript,8,2,null
268,9289,9297,2008-08-12T22:21:30.263,132,198387,false,functional-programming,8,2,null
268,9289,9297,2008-08-12T22:21:30.263,132,198387,false,data-manipulation,8,2,null
268,9289,9297,2008-08-12T22:21:30.263,132,198387,false,client-side,8,2,null
1100,9301,null,2008-08-12T23:01:10.807,9,1758,false,javascript,6,1,null
1100,9301,null,2008-08-12T23:01:10.807,9,1758,false,internet-explorer,6,1,null
1100,9301,null,2008-08-12T23:01:10.807,9,1758,false,events,6,1,null
1100,9301,null,2008-08-12T23:01:10.807,9,1758,false,internet-explorer-7,6,1,null
233,6530,6534,2008-08-09T02:03:52.033,11,4696,false,asp.net,6,0,null
233,6530,6534,2008-08-09T02:03:52.033,11,4696,false,logging,6,0,null
233,6530,6534,2008-08-09T02:03:52.033,11,4696,false,permissions,6,0,null
369,21547,317864,2008-08-22T00:58:55.173,88,130726,false,sql-server,16,0,null
369,21547,317864,2008-08-22T00:58:55.173,88,130726,false,scripting,16,0,null
369,21547,317864,2008-08-22T00:58:55.173,88,130726,false,dynamic-sql,16,0,null
1556,21558,21607,2008-08-22T01:13:15.357,473,357684,false,c++,11,3,null
1556,21558,21607,2008-08-22T01:13:15.357,473,357684,false,virtual-inheritance,11,3,null
1630,21560,21967,2008-08-22T01:16:26.817,3,3804,false,opengl,1,0,null
1630,21560,21967,2008-08-22T01:16:26.817,3,3804,false,wxwidgets,1,0,null
1630,21560,21967,2008-08-22T01:16:26.817,3,3804,false,multisampling,1,0,null
156,21564,21620,2008-08-22T01:24:34.817,186,78927,false,unix,19,2,null
156,21564,21620,2008-08-22T01:24:34.817,186,78927,false,shell,19,2,null
156,21564,21620,2008-08-22T01:24:34.817,186,78927,false,awk,19,2,null
48,129,null,2008-08-01T16:22:42.420,90,96822,false,mysql,5,5,null
48,129,null,2008-08-01T16:22:42.420,90,96822,false,sql-server,5,5,null
48,129,null,2008-08-01T16:22:42.420,90,96822,false,csv,5,5,null
48,129,null,2008-08-01T16:22:42.420,90,96822,false,sql-server-2005,5,5,null
48,129,null,2008-08-01T16:22:42.420,90,96822,false,bcp,5,5,null
71,134,206,2008-08-01T16:33:38.183,39,1519,false,.net,1,0,null
71,134,206,2008-08-01T16:33:38.183,39,1519,false,database,1,0,null
71,134,206,2008-08-01T16:33:38.183,39,1519,false,xsd,1,0,null
370,3230,10141,2008-08-06T09:49:27.467,38,34680,false,c++,6,1,null
370,3230,10141,2008-08-06T09:49:27.467,38,34680,false,visual-studio,6,1,null
370,3230,10141,2008-08-06T09:49:27.467,38,34680,false,build,6,1,null
381,3231,842632,2008-08-06T09:51:06.153,31,31022,false,c++,3,0,null
381,3231,842632,2008-08-06T09:51:06.153,31,31022,false,c,3,0,null
381,3231,842632,2008-08-06T09:51:06.153,31,31022,false,signal-processing,3,0,null
381,3231,842632,2008-08-06T09:51:06.153,31,31022,false,midi,3,0,null
381,3231,842632,2008-08-06T09:51:06.153,31,31022,false,dev-c++,3,0,null
231,3234,14496,2008-08-06T09:52:36.603,21,19034,true,c#,4,0,null
1178,24515,24615,2008-08-23T19:17:34.353,54,104638,false,list,9,8,null
1178,24515,24615,2008-08-23T19:17:34.353,54,104638,false,dictionary,9,8,null
1178,24515,24615,2008-08-23T19:17:34.353,54,104638,false,profanity,9,8,null
1891,24516,24589,2008-08-23T19:18:48.050,11,9022,false,parsing,2,0,null
1891,24516,24589,2008-08-23T19:18:48.050,11,9022,false,ocaml,2,0,null
1891,24516,24589,2008-08-23T19:18:48.050,11,9022,false,grammar,2,0,null
1891,24516,24589,2008-08-23T19:18:48.050,11,9022,false,yacc,2,0,null
1690,24528,24531,2008-08-23T19:30:47.660,11,1916,false,windows,12,0,null
1690,24528,24531,2008-08-23T19:30:47.660,11,1916,false,svn,12,0,null
1965,24541,24548,2008-08-23T19:51:31.433,5,6910,false,sql-server-2005,5,0,null
1965,24541,24548,2008-08-23T19:51:31.433,5,6910,false,t-sql,5,0,null
1891,24542,24560,2008-08-23T19:52:39.933,108,88071,false,c++,9,2,null
1891,24542,24560,2008-08-23T19:52:39.933,108,88071,false,boolean,9,2,null
1891,24542,24560,2008-08-23T19:52:39.933,108,88071,false,bitwise-operators,9,2,null
112,24546,24574,2008-08-23T19:54:09.650,11,3671,false,perl,5,1,null
112,24546,24574,2008-08-23T19:54:09.650,11,3671,false,wikipedia,5,1,null
112,24546,24574,2008-08-23T19:54:09.650,11,3671,false,lwp,5,1,null
2635,24551,24558,2008-08-23T19:59:42.083,470,168085,false,java,16,2,null
2595,24556,24592,2008-08-23T20:03:52.120,0,216,false,c#,2,0,null
2595,24556,24592,2008-08-23T20:03:52.120,0,216,false,linq-to-sql,2,0,null
757,21574,21621,2008-08-22T01:32:54.937,103,42465,false,ruby,4,4,null
757,21574,21621,2008-08-22T01:32:54.937,103,42465,false,ruby-1.9,4,4,null
757,21574,21621,2008-08-22T01:32:54.937,103,42465,false,ruby-1.8,4,4,null
1266,21583,21603,2008-08-22T01:35:33.773,32,8495,false,database,9,0,null
1266,21583,21603,2008-08-22T01:35:33.773,32,8495,false,unit-testing,9,0,null
1266,21583,21603,2008-08-22T01:35:33.773,32,8495,false,transactions,9,0,null
1266,21583,21603,2008-08-22T01:35:33.773,32,8495,false,xtunit,9,0,null
3105,39867,40141,2008-09-02T15:58:49.947,27,26717,false,bash,7,0,null
3105,39867,40141,2008-09-02T15:58:49.947,27,26717,false,cron,7,0,null
3105,39867,40141,2008-09-02T15:58:49.947,27,26717,false,gnupg,7,0,null
4262,39874,null,2008-09-02T16:01:32.903,28,28421,false,chess,14,1,null
184,39879,39961,2008-09-02T16:03:23.773,336,200663,true,javascript,16,5,null
184,39879,39961,2008-09-02T16:03:23.773,336,200663,true,multithreading,16,5,null
184,39879,39961,2008-09-02T16:03:23.773,336,200663,true,browser,16,5,null
1683,16517,16519,2008-08-19T16:32:01.417,46,25012,false,windows-installer,1,0,null
889,9303,9306,2008-08-12T23:04:10.770,13,2420,false,c#,5,0,null
889,9303,9306,2008-08-12T23:04:10.770,13,2420,false,regex,5,0,null
889,9303,9306,2008-08-12T23:04:10.770,13,2420,false,perl,5,0,null
91,9304,9310,2008-08-12T23:06:58.767,158,50291,false,c#,17,1,null
91,9304,9310,2008-08-12T23:06:58.767,158,50291,false,.net,17,1,null
91,9304,9310,2008-08-12T23:06:58.767,158,50291,false,automatic-properties,17,1,null
5,12406,12424,2008-08-15T15:48:58.527,9,8227,false,visual-studio-2008,4,0,null
5,12406,12424,2008-08-15T15:48:58.527,9,8227,false,visual-studio-2008-sp1,4,0,null
2095,43322,43325,2008-09-04T08:04:45.637,49,24446,false,c++,8,0,null
2095,43322,43325,2008-09-04T08:04:45.637,49,24446,false,api,8,0,null
2095,43322,43325,2008-09-04T08:04:45.637,49,24446,false,plugins,8,0,null
2095,43322,43325,2008-09-04T08:04:45.637,49,24446,false,compiler-construction,8,0,null
2527,43324,237682,2008-09-04T08:08:40.340,11,19956,false,c#,4,0,null
2527,43324,237682,2008-09-04T08:08:40.340,11,19956,false,asp.net,4,0,null
2527,43324,237682,2008-09-04T08:08:40.340,11,19956,false,session,4,0,null
2527,43324,237682,2008-09-04T08:08:40.340,11,19956,false,yui,4,0,null
1185,27836,29585,2008-08-26T12:04:15.633,1,1703,false,sql,4,0,null
1185,27836,29585,2008-08-26T12:04:15.633,1,1703,false,reporting-services,4,0,null
1185,27836,29585,2008-08-26T12:04:15.633,1,1703,false,graph,4,0,null
3014,27846,null,2008-08-26T12:10:00.830,36,30252,false,grails,7,0,null
2077,27850,28217,2008-08-26T12:11:05.010,5,271,false,data-structures,2,0,null
2077,27850,28217,2008-08-26T12:11:05.010,5,271,false,modeling,2,0,null
1328,21589,66513,2008-08-22T01:39:05.920,4,1462,false,.net,2,0,null
1328,21589,66513,2008-08-22T01:39:05.920,4,1462,false,database,2,0,null
1328,21589,66513,2008-08-22T01:39:05.920,4,1462,false,transactions,2,0,null
1328,21589,66513,2008-08-22T01:39:05.920,4,1462,false,com+,2,0,null
2399,21593,null,2008-08-22T01:40:06.993,3092,903341,false,c++,30,3,null
2399,21593,null,2008-08-22T01:40:06.993,3092,903341,false,c,30,3,null
2399,21593,null,2008-08-22T01:40:06.993,3092,903341,false,include,30,3,null
2399,21593,null,2008-08-22T01:40:06.993,3092,903341,false,header-files,30,3,null
2399,21593,null,2008-08-22T01:40:06.993,3092,903341,false,c-preprocessor,30,3,null
1632,13731,null,2008-08-17T17:09:25.337,3,927,false,c#,0,0,null
1632,13731,null,2008-08-17T17:09:25.337,3,927,false,vb.net,0,0,null
1629,13745,13756,2008-08-17T17:22:26.590,13,1872,false,svn,4,0,null
1629,13745,13756,2008-08-17T17:22:26.590,13,1872,false,tortoisesvn,4,0,null
1629,13745,13756,2008-08-17T17:22:26.590,13,1872,false,resharper,4,0,null
1629,13745,13756,2008-08-17T17:22:26.590,13,1872,false,visualsvn,4,0,null
1629,13745,13756,2008-08-17T17:22:26.590,13,1872,false,ankhsvn,4,0,null
2140,25652,25673,2008-08-25T04:19:25.777,2,2893,false,cocoa,2,0,null
2140,25652,25673,2008-08-25T04:19:25.777,2,2893,false,macos,2,0,null
364,25653,25667,2008-08-25T04:21:05.913,14,6967,false,asp.net,2,0,null
364,25653,25667,2008-08-25T04:21:05.913,14,6967,false,dynamic-data,2,0,null
2526,22807,null,2008-08-22T16:35:19.027,1,1864,false,sql,5,0,null
2526,22807,null,2008-08-22T16:35:19.027,1,1864,false,sql-server,5,0,null
2526,22807,null,2008-08-22T16:35:19.027,1,1864,false,date,5,0,null
2526,22807,null,2008-08-22T16:35:19.027,1,1864,false,sql-server-2005,5,0,null
31505,22814,22819,2008-08-22T16:38:49.407,63,121244,false,asp.net,11,4,null
31505,22814,22819,2008-08-22T16:38:49.407,63,121244,false,viewstate,11,4,null
1793,22816,43112,2008-08-22T16:39:15.927,18,17099,false,java,11,0,null
1793,22816,43112,2008-08-22T16:39:15.927,18,17099,false,eclipse,11,0,null
1793,22816,43112,2008-08-22T16:39:15.927,18,17099,false,charts,11,0,null
1793,22816,43112,2008-08-22T16:39:15.927,18,17099,false,swt,11,0,null
2528,22818,null,2008-08-22T16:39:40.373,12,4776,false,database,10,0,null
1206,46173,46511,2008-09-05T16:13:53.953,-2,177,false,c#,2,0,null
1206,46173,46511,2008-09-05T16:13:53.953,-2,177,false,.net,2,0,null
1206,46173,46511,2008-09-05T16:13:53.953,-2,177,false,deployment,2,0,null
234,9314,9387,2008-08-12T23:17:00.540,43,33901,false,c#,11,0,null
234,9314,9387,2008-08-12T23:17:00.540,43,33901,false,.net,11,0,null
234,9314,9387,2008-08-12T23:17:00.540,43,33901,false,winforms,11,0,null
234,9314,9387,2008-08-12T23:17:00.540,43,33901,false,visual-studio-2008,11,0,null
234,9314,9387,2008-08-12T23:17:00.540,43,33901,false,visual-studio-2005,11,0,null
432,9321,9328,2008-08-12T23:35:00.613,314,582311,false,c++,15,4,null
432,9321,9328,2008-08-12T23:35:00.613,314,582311,false,class,15,4,null
432,9321,9328,2008-08-12T23:35:00.613,314,582311,false,oop,15,4,null
432,9321,9328,2008-08-12T23:35:00.613,314,582311,false,static-classes,15,4,null
1473493,18601,18771,2008-08-20T19:07:51.593,26,6388,false,unit-testing,7,0,null
1473493,18601,18771,2008-08-20T19:07:51.593,26,6388,false,tdd,7,0,null
572,18606,18647,2008-08-20T19:11:32.723,9,17972,false,email,7,0,null
572,18606,18647,2008-08-20T19:11:32.723,9,17972,false,outlook,7,0,null
572,18606,18647,2008-08-20T19:11:32.723,9,17972,false,exchange-server,7,0,null
572,18606,18647,2008-08-20T19:11:32.723,9,17972,false,email-client,7,0,null
327,18608,18616,2008-08-20T19:12:05.077,4,865,false,c#,3,0,null
327,18608,18616,2008-08-20T19:12:05.077,4,865,false,oop,3,0,null
327,18608,18616,2008-08-20T19:12:05.077,4,865,false,inheritance,3,0,null
327,18608,18616,2008-08-20T19:12:05.077,4,865,false,naming,3,0,null
327,18608,18616,2008-08-20T19:12:05.077,4,865,false,convention,3,0,null
179,11127,11132,2008-08-14T14:37:27.120,8,10508,false,c++,4,0,null
179,11127,11132,2008-08-14T14:37:27.120,8,10508,false,windows-xp,4,0,null
179,11127,11132,2008-08-14T14:37:27.120,8,10508,false,networking,4,0,null
179,11127,11132,2008-08-14T14:37:27.120,8,10508,false,windows-nt,4,0,null
1311,11135,11188,2008-08-14T14:42:50.887,1,2085,false,asp-classic,2,0,null
1311,11135,11188,2008-08-14T14:42:50.887,1,2085,false,vbscript,2,0,null
null,11141,11146,2008-08-14T14:46:30.317,2,600,false,asp.net,3,0,null
null,11141,11146,2008-08-14T14:46:30.317,2,600,false,sql,3,0,null
null,11141,11146,2008-08-14T14:46:30.317,2,600,false,caching,3,0,null
230,18614,null,2008-08-20T19:16:01.060,4,758,false,asp.net-mvc,1,1,null
230,18614,null,2008-08-20T19:16:01.060,4,758,false,forms,1,1,null
1310,18617,18623,2008-08-20T19:16:20.810,84,218635,false,tomcat,3,0,null
3018,27853,245175,2008-08-26T12:12:23.603,0,2074,false,sharepoint,2,0,null
3018,27853,245175,2008-08-26T12:12:23.603,0,2074,false,modalpopupextender,2,0,null
3006,27857,null,2008-08-26T12:15:02.630,68,64067,false,c++,7,3,null
3006,27857,null,2008-08-26T12:15:02.630,68,64067,false,c,7,3,null
3006,27857,null,2008-08-26T12:15:02.630,68,64067,false,visualization,7,3,null
1891,36260,36527,2008-08-30T19:06:44.077,17,4066,false,ocaml,3,0,null
3777,36262,36284,2008-08-30T19:08:50.047,1,268,false,.net,2,0,null
3777,36262,36284,2008-08-30T19:08:50.047,1,268,false,dataset,2,0,null
3747,36274,36297,2008-08-30T19:20:04.933,95,77623,false,data-binding,13,0,null
3747,36274,36297,2008-08-30T19:20:04.933,95,77623,false,lazy-loading,13,0,null
577,42034,42048,2008-09-03T16:13:06.737,57,51708,false,python,12,0,null
577,42034,42048,2008-09-03T16:13:06.737,57,51708,false,tuples,12,0,null
364,1936,1940,2008-08-05T05:33:41.697,123,93516,false,c#,6,2,null
364,1936,1940,2008-08-05T05:33:41.697,123,93516,false,asp.net-mvc,6,2,null
46,3255,4852666,2008-08-06T10:18:16.067,978,536408,false,algorithm,24,9,null
46,3255,4852666,2008-08-06T10:18:16.067,978,536408,false,optimization,24,9,null
46,3255,4852666,2008-08-06T10:18:16.067,978,536408,false,complexity-theory,24,9,null
46,3255,4852666,2008-08-06T10:18:16.067,978,536408,false,big-o,24,9,null
46,3255,4852666,2008-08-06T10:18:16.067,978,536408,false,performance,24,9,null
186,3260,3288,2008-08-06T10:23:18.833,60,63004,false,algorithm,9,0,null
186,3260,3288,2008-08-06T10:23:18.833,60,63004,false,language-agnostic,9,0,null
2772,25661,null,2008-08-25T04:36:48.980,9,5081,false,python,7,0,null
2772,25661,null,2008-08-25T04:36:48.980,9,5081,false,gtk,7,0,null
2772,25661,null,2008-08-25T04:36:48.980,9,5081,false,pygtk,7,0,null
2772,25661,null,2008-08-25T04:36:48.980,9,5081,false,sdl,7,0,null
2772,25661,null,2008-08-25T04:36:48.980,9,5081,false,pygame,7,0,null
1448,25665,25689,2008-08-25T04:44:06.090,418,458243,false,python,13,7,null
1448,25665,25689,2008-08-25T04:44:06.090,418,458243,false,pdf,13,7,null
1448,25665,25689,2008-08-25T04:44:06.090,418,458243,false,text-extraction,13,7,null
1448,25665,25689,2008-08-25T04:44:06.090,418,458243,false,pdf-scraping,13,7,null
637,4689,4704,2008-08-07T13:08:44.070,182,253030,true,fonts,114,3,null
637,4689,4704,2008-08-07T13:08:44.070,182,253030,true,development-environment,114,3,null
296,9336,9533,2008-08-13T00:01:11.780,5,3293,false,.net,3,1,null
296,9336,9533,2008-08-13T00:01:11.780,5,3293,false,asp.net,3,1,null
296,9336,9533,2008-08-13T00:01:11.780,5,3293,false,sitemap,3,1,null
1063,9338,9374,2008-08-13T00:01:56.800,2,801,false,monitoring,2,0,null
1063,9338,9374,2008-08-13T00:01:56.800,2,801,false,logging,2,0,null
51,1949,5310,2008-08-05T05:54:34.697,32,5860,false,asp.net,5,0,null
51,1949,5310,2008-08-05T05:54:34.697,32,5860,false,.net,5,0,null
51,1949,5310,2008-08-05T05:54:34.697,32,5860,false,linq-to-sql,5,0,null
51,1949,5310,2008-08-05T05:54:34.697,32,5860,false,datacontext,5,0,null
2897,30521,30597,2008-08-27T15:54:07.943,2,4677,false,c++,2,0,null
2897,30521,30597,2008-08-27T15:54:07.943,2,4677,false,qt,2,0,null
2897,30521,30597,2008-08-27T15:54:07.943,2,4677,false,user-interface,2,0,null
2897,30521,30597,2008-08-27T15:54:07.943,2,4677,false,qtgui,2,0,null
3827,37335,37349,2008-09-01T01:10:03.727,574,2250811,false,java,32,4,null
3827,37335,37349,2008-09-01T01:10:03.727,574,2250811,false,jvm,32,4,null
3827,37335,37349,2008-09-01T01:10:03.727,574,2250811,false,out-of-memory,32,4,null
3827,37335,37349,2008-09-01T01:10:03.727,574,2250811,false,heap-memory,32,4,null
255,37343,2189015,2008-09-01T01:23:51.400,3,1837,false,php,4,0,null
255,37343,2189015,2008-09-01T01:23:51.400,3,1837,false,wordpress,4,0,null
255,37343,2189015,2008-09-01T01:23:51.400,3,1837,false,lamp,4,0,null
255,37343,2189015,2008-09-01T01:23:51.400,3,1837,false,mediawiki,4,0,null
61,37346,37348,2008-09-01T01:27:25.400,34,23429,false,c++,8,6,null
61,37346,37348,2008-09-01T01:27:25.400,34,23429,false,stl,8,6,null
null,13751,null,2008-08-17T17:31:38.380,1388,321562,false,intellij-idea,21,8,null
1635,13753,13972,2008-08-17T17:33:54.727,1,2365,false,.net,3,0,null
1635,13753,13972,2008-08-17T17:33:54.727,1,2365,false,powershell,3,0,null
1635,13753,13972,2008-08-17T17:33:54.727,1,2365,false,scripting,3,0,null
1635,13753,13972,2008-08-17T17:33:54.727,1,2365,false,active-directory,3,0,null
184,13763,14782,2008-08-17T17:48:04.057,84,136123,false,javascript,9,1,null
184,13763,14782,2008-08-17T17:48:04.057,84,136123,false,html,9,1,null
184,13763,14782,2008-08-17T17:48:04.057,84,136123,false,dom,9,1,null
48281,13768,13923,2008-08-17T17:55:57.723,17,1045,false,openid,3,2,null
1638,13775,null,2008-08-17T17:58:57.170,0,14487,false,apache-flex,3,0,null
1638,13775,null,2008-08-17T17:58:57.170,0,14487,false,web-services,3,0,null
1638,13775,null,2008-08-17T17:58:57.170,0,14487,false,soap,3,0,null
2975,37374,37587,2008-09-01T02:13:07.163,33,18524,false,.net,6,0,null
2975,37374,37587,2008-09-01T02:13:07.163,33,18524,false,sql,6,0,null
2975,37374,37587,2008-09-01T02:13:07.163,33,18524,false,linq-to-sql,6,0,null
2975,37374,37587,2008-09-01T02:13:07.163,33,18524,false,iis,6,0,null
2975,37374,37587,2008-09-01T02:13:07.163,33,18524,false,caching,6,0,null
781,37375,37387,2008-09-01T02:13:52.090,18,15050,false,wcf,3,2,null
781,37375,37387,2008-09-01T02:13:52.090,18,15050,false,unit-testing,3,2,null
2701,37378,37406,2008-09-01T02:16:17.623,13,1847,false,oop,16,0,null
87,145,null,2008-08-01T17:13:08.933,60,5457,true,c#,9,0,null
87,145,null,2008-08-01T17:13:08.933,60,5457,true,.net,9,0,null
87,145,null,2008-08-01T17:13:08.933,60,5457,true,file,9,0,null
87,145,null,2008-08-01T17:13:08.933,60,5457,true,compression,9,0,null
30,146,152,2008-08-01T17:14:58.337,90,21872,false,php,8,0,null
30,146,152,2008-08-01T17:14:58.337,90,21872,false,apache,8,0,null
30,146,152,2008-08-01T17:14:58.337,90,21872,false,logging,8,0,null
30,146,152,2008-08-01T17:14:58.337,90,21872,false,download,8,0,null
30,146,152,2008-08-01T17:14:58.337,90,21872,false,analytics,8,0,null
1178,36294,36393,2008-08-30T19:42:24.927,19,2258,false,f#,7,0,null
536,36296,null,2008-08-30T19:43:11.680,4,721,false,encryption,4,1,null
536,36296,null,2008-08-30T19:43:11.680,4,721,false,pdc,4,1,null
2090742,1982,47086,2008-08-05T07:11:08.427,49,6095,false,c++,5,1,null
2090742,1982,47086,2008-08-05T07:11:08.427,49,6095,false,performance,5,1,null
2090742,1982,47086,2008-08-05T07:11:08.427,49,6095,false,cpu,5,1,null
2090742,1982,47086,2008-08-05T07:11:08.427,49,6095,false,throttling,5,1,null
116,1983,2277,2008-08-05T07:18:55.853,60,18463,false,python,18,0,null
116,1983,2277,2008-08-05T07:18:55.853,60,18463,false,list,18,0,null
116,1983,2277,2008-08-05T07:18:55.853,60,18463,false,tuples,18,0,null
122,1988,63737,2008-08-05T07:32:54.437,50,7515,false,macros,14,4,null
122,1988,63737,2008-08-05T07:32:54.437,50,7515,false,lisp,14,4,null
3786,36314,36321,2008-08-30T20:12:55.867,821,239298,false,javascript,25,0,null
3786,36314,36321,2008-08-30T20:12:55.867,821,239298,false,functional-programming,25,0,null
3786,36314,36321,2008-08-30T20:12:55.867,821,239298,false,terminology,25,0,null
3786,36314,36321,2008-08-30T20:12:55.867,821,239298,false,definition,25,0,null
3786,36314,36321,2008-08-30T20:12:55.867,821,239298,false,currying,25,0,null
3191,36315,36552,2008-08-30T20:13:32.667,13,17195,false,.net,7,0,null
3191,36315,36552,2008-08-30T20:13:32.667,13,17195,false,deployment,7,0,null
3191,36315,36552,2008-08-30T20:13:32.667,13,17195,false,.net-3.5,7,0,null
3191,36315,36552,2008-08-30T20:13:32.667,13,17195,false,.net-client-profile,7,0,null
1714,36324,36327,2008-08-30T20:24:38.037,13,16398,false,python,1,0,null
1714,36324,36327,2008-08-30T20:24:38.037,13,16398,false,svn-merge,1,0,null
3205,36326,36332,2008-08-30T20:34:18.060,4,1651,false,c#,2,0,null
3205,36326,36332,2008-08-30T20:34:18.060,4,1651,false,.net,2,0,null
3205,36326,36332,2008-08-30T20:34:18.060,4,1651,false,app-config,2,0,null
2493,36333,36339,2008-08-30T20:41:02.337,5,304,false,jquery,1,0,null
2493,36333,36339,2008-08-30T20:41:02.337,5,304,false,html,1,0,null
2493,36333,36339,2008-08-30T20:41:02.337,5,304,false,wordpress,1,0,null
3948,37381,37408,2008-09-01T02:22:26.423,13,2007,false,objective-c,6,0,null
3948,37381,37408,2008-09-01T02:22:26.423,13,2007,false,cocoa,6,0,null
3948,37381,37408,2008-09-01T02:22:26.423,13,2007,false,macos,6,0,null
3948,37381,37408,2008-09-01T02:22:26.423,13,2007,false,erlang,6,0,null
797,6547,6565,2008-08-09T02:23:27.890,40,21719,false,algorithm,10,5,null
797,6547,6565,2008-08-09T02:23:27.890,40,21719,false,puzzle,10,5,null
797,6557,6567,2008-08-09T02:32:01.507,86,77817,false,c#,14,4,null
797,6557,6567,2008-08-09T02:32:01.507,86,77817,false,.net,14,4,null
797,6557,6567,2008-08-09T02:32:01.507,86,77817,false,generics,14,4,null
797,6557,6567,2008-08-09T02:32:01.507,86,77817,false,covariance,14,4,null
797,6557,6567,2008-08-09T02:32:01.507,86,77817,false,type-safety,14,4,null
797,6578,6614,2008-08-09T03:13:04.000,125,36506,false,iphone,15,0,null
797,6578,6614,2008-08-09T03:13:04.000,125,36506,false,objective-c,15,0,null
797,6578,6614,2008-08-09T03:13:04.000,125,36506,false,cocoa,15,0,null
797,6578,6614,2008-08-09T03:13:04.000,125,36506,false,memory,15,0,null
null,6579,6588,2008-08-09T03:19:59.117,3,856,false,methods,5,0,null
null,6579,6588,2008-08-09T03:19:59.117,3,856,false,agile,5,0,null
1163,19553,19835,2008-08-21T09:57:26.463,10,785,false,c#,11,1,null
1163,19553,19835,2008-08-21T09:57:26.463,10,785,false,garbage-collection,11,1,null
1163,19553,19835,2008-08-21T09:57:26.463,10,785,false,dispose,11,1,null
1163,19553,19835,2008-08-21T09:57:26.463,10,785,false,destructor,11,1,null
null,25672,26725,2008-08-25T04:59:25.180,14,20732,false,coldfusion,4,0,null
null,25672,26725,2008-08-25T04:59:25.180,14,20732,false,railo,4,0,null
null,25672,26725,2008-08-25T04:59:25.180,14,20732,false,cfml,4,0,null
null,25675,25678,2008-08-25T05:04:30.923,9,1902,false,model-view-controller,4,0,null
null,25675,25678,2008-08-25T05:04:30.923,9,1902,false,validation,4,0,null
null,25675,25678,2008-08-25T05:04:30.923,9,1902,false,forms,4,0,null
377,3272,5101,2008-08-06T10:43:16.720,15,3280,false,sql,3,0,null
377,3272,5101,2008-08-06T10:43:16.720,15,3280,false,web-services,3,0,null
377,3272,5101,2008-08-06T10:43:16.720,15,3280,false,service,3,0,null
377,3272,5101,2008-08-06T10:43:16.720,15,3280,false,triggers,3,0,null
377,3272,5101,2008-08-06T10:43:16.720,15,3280,false,timer,3,0,null
2118,28652,null,2008-08-26T17:14:23.033,31,5472,false,editor,8,4,null
2118,28652,null,2008-08-26T17:14:23.033,31,5472,false,tabs,8,4,null
1076,28654,28667,2008-08-26T17:14:55.467,2,2203,false,c#,4,0,null
1076,28654,28667,2008-08-26T17:14:55.467,2,2203,false,web-services,4,0,null
1076,28654,28667,2008-08-26T17:14:55.467,2,2203,false,soap,4,0,null
1076,28654,28667,2008-08-26T17:14:55.467,2,2203,false,tcptrace-pocketsoap,4,0,null
1632,24579,24607,2008-08-23T20:39:23.067,18,17077,false,ruby-on-rails,12,0,null
1632,24579,24607,2008-08-23T20:39:23.067,18,17077,false,ruby,12,0,null
1632,24579,24607,2008-08-23T20:39:23.067,18,17077,false,rubygems,12,0,null
2541,24580,34063,2008-08-23T20:42:25.943,52,57778,false,visual-studio,11,0,null
2541,24580,34063,2008-08-23T20:42:25.943,52,57778,false,build-automation,11,0,null
1344,32000,32005,2008-08-28T10:37:39.367,10,17223,false,c#,3,0,null
1344,32000,32005,2008-08-28T10:37:39.367,10,17223,false,sql,3,0,null
1344,32000,32005,2008-08-28T10:37:39.367,10,17223,false,sql-server,3,0,null
1344,32000,32005,2008-08-28T10:37:39.367,10,17223,false,t-sql,3,0,null
142,32001,32057,2008-08-28T10:38:03.687,40,47939,false,java,8,0,null
142,32001,32057,2008-08-28T10:38:03.687,40,47939,false,timer,8,0,null
1462,32003,32019,2008-08-28T10:47:38.063,12,7140,false,command-line,8,0,null
364,45062,45065,2008-09-05T00:58:59.740,1,2144,false,c#,3,0,null
364,45062,45065,2008-09-05T00:58:59.740,1,2144,false,asp.net,3,0,null
364,45062,45065,2008-09-05T00:58:59.740,1,2144,false,linq-to-sql,3,0,null
364,45062,45065,2008-09-05T00:58:59.740,1,2144,false,dynamic-data,3,0,null
1536194,40193,null,2008-09-02T18:19:29.280,59,36564,false,bash,19,1,null
1536194,40193,null,2008-09-02T18:19:29.280,59,36564,false,unix,19,1,null
1536194,40193,null,2008-09-02T18:19:29.280,59,36564,false,command,19,1,null
1536194,40193,null,2008-09-02T18:19:29.280,59,36564,false,ls,19,1,null
2469,40211,1769763,2008-09-02T18:28:16.733,163,94060,false,c#,11,5,null
2469,40211,1769763,2008-09-02T18:28:16.733,163,94060,false,.net,11,5,null
2469,40211,1769763,2008-09-02T18:28:16.733,163,94060,false,enums,11,5,null
2469,40211,1769763,2008-09-02T18:28:16.733,163,94060,false,attributes,11,5,null
2469,40211,1769763,2008-09-02T18:28:16.733,163,94060,false,flags,11,5,null
195,1994,null,2008-08-05T07:45:38.310,21,4533,false,c#,4,0,null
195,1994,null,2008-08-05T07:45:38.310,21,4533,false,data-binding,4,0,null
51,1995,2001,2008-08-05T07:49:11.547,23,1618,false,c#,5,0,null
51,1995,2001,2008-08-05T07:49:11.547,23,1618,false,.net,5,0,null
51,1995,2001,2008-08-05T07:49:11.547,23,1618,false,double,5,0,null
51,1995,2001,2008-08-05T07:49:11.547,23,1618,false,int,5,0,null
3314,40230,40303,2008-09-02T18:35:36.230,5,1531,false,sql-server,15,0,null
3314,40230,40303,2008-09-02T18:35:36.230,5,1531,false,synchronization,15,0,null
3314,40230,40303,2008-09-02T18:35:36.230,5,1531,false,guid,15,0,null
3314,40230,40303,2008-09-02T18:35:36.230,5,1531,false,offline,15,0,null
3314,40230,40303,2008-09-02T18:35:36.230,5,1531,false,oltp,15,0,null
3259,33703,33780,2008-08-29T00:30:56.757,34,35923,false,.net,7,0,null
3259,33703,33780,2008-08-29T00:30:56.757,34,35923,false,visual-studio,7,0,null
3259,33703,33780,2008-08-29T00:30:56.757,34,35923,false,winforms,7,0,null
3259,33703,33780,2008-08-29T00:30:56.757,34,35923,false,user-interface,7,0,null
61,33708,33715,2008-08-29T00:37:55.650,6,2488,false,java,3,0,null
61,33708,33715,2008-08-29T00:37:55.650,6,2488,false,swing,3,0,null
61,33708,33715,2008-08-29T00:37:55.650,6,2488,false,actionlistener,3,0,null
61,33708,33715,2008-08-29T00:37:55.650,6,2488,false,mouselistener,3,0,null
3636,42068,42073,2008-09-03T16:30:12.327,429,892922,false,javascript,10,2,null
3636,42068,42073,2008-09-03T16:30:12.327,429,892922,false,json,10,2,null
3636,42068,42073,2008-09-03T16:30:12.327,429,892922,false,newline,10,2,null
1412,42070,42092,2008-09-03T16:30:50.563,10,6545,false,unix,4,2,null
1412,42070,42092,2008-09-03T16:30:50.563,10,6545,false,shell,4,2,null
1384652,32010,32021,2008-08-28T10:55:17.950,15,3948,false,regex,3,1,null
1384652,32010,32021,2008-08-28T10:55:17.950,15,3948,false,language-agnostic,3,1,null
2639,24595,24613,2008-08-23T20:56:56.423,1,1383,false,linux,2,0,null
2639,24595,24613,2008-08-23T20:56:56.423,1,1383,false,asp-classic,2,0,null
2639,24595,24613,2008-08-23T20:56:56.423,1,1383,false,editor,2,0,null
2628,24596,24707,2008-08-23T20:58:25.437,85,19418,false,java,24,2,null
2628,24596,24707,2008-08-23T20:58:25.437,85,19418,false,web-frameworks,24,2,null
2628,24596,24707,2008-08-23T20:58:25.437,85,19418,false,rich-internet-application,24,2,null
2536,24599,24603,2008-08-23T21:02:29.330,-2,2485,false,webex,2,0,null
3122,43349,43360,2008-09-04T08:35:16.767,11,8469,false,linux,5,0,null
3122,43349,43360,2008-09-04T08:35:16.767,11,8469,false,unix,5,0,null
3122,43349,43360,2008-09-04T08:35:16.767,11,8469,false,batch-file,5,0,null
3122,43349,43360,2008-09-04T08:35:16.767,11,8469,false,cron,5,0,null
2098,43354,43735,2008-09-04T08:41:43.363,4,4914,false,flash,4,0,null
2098,43354,43735,2008-09-04T08:41:43.363,4,4914,false,actionscript-3,4,0,null
1417,32020,32032,2008-08-28T11:23:44.327,14,12326,false,web-services,5,1,null
1417,32020,32032,2008-08-28T11:23:44.327,14,12326,false,testing,5,1,null
3024,32027,32317,2008-08-28T11:35:12.473,6,1726,false,.net,4,0,null
3024,32027,32317,2008-08-28T11:35:12.473,6,1726,false,linux,4,0,null
3024,32027,32317,2008-08-28T11:35:12.473,6,1726,false,build-process,4,0,null
3024,32027,32317,2008-08-28T11:35:12.473,6,1726,false,mono,4,0,null
3024,32027,32317,2008-08-28T11:35:12.473,6,1726,false,nant,4,0,null
2993,32034,32036,2008-08-28T11:36:52.297,33,14223,false,c#,8,0,null
2993,32034,32036,2008-08-28T11:36:52.297,33,14223,false,.net,8,0,null
2993,32034,32036,2008-08-28T11:36:52.297,33,14223,false,design-patterns,8,0,null
1772,32041,32122,2008-08-28T11:40:58.420,16,15712,false,java,8,0,null
1772,32041,32122,2008-08-28T11:40:58.420,16,15712,false,debugging,8,0,null
1772,32041,32122,2008-08-28T11:40:58.420,16,15712,false,compiler-construction,8,0,null
3154,32044,32125,2008-08-28T11:43:10.287,76,40772,false,python,10,0,null
3154,32044,32125,2008-08-28T11:43:10.287,76,40772,false,django,10,0,null
796,6594,6617,2008-08-09T03:49:36.017,11,2251,false,php,4,0,null
796,6594,6617,2008-08-09T03:49:36.017,11,2251,false,migration,4,0,null
27687,6607,6620,2008-08-09T04:13:02.740,55,26415,false,windows,13,0,null
27687,6607,6620,2008-08-09T04:13:02.740,55,26415,false,registry,13,0,null
27687,6607,6620,2008-08-09T04:13:02.740,55,26415,false,settings,13,0,null
27687,6607,6620,2008-08-09T04:13:02.740,55,26415,false,configuration-files,13,0,null
27687,6607,6620,2008-08-09T04:13:02.740,55,26415,false,ini,13,0,null
27687,6612,6655,2008-08-09T04:29:42.190,45,32553,false,java,16,1,null
27687,6612,6655,2008-08-09T04:29:42.190,45,32553,false,plot,16,1,null
27687,6612,6655,2008-08-09T04:29:42.190,45,32553,false,configuration,16,1,null
849,12428,null,2008-08-15T16:09:37.783,3,226,false,scripting,3,0,null
849,12428,null,2008-08-15T16:09:37.783,3,226,false,automation,3,0,null
849,12428,null,2008-08-15T16:09:37.783,3,226,false,webautomation,3,0,null
781,46189,46206,2008-09-05T16:17:16.753,7,224,false,linq,3,0,null
781,46189,46206,2008-09-05T16:17:16.753,7,224,false,functional-programming,3,0,null
2598,45075,45248,2008-09-05T01:29:03.007,3,7664,false,java,2,0,null
2598,45075,45248,2008-09-05T01:29:03.007,3,7664,false,user-interface,2,0,null
2011,18632,18635,2008-08-20T19:25:07.153,78,115150,false,monitoring,23,0,null
2011,18632,18635,2008-08-20T19:25:07.153,78,115150,false,text-files,23,0,null
1952,34635,34651,2008-08-29T16:25:58.633,8,6199,false,c,3,0,null
1952,34635,34651,2008-08-29T16:25:58.633,8,6199,false,visual-studio,3,0,null
1952,34635,34651,2008-08-29T16:25:58.633,8,6199,false,assembly,3,0,null
3295,34638,34917,2008-08-29T16:27:43.000,6,5382,false,java,2,0,null
3295,34638,34917,2008-08-29T16:27:43.000,6,5382,false,security,2,0,null
3295,34638,34917,2008-08-29T16:27:43.000,6,5382,false,hibernate,2,0,null
3295,34638,34917,2008-08-29T16:27:43.000,6,5382,false,jakarta-ee,2,0,null
484,3281,4270,2008-08-06T11:02:20.597,23,15847,false,ruby,6,0,null
484,3281,4270,2008-08-06T11:02:20.597,23,15847,false,maps,6,0,null
484,3281,4270,2008-08-06T11:02:20.597,23,15847,false,reduce,6,0,null
2015,30529,40650,2008-08-27T15:57:50.090,2,2117,false,delphi,4,0,null
2015,30529,40650,2008-08-27T15:57:50.090,2,2117,false,com,4,0,null
2015,30529,40650,2008-08-27T15:57:50.090,2,2117,false,delphi-5,4,0,null
1951,16529,16549,2008-08-19T16:49:30.913,3,1296,false,javascript,5,0,null
1951,16529,16549,2008-08-19T16:49:30.913,3,1296,false,server,5,0,null
1983,34655,34686,2008-08-29T16:34:05.027,9,5057,false,javascript,5,0,null
1983,34655,34686,2008-08-29T16:34:05.027,9,5057,false,html,5,0,null
1983,34655,34686,2008-08-29T16:34:05.027,9,5057,false,css,5,0,null
1983,34655,34686,2008-08-29T16:34:05.027,9,5057,false,iframe,5,0,null
2644,42076,42094,2008-09-03T16:34:51.350,12,4154,true,captcha,11,0,null
298,34661,34693,2008-08-29T16:35:53.790,5,1526,false,web-services,5,0,null
298,34661,34693,2008-08-29T16:35:53.790,5,1526,false,msbuild,5,0,null
298,34661,34693,2008-08-29T16:35:53.790,5,1526,false,build-process,5,0,null
298,34661,34693,2008-08-29T16:35:53.790,5,1526,false,nunit,5,0,null
298,34661,34693,2008-08-29T16:35:53.790,5,1526,false,cruisecontrol.net,5,0,null
2862,34664,708594,2008-08-29T16:37:10.323,93,22976,false,.net,14,5,null
2862,34664,708594,2008-08-29T16:37:10.323,93,22976,false,user-controls,14,5,null
27687,6613,15811,2008-08-09T04:34:29.467,18,24997,false,language-agnostic,8,1,null
27687,6613,15811,2008-08-09T04:34:29.467,18,24997,false,rule-engine,8,1,null
361,6623,27317,2008-08-09T04:57:00.577,18,29113,false,c#,4,0,null
361,6623,27317,2008-08-09T04:57:00.577,18,29113,false,visual-studio,4,0,null
361,6623,27317,2008-08-09T04:57:00.577,18,29113,false,msbuild,4,0,null
103,6628,6649,2008-08-09T05:01:38.867,34,87726,false,php,7,0,null
103,6628,6649,2008-08-09T05:01:38.867,34,87726,false,syntax,7,0,null
796,6633,6694,2008-08-09T05:13:55.877,13,2324,false,php,4,0,null
796,6633,6694,2008-08-09T05:13:55.877,13,2324,false,register-globals,4,0,null
null,36344,null,2008-08-30T21:08:18.200,8,850,false,perl,3,0,null
null,36344,null,2008-08-30T21:08:18.200,8,850,false,cpan,3,0,null
null,36344,null,2008-08-30T21:08:18.200,8,850,false,sgml,3,0,null
1556,36347,36364,2008-08-30T21:14:27.623,175,116540,false,java,13,1,null
1556,36347,36364,2008-08-30T21:14:27.623,175,116540,false,c++,13,1,null
1556,36347,36364,2008-08-30T21:14:27.623,175,116540,false,generics,13,1,null
1556,36347,36364,2008-08-30T21:14:27.623,175,116540,false,templates,13,1,null
1556,36347,36364,2008-08-30T21:14:27.623,175,116540,false,language-features,13,1,null
31505,36350,36367,2008-08-30T21:22:06.433,128,139784,false,c#,7,0,null
31505,36350,36367,2008-08-30T21:22:06.433,128,139784,false,arrays,7,0,null
493,3284,3294,2008-08-06T11:04:33.587,215,136119,false,c#,10,9,null
493,3284,3294,2008-08-06T11:04:33.587,215,136119,false,.net,10,9,null
493,3284,3294,2008-08-06T11:04:33.587,215,136119,false,language-design,10,9,null
816,6639,null,2008-08-09T05:33:22.967,72,173748,false,java,7,1,null
816,6639,null,2008-08-09T05:33:22.967,72,173748,false,file,7,1,null
816,6639,null,2008-08-09T05:33:22.967,72,173748,false,loading,7,1,null
810,6642,6645,2008-08-09T05:41:40.830,9,4341,false,browser,6,0,null
810,6642,6645,2008-08-09T05:41:40.830,9,4341,false,compatibility,6,0,null
572,28664,28687,2008-08-26T17:18:21.433,5,1421,false,metadata,5,0,null
2666,25730,25831,2008-08-25T07:31:46.110,51,117013,false,c++,7,3,null
2666,25730,25831,2008-08-25T07:31:46.110,51,117013,false,c,7,3,null
2666,25730,25831,2008-08-25T07:31:46.110,51,117013,false,visual-studio,7,3,null
2666,25730,25831,2008-08-25T07:31:46.110,51,117013,false,memory-leaks,7,3,null
2566,37388,null,2008-09-01T02:32:47.193,2,644,false,msdn,3,0,null
2566,37388,null,2008-09-01T02:32:47.193,2,644,false,portability,3,0,null
2566,37388,null,2008-09-01T02:32:47.193,2,644,false,portable-applications,3,0,null
1384,37391,1381855,2008-09-01T02:37:53.483,8,4916,false,php,4,0,null
1384,37391,1381855,2008-09-01T02:37:53.483,8,4916,false,integer,4,0,null
1297,19589,19596,2008-08-21T10:27:59.137,67,61451,false,c#,5,0,null
1297,19589,19596,2008-08-21T10:27:59.137,67,61451,false,.net,5,0,null
1297,19589,19596,2008-08-21T10:27:59.137,67,61451,false,xml,5,0,null
1297,19589,19596,2008-08-21T10:27:59.137,67,61451,false,wcf,5,0,null
1297,19589,19596,2008-08-21T10:27:59.137,67,61451,false,configurationmanager,5,0,null
184,13786,13930,2008-08-17T18:15:14.097,15,5783,false,internet-explorer,35,4,null
184,13786,13930,2008-08-17T18:15:14.097,15,5783,false,internet-explorer-6,35,4,null
1370,13791,13943,2008-08-17T18:20:21.060,17,2325,false,python,5,0,null
1370,13791,13943,2008-08-17T18:20:21.060,17,2325,false,regex,5,0,null
1370,13791,13943,2008-08-17T18:20:21.060,17,2325,false,backreference,5,0,null
2799,25746,25798,2008-08-25T07:54:29.080,62,40542,false,objective-c,3,0,null
2799,25746,25798,2008-08-25T07:54:29.080,62,40542,false,string,3,0,null
2799,25749,25784,2008-08-25T07:57:59.183,154,56970,false,objective-c,5,1,null
782,6658,6671,2008-08-09T06:31:25.283,126,40956,false,java,12,2,null
782,6658,6671,2008-08-09T06:31:25.283,126,40956,false,testing,12,2,null
782,6658,6671,2008-08-09T06:31:25.283,126,40956,false,junit,12,2,null
782,6658,6671,2008-08-09T06:31:25.283,126,40956,false,testng,12,2,null
2638,24610,24658,2008-08-23T21:19:34.640,12,1651,false,visual-studio,2,0,null
2638,24610,24658,2008-08-23T21:19:34.640,12,1651,false,vim,2,0,null
2638,24610,24658,2008-08-23T21:19:34.640,12,1651,false,ide,2,0,null
2638,24610,24658,2008-08-23T21:19:34.640,12,1651,false,editor,2,0,null
233,9341,9365,2008-08-13T00:11:03.863,12,4035,false,asp.net,2,0,null
233,9341,9365,2008-08-13T00:11:03.863,12,4035,false,javascript,2,0,null
234,9355,3011284,2008-08-13T00:35:50.977,24,22226,false,windows,9,1,null
234,9355,3011284,2008-08-13T00:35:50.977,24,22226,false,explorer,9,1,null
234,9355,3011284,2008-08-13T00:35:50.977,24,22226,false,windows-shell,9,1,null
3379,32058,32508,2008-08-28T11:52:34.007,16,13462,false,.net,3,0,null
3379,32058,32508,2008-08-28T11:52:34.007,16,13462,false,asp.net,3,0,null
3379,32058,32508,2008-08-28T11:52:34.007,16,13462,false,web-services,3,0,null
3379,32058,32508,2008-08-28T11:52:34.007,16,13462,false,exception,3,0,null
3379,32058,32508,2008-08-28T11:52:34.007,16,13462,false,soap,3,0,null
1892,28668,28692,2008-08-26T17:20:47.557,10,11109,false,python,3,0,null
1892,28668,28692,2008-08-26T17:20:47.557,10,11109,false,linux,3,0,null
1892,28668,28692,2008-08-26T17:20:47.557,10,11109,false,perl,3,0,null
1892,28668,28692,2008-08-26T17:20:47.557,10,11109,false,scripting,3,0,null
1892,28668,28692,2008-08-26T17:20:47.557,10,11109,false,filemaker,3,0,null
2138,32059,32560,2008-08-28T11:54:02.507,1,4493,false,sql,6,0,null
null,32085,32092,2008-08-28T12:31:53.273,11,14546,false,xml,3,0,null
null,32085,32092,2008-08-28T12:31:53.273,11,14546,false,xslt,3,0,null
null,32085,32092,2008-08-28T12:31:53.273,11,14546,false,nodesets,3,0,null
184,32087,32093,2008-08-28T12:32:43.473,4,1776,false,windows,12,0,null
184,32087,32093,2008-08-28T12:32:43.473,4,1776,false,scripting,12,0,null
46,2027,null,2008-08-05T08:56:01.023,52,20042,true,language-agnostic,11,3,null
46,2027,null,2008-08-05T08:56:01.023,52,20042,true,oop,11,3,null
46,2027,null,2008-08-05T08:56:01.023,52,20042,true,parameters,11,3,null
46,2027,null,2008-08-05T08:56:01.023,52,20042,true,pass-by-reference,11,3,null
46,2027,null,2008-08-05T08:56:01.023,52,20042,true,pass-by-value,11,3,null
2455,34669,34716,2008-08-29T16:38:09.637,4,6310,false,java,8,1,null
2455,34669,34716,2008-08-29T16:38:09.637,4,6310,false,recursion,8,1,null
2455,34669,34716,2008-08-29T16:38:09.637,4,6310,false,coding-style,8,1,null
2455,34669,34716,2008-08-29T16:38:09.637,4,6310,false,integer,8,1,null
2455,34669,34716,2008-08-29T16:38:09.637,4,6310,false,final,8,1,null
1987,34674,35636,2008-08-29T16:39:51.737,13,5403,false,objective-c,5,0,null
1987,34674,35636,2008-08-29T16:39:51.737,13,5403,false,performance,5,0,null
2612,28675,28684,2008-08-26T17:23:01.267,3,9284,false,java,6,0,null
2612,28675,28684,2008-08-26T17:23:01.267,3,9284,false,nio,6,0,null
2612,28675,28684,2008-08-26T17:23:01.267,3,9284,false,bytebuffer,6,0,null
2612,28675,28684,2008-08-26T17:23:01.267,3,9284,false,filechannel,6,0,null
184,32100,32111,2008-08-28T12:39:53.287,207,494621,false,sql,46,2,null
184,32100,32111,2008-08-28T12:39:53.287,207,494621,false,puzzle,46,2,null
381,4724,4755,2008-08-07T13:54:03.137,133,61098,true,functional-programming,29,4,null
381,4724,4755,2008-08-07T13:54:03.137,133,61098,true,lisp,29,4,null
3467,33720,33743,2008-08-29T00:44:14.307,114,53559,false,xcode,10,0,null
3467,33720,33743,2008-08-29T00:44:14.307,114,53559,false,macos,10,0,null
3467,33720,33743,2008-08-29T00:44:14.307,114,53559,false,templates,10,0,null
3467,33720,33743,2008-08-29T00:44:14.307,114,53559,false,xcode4,10,0,null
3467,33720,33743,2008-08-29T00:44:14.307,114,53559,false,xcode4.5,10,0,null
3314,33727,33775,2008-08-29T00:54:44.220,5,4845,false,memory,2,0,null
3314,33727,33775,2008-08-29T00:54:44.220,5,4845,false,.net-2.0,2,0,null
3314,33727,33775,2008-08-29T00:54:44.220,5,4845,false,clr,2,0,null
3314,33727,33775,2008-08-29T00:54:44.220,5,4845,false,profiler,2,0,null
1929,19604,23556,2008-08-21T10:53:54.283,28,60501,false,asp.net,10,0,null
1929,19604,23556,2008-08-21T10:53:54.283,28,60501,false,asp.net-mvc,10,0,null
1929,19604,23556,2008-08-21T10:53:54.283,28,60501,false,.net-2.0,10,0,null
379,32103,32113,2008-08-28T12:41:04.313,10,4341,false,c#,1,0,null
379,32103,32113,2008-08-28T12:41:04.313,10,4341,false,.net,1,0,null
379,32103,32113,2008-08-28T12:41:04.313,10,4341,false,winforms,1,0,null
379,32103,32113,2008-08-28T12:41:04.313,10,4341,false,user-interface,1,0,null
1311,11145,12120,2008-08-14T14:51:28.217,15,11693,false,ruby,4,1,null
1311,11145,12120,2008-08-14T14:51:28.217,15,11693,false,graphics,4,1,null
1311,11145,12120,2008-08-14T14:51:28.217,15,11693,false,drawing,4,1,null
null,11152,null,2008-08-14T14:56:30.123,3,1248,false,.net,3,0,null
null,11152,null,2008-08-14T14:56:30.123,3,1248,false,workflow,3,0,null
null,11152,null,2008-08-14T14:56:30.123,3,1248,false,workflow-foundation,3,0,null
1384652,6661,6662,2008-08-09T06:40:52.987,24,2911,false,javascript,5,0,null
1384652,6661,6662,2008-08-09T06:40:52.987,24,2911,false,browser,5,0,null
1384652,6661,6662,2008-08-09T06:40:52.987,24,2911,false,client-side,5,0,null
831,6666,7005,2008-08-09T06:50:22.703,34,11870,false,.net,7,3,null
831,6666,7005,2008-08-09T06:50:22.703,34,11870,false,wcf,7,3,null
831,6666,7005,2008-08-09T06:50:22.703,34,11870,false,web-services,7,3,null
831,6666,7005,2008-08-09T06:50:22.703,34,11870,false,visual-studio,7,3,null
831,6666,7005,2008-08-09T06:50:22.703,34,11870,false,asmx,7,3,null
4541,46214,46253,2008-09-05T16:22:26.837,74,30282,false,javascript,12,0,null
4541,46214,46253,2008-09-05T16:22:26.837,74,30282,false,jquery,12,0,null
4541,46214,46253,2008-09-05T16:22:26.837,74,30282,false,performance,12,0,null
4541,46214,46253,2008-09-05T16:22:26.837,74,30282,false,css-selectors,12,0,null
1975282,28708,null,2008-08-26T17:48:01.097,7,5908,false,c#,5,0,null
1975282,28708,null,2008-08-26T17:48:01.097,7,5908,false,.net-1.1,5,0,null
1975282,28708,null,2008-08-26T17:48:01.097,7,5908,false,windows-server-2000,5,0,null
698,46219,46242,2008-09-05T16:23:48.580,71,118489,false,javascript,5,1,null
698,46219,46242,2008-09-05T16:23:48.580,71,118489,false,html,5,1,null
698,46219,46242,2008-09-05T16:23:48.580,71,118489,false,upload,5,1,null
2293,46220,46357,2008-09-05T16:23:57.330,19,28846,false,iphone,8,0,null
2293,46220,46357,2008-09-05T16:23:57.330,19,28846,false,xib,8,0,null
2293,46220,46357,2008-09-05T16:23:57.330,19,28846,false,key-value-coding,8,0,null
3625,34687,38386,2008-08-29T16:43:21.150,57,185876,false,svn,7,2,null
3625,34687,38386,2008-08-29T16:43:21.150,57,185876,false,version-control,7,2,null
479,15171,7989517,2008-08-18T20:15:13.933,34,32530,false,linux,8,0,null
479,15171,7989517,2008-08-18T20:15:13.933,34,32530,false,debian,8,0,null
1836,15176,15198,2008-08-18T20:18:22.257,10,1490,false,testing,7,0,null
1130,46231,46486,2008-09-05T16:28:34.840,28,50892,false,algorithm,9,1,null
1130,46231,46486,2008-09-05T16:28:34.840,28,50892,false,checksum,9,1,null
1130,46231,46486,2008-09-05T16:28:34.840,28,50892,false,error-checking,9,1,null
1130,46231,46486,2008-09-05T16:28:34.840,28,50892,false,data-consistency,9,1,null
2993,27889,28346,2008-08-26T12:26:10.620,0,383,false,c#,1,1,null
2993,27889,28346,2008-08-26T12:26:10.620,0,383,false,nant,1,1,null
2993,27889,28346,2008-08-26T12:26:10.620,0,383,false,teamcity,1,1,null
1219,18655,null,2008-08-20T19:37:53.597,141,16055,true,sql,41,5,null
1219,18655,null,2008-08-20T19:37:53.597,141,16055,true,database,41,5,null
1219,18655,null,2008-08-20T19:37:53.597,141,16055,true,orm,41,5,null
1219,18655,null,2008-08-20T19:37:53.597,141,16055,true,entities,41,5,null
838,18661,null,2008-08-20T19:43:24.473,4,8330,false,c#,3,0,null
838,18661,null,2008-08-20T19:43:24.473,4,8330,false,winapi,3,0,null
838,18661,null,2008-08-20T19:43:24.473,4,8330,false,interop,3,0,null
1630,19611,19614,2008-08-21T10:58:40.513,22,24344,false,windows,5,0,null
1630,19611,19614,2008-08-21T10:58:40.513,22,24344,false,patch,5,0,null
33,19653,19678,2008-08-21T11:47:11.630,1,1357,false,.net,3,0,null
33,19653,19678,2008-08-21T11:47:11.630,1,1357,false,visual-c++,3,0,null
33,19653,19678,2008-08-21T11:47:11.630,1,1357,false,memory,3,0,null
1951,19654,19715,2008-08-21T11:48:03.000,6,667,false,php,8,0,null
1951,19654,19715,2008-08-21T11:48:03.000,6,667,false,python,8,0,null
2260,19656,19663,2008-08-21T11:49:08.020,7,5648,false,c#,4,0,null
2260,19656,19663,2008-08-21T11:49:08.020,7,5648,false,linq,4,0,null
2260,19656,19663,2008-08-21T11:49:08.020,7,5648,false,reflection,4,0,null
2260,19656,19663,2008-08-21T11:49:08.020,7,5648,false,linq-to-objects,4,0,null
2813,30539,30596,2008-08-27T16:01:57.613,5,6604,false,video,3,0,null
2813,30539,30596,2008-08-27T16:01:57.613,5,6604,false,directshow,3,0,null
2813,30539,30596,2008-08-27T16:01:57.613,5,6604,false,media,3,0,null
2813,30539,30596,2008-08-27T16:01:57.613,5,6604,false,codec,3,0,null
1940,30540,30561,2008-08-27T16:02:00.873,9,6720,false,javascript,4,0,null
1940,30540,30561,2008-08-27T16:02:00.873,9,6720,false,flash,4,0,null
3256,30541,30556,2008-08-27T16:02:23.260,0,506,false,asp.net,1,0,null
3256,30541,30556,2008-08-27T16:02:23.260,0,506,false,design-patterns,1,0,null
3256,30541,30556,2008-08-27T16:02:23.260,0,506,false,mvp,1,0,null
1048,30543,30643,2008-08-27T16:04:29.637,6,3345,false,64-bit,7,1,null
1048,30543,30643,2008-08-27T16:04:29.637,6,3345,false,development-environment,7,1,null
1048,30543,30643,2008-08-27T16:04:29.637,6,3345,false,compatibility,7,1,null
4541,45078,45094,2008-09-05T01:31:19.770,2,1652,false,.net,2,0,null
4541,45078,45094,2008-09-05T01:31:19.770,2,1652,false,apache-flex,2,0,null
2066,45086,null,2008-09-05T01:50:33.470,11,3877,false,java,6,0,null
2066,45086,null,2008-09-05T01:50:33.470,11,3877,false,c++,6,0,null
2066,45086,null,2008-09-05T01:50:33.470,11,3877,false,soap,6,0,null
137,2034,2036,2008-08-05T09:11:54.877,318,227216,false,svn,9,0,null
269,2041,2310,2008-08-05T09:25:29.000,671,702296,false,svn,10,0,null
269,2041,2310,2008-08-05T09:25:29.000,671,702296,false,version-control,10,0,null
269,2041,2310,2008-08-05T09:25:29.000,671,702296,false,branch,10,0,null
269,2041,2310,2008-08-05T09:25:29.000,671,702296,false,branching-and-merging,10,0,null
369,2043,2044,2008-08-05T09:34:49.073,34,10492,false,windows,2,1,null
369,2043,2044,2008-08-05T09:34:49.073,34,10492,false,delphi,2,1,null
369,2043,2044,2008-08-05T09:34:49.073,34,10492,false,winapi,2,1,null
369,2043,2044,2008-08-05T09:34:49.073,34,10492,false,dll,2,1,null
369,2043,2044,2008-08-05T09:34:49.073,34,10492,false,path,2,1,null
372,2046,7641,2008-08-05T09:43:01.257,50,9373,false,sql-server,10,0,null
372,2046,7641,2008-08-05T09:43:01.257,50,9373,false,unit-testing,10,0,null
372,2046,7641,2008-08-05T09:43:01.257,50,9373,false,tdd,10,0,null
1646,13806,13870,2008-08-17T18:27:08.473,5,3766,false,c++,3,0,null
1646,13806,13870,2008-08-17T18:27:08.473,5,3766,false,windows,3,0,null
1646,13806,13870,2008-08-17T18:27:08.473,5,3766,false,api,3,0,null
1646,13806,13870,2008-08-17T18:27:08.473,5,3766,false,logfile,3,0,null
503,3315,3316,2008-08-06T12:17:31.320,22,13369,false,c#,5,1,null
503,3315,3316,2008-08-06T12:17:31.320,22,13369,false,foreach,5,1,null
503,3315,3316,2008-08-06T12:17:31.320,22,13369,false,ienumerable,5,1,null
503,3315,3316,2008-08-06T12:17:31.320,22,13369,false,ienumerator,5,1,null
4203,42093,42175,2008-09-03T16:40:20.167,17,2636,false,python,1,1,null
4203,42093,42175,2008-09-03T16:40:20.167,17,2636,false,identicon,1,1,null
572,46252,46257,2008-09-05T16:38:39.260,0,1336,false,virtual-machine,4,0,null
572,46252,46257,2008-09-05T16:38:39.260,0,1336,false,virtualbox,4,0,null
1464,16550,16564,2008-08-19T17:02:48.377,43,53475,false,.net,14,1,null
1464,16550,16564,2008-08-19T17:02:48.377,43,53475,false,build-process,14,1,null
1464,16550,16564,2008-08-19T17:02:48.377,43,53475,false,nant,14,1,null
4249,42102,null,2008-09-03T16:44:59.687,34,28339,false,java,5,1,null
4249,42102,null,2008-09-03T16:44:59.687,34,28339,false,unit-testing,5,1,null
4249,42102,null,2008-09-03T16:44:59.687,34,28339,false,junit,5,1,null
4249,42102,null,2008-09-03T16:44:59.687,34,28339,false,singleton,5,1,null
298,2048,2080,2008-08-05T09:45:41.377,13,4075,false,rss,9,0,null
4239,39892,40036,2008-09-02T16:07:53.310,21,19673,false,internet-explorer,2,0,null
4239,39892,40036,2008-09-02T16:07:53.310,21,19673,false,plugins,2,0,null
4239,39892,40036,2008-09-02T16:07:53.310,21,19673,false,ieaddon,2,0,null
1782,16556,23837,2008-08-19T17:05:21.927,5,412,false,c#,3,0,null
1782,16556,23837,2008-08-19T17:05:21.927,5,412,false,.net,3,0,null
1782,16556,23837,2008-08-19T17:05:21.927,5,412,false,visual-studio,3,0,null
1782,16556,23837,2008-08-19T17:05:21.927,5,412,false,architecture,3,0,null
1782,16556,23837,2008-08-19T17:05:21.927,5,412,false,diagram,3,0,null
1104,16557,16573,2008-08-19T17:05:26.937,21,1606,false,java,7,0,null
1104,16557,16573,2008-08-19T17:05:26.937,21,1606,false,oop,7,0,null
1539,28709,549032,2008-08-26T17:48:04.560,1,2797,false,linux,4,1,null
1539,28709,549032,2008-08-26T17:48:04.560,1,2797,false,eclipse,4,1,null
1539,28709,549032,2008-08-26T17:48:04.560,1,2797,false,eclipse-3.2,4,1,null
276,28713,28728,2008-08-26T17:50:24.273,22,57124,false,html,12,1,null
276,28713,28728,2008-08-26T17:50:24.273,22,57124,false,css,12,1,null
276,28713,28728,2008-08-26T17:50:24.273,22,57124,false,textarea,12,1,null
4462,43368,null,2008-09-04T08:53:58.140,11,2868,false,python,5,0,null
4462,43368,null,2008-09-04T08:53:58.140,11,2868,false,sql,5,0,null
4462,43368,null,2008-09-04T08:53:58.140,11,2868,false,metadata,5,0,null
4462,43368,null,2008-09-04T08:53:58.140,11,2868,false,coupling,5,0,null
4462,43368,null,2008-09-04T08:53:58.140,11,2868,false,data-driven,5,0,null
4342,43374,3069175,2008-09-04T08:59:31.137,9,2054,false,php,4,0,null
4342,43374,3069175,2008-09-04T08:59:31.137,9,2054,false,git,4,0,null
4342,43374,3069175,2008-09-04T08:59:31.137,9,2054,false,version-control,4,0,null
358,2056,101561,2008-08-05T10:06:33.020,2368,570601,false,user-interface,24,5,null
358,2056,101561,2008-08-05T10:06:33.020,2368,570601,false,model-view-controller,24,5,null
358,2056,101561,2008-08-05T10:06:33.020,2368,570601,false,design-patterns,24,5,null
358,2056,101561,2008-08-05T10:06:33.020,2368,570601,false,terminology,24,5,null
358,2056,101561,2008-08-05T10:06:33.020,2368,570601,false,mvp,24,5,null
383,3319,3321,2008-08-06T12:23:22.413,129,187932,false,javascript,17,0,null
383,3319,3321,2008-08-06T12:23:22.413,129,187932,false,css,17,0,null
383,3319,3321,2008-08-06T12:23:22.413,129,187932,false,background-color,17,0,null
1638,13832,null,2008-08-17T18:52:13.803,2,1931,false,vb.net,4,0,null
1638,13832,null,2008-08-17T18:52:13.803,2,1931,false,nant,4,0,null
1638,13832,null,2008-08-17T18:52:13.803,2,1931,false,.net-1.0,4,0,null
2633,28716,28735,2008-08-26T17:50:53.303,59,10942,false,php,7,2,null
2633,28716,28735,2008-08-26T17:50:53.303,59,10942,false,performance,7,2,null
2633,28716,28735,2008-08-26T17:50:53.303,59,10942,false,caching,7,2,null
277,22836,22896,2008-08-22T16:47:55.597,212,248371,false,regex,8,0,null
277,22836,22896,2008-08-22T16:47:55.597,212,248371,false,perl,8,0,null
277,22836,22896,2008-08-22T16:47:55.597,212,248371,false,replace,8,0,null
383,7954,8034,2008-08-11T16:59:35.047,7,14168,false,sql-server,3,0,null
383,7954,8034,2008-08-11T16:59:35.047,7,14168,false,backup,3,0,null
1889,42115,373205,2008-09-03T17:03:35.273,3,13140,false,vb.net,4,1,null
1889,42115,373205,2008-09-03T17:03:35.273,3,13140,false,cryptography,4,1,null
1889,42115,373205,2008-09-03T17:03:35.273,3,13140,false,app-config,4,1,null
1889,42115,373205,2008-09-03T17:03:35.273,3,13140,false,cryptographicexception,4,1,null
1412,15187,null,2008-08-18T20:31:15.583,28,5596,false,emacs,6,1,null
1412,15187,null,2008-08-18T20:31:15.583,28,5596,false,lisp,6,1,null
1412,15187,null,2008-08-18T20:31:15.583,28,5596,false,ocaml,6,1,null
null,15190,null,2008-08-18T20:32:49.920,3,4284,false,delphi,7,0,null
null,15190,null,2008-08-18T20:32:49.920,3,4284,false,ide,7,0,null
1612,33728,34056,2008-08-29T00:56:33.903,22,2393,false,api-design,5,0,null
25,7981,8035,2008-08-11T17:28:56.610,4,4566,false,c,6,0,null
25,7981,8035,2008-08-11T17:28:56.610,4,4566,false,qt,6,0,null
25,7981,8035,2008-08-11T17:28:56.610,4,4566,false,printf,6,0,null
25,7981,8035,2008-08-11T17:28:56.610,4,4566,false,qstring,6,0,null
96,7990,8112,2008-08-11T17:37:27.310,23,19627,false,c#,11,0,null
96,7990,8112,2008-08-11T17:37:27.310,23,19627,false,.net,11,0,null
96,7990,8112,2008-08-11T17:37:27.310,23,19627,false,windows-services,11,0,null
96,7990,8112,2008-08-11T17:37:27.310,23,19627,false,printing,11,0,null
194,7991,8097,2008-08-11T17:37:57.107,73,146121,false,c#,6,0,null
194,7991,8097,2008-08-11T17:37:57.107,73,146121,false,graphics,6,0,null
194,7991,8097,2008-08-11T17:37:57.107,73,146121,false,compact-framework,6,0,null
1027,8004,8090,2008-08-11T17:43:50.277,5,6125,false,windows,5,0,null
1027,8004,8090,2008-08-11T17:43:50.277,5,6125,false,user-interface,5,0,null
1027,8004,8090,2008-08-11T17:43:50.277,5,6125,false,rsync,5,0,null
4249,40242,40262,2008-09-02T18:39:00.840,5,1559,false,java,8,0,null
4249,40242,40262,2008-09-02T18:39:00.840,5,1559,false,model-view-controller,8,0,null
4249,40242,40262,2008-09-02T18:39:00.840,5,1559,false,jsp,8,0,null
4249,40242,40262,2008-09-02T18:39:00.840,5,1559,false,architecture,8,0,null
632,39903,39955,2008-09-02T16:10:31.837,6,468,false,c#,6,1,null
632,39903,39955,2008-09-02T16:10:31.837,6,468,false,visual-studio,6,1,null
1360,39910,40929,2008-09-02T16:14:06.773,1,5528,false,sharepoint,3,0,null
1546,39912,39944,2008-09-02T16:14:13.170,165,228865,false,c++,12,3,null
1546,39912,39944,2008-09-02T16:14:13.170,165,228865,false,stl,12,3,null
null,2092,null,2008-08-05T11:15:16.953,30,3647,false,java,5,0,null
null,2092,null,2008-08-05T11:15:16.953,30,3647,false,testing,5,0,null
null,2092,null,2008-08-05T11:15:16.953,30,3647,false,coldfusion,5,0,null
null,2092,null,2008-08-05T11:15:16.953,30,3647,false,code-coverage,5,0,null
383,2120,2382,2008-08-05T11:49:11.360,141,165677,false,sql,7,0,null
383,2120,2382,2008-08-05T11:49:11.360,141,165677,false,sql-server,7,0,null
193,2123,2223,2008-08-05T11:51:16.507,47,32530,false,html,8,1,null
193,2123,2223,2008-08-05T11:51:16.507,47,32530,false,checkbox,8,1,null
3238,46276,46294,2008-09-05T16:48:44.260,44,16913,false,php,8,0,null
3238,46276,46294,2008-09-05T16:48:44.260,44,16913,false,unit-testing,8,0,null
3238,46276,46294,2008-09-05T16:48:44.260,44,16913,false,tdd,8,0,null
781,46277,47808,2008-09-05T16:49:07.800,6,3431,false,wcf,2,0,null
781,46277,47808,2008-09-05T16:49:07.800,6,3431,false,web-services,2,0,null
1071,46280,null,2008-09-05T16:50:10.980,3,871,false,architecture,3,0,null
null,46281,71406,2008-09-05T16:50:23.740,0,605,false,git,5,0,null
null,46281,71406,2008-09-05T16:50:23.740,0,605,false,version-control,5,0,null
null,46281,71406,2008-09-05T16:50:23.740,0,605,false,dvcs,5,0,null
null,46281,71406,2008-09-05T16:50:23.740,0,605,false,bazaar,5,0,null
4541,45093,45096,2008-09-05T02:00:32.993,7,25517,false,sql,5,2,null
4541,45093,45096,2008-09-05T02:00:32.993,7,25517,false,regex,5,2,null
4541,45093,45096,2008-09-05T02:00:32.993,7,25517,false,sql-injection,5,2,null
null,45097,45133,2008-09-05T02:04:13.077,5,4780,false,javascript,16,0,null
null,45097,45133,2008-09-05T02:04:13.077,5,4780,false,browser,16,0,null
742,8021,10266397,2008-08-11T17:59:01.697,103,74413,false,unix,10,0,null
742,8021,10266397,2008-08-11T17:59:01.697,103,74413,false,ssh,10,0,null
905,8042,38494,2008-08-11T18:13:44.197,25,15866,false,c#,11,0,null
905,8042,38494,2008-08-11T18:13:44.197,25,15866,false,.net-3.5,11,0,null
905,8042,38494,2008-08-11T18:13:44.197,25,15866,false,extension-methods,11,0,null
230,43393,null,2008-09-04T09:21:26.467,11,6942,false,nhibernate,5,1,null
230,43393,null,2008-09-04T09:21:26.467,11,6942,false,orm,5,1,null
361,21635,21726,2008-08-22T02:13:38.363,3,1084,false,deployment,3,0,null
361,21635,21726,2008-08-22T02:13:38.363,3,1084,false,installation,3,0,null
361,21635,21726,2008-08-22T02:13:38.363,3,1084,false,windows-installer,3,0,null
31505,34698,34702,2008-08-29T16:47:45.977,2,374,false,tortoisesvn,2,0,null
31505,34698,34702,2008-08-29T16:47:45.977,2,374,false,system-sounds,2,0,null
3355,43400,43410,2008-09-04T09:25:09.610,7,1650,false,html,4,0,null
3355,43400,43410,2008-09-04T09:25:09.610,7,1650,false,css,4,0,null
1219,27894,64891,2008-08-26T12:27:30.337,427,422492,false,sql-server,13,2,null
1219,27894,64891,2008-08-26T12:27:30.337,427,422492,false,temp-tables,13,2,null
1219,27894,64891,2008-08-26T12:27:30.337,427,422492,false,table-variable,13,2,null
2961,27899,5040105,2008-08-26T12:30:19.253,39,31349,false,amazon-s3,7,0,null
2961,27899,5040105,2008-08-26T12:30:19.253,39,31349,false,amazon-web-services,7,0,null
2374,24620,null,2008-08-23T21:35:46.783,9,2002,false,oop,14,0,null
2118,24622,24631,2008-08-23T21:39:54.793,19,24805,false,php,7,0,null
2118,24622,24631,2008-08-23T21:39:54.793,19,24805,false,include,7,0,null
null,24623,null,2008-08-23T21:40:10.797,1,2265,false,java,4,0,null
null,24623,null,2008-08-23T21:40:10.797,1,2265,false,jakarta-ee,4,0,null
null,24623,null,2008-08-23T21:40:10.797,1,2265,false,dao,4,0,null
2974,32123,32662,2008-08-28T12:46:26.593,2,1111,false,unix,1,0,null
2974,32123,32662,2008-08-28T12:46:26.593,2,1111,false,nfs,1,0,null
2974,32123,32662,2008-08-28T12:46:26.593,2,1111,false,procmail,1,0,null
2974,32123,32662,2008-08-28T12:46:26.593,2,1111,false,lockfile,1,0,null
832,6681,6704,2008-08-09T07:34:01.523,12,4986,false,c#,3,0,null
832,6681,6704,2008-08-09T07:34:01.523,12,4986,false,asp.net,3,0,null
832,6681,6704,2008-08-09T07:34:01.523,12,4986,false,web-services,3,0,null
428190,16563,null,2008-08-19T17:09:18.673,1,1265,false,php,11,0,null
428190,16563,null,2008-08-19T17:09:18.673,1,1265,false,regex,11,0,null
1944,16568,16777,2008-08-19T17:13:11.023,494,1072263,false,mysql,34,3,null
1944,16568,16777,2008-08-19T17:13:11.023,494,1072263,false,sql,34,3,null
1944,16568,16777,2008-08-19T17:13:11.023,494,1072263,false,database,34,3,null
1944,16568,16777,2008-08-19T17:13:11.023,494,1072263,false,oracle,34,3,null
1944,16568,16777,2008-08-19T17:13:11.023,494,1072263,false,postgresql,34,3,null
4599,46282,46378,2008-09-05T16:50:35.973,15,21280,false,c#,4,0,null
4599,46282,46378,2008-09-05T16:50:35.973,15,21280,false,xml,4,0,null
781,46283,46314,2008-09-05T16:50:44.847,8,23430,false,.net,4,0,null
781,46283,46314,2008-09-05T16:50:44.847,8,23430,false,wcf,4,0,null
781,46283,46314,2008-09-05T16:50:44.847,8,23430,false,web-services,4,0,null
4786,46285,null,2008-09-05T16:51:14.537,4,512,false,mapping,6,0,null
4786,46285,null,2008-09-05T16:51:14.537,4,512,false,uml,6,0,null
4786,46285,null,2008-09-05T16:51:14.537,4,512,false,diagram,6,0,null
4786,46285,null,2008-09-05T16:51:14.537,4,512,false,flowchart,6,0,null
2833,46292,46308,2008-09-05T16:53:13.860,5,673,false,.net,3,0,null
2833,46292,46308,2008-09-05T16:53:13.860,5,673,false,plugins,3,0,null
2833,46292,46308,2008-09-05T16:53:13.860,5,673,false,interface-design,3,0,null
1556,24626,24748,2008-08-23T21:41:49.670,186,161978,false,encapsulation,22,2,null
1556,24626,24748,2008-08-23T21:41:49.670,186,161978,false,abstraction,22,2,null
1556,24626,24748,2008-08-23T21:41:49.670,186,161978,false,glossary,22,2,null
1556,24626,24748,2008-08-23T21:41:49.670,186,161978,false,ooad,22,2,null
1556,24626,24748,2008-08-23T21:41:49.670,186,161978,false,information-hiding,22,2,null
1951,46305,46313,2008-09-05T16:58:59.790,3,1356,false,dns,5,0,null
1951,46305,46313,2008-09-05T16:58:59.790,3,1356,false,config,5,0,null
83,163,170,2008-08-01T18:00:13.830,101,9524,false,.net,7,3,null
83,163,170,2008-08-01T18:00:13.830,101,9524,false,asp.net,7,3,null
83,163,170,2008-08-01T18:00:13.830,101,9524,false,svn,7,3,null
83,163,170,2008-08-01T18:00:13.830,101,9524,false,versioning,7,3,null
91,164,699,2008-08-01T18:02:22.797,64,177305,false,windows,10,0,null
91,164,699,2008-08-01T18:02:22.797,64,177305,false,embed,10,0,null
91,164,699,2008-08-01T18:02:22.797,64,177305,false,media,10,0,null
380,2134,2183,2008-08-05T12:00:28.733,171,42794,false,.net,13,9,null
380,2134,2183,2008-08-05T12:00:28.733,171,42794,false,performance,13,9,null
380,2134,2183,2008-08-05T12:00:28.733,171,42794,false,optimization,13,9,null
373,2138,2147,2008-08-05T12:03:10.927,61,57342,false,.net,8,0,null
373,2138,2147,2008-08-05T12:03:10.927,61,57342,false,linq,8,0,null
373,2138,2147,2008-08-05T12:03:10.927,61,57342,false,.net-3.5,8,0,null
373,2138,2147,2008-08-05T12:03:10.927,61,57342,false,.net-2.0,8,0,null
373,2138,2147,2008-08-05T12:03:10.927,61,57342,false,clr,8,0,null
534,18671,6000355,2008-08-20T19:49:13.337,261,364678,false,mysql,17,0,null
534,18671,6000355,2008-08-20T19:49:13.337,261,364678,false,sqlite,17,0,null
534,18671,6000355,2008-08-20T19:49:13.337,261,364678,false,migration,17,0,null
1632,18675,21743,2008-08-20T19:52:41.127,1,836,false,.net,2,0,null
1632,18675,21743,2008-08-20T19:52:41.127,1,836,false,installation,2,0,null
1632,18675,21743,2008-08-20T19:52:41.127,1,836,false,active-directory,2,0,null
1632,18675,21743,2008-08-20T19:52:41.127,1,836,false,io,2,0,null
225,18676,18680,2008-08-20T19:54:00.407,65,382058,false,vb.net,12,0,null
225,18676,18680,2008-08-20T19:54:00.407,65,382058,false,random,12,0,null
83,173,516,2008-08-01T18:33:08.333,341,124650,false,sql-server,21,0,null
83,173,516,2008-08-01T18:33:08.333,341,124650,false,database,21,0,null
83,173,516,2008-08-01T18:33:08.333,341,124650,false,svn,21,0,null
83,173,516,2008-08-01T18:33:08.333,341,124650,false,version-control,21,0,null
96,174,null,2008-08-01T18:33:48.287,86,17675,false,c#,6,4,null
96,174,null,2008-08-01T18:33:48.287,86,17675,false,html,6,4,null
96,174,null,2008-08-01T18:33:48.287,86,17675,false,web-services,6,4,null
96,174,null,2008-08-01T18:33:48.287,86,17675,false,printing,6,4,null
2089740,175,null,2008-08-01T18:36:14.070,53,7631,false,youtube,3,0,null
2089740,175,null,2008-08-01T18:36:14.070,53,7631,false,reverse-engineering,3,0,null
91,176,207,2008-08-01T18:37:40.150,124,120269,false,linux,11,0,null
91,176,207,2008-08-01T18:37:40.150,124,120269,false,apache,11,0,null
91,176,207,2008-08-01T18:37:40.150,124,120269,false,virtualhost,11,0,null
3799,36406,36423,2008-08-30T22:22:50.360,3,973,false,asp.net,1,0,null
3305,36407,36419,2008-08-30T22:23:42.010,20,1997,false,firefox,19,0,null
3305,36407,36419,2008-08-30T22:23:42.010,20,1997,false,add-on,19,0,null
3800,36417,36444,2008-08-30T22:27:15.653,14,1980,false,php,9,0,null
2644,24644,24671,2008-08-23T21:56:47.810,7,2006,false,c#,3,0,null
2644,24644,24671,2008-08-23T21:56:47.810,7,2006,false,.net,3,0,null
2644,24644,24671,2008-08-23T21:56:47.810,7,2006,false,file,3,0,null
2644,24644,24671,2008-08-23T21:56:47.810,7,2006,false,io,3,0,null
2274,37396,37415,2008-09-01T02:44:04.170,4,5768,false,linux,12,0,null
2274,37396,37415,2008-09-01T02:44:04.170,4,5768,false,desktop,12,0,null
3955,37398,37402,2008-09-01T02:49:02.053,136,169708,false,c++,4,0,null
3955,37398,37402,2008-09-01T02:49:02.053,136,169708,false,visual-studio,4,0,null
3955,37398,37402,2008-09-01T02:49:02.053,136,169708,false,linker,4,0,null
383,2154,2335,2008-08-05T12:13:40.483,31,6383,false,c#,4,0,null
383,2154,2335,2008-08-05T12:13:40.483,31,6383,false,asp.net-mvc,4,0,null
383,2154,2335,2008-08-05T12:13:40.483,31,6383,false,visual-studio,4,0,null
371,2155,2928,2008-08-05T12:13:40.640,72,44592,false,asp.net,5,0,null
340,2158,2245,2008-08-05T12:15:08.283,104,114853,false,java,5,0,null
340,2158,2245,2008-08-05T12:15:08.283,104,114853,false,swing,5,0,null
340,2158,2245,2008-08-05T12:15:08.283,104,114853,false,jbutton,5,0,null
4285,40244,null,2008-09-02T18:40:24.317,23,21854,false,bash,7,0,null
4118,40259,null,2008-09-02T18:43:15.323,8,7188,false,linux,8,0,null
4118,40259,null,2008-09-02T18:43:15.323,8,7188,false,user-interface,8,0,null
4118,40259,null,2008-09-02T18:43:15.323,8,7188,false,tui,8,0,null
2076253,21640,22361,2008-08-22T02:18:28.307,281,200299,false,.net,11,1,null
2076253,21640,22361,2008-08-22T02:18:28.307,281,200299,false,asp.net,11,1,null
2076253,21640,22361,2008-08-22T02:18:28.307,281,200299,false,url,11,1,null
2076253,21640,22361,2008-08-22T02:18:28.307,281,200299,false,uri,11,1,null
2076253,21640,22361,2008-08-22T02:18:28.307,281,200299,false,authority,11,1,null
1630,21647,21656,2008-08-22T02:21:07.440,132,376118,false,c++,7,0,null
1630,21647,21656,2008-08-22T02:21:07.440,132,376118,false,iostream,7,0,null
1630,21647,21656,2008-08-22T02:21:07.440,132,376118,false,fstream,7,0,null
194,42122,42170,2008-09-03T17:06:40.180,2,913,false,.net,3,0,null
194,42122,42170,2008-09-03T17:06:40.180,2,913,false,xml,3,0,null
3807,42125,47693,2008-09-03T17:08:18.163,198,209659,false,c,3,1,null
3807,42125,47693,2008-09-03T17:08:18.163,198,209659,false,gcc,3,1,null
3114,42126,42327,2008-09-03T17:08:35.450,1,7344,false,c++,4,0,null
3114,42126,42327,2008-09-03T17:08:35.450,1,7344,false,visual-studio,4,0,null
287,42143,42159,2008-09-03T17:24:05.490,8,1035,false,google-chrome,2,0,null
287,42143,42159,2008-09-03T17:24:05.490,8,1035,false,process,2,0,null
31505,25752,25758,2008-08-25T08:02:43.367,33,90138,false,html,15,0,null
31505,25752,25758,2008-08-25T08:02:43.367,33,90138,false,html-select,15,0,null
1448983,25765,25768,2008-08-25T08:17:54.297,76,30830,true,java,14,1,null
1448983,25765,25768,2008-08-25T08:17:54.297,76,30830,true,xml,14,1,null
1448983,25765,25768,2008-08-25T08:17:54.297,76,30830,true,configuration,14,1,null
1448983,25765,25768,2008-08-25T08:17:54.297,76,30830,true,frameworks,14,1,null
1448983,25765,25768,2008-08-25T08:17:54.297,76,30830,true,configurationmanager,14,1,null
1363,15203,15271,2008-08-18T20:46:11.797,5,7154,false,windows,5,0,null
1363,15203,15271,2008-08-18T20:46:11.797,5,7154,false,svn,5,0,null
1363,15203,15271,2008-08-18T20:46:11.797,5,7154,false,tortoisesvn,5,0,null
1363,15203,15271,2008-08-18T20:46:11.797,5,7154,false,visualsvn-server,5,0,null
1463,13848,13861,2008-08-17T19:03:33.500,6,2819,false,svn,2,0,null
1463,13848,13861,2008-08-17T19:03:33.500,6,2819,false,tortoisesvn,2,0,null
1463,13848,13861,2008-08-17T19:03:33.500,6,2819,false,visualsvn-server,2,0,null
null,13851,13854,2008-08-17T19:10:28.510,1,524,false,html,7,0,null
null,13851,13854,2008-08-17T19:10:28.510,1,524,false,css,7,0,null
null,13851,13854,2008-08-17T19:10:28.510,1,524,false,internet-explorer-7,7,0,null
1649,13857,141426,2008-08-17T19:14:30.747,102,19133,false,python,13,0,null
1649,13857,141426,2008-08-17T19:14:30.747,102,19133,false,functional-programming,13,0,null
1649,13857,141426,2008-08-17T19:14:30.747,102,19133,false,closures,13,0,null
1914,45122,45126,2008-09-05T02:15:33.707,61,56142,false,python,1,0,null
1914,45122,45126,2008-09-05T02:15:33.707,61,56142,false,package,1,0,null
1154,45123,45138,2008-09-05T02:15:49.040,12,3071,false,naming-conventions,5,0,null
1154,45123,45138,2008-09-05T02:15:49.040,12,3071,false,interface,5,0,null
1154,45123,45138,2008-09-05T02:15:49.040,12,3071,false,versioning,5,0,null
3475,42146,42196,2008-09-03T17:25:54.143,14,12416,false,sql-server,4,0,null
3475,42146,42196,2008-09-03T17:25:54.143,14,12416,false,port,4,0,null
3475,42146,42196,2008-09-03T17:25:54.143,14,12416,false,msde,4,0,null
4035,42150,42157,2008-09-03T17:28:30.173,65,44575,false,c#,7,0,null
4035,42150,42157,2008-09-03T17:28:30.173,65,44575,false,.net,7,0,null
4035,42150,42157,2008-09-03T17:28:30.173,65,44575,false,unit-testing,7,0,null
4035,42150,42157,2008-09-03T17:28:30.173,65,44575,false,windows-services,7,0,null
357,3362,13130,2008-08-06T13:27:05.453,110,180443,false,javascript,6,2,null
357,3362,13130,2008-08-06T13:27:05.453,110,180443,false,user-interface,6,2,null
384,3385,10747,2008-08-06T13:43:44.983,124,267011,false,javascript,8,0,null
384,3385,10747,2008-08-06T13:43:44.983,124,267011,false,mac-address,8,0,null
1651,13863,null,2008-08-17T19:21:26.037,7,7664,false,java,7,0,null
1651,13863,null,2008-08-17T19:21:26.037,7,7664,false,search,7,0,null
3046,28723,35299,2008-08-26T17:53:56.887,1,762,false,asp.net-mvc,3,0,null
3046,28723,35299,2008-08-26T17:53:56.887,1,762,false,unit-testing,3,0,null
72,28739,28828,2008-08-26T18:00:52.423,0,8537,false,filesystems,3,0,null
72,28739,28828,2008-08-26T18:00:52.423,0,8537,false,system-administration,3,0,null
72,28739,28828,2008-08-26T18:00:52.423,0,8537,false,freebsd,3,0,null
1596,39914,41224,2008-09-02T16:15:10.000,0,491,false,windows,2,0,null
521,39915,39997,2008-09-02T16:15:15.443,1,296,false,database-design,5,0,null
521,39915,39997,2008-09-02T16:15:15.443,1,296,false,foreign-keys,5,0,null
521,39915,39997,2008-09-02T16:15:15.443,1,296,false,normalization,5,0,null
115,39916,39963,2008-09-02T16:15:23.197,22,21978,false,php,3,0,null
115,39916,39963,2008-09-02T16:15:23.197,22,21978,false,automation,3,0,null
115,39916,39963,2008-09-02T16:15:23.197,22,21978,false,.htpasswd,3,0,null
null,33739,null,2008-08-29T01:08:28.370,55,99775,false,debugging,6,2,null
null,33739,null,2008-08-29T01:08:28.370,55,99775,false,jsp,6,2,null
null,33739,null,2008-08-29T01:08:28.370,55,99775,false,intellij-idea,6,2,null
2504504,21651,24919,2008-08-22T02:26:26.117,8,4988,false,javascript,5,0,null
2504504,21651,24919,2008-08-22T02:26:26.117,8,4988,false,ajax,5,0,null
2504504,21651,24919,2008-08-22T02:26:26.117,8,4988,false,json,5,0,null
2504504,21651,24919,2008-08-22T02:26:26.117,8,4988,false,air,5,0,null
1666,21652,138532,2008-08-22T02:47:44.333,10,1378,false,c#,11,0,null
1666,21652,138532,2008-08-22T02:47:44.333,10,1378,false,java,11,0,null
1666,21652,138532,2008-08-22T02:47:44.333,10,1378,false,exception,11,0,null
721,8066,8086,2008-08-11T18:30:44.893,0,826,false,.net,1,0,null
721,8066,8086,2008-08-11T18:30:44.893,0,826,false,user-controls,1,0,null
721,8066,8086,2008-08-11T18:30:44.893,0,826,false,interface,1,0,null
1899,45132,null,2008-09-05T02:21:53.190,16,3956,false,c#,10,0,null
1899,45132,null,2008-09-05T02:21:53.190,16,3956,false,interop,10,0,null
1899,45132,null,2008-09-05T02:21:53.190,16,3956,false,lotus-notes,10,0,null
572,36430,39103,2008-08-30T22:36:52.697,8,11010,false,ruby,6,0,null
2168,43422,43444,2008-09-04T09:48:16.730,26,25278,false,mysql,9,0,null
2486,30563,30578,2008-08-27T16:14:42.997,3,7170,false,sql,5,0,null
2486,30563,30578,2008-08-27T16:14:42.997,3,7170,false,sql-server,5,0,null
111,30566,null,2008-08-27T16:15:48.813,2,2995,false,c#,3,1,null
111,30566,null,2008-08-27T16:15:48.813,2,2995,false,iis,3,1,null
111,30566,null,2008-08-27T16:15:48.813,2,2995,false,windows-server-2003,3,1,null
318,9361,16650,2008-08-13T00:49:17.360,5,1731,false,java,1,0,null
318,9361,16650,2008-08-13T00:49:17.360,5,1731,false,ajax,1,0,null
318,9361,16650,2008-08-13T00:49:17.360,5,1731,false,jsf,1,0,null
318,9361,16650,2008-08-13T00:49:17.360,5,1731,false,icefaces,1,0,null
1747,37425,158314,2008-09-01T03:39:42.773,3,4912,false,.net,1,0,null
1747,37425,158314,2008-09-01T03:39:42.773,3,4912,false,performance,1,0,null
1747,37425,158314,2008-09-01T03:39:42.773,3,4912,false,perfmon,1,0,null
3965,37428,37461,2008-09-01T03:47:54.657,9,1397,false,c++,7,0,null
1534,24648,24682,2008-08-23T21:58:53.500,22,6108,false,linux,12,0,null
1534,24648,24682,2008-08-23T21:58:53.500,22,6108,false,operating-system,12,0,null
1534,24648,24682,2008-08-23T21:58:53.500,22,6108,false,kernel,12,0,null
1534,24648,24682,2008-08-23T21:58:53.500,22,6108,false,bsd,12,0,null
1534,24648,24682,2008-08-23T21:58:53.500,22,6108,false,osdev,12,0,null
1219,16610,null,2008-08-19T17:36:05.390,33,28142,false,c#,11,5,null
1219,16610,null,2008-08-19T17:36:05.390,33,28142,false,sql-server,11,5,null
1219,16610,null,2008-08-19T17:36:05.390,33,28142,false,t-sql,11,5,null
1219,16610,null,2008-08-19T17:36:05.390,33,28142,false,ado.net,11,5,null
1219,16610,null,2008-08-19T17:36:05.390,33,28142,false,sql-server-2000,11,5,null
1894,16611,null,2008-08-19T17:38:56.853,3,1085,false,c#,2,0,null
1894,16611,null,2008-08-19T17:38:56.853,3,1085,false,xml,2,0,null
1894,16611,null,2008-08-19T17:38:56.853,3,1085,false,visual-studio,2,0,null
1894,16611,null,2008-08-19T17:38:56.853,3,1085,false,schema,2,0,null
1849,16615,22910,2008-08-19T17:44:27.153,18,8066,false,c,4,0,null
1849,16615,22910,2008-08-19T17:44:27.153,18,8066,false,windows,4,0,null
1849,16615,22910,2008-08-19T17:44:27.153,18,8066,false,winapi,4,0,null
1849,16615,22910,2008-08-19T17:44:27.153,18,8066,false,file,4,0,null
1849,16615,22910,2008-08-19T17:44:27.153,18,8066,false,notifications,4,0,null
1989,16616,16622,2008-08-19T17:47:23.230,1,751,false,.net,3,0,null
1574,40264,40324,2008-09-02T18:44:31.933,164,99506,false,parameters,15,1,null
1574,40264,40324,2008-09-02T18:44:31.933,164,99506,false,refactoring,15,1,null
1574,40264,40324,2008-09-02T18:44:31.933,164,99506,false,constructor,15,1,null
1574,40264,40324,2008-09-02T18:44:31.933,164,99506,false,coding-style,15,1,null
4298,40269,661129,2008-09-02T18:44:59.267,6,18349,false,windows-mobile,8,0,null
2884,40273,40961,2008-09-02T18:46:09.060,91,88832,false,ruby-on-rails,10,0,null
2884,40273,40961,2008-09-02T18:46:09.060,91,88832,false,ruby,10,0,null
2884,40273,40961,2008-09-02T18:46:09.060,91,88832,false,soap,10,0,null
1384652,4736,null,2008-08-07T14:05:23.677,166,154403,true,regex,1,0,null
205,4738,4746,2008-08-07T14:07:21.033,135,114438,false,asp.net,9,2,null
205,4738,4746,2008-08-07T14:07:21.033,135,114438,false,configuration,9,2,null
205,4738,4746,2008-08-07T14:07:21.033,135,114438,false,asp-classic,9,2,null
636,4752,97256,2008-08-07T14:21:10.087,16,3445,false,sql-server,3,0,null
636,4752,97256,2008-08-07T14:21:10.087,16,3445,false,database,3,0,null
636,4752,97256,2008-08-07T14:21:10.087,16,3445,false,sharepoint,3,0,null
636,4752,97256,2008-08-07T14:21:10.087,16,3445,false,search,3,0,null
636,4752,97256,2008-08-07T14:21:10.087,16,3445,false,ssp,3,0,null
177,4782,70009,2008-08-07T14:38:59.723,21,1767,false,sql-server,2,0,null
177,4782,70009,2008-08-07T14:38:59.723,21,1767,false,linq,2,0,null
177,4782,70009,2008-08-07T14:38:59.723,21,1767,false,performance,2,0,null
177,4782,70009,2008-08-07T14:38:59.723,21,1767,false,linq-to-sql,2,0,null
527,4785,null,2008-08-07T14:39:25.243,15,14424,false,deployment,4,0,null
527,4785,null,2008-08-07T14:39:25.243,15,14424,false,websphere,4,0,null
527,4785,null,2008-08-07T14:39:25.243,15,14424,false,cluster-computing,4,0,null
2963,27910,10324802,2008-08-26T12:37:33.387,61,16735,false,regex,7,0,null
2963,27910,10324802,2008-08-26T12:37:33.387,61,16735,false,doi,7,0,null
2342,27916,28519,2008-08-26T12:42:12.203,3,592,false,sql-server,2,0,null
2342,27916,28519,2008-08-26T12:42:12.203,3,592,false,unit-testing,2,0,null
308,27921,27938,2008-08-26T12:47:35.123,23,28148,false,asp.net,6,0,null
308,27921,27938,2008-08-26T12:47:35.123,23,28148,false,image,6,0,null
308,27921,27938,2008-08-26T12:47:35.123,23,28148,false,thumbnails,6,0,null
1456,27928,27943,2008-08-26T12:50:45.647,1160,1186651,false,algorithm,49,6,null
1456,27928,27943,2008-08-26T12:50:45.647,1160,1186651,false,math,49,6,null
1456,27928,27943,2008-08-26T12:50:45.647,1160,1186651,false,maps,49,6,null
1456,27928,27943,2008-08-26T12:50:45.647,1160,1186651,false,latitude-longitude,49,6,null
1456,27928,27943,2008-08-26T12:50:45.647,1160,1186651,false,haversine,49,6,null
1019,27931,27988,2008-08-26T12:51:55.583,14,24757,false,xml,1,1,null
1019,27931,27988,2008-08-26T12:51:55.583,14,24757,false,xslt,1,1,null
1019,27931,27988,2008-08-26T12:51:55.583,14,24757,false,namespaces,1,1,null
2598,42153,42163,2008-09-03T17:30:05.850,2,5399,false,java,3,0,null
2598,42153,42163,2008-09-03T17:30:05.850,2,5399,false,html,3,0,null
2598,42153,42163,2008-09-03T17:30:05.850,2,5399,false,web-applications,3,0,null
4249,46324,46448,2008-09-05T17:09:13.853,216,354408,false,sql,10,0,null
4249,46324,46448,2008-09-05T17:09:13.853,216,354408,false,postgresql,10,0,null
2147,37441,37446,2008-09-01T04:11:42.790,5,613,false,sql,5,0,null
2147,37441,37446,2008-09-01T04:11:42.790,5,613,false,sql-server,5,0,null
2147,37441,37446,2008-09-01T04:11:42.790,5,613,false,postgresql,5,0,null
797,37449,37452,2008-09-01T04:18:59.153,4,510,false,java,4,0,null
797,37449,37452,2008-09-01T04:18:59.153,4,510,false,c,4,0,null
797,37449,37452,2008-09-01T04:18:59.153,4,510,false,xml,4,0,null
null,36455,null,2008-08-30T23:07:20.877,9,5165,false,c,5,0,null
null,36455,null,2008-08-30T23:07:20.877,9,5165,false,memory,5,0,null
null,36455,null,2008-08-30T23:07:20.877,9,5165,false,malloc,5,0,null
null,36455,null,2008-08-30T23:07:20.877,9,5165,false,allocation,5,0,null
162,16634,16655,2008-08-19T18:01:43.653,4,9789,false,sql-server,3,0,null
162,16634,16655,2008-08-19T18:01:43.653,4,9789,false,sql-server-2005,3,0,null
1992,16638,16720,2008-08-19T18:04:16.160,3,4622,false,javascript,2,0,null
1992,16638,16720,2008-08-19T18:04:16.160,3,4622,false,google-maps,2,0,null
1632,16656,16787,2008-08-19T18:14:14.317,30,30655,false,.net,13,0,null
1632,16656,16787,2008-08-19T18:14:14.317,30,30655,false,io,13,0,null
1063,16657,16679,2008-08-19T18:14:23.317,4,468,false,hosting,8,0,null
1063,16657,16679,2008-08-19T18:14:23.317,4,468,false,web-applications,8,0,null
192,2196,2373,2008-08-05T12:40:30.680,20,1027,false,asp.net,3,1,null
192,2196,2373,2008-08-05T12:40:30.680,20,1027,false,ajax,3,1,null
192,2196,2373,2008-08-05T12:40:30.680,20,1027,false,web-controls,3,1,null
26,4794,4919,2008-08-07T14:41:42.883,20,8483,false,apache-flex,4,0,null
26,4794,4919,2008-08-07T14:41:42.883,20,8483,false,actionscript-3,4,0,null
26,4794,4919,2008-08-07T14:41:42.883,20,8483,false,air,4,0,null
26,4794,4919,2008-08-07T14:41:42.883,20,8483,false,obfuscation,4,0,null
390,4816,4821,2008-08-07T14:56:59.797,30,6512,false,c#,2,0,null
390,4816,4821,2008-08-07T14:56:59.797,30,6512,false,.net,2,0,null
390,4816,4821,2008-08-07T14:56:59.797,30,6512,false,dns,2,0,null
390,4816,4821,2008-08-07T14:56:59.797,30,6512,false,reverse-dns,2,0,null
75,4824,4838,2008-08-07T15:00:34.530,47,107506,false,c,7,0,null
75,4824,4838,2008-08-07T15:00:34.530,47,107506,false,string,7,0,null
2972,30569,30593,2008-08-27T16:16:47.267,26,26405,false,c#,5,1,null
2972,30569,30593,2008-08-27T16:16:47.267,26,26405,false,.net,5,1,null
2972,30569,30593,2008-08-27T16:16:47.267,26,26405,false,image,5,1,null
2972,30569,30593,2008-08-27T16:16:47.267,26,26405,false,resize,5,1,null
2972,30569,30593,2008-08-27T16:16:47.267,26,26405,false,image-scaling,5,1,null
35,3400,null,2008-08-06T13:52:29.067,51,69386,false,sql-server,13,0,null
35,3400,null,2008-08-06T13:52:29.067,51,69386,false,full-text-search,13,0,null
547,3404,3409,2008-08-06T13:56:42.210,44,7212,false,javascript,7,4,null
547,3404,3409,2008-08-06T13:56:42.210,44,7212,false,internet-explorer,7,4,null
547,3404,3409,2008-08-06T13:56:42.210,44,7212,false,debugging,7,4,null
514,3408,166705,2008-08-06T13:59:16.793,17,4390,false,ruby-on-rails,11,1,null
514,3408,166705,2008-08-06T13:59:16.793,17,4390,false,windows,11,1,null
514,3408,166705,2008-08-06T13:59:16.793,17,4390,false,ruby,11,1,null
514,3408,166705,2008-08-06T13:59:16.793,17,4390,false,ide,11,1,null
1745,36475,null,2008-08-30T23:27:50.203,4,3272,false,sql,7,0,null
2066,36477,null,2008-08-30T23:28:54.290,4,853,false,c#,6,0,null
2066,36477,null,2008-08-30T23:28:54.290,4,853,false,asp.net,6,0,null
2066,36477,null,2008-08-30T23:28:54.290,4,853,false,caching,6,0,null
2066,36477,null,2008-08-30T23:28:54.290,4,853,false,static,6,0,null
752,37464,37522,2008-09-01T04:55:58.813,201,110759,false,ios,9,2,null
752,37464,37522,2008-09-01T04:55:58.813,201,110759,false,iphone,9,2,null
3747,37468,37498,2008-09-01T05:05:54.440,5,13048,false,.net,4,0,null
3747,37468,37498,2008-09-01T05:05:54.440,5,13048,false,asp.net,4,0,null
1343,37471,null,2008-09-01T05:10:08.890,1,2158,false,algorithm,7,0,null
1343,37471,null,2008-09-01T05:10:08.890,1,2158,false,correctness,7,0,null
456,37473,37474,2008-09-01T05:15:05.790,27,26159,false,c++,6,0,null
456,37473,37474,2008-09-01T05:15:05.790,27,26159,false,exception,6,0,null
456,37473,37474,2008-09-01T05:15:05.790,27,26159,false,assert,6,0,null
1057,37479,37571,2008-09-01T05:17:35.190,1,538,false,python,6,0,null
1057,37479,37571,2008-09-01T05:17:35.190,1,538,false,oop,6,0,null
1057,37479,37571,2008-09-01T05:17:35.190,1,538,false,inheritance,6,0,null
1057,37479,37571,2008-09-01T05:17:35.190,1,538,false,object,6,0,null
2601,37483,37485,2008-09-01T05:20:41.330,0,5099,false,math,4,0,null
2601,37483,37485,2008-09-01T05:20:41.330,0,5099,false,video,4,0,null
2601,37483,37485,2008-09-01T05:20:41.330,0,5099,false,duration,4,0,null
3971,37486,37512,2008-09-01T05:25:01.990,18,27265,false,python,8,1,null
3971,37486,37512,2008-09-01T05:25:01.990,18,27265,false,html,8,1,null
115,25767,25805,2008-08-25T08:23:14.957,3,3320,false,php,10,0,null
115,25767,25805,2008-08-25T08:23:14.957,3,3320,false,mysql,10,0,null
115,25767,25805,2008-08-25T08:23:14.957,3,3320,false,session,10,0,null
null,25771,null,2008-08-25T08:28:19.890,21,19267,false,c++,6,1,null
null,25771,null,2008-08-25T08:28:19.890,21,19267,false,visual-c++,6,1,null
null,25771,null,2008-08-25T08:28:19.890,21,19267,false,execution,6,1,null
null,25771,null,2008-08-25T08:28:19.890,21,19267,false,compile-time,6,1,null
470,32144,34211,2008-08-28T12:54:02.503,3,1782,false,sql-server,13,0,null
470,32144,34211,2008-08-28T12:54:02.503,3,1782,false,novell,13,0,null
305,32145,null,2008-08-28T12:54:09.570,7,4293,false,php,8,2,null
305,32145,null,2008-08-28T12:54:09.570,7,4293,false,oop,8,2,null
1194,16660,16761,2008-08-19T18:15:29.617,6,3691,false,reporting-services,1,0,null
1194,16660,16761,2008-08-19T18:15:29.617,6,3691,false,internationalization,1,0,null
1157,9372,9380,2008-08-13T01:02:27.507,6,5158,false,http,1,0,null
1157,9372,9380,2008-08-13T01:02:27.507,6,5158,false,iis,1,0,null
1157,9372,9380,2008-08-13T01:02:27.507,6,5158,false,iis-7,1,0,null
1157,9372,9380,2008-08-13T01:02:27.507,6,5158,false,cookies,1,0,null
1157,9372,9380,2008-08-13T01:02:27.507,6,5158,false,windows-vista,1,0,null
1083,9376,34033,2008-08-13T01:05:47.250,74,60317,false,c#,12,0,null
1083,9376,34033,2008-08-13T01:05:47.250,74,60317,false,.net,12,0,null
1083,9376,34033,2008-08-13T01:05:47.250,74,60317,false,deployment,12,0,null
1083,9376,34033,2008-08-13T01:05:47.250,74,60317,false,ilmerge,12,0,null
2025,24675,24689,2008-08-23T22:37:49.707,253,27487,false,php,24,2,null
2025,24675,24689,2008-08-23T22:37:49.707,253,27487,false,performance,24,2,null
2025,24675,24689,2008-08-23T22:37:49.707,253,27487,false,high-load,24,2,null
2648,24678,25124,2008-08-23T22:42:50.757,133,104281,false,javascript,8,0,null
2648,24678,25124,2008-08-23T22:42:50.757,133,104281,false,eclipse,8,0,null
2648,24678,25124,2008-08-23T22:42:50.757,133,104281,false,plugins,8,0,null
2648,24678,25124,2008-08-23T22:42:50.757,133,104281,false,editor,8,0,null
217,24680,24704,2008-08-23T22:46:06.100,20,16393,false,svn,7,0,null
217,24680,24704,2008-08-23T22:46:06.100,20,16393,false,vb6,7,0,null
792,36498,36500,2008-08-31T00:06:37.257,21,21827,false,linux,8,0,null
792,36498,36500,2008-08-31T00:06:37.257,21,21827,false,email,8,0,null
792,36498,36500,2008-08-31T00:06:37.257,21,21827,false,command-line,8,0,null
383,36502,36529,2008-08-31T00:18:55.993,0,2250,false,windows-vista,3,0,null
383,36502,36529,2008-08-31T00:18:55.993,0,2250,false,command-prompt,3,0,null
655,36504,36513,2008-08-31T00:21:51.900,346,191584,true,programming-languages,47,2,null
655,36504,36513,2008-08-31T00:21:51.900,346,191584,true,functional-programming,47,2,null
null,16689,null,2008-08-19T18:31:32.410,33,23984,false,c#,9,1,null
null,16689,null,2008-08-19T18:31:32.410,33,23984,false,java,9,1,null
null,16689,null,2008-08-19T18:31:32.410,33,23984,false,interop,9,1,null
2978,39928,40105,2008-09-02T16:18:36.700,5,30897,false,sql-server,5,0,null
2978,39928,40105,2008-09-02T16:18:36.700,5,30897,false,ssis,5,0,null
2978,39928,40105,2008-09-02T16:18:36.700,5,30897,false,connection,5,0,null
3002,39929,40069,2008-09-02T16:19:11.533,7,2548,false,python,2,0,null
3002,39929,40069,2008-09-02T16:19:11.533,7,2548,false,security,2,0,null
3002,39929,40069,2008-09-02T16:19:11.533,7,2548,false,cross-platform,2,0,null
3002,39929,40069,2008-09-02T16:19:11.533,7,2548,false,gnupg,2,0,null
1463,16704,null,2008-08-19T18:37:44.050,1,1367,false,visual-studio-2008,3,2,null
1463,16704,null,2008-08-19T18:37:44.050,1,1367,false,eclipse,3,2,null
1772,39946,39988,2008-09-02T16:24:57.107,77,47283,false,oop,6,2,null
1772,39946,39988,2008-09-02T16:24:57.107,77,47283,false,architecture,6,2,null
1772,39946,39988,2008-09-02T16:24:57.107,77,47283,false,theory,6,2,null
1772,39946,39988,2008-09-02T16:24:57.107,77,47283,false,software-design,6,2,null
1772,39946,39988,2008-09-02T16:24:57.107,77,47283,false,ooad,6,2,null
1838,16716,16730,2008-08-19T18:44:32.633,29,8665,false,asp.net,6,0,null
1838,16716,16730,2008-08-19T18:44:32.633,29,8665,false,openid,6,0,null
1838,16716,16730,2008-08-19T18:44:32.633,29,8665,false,dotnetopenauth,6,0,null
1597,45135,null,2008-09-05T02:24:19.677,594,255174,false,gcc,11,1,null
1597,45135,null,2008-09-05T02:24:19.677,594,255174,false,linker,11,1,null
255,33745,33815,2008-08-29T01:15:24.593,10,18834,false,php,6,0,null
255,33745,33815,2008-08-29T01:15:24.593,10,18834,false,mysql,6,0,null
255,33745,33815,2008-08-29T01:15:24.593,10,18834,false,wordpress,6,0,null
255,33745,33815,2008-08-29T01:15:24.593,10,18834,false,lamp,6,0,null
255,33745,33815,2008-08-29T01:15:24.593,10,18834,false,mediawiki,6,0,null
3340,33746,33757,2008-08-29T01:15:52.220,272,84307,false,xml,21,5,null
3340,33746,33757,2008-08-29T01:15:52.220,272,84307,false,xsd,21,5,null
1448,21669,21702,2008-08-22T03:02:34.550,14,9424,false,regex,8,0,null
1448,21669,21702,2008-08-22T03:02:34.550,14,9424,false,complexity-theory,8,0,null
1894,21697,22043,2008-08-22T03:12:59.517,18,6021,false,c#,3,0,null
1894,21697,22043,2008-08-22T03:12:59.517,18,6021,false,asp.net,3,0,null
1894,21697,22043,2008-08-22T03:12:59.517,18,6021,false,exception,3,0,null
1894,21697,22043,2008-08-22T03:12:59.517,18,6021,false,mvp,3,0,null
1894,21697,22043,2008-08-22T03:12:59.517,18,6021,false,n-tier-architecture,3,0,null
1306,21698,null,2008-08-22T03:13:07.113,2,5519,false,actionscript-3,3,0,null
1306,21698,null,2008-08-22T03:13:07.113,2,5519,false,naming,3,0,null
1306,21698,null,2008-08-22T03:13:07.113,2,5519,false,convention,3,0,null
1965,21715,21786,2008-08-22T03:25:09.487,46,4891,false,c#,18,0,null
1965,21715,21786,2008-08-22T03:25:09.487,46,4891,false,.net,18,0,null
1965,21715,21786,2008-08-22T03:25:09.487,46,4891,false,generics,18,0,null
1965,21715,21786,2008-08-22T03:25:09.487,46,4891,false,collections,18,0,null
1965,21715,21786,2008-08-22T03:25:09.487,46,4891,false,class-design,18,0,null
1224,15204,15210,2008-08-18T20:49:22.443,17,46903,false,c#,7,0,null
1224,15204,15210,2008-08-18T20:49:22.443,17,46903,false,.net,7,0,null
1224,15204,15210,2008-08-18T20:49:22.443,17,46903,false,vb.net,7,0,null
1224,15204,15210,2008-08-18T20:49:22.443,17,46903,false,generics,7,0,null
1224,15204,15210,2008-08-18T20:49:22.443,17,46903,false,collections,7,0,null
170,15211,85541,2008-08-18T20:53:06.430,13,14215,false,linux,4,0,null
170,15211,85541,2008-08-18T20:53:06.430,13,14215,false,svn,4,0,null
337,46332,46583,2008-09-05T17:15:51.997,5,4192,false,actionscript-3,3,0,null
337,46332,46583,2008-09-05T17:15:51.997,5,4192,false,flash,3,0,null
889,46338,46356,2008-09-05T17:18:55.983,20,21568,false,php,4,0,null
889,46338,46356,2008-09-05T17:18:55.983,20,21568,false,codeigniter,4,0,null
889,46338,46356,2008-09-05T17:18:55.983,20,21568,false,authentication,4,0,null
889,46338,46356,2008-09-05T17:18:55.983,20,21568,false,model,4,0,null
2567,46339,null,2008-09-05T17:19:16.700,4,352,false,php,1,1,null
2567,46339,null,2008-09-05T17:19:16.700,4,352,false,regex,1,1,null
2567,46339,null,2008-09-05T17:19:16.700,4,352,false,webforms,1,1,null
2567,46339,null,2008-09-05T17:19:16.700,4,352,false,validation,1,1,null
194,46346,46396,2008-09-05T17:22:53.850,17,7016,false,.net,5,0,null
194,46346,46396,2008-09-05T17:22:53.850,17,7016,false,console,5,0,null
2312,46347,7605311,2008-09-05T17:23:28.747,148,71631,false,xml,6,2,null
2312,46347,7605311,2008-09-05T17:23:28.747,148,71631,false,https,6,2,null
2312,46347,7605311,2008-09-05T17:23:28.747,148,71631,false,iis-7,6,2,null
4264,46350,46391,2008-09-05T17:24:42.457,8,4356,false,html,6,1,null
4264,46350,46391,2008-09-05T17:24:42.457,8,4356,false,css,6,1,null
547,4839,4877,2008-08-07T15:12:10.530,8,3529,false,zend-studio,2,0,null
547,4839,4877,2008-08-07T15:12:10.530,8,3529,false,code-completion,2,0,null
618,4849,null,2008-08-07T15:22:40.167,18,1050,false,c#,2,0,null
618,4849,null,2008-08-07T15:22:40.167,18,1050,false,browser,2,0,null
41,4850,5026,2008-08-07T15:23:28.883,26,9629,false,c#,2,0,null
41,4850,5026,2008-08-07T15:23:28.883,26,9629,false,user-interface,2,0,null
41,4850,5026,2008-08-07T15:23:28.883,26,9629,false,directx,2,0,null
718,6703,6748,2008-08-09T08:51:27.107,30,18170,false,oop,16,0,null
2089740,180,539,2008-08-01T18:42:19.343,71,19598,false,algorithm,8,1,null
2089740,180,539,2008-08-01T18:42:19.343,71,19598,false,language-agnostic,8,1,null
2089740,180,539,2008-08-01T18:42:19.343,71,19598,false,colors,8,1,null
2089740,180,539,2008-08-01T18:42:19.343,71,19598,false,color-space,8,1,null
91,192,258,2008-08-01T19:23:13.117,72,3583,false,c#,4,0,null
91,192,258,2008-08-01T19:23:13.117,72,3583,false,.net,4,0,null
91,192,258,2008-08-01T19:23:13.117,72,3583,false,asp.net,4,0,null
91,192,258,2008-08-01T19:23:13.117,72,3583,false,internationalization,4,0,null
91,192,258,2008-08-01T19:23:13.117,72,3583,false,globalization,4,0,null
60,194,197,2008-08-01T19:26:37.883,40,4760,false,sql-server,4,0,null
60,194,197,2008-08-01T19:26:37.883,40,4760,false,migration,4,0,null
208,39960,40173,2008-09-02T16:29:30.997,26,15743,false,javascript,6,0,null
208,39960,40173,2008-09-02T16:29:30.997,26,15743,false,python,6,0,null
3203,32149,33168,2008-08-28T12:55:58.193,26,14213,false,algorithm,13,0,null
3203,32149,33168,2008-08-28T12:55:58.193,26,14213,false,string,13,0,null
3396,32151,32176,2008-08-28T12:57:11.840,16,42163,false,html,10,1,null
3396,32151,32176,2008-08-28T12:57:11.840,16,42163,false,ms-word,10,1,null
797,25785,34862475,2008-08-25T08:37:03.287,211,160959,false,bash,20,0,null
797,25785,34862475,2008-08-25T08:37:03.287,211,160959,false,unix,20,0,null
797,25785,34862475,2008-08-25T08:37:03.287,211,160959,false,scripting,20,0,null
211,25794,null,2008-08-25T08:47:27.160,441,503286,false,mysql,11,8,null
133,6719,6720,2008-08-09T09:51:37.533,5,1322,false,asp.net,6,0,null
133,6719,6720,2008-08-09T09:51:37.533,5,1322,false,.net,6,0,null
133,6719,6720,2008-08-09T09:51:37.533,5,1322,false,master-pages,6,0,null
133,6719,6720,2008-08-09T09:51:37.533,5,1322,false,asp.net-2.0,6,0,null
